ISO-10303-21;
HEADER;
FILE_DESCRIPTION(('FreeCAD Model'),'2;1');
FILE_NAME('Open CASCADE Shape Model','2026-10-01T02:47:19',(''),(''),
  'Open CASCADE STEP processor 7.8','FreeCAD','Unknown');
FILE_SCHEMA(('AUTOMOTIVE_DESIGN { 1 0 10303 214 1 1 1 1 }'));
ENDSEC;
DATA;
#1 = APPLICATION_PROTOCOL_DEFINITION('international standard',
  'automotive_design',2000,#2);
#2 = APPLICATION_CONTEXT(
  'core data for automotive mechanical design processes');
#3 = SHAPE_DEFINITION_REPRESENTATION(#4,#10);
#4 = PRODUCT_DEFINITION_SHAPE('','',#5);
#5 = PRODUCT_DEFINITION('design','',#6,#9);
#6 = PRODUCT_DEFINITION_FORMATION('','',#7);
#7 = PRODUCT('base_stack_new','base_stack_new','',(#8));
#8 = PRODUCT_CONTEXT('',#2,'mechanical');
#9 = PRODUCT_DEFINITION_CONTEXT('part definition',#2,'design');
#10 = ADVANCED_BREP_SHAPE_REPRESENTATION('',(#11,#15),#3069);
#11 = AXIS2_PLACEMENT_3D('',#12,#13,#14);
#12 = CARTESIAN_POINT('',(0.,0.,0.));
#13 = DIRECTION('',(0.,0.,1.));
#14 = DIRECTION('',(1.,0.,-0.));
#15 = MANIFOLD_SOLID_BREP('',#16);
#16 = CLOSED_SHELL('',(#17,#43,#77,#861,#907,#983,#1010,#1086,#1113,
    #1189,#1216,#1292,#1319,#1395,#1422,#1498,#1525,#1601,#1628,#1704,
    #1731,#1807,#1834,#1910,#1937,#2013,#2040,#2107,#2132,#2157,#2191,
    #2225,#2250,#2275,#2300,#2364,#2450,#2475,#2500,#2525,#2550,#2575,
    #2600,#2625,#2650,#2670,#2697,#2722,#2742,#2767,#2855,#2880,#2905,
    #2930,#2955,#2980,#2989,#2998,#3007,#3016,#3025,#3059));
#17 = ADVANCED_FACE('',(#18),#38,.T.);
#18 = FACE_BOUND('',#19,.T.);
#19 = EDGE_LOOP('',(#20,#31));
#20 = ORIENTED_EDGE('',*,*,#21,.T.);
#21 = EDGE_CURVE('',#22,#24,#26,.T.);
#22 = VERTEX_POINT('',#23);
#23 = CARTESIAN_POINT('',(2.,40.,10.));
#24 = VERTEX_POINT('',#25);
#25 = CARTESIAN_POINT('',(-2.,40.,10.));
#26 = CIRCLE('',#27,2.);
#27 = AXIS2_PLACEMENT_3D('',#28,#29,#30);
#28 = CARTESIAN_POINT('',(0.,40.,10.));
#29 = DIRECTION('',(0.,0.,1.));
#30 = DIRECTION('',(1.,0.,0.));
#31 = ORIENTED_EDGE('',*,*,#32,.T.);
#32 = EDGE_CURVE('',#24,#22,#33,.T.);
#33 = CIRCLE('',#34,2.);
#34 = AXIS2_PLACEMENT_3D('',#35,#36,#37);
#35 = CARTESIAN_POINT('',(0.,40.,10.));
#36 = DIRECTION('',(0.,0.,1.));
#37 = DIRECTION('',(1.,0.,0.));
#38 = PLANE('',#39);
#39 = AXIS2_PLACEMENT_3D('',#40,#41,#42);
#40 = CARTESIAN_POINT('',(17.32,31.,10.));
#41 = DIRECTION('',(0.,0.,1.));
#42 = DIRECTION('',(1.,0.,0.));
#43 = ADVANCED_FACE('',(#44),#72,.F.);
#44 = FACE_BOUND('',#45,.F.);
#45 = EDGE_LOOP('',(#46,#47,#48,#55,#64,#71));
#46 = ORIENTED_EDGE('',*,*,#21,.T.);
#47 = ORIENTED_EDGE('',*,*,#32,.T.);
#48 = ORIENTED_EDGE('',*,*,#49,.T.);
#49 = EDGE_CURVE('',#22,#50,#52,.T.);
#50 = VERTEX_POINT('',#51);
#51 = CARTESIAN_POINT('',(2.,40.,15.));
#52 = B_SPLINE_CURVE_WITH_KNOTS('',1,(#53,#54),.UNSPECIFIED.,.F.,.F.,(2,
    2),(-5.,0.),.PIECEWISE_BEZIER_KNOTS.);
#53 = CARTESIAN_POINT('',(2.,40.,10.));
#54 = CARTESIAN_POINT('',(2.,40.,15.));
#55 = ORIENTED_EDGE('',*,*,#56,.F.);
#56 = EDGE_CURVE('',#57,#50,#59,.T.);
#57 = VERTEX_POINT('',#58);
#58 = CARTESIAN_POINT('',(-2.,40.,15.));
#59 = CIRCLE('',#60,2.);
#60 = AXIS2_PLACEMENT_3D('',#61,#62,#63);
#61 = CARTESIAN_POINT('',(0.,40.,15.));
#62 = DIRECTION('',(0.,0.,1.));
#63 = DIRECTION('',(1.,0.,0.));
#64 = ORIENTED_EDGE('',*,*,#65,.F.);
#65 = EDGE_CURVE('',#50,#57,#66,.T.);
#66 = CIRCLE('',#67,2.);
#67 = AXIS2_PLACEMENT_3D('',#68,#69,#70);
#68 = CARTESIAN_POINT('',(0.,40.,15.));
#69 = DIRECTION('',(0.,0.,1.));
#70 = DIRECTION('',(1.,0.,0.));
#71 = ORIENTED_EDGE('',*,*,#49,.F.);
#72 = CYLINDRICAL_SURFACE('',#73,2.);
#73 = AXIS2_PLACEMENT_3D('',#74,#75,#76);
#74 = CARTESIAN_POINT('',(0.,40.,15.));
#75 = DIRECTION('',(0.,0.,1.));
#76 = DIRECTION('',(1.,0.,0.));
#77 = ADVANCED_FACE('',(#78,#761,#772,#783,#803,#823,#834,#845),#856,.T.
  );
#78 = FACE_BOUND('',#79,.F.);
#79 = EDGE_LOOP('',(#80,#91,#100,#147,#156,#203,#212,#259,#268,#315,#324
    ,#371,#380,#427,#436,#483,#492,#539,#548,#595,#604,#651,#660,#707,
    #716));
#80 = ORIENTED_EDGE('',*,*,#81,.F.);
#81 = EDGE_CURVE('',#82,#84,#86,.T.);
#82 = VERTEX_POINT('',#83);
#83 = CARTESIAN_POINT('',(0.,75.,40.));
#84 = VERTEX_POINT('',#85);
#85 = CARTESIAN_POINT('',(26.317738849003,70.230880827993,40.));
#86 = CIRCLE('',#87,75.);
#87 = AXIS2_PLACEMENT_3D('',#88,#89,#90);
#88 = CARTESIAN_POINT('',(0.,0.,40.));
#89 = DIRECTION('',(0.,0.,-1.));
#90 = DIRECTION('',(0.,1.,0.));
#91 = ORIENTED_EDGE('',*,*,#92,.F.);
#92 = EDGE_CURVE('',#93,#82,#95,.T.);
#93 = VERTEX_POINT('',#94);
#94 = CARTESIAN_POINT('',(-26.317738849,70.230880827993,40.));
#95 = CIRCLE('',#96,75.);
#96 = AXIS2_PLACEMENT_3D('',#97,#98,#99);
#97 = CARTESIAN_POINT('',(0.,0.,40.));
#98 = DIRECTION('',(0.,0.,-1.));
#99 = DIRECTION('',(0.,1.,0.));
#100 = ORIENTED_EDGE('',*,*,#101,.T.);
#101 = EDGE_CURVE('',#93,#102,#104,.T.);
#102 = VERTEX_POINT('',#103);
#103 = CARTESIAN_POINT('',(-28.88356078411,63.03194292955,40.));
#104 = B_SPLINE_CURVE_WITH_KNOTS('',6,(#105,#106,#107,#108,#109,#110,
    #111,#112,#113,#114,#115,#116,#117,#118,#119,#120,#121,#122,#123,
    #124,#125,#126,#127,#128,#129,#130,#131,#132,#133,#134,#135,#136,
    #137,#138,#139,#140,#141,#142,#143,#144,#145,#146),.UNSPECIFIED.,.F.
  ,.F.,(7,5,5,5,5,5,5,5,7),(0.,0.144351649687,0.247777648908,
    0.321372932161,0.5,0.678627067839,0.752222351092,0.855648350313,1.),
  .UNSPECIFIED.);
#105 = CARTESIAN_POINT('',(-26.317738849,70.230880827993,40.));
#106 = CARTESIAN_POINT('',(-26.50695412249,70.159975862891,40.));
#107 = CARTESIAN_POINT('',(-26.69401161469,70.079414724499,40.));
#108 = CARTESIAN_POINT('',(-26.87813130917,69.989224795,40.));
#109 = CARTESIAN_POINT('',(-27.05854766286,69.889524602778,40.));
#110 = CARTESIAN_POINT('',(-27.23451573146,69.780523058554,40.));
#111 = CARTESIAN_POINT('',(-27.52769429862,69.577970162976,40.));
#112 = CARTESIAN_POINT('',(-27.64742096791,69.48879875511,40.));
#113 = CARTESIAN_POINT('',(-27.76423415324,69.395113651899,40.));
#114 = CARTESIAN_POINT('',(-27.87788172307,69.297044816741,40.));
#115 = CARTESIAN_POINT('',(-27.98812327791,69.194742608933,40.));
#116 = CARTESIAN_POINT('',(-28.17059008334,69.012690650882,40.));
#117 = CARTESIAN_POINT('',(-28.2446096189,68.934946332555,40.));
#118 = CARTESIAN_POINT('',(-28.31670746635,68.855205721345,40.));
#119 = CARTESIAN_POINT('',(-28.38680555431,68.773534493575,40.));
#120 = CARTESIAN_POINT('',(-28.45482974472,68.690002725702,40.));
#121 = CARTESIAN_POINT('',(-28.6806109358,68.397605399805,40.));
#122 = CARTESIAN_POINT('',(-28.82788749082,68.179995701168,40.));
#123 = CARTESIAN_POINT('',(-28.96152377916,67.952932806448,40.));
#124 = CARTESIAN_POINT('',(-29.08067966237,67.717611836274,40.));
#125 = CARTESIAN_POINT('',(-29.18467496824,67.475325975937,40.));
#126 = CARTESIAN_POINT('',(-29.36135449047,66.979615462661,40.));
#127 = CARTESIAN_POINT('',(-29.43404534909,66.726172173471,40.));
#128 = CARTESIAN_POINT('',(-29.49058806119,66.468534821335,40.));
#129 = CARTESIAN_POINT('',(-29.53069154583,66.208135270182,40.));
#130 = CARTESIAN_POINT('',(-29.55425065191,65.946430602436,40.));
#131 = CARTESIAN_POINT('',(-29.56430452506,65.577144450417,40.));
#132 = CARTESIAN_POINT('',(-29.56444769638,65.469418751412,40.));
#133 = CARTESIAN_POINT('',(-29.56180771945,65.361822460104,40.));
#134 = CARTESIAN_POINT('',(-29.55639769704,65.254456747045,40.));
#135 = CARTESIAN_POINT('',(-29.54823656156,65.147421862336,40.));
#136 = CARTESIAN_POINT('',(-29.52204851351,64.891001822845,40.));
#137 = CARTESIAN_POINT('',(-29.50136339035,64.742035156052,40.));
#138 = CARTESIAN_POINT('',(-29.47536251391,64.594193277745,40.));
#139 = CARTESIAN_POINT('',(-29.44413699041,64.447744701404,40.));
#140 = CARTESIAN_POINT('',(-29.40779991351,64.302949562803,40.));
#141 = CARTESIAN_POINT('',(-29.30882430681,63.960626357294,40.));
#142 = CARTESIAN_POINT('',(-29.24146656726,63.764899423193,40.));
#143 = CARTESIAN_POINT('',(-29.16478033188,63.573563565834,40.));
#144 = CARTESIAN_POINT('',(-29.07921047972,63.387251768889,40.));
#145 = CARTESIAN_POINT('',(-28.9852750107,63.20654003694,40.));
#146 = CARTESIAN_POINT('',(-28.88356078411,63.03194292955,40.));
#147 = ORIENTED_EDGE('',*,*,#148,.F.);
#148 = EDGE_CURVE('',#149,#102,#151,.T.);
#149 = VERTEX_POINT('',#150);
#150 = CARTESIAN_POINT('',(-40.14200397609,56.532339681168,40.));
#151 = CIRCLE('',#152,6.5);
#152 = AXIS2_PLACEMENT_3D('',#153,#154,#155);
#153 = CARTESIAN_POINT('',(-34.5,59.76,40.));
#154 = DIRECTION('',(-2.2E-16,-4.4E-16,1.));
#155 = DIRECTION('',(-1.,2.2E-16,-2.2E-16));
#156 = ORIENTED_EDGE('',*,*,#157,.F.);
#157 = EDGE_CURVE('',#158,#149,#160,.T.);
#158 = VERTEX_POINT('',#159);
#159 = CARTESIAN_POINT('',(-47.65929325138,57.910204340675,40.));
#160 = B_SPLINE_CURVE_WITH_KNOTS('',6,(#161,#162,#163,#164,#165,#166,
    #167,#168,#169,#170,#171,#172,#173,#174,#175,#176,#177,#178,#179,
    #180,#181,#182,#183,#184,#185,#186,#187,#188,#189,#190,#191,#192,
    #193,#194,#195,#196,#197,#198,#199,#200,#201,#202),.UNSPECIFIED.,.F.
  ,.F.,(7,5,5,5,5,5,5,5,7),(0.,0.144351649687,0.247777648908,
    0.321372932161,0.5,0.678627067839,0.752222351092,0.855648350313,1.),
  .UNSPECIFIED.);
#161 = CARTESIAN_POINT('',(-47.65929325138,57.910204340675,40.));
#162 = CARTESIAN_POINT('',(-47.50327221016,58.03860748899,40.));
#163 = CARTESIAN_POINT('',(-47.33996798041,58.160313408945,40.));
#164 = CARTESIAN_POINT('',(-47.16979432475,58.274660303074,40.));
#165 = CARTESIAN_POINT('',(-46.99323670046,58.381044485691,40.));
#166 = CARTESIAN_POINT('',(-46.81084853495,58.478925305537,40.));
#167 = CARTESIAN_POINT('',(-46.48883390489,58.63152912522,40.));
#168 = CARTESIAN_POINT('',(-46.35174222839,58.690621320596,40.));
#169 = CARTESIAN_POINT('',(-46.21219861325,58.744933366251,40.));
#170 = CARTESIAN_POINT('',(-46.07044168628,58.794311906254,40.));
#171 = CARTESIAN_POINT('',(-45.92672187038,58.8386239436,40.));
#172 = CARTESIAN_POINT('',(-45.67782272416,58.905603533942,40.));
#173 = CARTESIAN_POINT('',(-45.57348284897,58.930827750935,40.));
#174 = CARTESIAN_POINT('',(-45.46837514136,58.953389543502,40.));
#175 = CARTESIAN_POINT('',(-45.36259551652,58.973254143907,40.));
#176 = CARTESIAN_POINT('',(-45.25624173326,58.990392390949,40.));
#177 = CARTESIAN_POINT('',(-44.89012458973,59.039703440957,40.));
#178 = CARTESIAN_POINT('',(-44.62802963213,59.058427697902,40.));
#179 = CARTESIAN_POINT('',(-44.3645691179,59.060612455265,40.));
#180 = CARTESIAN_POINT('',(-44.10119812911,59.046127781681,40.));
#181 = CARTESIAN_POINT('',(-43.83937667962,59.015031313245,40.));
#182 = CARTESIAN_POINT('',(-43.32174485981,58.920153151047,40.));
#183 = CARTESIAN_POINT('',(-43.0659150291,58.856367890335,40.));
#184 = CARTESIAN_POINT('',(-42.81452809641,58.776501166463,40.));
#185 = CARTESIAN_POINT('',(-42.5689696042,58.681016913191,40.));
#186 = CARTESIAN_POINT('',(-42.33055395917,58.570552689108,40.));
#187 = CARTESIAN_POINT('',(-42.00572666307,58.394596529382,40.));
#188 = CARTESIAN_POINT('',(-41.9123651932,58.340851923431,40.));
#189 = CARTESIAN_POINT('',(-41.82050751218,58.284761836793,40.));
#190 = CARTESIAN_POINT('',(-41.73023468108,58.226388207061,40.));
#191 = CARTESIAN_POINT('',(-41.64162404872,58.16579756001,40.));
#192 = CARTESIAN_POINT('',(-41.43266109207,58.014895163537,40.));
#193 = CARTESIAN_POINT('',(-41.31400042311,57.922490684329,40.));
#194 = CARTESIAN_POINT('',(-41.19897197492,57.826045245535,40.));
#195 = CARTESIAN_POINT('',(-41.08776272077,57.725772015705,40.));
#196 = CARTESIAN_POINT('',(-40.98054138397,57.6218990151,40.));
#197 = CARTESIAN_POINT('',(-40.73358440615,57.365006822036,40.));
#198 = CARTESIAN_POINT('',(-40.59776839288,57.208801481691,40.));
#199 = CARTESIAN_POINT('',(-40.47041977363,57.046713486509,40.));
#200 = CARTESIAN_POINT('',(-40.35186424561,56.879444624928,40.));
#201 = CARTESIAN_POINT('',(-40.24234159814,56.707731515076,40.));
#202 = CARTESIAN_POINT('',(-40.14200397609,56.532339681168,40.));
#203 = ORIENTED_EDGE('',*,*,#204,.F.);
#204 = EDGE_CURVE('',#205,#158,#207,.T.);
#205 = VERTEX_POINT('',#206);
#206 = CARTESIAN_POINT('',(-73.98097826087,12.321317119722,40.));
#207 = CIRCLE('',#208,75.);
#208 = AXIS2_PLACEMENT_3D('',#209,#210,#211);
#209 = CARTESIAN_POINT('',(0.,0.,40.));
#210 = DIRECTION('',(0.,0.,-1.));
#211 = DIRECTION('',(0.,1.,0.));
#212 = ORIENTED_EDGE('',*,*,#213,.F.);
#213 = EDGE_CURVE('',#214,#205,#216,.T.);
#214 = VERTEX_POINT('',#215);
#215 = CARTESIAN_POINT('',(-69.02764650283,6.499941205186,40.));
#216 = B_SPLINE_CURVE_WITH_KNOTS('',6,(#217,#218,#219,#220,#221,#222,
    #223,#224,#225,#226,#227,#228,#229,#230,#231,#232,#233,#234,#235,
    #236,#237,#238,#239,#240,#241,#242,#243,#244,#245,#246,#247,#248,
    #249,#250,#251,#252,#253,#254,#255,#256,#257,#258),.UNSPECIFIED.,.F.
  ,.F.,(7,5,5,5,5,5,5,5,7),(0.,0.144347625826,0.2477732501,
    0.321369248254,0.5,0.678630751746,0.7522267499,0.855652374174,1.),
  .UNSPECIFIED.);
#217 = CARTESIAN_POINT('',(-69.02764650283,6.499941205186,40.));
#218 = CARTESIAN_POINT('',(-69.22973935685,6.499081634233,40.));
#219 = CARTESIAN_POINT('',(-69.43324214286,6.508018439983,40.));
#220 = CARTESIAN_POINT('',(-69.6374155574,6.527002955659,40.));
#221 = CARTESIAN_POINT('',(-69.84150147616,6.556196109242,40.));
#222 = CARTESIAN_POINT('',(-70.04472895481,6.595666964704,40.));
#223 = CARTESIAN_POINT('',(-70.39076114738,6.681018912736,40.));
#224 = CARTESIAN_POINT('',(-70.53436430307,6.721910948856,40.));
#225 = CARTESIAN_POINT('',(-70.67684478015,6.768058664694,40.));
#226 = CARTESIAN_POINT('',(-70.81792059215,6.819430001092,40.));
#227 = CARTESIAN_POINT('',(-70.9573134871,6.875969652102,40.));
#228 = CARTESIAN_POINT('',(-71.19254717007,6.981453736952,40.));
#229 = CARTESIAN_POINT('',(-71.28935426996,7.027885744147,40.));
#230 = CARTESIAN_POINT('',(-71.3850725857,7.076866983003,40.));
#231 = CARTESIAN_POINT('',(-71.47960576959,7.128363731274,40.));
#232 = CARTESIAN_POINT('',(-71.5728595917,7.1823367535,40.));
#233 = CARTESIAN_POINT('',(-71.88775695885,7.375645303587,40.));
#234 = CARTESIAN_POINT('',(-72.10270141936,7.526879434174,40.));
#235 = CARTESIAN_POINT('',(-72.30824278014,7.691796729919,40.));
#236 = CARTESIAN_POINT('',(-72.50317085334,7.86957738017,40.));
#237 = CARTESIAN_POINT('',(-72.68639030271,8.059253036187,40.));
#238 = CARTESIAN_POINT('',(-73.02749521034,8.460134703441,40.));
#239 = CARTESIAN_POINT('',(-73.18539350227,8.671355797363,40.));
#240 = CARTESIAN_POINT('',(-73.32967579875,8.89223026906,40.));
#241 = CARTESIAN_POINT('',(-73.45956158931,9.121521888707,40.));
#242 = CARTESIAN_POINT('',(-73.57443537211,9.357904835179,40.));
#243 = CARTESIAN_POINT('',(-73.71483975193,9.699687159912,40.));
#244 = CARTESIAN_POINT('',(-73.75318793173,9.80037866686,40.));
#245 = CARTESIAN_POINT('',(-73.78888696492,9.901936615681,40.));
#246 = CARTESIAN_POINT('',(-73.82191320707,10.00426171064,40.));
#247 = CARTESIAN_POINT('',(-73.8522487949,10.107253448132,40.));
#248 = CARTESIAN_POINT('',(-73.91871453084,10.356339946577,40.));
#249 = CARTESIAN_POINT('',(-73.95220996122,10.502986349339,40.));
#250 = CARTESIAN_POINT('',(-73.98033431987,10.650466583214,40.));
#251 = CARTESIAN_POINT('',(-74.00307755873,10.798497131113,40.));
#252 = CARTESIAN_POINT('',(-74.02045317455,10.946794511125,40.));
#253 = CARTESIAN_POINT('',(-74.04930899462,11.302027638767,40.));
#254 = CARTESIAN_POINT('',(-74.05573666661,11.508952846375,40.));
#255 = CARTESIAN_POINT('',(-74.05188176425,11.715080093912,40.));
#256 = CARTESIAN_POINT('',(-74.03793587913,11.919659436301,40.));
#257 = CARTESIAN_POINT('',(-74.01417922974,12.121968289338,40.));
#258 = CARTESIAN_POINT('',(-73.98097826087,12.321317119722,40.));
#259 = ORIENTED_EDGE('',*,*,#260,.F.);
#260 = EDGE_CURVE('',#261,#214,#263,.T.);
#261 = VERTEX_POINT('',#262);
#262 = CARTESIAN_POINT('',(-69.02764650283,-6.499941205186,40.));
#263 = CIRCLE('',#264,6.5);
#264 = AXIS2_PLACEMENT_3D('',#265,#266,#267);
#265 = CARTESIAN_POINT('',(-69.,-2.44E-15,40.));
#266 = DIRECTION('',(-2.2E-16,-4.4E-16,1.));
#267 = DIRECTION('',(-1.,2.2E-16,-2.2E-16));
#268 = ORIENTED_EDGE('',*,*,#269,.T.);
#269 = EDGE_CURVE('',#261,#270,#272,.T.);
#270 = VERTEX_POINT('',#271);
#271 = CARTESIAN_POINT('',(-73.98097826087,-12.32131711972,40.));
#272 = B_SPLINE_CURVE_WITH_KNOTS('',6,(#273,#274,#275,#276,#277,#278,
    #279,#280,#281,#282,#283,#284,#285,#286,#287,#288,#289,#290,#291,
    #292,#293,#294,#295,#296,#297,#298,#299,#300,#301,#302,#303,#304,
    #305,#306,#307,#308,#309,#310,#311,#312,#313,#314),.UNSPECIFIED.,.F.
  ,.F.,(7,5,5,5,5,5,5,5,7),(0.,0.144347625826,0.2477732501,
    0.321369248254,0.5,0.678630751746,0.7522267499,0.855652374174,1.),
  .UNSPECIFIED.);
#273 = CARTESIAN_POINT('',(-69.02764650283,-6.499941205186,40.));
#274 = CARTESIAN_POINT('',(-69.22973935685,-6.499081634233,40.));
#275 = CARTESIAN_POINT('',(-69.43324214286,-6.508018439983,40.));
#276 = CARTESIAN_POINT('',(-69.6374155574,-6.527002955659,40.));
#277 = CARTESIAN_POINT('',(-69.84150147616,-6.556196109242,40.));
#278 = CARTESIAN_POINT('',(-70.04472895481,-6.595666964704,40.));
#279 = CARTESIAN_POINT('',(-70.39076114738,-6.681018912736,40.));
#280 = CARTESIAN_POINT('',(-70.53436430307,-6.721910948856,40.));
#281 = CARTESIAN_POINT('',(-70.67684478015,-6.768058664694,40.));
#282 = CARTESIAN_POINT('',(-70.81792059215,-6.819430001092,40.));
#283 = CARTESIAN_POINT('',(-70.9573134871,-6.875969652102,40.));
#284 = CARTESIAN_POINT('',(-71.19254717007,-6.981453736952,40.));
#285 = CARTESIAN_POINT('',(-71.28935426996,-7.027885744147,40.));
#286 = CARTESIAN_POINT('',(-71.3850725857,-7.076866983003,40.));
#287 = CARTESIAN_POINT('',(-71.47960576959,-7.128363731274,40.));
#288 = CARTESIAN_POINT('',(-71.5728595917,-7.1823367535,40.));
#289 = CARTESIAN_POINT('',(-71.88775695885,-7.375645303587,40.));
#290 = CARTESIAN_POINT('',(-72.10270141936,-7.526879434174,40.));
#291 = CARTESIAN_POINT('',(-72.30824278014,-7.691796729919,40.));
#292 = CARTESIAN_POINT('',(-72.50317085334,-7.86957738017,40.));
#293 = CARTESIAN_POINT('',(-72.68639030271,-8.059253036187,40.));
#294 = CARTESIAN_POINT('',(-73.02749521034,-8.460134703441,40.));
#295 = CARTESIAN_POINT('',(-73.18539350227,-8.671355797363,40.));
#296 = CARTESIAN_POINT('',(-73.32967579875,-8.89223026906,40.));
#297 = CARTESIAN_POINT('',(-73.45956158931,-9.121521888707,40.));
#298 = CARTESIAN_POINT('',(-73.57443537211,-9.357904835179,40.));
#299 = CARTESIAN_POINT('',(-73.71483975193,-9.699687159912,40.));
#300 = CARTESIAN_POINT('',(-73.75318793173,-9.80037866686,40.));
#301 = CARTESIAN_POINT('',(-73.78888696492,-9.901936615681,40.));
#302 = CARTESIAN_POINT('',(-73.82191320707,-10.00426171064,40.));
#303 = CARTESIAN_POINT('',(-73.8522487949,-10.10725344813,40.));
#304 = CARTESIAN_POINT('',(-73.91871453084,-10.35633994657,40.));
#305 = CARTESIAN_POINT('',(-73.95220996122,-10.50298634933,40.));
#306 = CARTESIAN_POINT('',(-73.98033431987,-10.65046658321,40.));
#307 = CARTESIAN_POINT('',(-74.00307755873,-10.79849713111,40.));
#308 = CARTESIAN_POINT('',(-74.02045317455,-10.94679451112,40.));
#309 = CARTESIAN_POINT('',(-74.04930899462,-11.30202763876,40.));
#310 = CARTESIAN_POINT('',(-74.05573666661,-11.50895284637,40.));
#311 = CARTESIAN_POINT('',(-74.05188176425,-11.71508009391,40.));
#312 = CARTESIAN_POINT('',(-74.03793587913,-11.9196594363,40.));
#313 = CARTESIAN_POINT('',(-74.01417922974,-12.12196828933,40.));
#314 = CARTESIAN_POINT('',(-73.98097826087,-12.32131711972,40.));
#315 = ORIENTED_EDGE('',*,*,#316,.F.);
#316 = EDGE_CURVE('',#317,#270,#319,.T.);
#317 = VERTEX_POINT('',#318);
#318 = CARTESIAN_POINT('',(-47.65929325138,-57.91020434067,40.));
#319 = CIRCLE('',#320,75.);
#320 = AXIS2_PLACEMENT_3D('',#321,#322,#323);
#321 = CARTESIAN_POINT('',(0.,0.,40.));
#322 = DIRECTION('',(0.,0.,-1.));
#323 = DIRECTION('',(0.,1.,0.));
#324 = ORIENTED_EDGE('',*,*,#325,.T.);
#325 = EDGE_CURVE('',#317,#326,#328,.T.);
#326 = VERTEX_POINT('',#327);
#327 = CARTESIAN_POINT('',(-40.14200397609,-56.53233968116,40.));
#328 = B_SPLINE_CURVE_WITH_KNOTS('',6,(#329,#330,#331,#332,#333,#334,
    #335,#336,#337,#338,#339,#340,#341,#342,#343,#344,#345,#346,#347,
    #348,#349,#350,#351,#352,#353,#354,#355,#356,#357,#358,#359,#360,
    #361,#362,#363,#364,#365,#366,#367,#368,#369,#370),.UNSPECIFIED.,.F.
  ,.F.,(7,5,5,5,5,5,5,5,7),(0.,0.144351649687,0.247777648908,
    0.321372932161,0.5,0.678627067839,0.752222351092,0.855648350313,1.),
  .UNSPECIFIED.);
#329 = CARTESIAN_POINT('',(-47.65929325138,-57.91020434067,40.));
#330 = CARTESIAN_POINT('',(-47.50327221016,-58.03860748898,40.));
#331 = CARTESIAN_POINT('',(-47.33996798041,-58.16031340894,40.));
#332 = CARTESIAN_POINT('',(-47.16979432475,-58.27466030307,40.));
#333 = CARTESIAN_POINT('',(-46.99323670046,-58.38104448569,40.));
#334 = CARTESIAN_POINT('',(-46.81084853495,-58.47892530553,40.));
#335 = CARTESIAN_POINT('',(-46.48883390489,-58.63152912522,40.));
#336 = CARTESIAN_POINT('',(-46.35174222839,-58.69062132059,40.));
#337 = CARTESIAN_POINT('',(-46.21219861325,-58.74493336625,40.));
#338 = CARTESIAN_POINT('',(-46.07044168628,-58.79431190625,40.));
#339 = CARTESIAN_POINT('',(-45.92672187038,-58.8386239436,40.));
#340 = CARTESIAN_POINT('',(-45.67782272416,-58.90560353394,40.));
#341 = CARTESIAN_POINT('',(-45.57348284897,-58.93082775093,40.));
#342 = CARTESIAN_POINT('',(-45.46837514136,-58.9533895435,40.));
#343 = CARTESIAN_POINT('',(-45.36259551652,-58.9732541439,40.));
#344 = CARTESIAN_POINT('',(-45.25624173326,-58.99039239094,40.));
#345 = CARTESIAN_POINT('',(-44.89012458973,-59.03970344095,40.));
#346 = CARTESIAN_POINT('',(-44.62802963213,-59.0584276979,40.));
#347 = CARTESIAN_POINT('',(-44.3645691179,-59.06061245526,40.));
#348 = CARTESIAN_POINT('',(-44.10119812911,-59.04612778168,40.));
#349 = CARTESIAN_POINT('',(-43.83937667962,-59.01503131324,40.));
#350 = CARTESIAN_POINT('',(-43.32174485981,-58.92015315104,40.));
#351 = CARTESIAN_POINT('',(-43.0659150291,-58.85636789033,40.));
#352 = CARTESIAN_POINT('',(-42.81452809641,-58.77650116646,40.));
#353 = CARTESIAN_POINT('',(-42.5689696042,-58.68101691319,40.));
#354 = CARTESIAN_POINT('',(-42.33055395917,-58.5705526891,40.));
#355 = CARTESIAN_POINT('',(-42.00572666307,-58.39459652938,40.));
#356 = CARTESIAN_POINT('',(-41.9123651932,-58.34085192343,40.));
#357 = CARTESIAN_POINT('',(-41.82050751218,-58.28476183679,40.));
#358 = CARTESIAN_POINT('',(-41.73023468108,-58.22638820706,40.));
#359 = CARTESIAN_POINT('',(-41.64162404872,-58.16579756001,40.));
#360 = CARTESIAN_POINT('',(-41.43266109207,-58.01489516353,40.));
#361 = CARTESIAN_POINT('',(-41.31400042311,-57.92249068432,40.));
#362 = CARTESIAN_POINT('',(-41.19897197492,-57.82604524553,40.));
#363 = CARTESIAN_POINT('',(-41.08776272077,-57.7257720157,40.));
#364 = CARTESIAN_POINT('',(-40.98054138397,-57.6218990151,40.));
#365 = CARTESIAN_POINT('',(-40.73358440615,-57.36500682203,40.));
#366 = CARTESIAN_POINT('',(-40.59776839288,-57.20880148169,40.));
#367 = CARTESIAN_POINT('',(-40.47041977363,-57.0467134865,40.));
#368 = CARTESIAN_POINT('',(-40.35186424561,-56.87944462492,40.));
#369 = CARTESIAN_POINT('',(-40.24234159814,-56.70773151507,40.));
#370 = CARTESIAN_POINT('',(-40.14200397609,-56.53233968116,40.));
#371 = ORIENTED_EDGE('',*,*,#372,.F.);
#372 = EDGE_CURVE('',#373,#326,#375,.T.);
#373 = VERTEX_POINT('',#374);
#374 = CARTESIAN_POINT('',(-28.88356078411,-63.03194292955,40.));
#375 = CIRCLE('',#376,6.5);
#376 = AXIS2_PLACEMENT_3D('',#377,#378,#379);
#377 = CARTESIAN_POINT('',(-34.5,-59.76,40.));
#378 = DIRECTION('',(-2.2E-16,0.,1.));
#379 = DIRECTION('',(-1.,2.2E-16,-2.2E-16));
#380 = ORIENTED_EDGE('',*,*,#381,.F.);
#381 = EDGE_CURVE('',#382,#373,#384,.T.);
#382 = VERTEX_POINT('',#383);
#383 = CARTESIAN_POINT('',(-26.317738849,-70.23088082799,40.));
#384 = B_SPLINE_CURVE_WITH_KNOTS('',6,(#385,#386,#387,#388,#389,#390,
    #391,#392,#393,#394,#395,#396,#397,#398,#399,#400,#401,#402,#403,
    #404,#405,#406,#407,#408,#409,#410,#411,#412,#413,#414,#415,#416,
    #417,#418,#419,#420,#421,#422,#423,#424,#425,#426),.UNSPECIFIED.,.F.
  ,.F.,(7,5,5,5,5,5,5,5,7),(0.,0.144351649687,0.247777648908,
    0.321372932161,0.5,0.678627067839,0.752222351092,0.855648350313,1.),
  .UNSPECIFIED.);
#385 = CARTESIAN_POINT('',(-26.317738849,-70.23088082799,40.));
#386 = CARTESIAN_POINT('',(-26.5069541225,-70.15997586289,40.));
#387 = CARTESIAN_POINT('',(-26.69401161469,-70.07941472449,40.));
#388 = CARTESIAN_POINT('',(-26.87813130917,-69.989224795,40.));
#389 = CARTESIAN_POINT('',(-27.05854766286,-69.88952460277,40.));
#390 = CARTESIAN_POINT('',(-27.23451573146,-69.78052305855,40.));
#391 = CARTESIAN_POINT('',(-27.52769429862,-69.57797016297,40.));
#392 = CARTESIAN_POINT('',(-27.64742096791,-69.48879875511,40.));
#393 = CARTESIAN_POINT('',(-27.76423415324,-69.39511365189,40.));
#394 = CARTESIAN_POINT('',(-27.87788172307,-69.29704481674,40.));
#395 = CARTESIAN_POINT('',(-27.98812327791,-69.19474260893,40.));
#396 = CARTESIAN_POINT('',(-28.17059008334,-69.01269065088,40.));
#397 = CARTESIAN_POINT('',(-28.2446096189,-68.93494633255,40.));
#398 = CARTESIAN_POINT('',(-28.31670746635,-68.85520572134,40.));
#399 = CARTESIAN_POINT('',(-28.38680555431,-68.77353449357,40.));
#400 = CARTESIAN_POINT('',(-28.45482974472,-68.6900027257,40.));
#401 = CARTESIAN_POINT('',(-28.6806109358,-68.3976053998,40.));
#402 = CARTESIAN_POINT('',(-28.82788749082,-68.17999570116,40.));
#403 = CARTESIAN_POINT('',(-28.96152377916,-67.95293280644,40.));
#404 = CARTESIAN_POINT('',(-29.08067966237,-67.71761183627,40.));
#405 = CARTESIAN_POINT('',(-29.18467496824,-67.47532597593,40.));
#406 = CARTESIAN_POINT('',(-29.36135449047,-66.97961546266,40.));
#407 = CARTESIAN_POINT('',(-29.43404534909,-66.72617217347,40.));
#408 = CARTESIAN_POINT('',(-29.49058806119,-66.46853482133,40.));
#409 = CARTESIAN_POINT('',(-29.53069154583,-66.20813527018,40.));
#410 = CARTESIAN_POINT('',(-29.55425065191,-65.94643060243,40.));
#411 = CARTESIAN_POINT('',(-29.56430452506,-65.57714445041,40.));
#412 = CARTESIAN_POINT('',(-29.56444769638,-65.46941875141,40.));
#413 = CARTESIAN_POINT('',(-29.56180771945,-65.3618224601,40.));
#414 = CARTESIAN_POINT('',(-29.55639769704,-65.25445674704,40.));
#415 = CARTESIAN_POINT('',(-29.54823656156,-65.14742186233,40.));
#416 = CARTESIAN_POINT('',(-29.52204851351,-64.89100182284,40.));
#417 = CARTESIAN_POINT('',(-29.50136339035,-64.74203515605,40.));
#418 = CARTESIAN_POINT('',(-29.47536251391,-64.59419327774,40.));
#419 = CARTESIAN_POINT('',(-29.44413699041,-64.4477447014,40.));
#420 = CARTESIAN_POINT('',(-29.40779991351,-64.3029495628,40.));
#421 = CARTESIAN_POINT('',(-29.30882430681,-63.96062635729,40.));
#422 = CARTESIAN_POINT('',(-29.24146656726,-63.76489942319,40.));
#423 = CARTESIAN_POINT('',(-29.16478033188,-63.57356356583,40.));
#424 = CARTESIAN_POINT('',(-29.07921047972,-63.38725176888,40.));
#425 = CARTESIAN_POINT('',(-28.9852750107,-63.20654003694,40.));
#426 = CARTESIAN_POINT('',(-28.88356078411,-63.03194292955,40.));
#427 = ORIENTED_EDGE('',*,*,#428,.F.);
#428 = EDGE_CURVE('',#429,#382,#431,.T.);
#429 = VERTEX_POINT('',#430);
#430 = CARTESIAN_POINT('',(26.317738849003,-70.23088082799,40.));
#431 = CIRCLE('',#432,75.);
#432 = AXIS2_PLACEMENT_3D('',#433,#434,#435);
#433 = CARTESIAN_POINT('',(0.,0.,40.));
#434 = DIRECTION('',(0.,0.,-1.));
#435 = DIRECTION('',(0.,1.,0.));
#436 = ORIENTED_EDGE('',*,*,#437,.T.);
#437 = EDGE_CURVE('',#429,#438,#440,.T.);
#438 = VERTEX_POINT('',#439);
#439 = CARTESIAN_POINT('',(28.883560784112,-63.03194292955,40.));
#440 = B_SPLINE_CURVE_WITH_KNOTS('',6,(#441,#442,#443,#444,#445,#446,
    #447,#448,#449,#450,#451,#452,#453,#454,#455,#456,#457,#458,#459,
    #460,#461,#462,#463,#464,#465,#466,#467,#468,#469,#470,#471,#472,
    #473,#474,#475,#476,#477,#478,#479,#480,#481,#482),.UNSPECIFIED.,.F.
  ,.F.,(7,5,5,5,5,5,5,5,7),(0.,0.144351649687,0.247777648908,
    0.321372932161,0.5,0.678627067839,0.752222351092,0.855648350313,1.),
  .UNSPECIFIED.);
#441 = CARTESIAN_POINT('',(26.317738849003,-70.23088082799,40.));
#442 = CARTESIAN_POINT('',(26.506954122499,-70.15997586289,40.));
#443 = CARTESIAN_POINT('',(26.694011614693,-70.07941472449,40.));
#444 = CARTESIAN_POINT('',(26.878131309174,-69.989224795,40.));
#445 = CARTESIAN_POINT('',(27.058547662863,-69.88952460277,40.));
#446 = CARTESIAN_POINT('',(27.234515731465,-69.78052305855,40.));
#447 = CARTESIAN_POINT('',(27.527694298628,-69.57797016297,40.));
#448 = CARTESIAN_POINT('',(27.647420967918,-69.48879875511,40.));
#449 = CARTESIAN_POINT('',(27.764234153247,-69.39511365189,40.));
#450 = CARTESIAN_POINT('',(27.877881723075,-69.29704481674,40.));
#451 = CARTESIAN_POINT('',(27.988123277913,-69.19474260893,40.));
#452 = CARTESIAN_POINT('',(28.170590083341,-69.01269065088,40.));
#453 = CARTESIAN_POINT('',(28.244609618902,-68.93494633255,40.));
#454 = CARTESIAN_POINT('',(28.316707466353,-68.85520572134,40.));
#455 = CARTESIAN_POINT('',(28.386805554315,-68.77353449357,40.));
#456 = CARTESIAN_POINT('',(28.45482974472,-68.6900027257,40.));
#457 = CARTESIAN_POINT('',(28.680610935802,-68.3976053998,40.));
#458 = CARTESIAN_POINT('',(28.827887490823,-68.17999570116,40.));
#459 = CARTESIAN_POINT('',(28.961523779164,-67.95293280644,40.));
#460 = CARTESIAN_POINT('',(29.080679662375,-67.71761183627,40.));
#461 = CARTESIAN_POINT('',(29.184674968248,-67.47532597593,40.));
#462 = CARTESIAN_POINT('',(29.361354490474,-66.97961546266,40.));
#463 = CARTESIAN_POINT('',(29.434045349098,-66.72617217347,40.));
#464 = CARTESIAN_POINT('',(29.490588061197,-66.46853482133,40.));
#465 = CARTESIAN_POINT('',(29.530691545834,-66.20813527018,40.));
#466 = CARTESIAN_POINT('',(29.554250651911,-65.94643060243,40.));
#467 = CARTESIAN_POINT('',(29.564304525068,-65.57714445041,40.));
#468 = CARTESIAN_POINT('',(29.564447696389,-65.46941875141,40.));
#469 = CARTESIAN_POINT('',(29.561807719458,-65.3618224601,40.));
#470 = CARTESIAN_POINT('',(29.556397697041,-65.25445674704,40.));
#471 = CARTESIAN_POINT('',(29.548236561565,-65.14742186233,40.));
#472 = CARTESIAN_POINT('',(29.522048513517,-64.89100182284,40.));
#473 = CARTESIAN_POINT('',(29.501363390358,-64.74203515605,40.));
#474 = CARTESIAN_POINT('',(29.475362513915,-64.59419327774,40.));
#475 = CARTESIAN_POINT('',(29.444136990411,-64.4477447014,40.));
#476 = CARTESIAN_POINT('',(29.407799913514,-64.3029495628,40.));
#477 = CARTESIAN_POINT('',(29.308824306816,-63.96062635729,40.));
#478 = CARTESIAN_POINT('',(29.241466567261,-63.76489942319,40.));
#479 = CARTESIAN_POINT('',(29.164780331883,-63.57356356583,40.));
#480 = CARTESIAN_POINT('',(29.079210479729,-63.38725176888,40.));
#481 = CARTESIAN_POINT('',(28.985275010704,-63.20654003694,40.));
#482 = CARTESIAN_POINT('',(28.883560784112,-63.03194292955,40.));
#483 = ORIENTED_EDGE('',*,*,#484,.F.);
#484 = EDGE_CURVE('',#485,#438,#487,.T.);
#485 = VERTEX_POINT('',#486);
#486 = CARTESIAN_POINT('',(40.142003976092,-56.53233968116,40.));
#487 = CIRCLE('',#488,6.5);
#488 = AXIS2_PLACEMENT_3D('',#489,#490,#491);
#489 = CARTESIAN_POINT('',(34.5,-59.76,40.));
#490 = DIRECTION('',(0.,0.,1.));
#491 = DIRECTION('',(1.,0.,0.));
#492 = ORIENTED_EDGE('',*,*,#493,.F.);
#493 = EDGE_CURVE('',#494,#485,#496,.T.);
#494 = VERTEX_POINT('',#495);
#495 = CARTESIAN_POINT('',(47.659293251383,-57.91020434067,40.));
#496 = B_SPLINE_CURVE_WITH_KNOTS('',6,(#497,#498,#499,#500,#501,#502,
    #503,#504,#505,#506,#507,#508,#509,#510,#511,#512,#513,#514,#515,
    #516,#517,#518,#519,#520,#521,#522,#523,#524,#525,#526,#527,#528,
    #529,#530,#531,#532,#533,#534,#535,#536,#537,#538),.UNSPECIFIED.,.F.
  ,.F.,(7,5,5,5,5,5,5,5,7),(0.,0.144351649687,0.247777648908,
    0.321372932161,0.5,0.678627067839,0.752222351092,0.855648350313,1.),
  .UNSPECIFIED.);
#497 = CARTESIAN_POINT('',(47.659293251383,-57.91020434067,40.));
#498 = CARTESIAN_POINT('',(47.503272210163,-58.03860748899,40.));
#499 = CARTESIAN_POINT('',(47.339967980418,-58.16031340894,40.));
#500 = CARTESIAN_POINT('',(47.169794324754,-58.27466030307,40.));
#501 = CARTESIAN_POINT('',(46.99323670046,-58.38104448569,40.));
#502 = CARTESIAN_POINT('',(46.810848534953,-58.47892530553,40.));
#503 = CARTESIAN_POINT('',(46.488833904899,-58.63152912522,40.));
#504 = CARTESIAN_POINT('',(46.351742228399,-58.69062132059,40.));
#505 = CARTESIAN_POINT('',(46.212198613255,-58.74493336625,40.));
#506 = CARTESIAN_POINT('',(46.070441686285,-58.79431190625,40.));
#507 = CARTESIAN_POINT('',(45.926721870387,-58.8386239436,40.));
#508 = CARTESIAN_POINT('',(45.677822724163,-58.90560353394,40.));
#509 = CARTESIAN_POINT('',(45.573482848977,-58.93082775093,40.));
#510 = CARTESIAN_POINT('',(45.468375141364,-58.9533895435,40.));
#511 = CARTESIAN_POINT('',(45.362595516521,-58.9732541439,40.));
#512 = CARTESIAN_POINT('',(45.256241733266,-58.99039239094,40.));
#513 = CARTESIAN_POINT('',(44.890124589738,-59.03970344095,40.));
#514 = CARTESIAN_POINT('',(44.628029632134,-59.0584276979,40.));
#515 = CARTESIAN_POINT('',(44.364569117909,-59.06061245526,40.));
#516 = CARTESIAN_POINT('',(44.101198129115,-59.04612778168,40.));
#517 = CARTESIAN_POINT('',(43.839376679623,-59.01503131324,40.));
#518 = CARTESIAN_POINT('',(43.32174485981,-58.92015315104,40.));
#519 = CARTESIAN_POINT('',(43.065915029103,-58.85636789033,40.));
#520 = CARTESIAN_POINT('',(42.814528096418,-58.77650116646,40.));
#521 = CARTESIAN_POINT('',(42.568969604205,-58.68101691319,40.));
#522 = CARTESIAN_POINT('',(42.330553959171,-58.5705526891,40.));
#523 = CARTESIAN_POINT('',(42.00572666307,-58.39459652938,40.));
#524 = CARTESIAN_POINT('',(41.912365193204,-58.34085192343,40.));
#525 = CARTESIAN_POINT('',(41.820507512185,-58.28476183679,40.));
#526 = CARTESIAN_POINT('',(41.730234681082,-58.22638820706,40.));
#527 = CARTESIAN_POINT('',(41.641624048725,-58.16579756001,40.));
#528 = CARTESIAN_POINT('',(41.432661092075,-58.01489516353,40.));
#529 = CARTESIAN_POINT('',(41.314000423115,-57.92249068432,40.));
#530 = CARTESIAN_POINT('',(41.198971974927,-57.82604524553,40.));
#531 = CARTESIAN_POINT('',(41.087762720771,-57.7257720157,40.));
#532 = CARTESIAN_POINT('',(40.98054138397,-57.6218990151,40.));
#533 = CARTESIAN_POINT('',(40.733584406151,-57.36500682203,40.));
#534 = CARTESIAN_POINT('',(40.597768392888,-57.20880148169,40.));
#535 = CARTESIAN_POINT('',(40.470419773636,-57.0467134865,40.));
#536 = CARTESIAN_POINT('',(40.351864245617,-56.87944462492,40.));
#537 = CARTESIAN_POINT('',(40.242341598141,-56.70773151507,40.));
#538 = CARTESIAN_POINT('',(40.142003976092,-56.53233968116,40.));
#539 = ORIENTED_EDGE('',*,*,#540,.F.);
#540 = EDGE_CURVE('',#541,#494,#543,.T.);
#541 = VERTEX_POINT('',#542);
#542 = CARTESIAN_POINT('',(73.98097826087,-12.32131711972,40.));
#543 = CIRCLE('',#544,75.);
#544 = AXIS2_PLACEMENT_3D('',#545,#546,#547);
#545 = CARTESIAN_POINT('',(0.,0.,40.));
#546 = DIRECTION('',(0.,0.,-1.));
#547 = DIRECTION('',(0.,1.,0.));
#548 = ORIENTED_EDGE('',*,*,#549,.F.);
#549 = EDGE_CURVE('',#550,#541,#552,.T.);
#550 = VERTEX_POINT('',#551);
#551 = CARTESIAN_POINT('',(69.027646502836,-6.499941205186,40.));
#552 = B_SPLINE_CURVE_WITH_KNOTS('',6,(#553,#554,#555,#556,#557,#558,
    #559,#560,#561,#562,#563,#564,#565,#566,#567,#568,#569,#570,#571,
    #572,#573,#574,#575,#576,#577,#578,#579,#580,#581,#582,#583,#584,
    #585,#586,#587,#588,#589,#590,#591,#592,#593,#594),.UNSPECIFIED.,.F.
  ,.F.,(7,5,5,5,5,5,5,5,7),(0.,0.144347625826,0.2477732501,
    0.321369248254,0.5,0.678630751746,0.7522267499,0.855652374174,1.),
  .UNSPECIFIED.);
#553 = CARTESIAN_POINT('',(69.027646502836,-6.499941205186,40.));
#554 = CARTESIAN_POINT('',(69.229739356859,-6.499081634233,40.));
#555 = CARTESIAN_POINT('',(69.433242142861,-6.508018439983,40.));
#556 = CARTESIAN_POINT('',(69.637415557409,-6.527002955659,40.));
#557 = CARTESIAN_POINT('',(69.841501476162,-6.556196109242,40.));
#558 = CARTESIAN_POINT('',(70.044728954816,-6.595666964704,40.));
#559 = CARTESIAN_POINT('',(70.390761147384,-6.681018912736,40.));
#560 = CARTESIAN_POINT('',(70.534364303078,-6.721910948856,40.));
#561 = CARTESIAN_POINT('',(70.676844780156,-6.768058664694,40.));
#562 = CARTESIAN_POINT('',(70.817920592151,-6.819430001092,40.));
#563 = CARTESIAN_POINT('',(70.957313487101,-6.875969652102,40.));
#564 = CARTESIAN_POINT('',(71.192547170075,-6.981453736952,40.));
#565 = CARTESIAN_POINT('',(71.289354269961,-7.027885744147,40.));
#566 = CARTESIAN_POINT('',(71.385072585707,-7.076866983003,40.));
#567 = CARTESIAN_POINT('',(71.479605769599,-7.128363731274,40.));
#568 = CARTESIAN_POINT('',(71.572859591705,-7.1823367535,40.));
#569 = CARTESIAN_POINT('',(71.887756958854,-7.375645303587,40.));
#570 = CARTESIAN_POINT('',(72.10270141936,-7.526879434174,40.));
#571 = CARTESIAN_POINT('',(72.308242780146,-7.691796729919,40.));
#572 = CARTESIAN_POINT('',(72.503170853348,-7.86957738017,40.));
#573 = CARTESIAN_POINT('',(72.686390302712,-8.059253036187,40.));
#574 = CARTESIAN_POINT('',(73.027495210344,-8.460134703441,40.));
#575 = CARTESIAN_POINT('',(73.185393502271,-8.671355797363,40.));
#576 = CARTESIAN_POINT('',(73.329675798754,-8.89223026906,40.));
#577 = CARTESIAN_POINT('',(73.459561589312,-9.121521888707,40.));
#578 = CARTESIAN_POINT('',(73.574435372111,-9.357904835179,40.));
#579 = CARTESIAN_POINT('',(73.714839751936,-9.699687159912,40.));
#580 = CARTESIAN_POINT('',(73.753187931736,-9.80037866686,40.));
#581 = CARTESIAN_POINT('',(73.788886964926,-9.901936615681,40.));
#582 = CARTESIAN_POINT('',(73.821913207079,-10.00426171064,40.));
#583 = CARTESIAN_POINT('',(73.852248794906,-10.10725344813,40.));
#584 = CARTESIAN_POINT('',(73.918714530847,-10.35633994657,40.));
#585 = CARTESIAN_POINT('',(73.95220996122,-10.50298634933,40.));
#586 = CARTESIAN_POINT('',(73.980334319876,-10.65046658321,40.));
#587 = CARTESIAN_POINT('',(74.003077558739,-10.79849713111,40.));
#588 = CARTESIAN_POINT('',(74.020453174554,-10.94679451112,40.));
#589 = CARTESIAN_POINT('',(74.049308994629,-11.30202763876,40.));
#590 = CARTESIAN_POINT('',(74.05573666661,-11.50895284637,40.));
#591 = CARTESIAN_POINT('',(74.051881764251,-11.71508009391,40.));
#592 = CARTESIAN_POINT('',(74.037935879132,-11.9196594363,40.));
#593 = CARTESIAN_POINT('',(74.014179229745,-12.12196828933,40.));
#594 = CARTESIAN_POINT('',(73.98097826087,-12.32131711972,40.));
#595 = ORIENTED_EDGE('',*,*,#596,.F.);
#596 = EDGE_CURVE('',#597,#550,#599,.T.);
#597 = VERTEX_POINT('',#598);
#598 = CARTESIAN_POINT('',(69.027646502836,6.499941205186,40.));
#599 = CIRCLE('',#600,6.5);
#600 = AXIS2_PLACEMENT_3D('',#601,#602,#603);
#601 = CARTESIAN_POINT('',(69.,0.,40.));
#602 = DIRECTION('',(0.,0.,1.));
#603 = DIRECTION('',(1.,0.,0.));
#604 = ORIENTED_EDGE('',*,*,#605,.T.);
#605 = EDGE_CURVE('',#597,#606,#608,.T.);
#606 = VERTEX_POINT('',#607);
#607 = CARTESIAN_POINT('',(73.98097826087,12.321317119722,40.));
#608 = B_SPLINE_CURVE_WITH_KNOTS('',6,(#609,#610,#611,#612,#613,#614,
    #615,#616,#617,#618,#619,#620,#621,#622,#623,#624,#625,#626,#627,
    #628,#629,#630,#631,#632,#633,#634,#635,#636,#637,#638,#639,#640,
    #641,#642,#643,#644,#645,#646,#647,#648,#649,#650),.UNSPECIFIED.,.F.
  ,.F.,(7,5,5,5,5,5,5,5,7),(0.,0.144347625826,0.2477732501,
    0.321369248254,0.5,0.678630751746,0.7522267499,0.855652374174,1.),
  .UNSPECIFIED.);
#609 = CARTESIAN_POINT('',(69.027646502836,6.499941205186,40.));
#610 = CARTESIAN_POINT('',(69.229739356859,6.499081634233,40.));
#611 = CARTESIAN_POINT('',(69.433242142861,6.508018439983,40.));
#612 = CARTESIAN_POINT('',(69.637415557409,6.527002955659,40.));
#613 = CARTESIAN_POINT('',(69.841501476162,6.556196109242,40.));
#614 = CARTESIAN_POINT('',(70.044728954816,6.595666964704,40.));
#615 = CARTESIAN_POINT('',(70.390761147384,6.681018912736,40.));
#616 = CARTESIAN_POINT('',(70.534364303078,6.721910948856,40.));
#617 = CARTESIAN_POINT('',(70.676844780156,6.768058664694,40.));
#618 = CARTESIAN_POINT('',(70.817920592151,6.819430001092,40.));
#619 = CARTESIAN_POINT('',(70.957313487101,6.875969652102,40.));
#620 = CARTESIAN_POINT('',(71.192547170075,6.981453736952,40.));
#621 = CARTESIAN_POINT('',(71.289354269961,7.027885744147,40.));
#622 = CARTESIAN_POINT('',(71.385072585707,7.076866983003,40.));
#623 = CARTESIAN_POINT('',(71.479605769599,7.128363731274,40.));
#624 = CARTESIAN_POINT('',(71.572859591705,7.1823367535,40.));
#625 = CARTESIAN_POINT('',(71.887756958854,7.375645303587,40.));
#626 = CARTESIAN_POINT('',(72.102701419361,7.526879434174,40.));
#627 = CARTESIAN_POINT('',(72.308242780146,7.691796729919,40.));
#628 = CARTESIAN_POINT('',(72.503170853348,7.86957738017,40.));
#629 = CARTESIAN_POINT('',(72.686390302712,8.059253036187,40.));
#630 = CARTESIAN_POINT('',(73.027495210344,8.460134703441,40.));
#631 = CARTESIAN_POINT('',(73.185393502271,8.671355797363,40.));
#632 = CARTESIAN_POINT('',(73.329675798755,8.89223026906,40.));
#633 = CARTESIAN_POINT('',(73.459561589312,9.121521888707,40.));
#634 = CARTESIAN_POINT('',(73.574435372111,9.357904835179,40.));
#635 = CARTESIAN_POINT('',(73.714839751936,9.699687159912,40.));
#636 = CARTESIAN_POINT('',(73.753187931736,9.80037866686,40.));
#637 = CARTESIAN_POINT('',(73.788886964926,9.901936615681,40.));
#638 = CARTESIAN_POINT('',(73.821913207079,10.00426171064,40.));
#639 = CARTESIAN_POINT('',(73.852248794906,10.107253448132,40.));
#640 = CARTESIAN_POINT('',(73.918714530847,10.356339946577,40.));
#641 = CARTESIAN_POINT('',(73.95220996122,10.502986349339,40.));
#642 = CARTESIAN_POINT('',(73.980334319876,10.650466583214,40.));
#643 = CARTESIAN_POINT('',(74.003077558739,10.798497131113,40.));
#644 = CARTESIAN_POINT('',(74.020453174554,10.946794511125,40.));
#645 = CARTESIAN_POINT('',(74.049308994629,11.302027638767,40.));
#646 = CARTESIAN_POINT('',(74.05573666661,11.508952846375,40.));
#647 = CARTESIAN_POINT('',(74.051881764251,11.715080093912,40.));
#648 = CARTESIAN_POINT('',(74.037935879131,11.919659436301,40.));
#649 = CARTESIAN_POINT('',(74.014179229745,12.121968289338,40.));
#650 = CARTESIAN_POINT('',(73.98097826087,12.321317119722,40.));
#651 = ORIENTED_EDGE('',*,*,#652,.F.);
#652 = EDGE_CURVE('',#653,#606,#655,.T.);
#653 = VERTEX_POINT('',#654);
#654 = CARTESIAN_POINT('',(47.659293251383,57.910204340675,40.));
#655 = CIRCLE('',#656,75.);
#656 = AXIS2_PLACEMENT_3D('',#657,#658,#659);
#657 = CARTESIAN_POINT('',(0.,0.,40.));
#658 = DIRECTION('',(0.,0.,-1.));
#659 = DIRECTION('',(0.,1.,0.));
#660 = ORIENTED_EDGE('',*,*,#661,.T.);
#661 = EDGE_CURVE('',#653,#662,#664,.T.);
#662 = VERTEX_POINT('',#663);
#663 = CARTESIAN_POINT('',(40.142003976092,56.532339681168,40.));
#664 = B_SPLINE_CURVE_WITH_KNOTS('',6,(#665,#666,#667,#668,#669,#670,
    #671,#672,#673,#674,#675,#676,#677,#678,#679,#680,#681,#682,#683,
    #684,#685,#686,#687,#688,#689,#690,#691,#692,#693,#694,#695,#696,
    #697,#698,#699,#700,#701,#702,#703,#704,#705,#706),.UNSPECIFIED.,.F.
  ,.F.,(7,5,5,5,5,5,5,5,7),(0.,0.144351649687,0.247777648908,
    0.321372932161,0.5,0.678627067839,0.752222351092,0.855648350313,1.),
  .UNSPECIFIED.);
#665 = CARTESIAN_POINT('',(47.659293251383,57.910204340675,40.));
#666 = CARTESIAN_POINT('',(47.503272210163,58.038607488989,40.));
#667 = CARTESIAN_POINT('',(47.339967980418,58.160313408945,40.));
#668 = CARTESIAN_POINT('',(47.169794324754,58.274660303074,40.));
#669 = CARTESIAN_POINT('',(46.99323670046,58.381044485691,40.));
#670 = CARTESIAN_POINT('',(46.810848534953,58.478925305537,40.));
#671 = CARTESIAN_POINT('',(46.488833904899,58.63152912522,40.));
#672 = CARTESIAN_POINT('',(46.351742228399,58.690621320596,40.));
#673 = CARTESIAN_POINT('',(46.212198613255,58.744933366251,40.));
#674 = CARTESIAN_POINT('',(46.070441686285,58.794311906254,40.));
#675 = CARTESIAN_POINT('',(45.926721870387,58.8386239436,40.));
#676 = CARTESIAN_POINT('',(45.677822724163,58.905603533942,40.));
#677 = CARTESIAN_POINT('',(45.573482848977,58.930827750935,40.));
#678 = CARTESIAN_POINT('',(45.468375141364,58.953389543502,40.));
#679 = CARTESIAN_POINT('',(45.362595516521,58.973254143907,40.));
#680 = CARTESIAN_POINT('',(45.256241733266,58.990392390949,40.));
#681 = CARTESIAN_POINT('',(44.890124589738,59.039703440957,40.));
#682 = CARTESIAN_POINT('',(44.628029632134,59.058427697902,40.));
#683 = CARTESIAN_POINT('',(44.364569117909,59.060612455265,40.));
#684 = CARTESIAN_POINT('',(44.101198129115,59.046127781681,40.));
#685 = CARTESIAN_POINT('',(43.839376679623,59.015031313245,40.));
#686 = CARTESIAN_POINT('',(43.32174485981,58.920153151046,40.));
#687 = CARTESIAN_POINT('',(43.065915029103,58.856367890335,40.));
#688 = CARTESIAN_POINT('',(42.814528096418,58.776501166463,40.));
#689 = CARTESIAN_POINT('',(42.568969604205,58.681016913191,40.));
#690 = CARTESIAN_POINT('',(42.330553959171,58.570552689108,40.));
#691 = CARTESIAN_POINT('',(42.00572666307,58.394596529382,40.));
#692 = CARTESIAN_POINT('',(41.912365193204,58.340851923431,40.));
#693 = CARTESIAN_POINT('',(41.820507512185,58.284761836793,40.));
#694 = CARTESIAN_POINT('',(41.730234681082,58.226388207061,40.));
#695 = CARTESIAN_POINT('',(41.641624048725,58.16579756001,40.));
#696 = CARTESIAN_POINT('',(41.432661092075,58.014895163537,40.));
#697 = CARTESIAN_POINT('',(41.314000423115,57.922490684329,40.));
#698 = CARTESIAN_POINT('',(41.198971974927,57.826045245535,40.));
#699 = CARTESIAN_POINT('',(41.087762720771,57.725772015704,40.));
#700 = CARTESIAN_POINT('',(40.98054138397,57.6218990151,40.));
#701 = CARTESIAN_POINT('',(40.733584406151,57.365006822036,40.));
#702 = CARTESIAN_POINT('',(40.597768392888,57.208801481691,40.));
#703 = CARTESIAN_POINT('',(40.470419773636,57.046713486509,40.));
#704 = CARTESIAN_POINT('',(40.351864245617,56.879444624928,40.));
#705 = CARTESIAN_POINT('',(40.242341598141,56.707731515076,40.));
#706 = CARTESIAN_POINT('',(40.142003976092,56.532339681168,40.));
#707 = ORIENTED_EDGE('',*,*,#708,.F.);
#708 = EDGE_CURVE('',#709,#662,#711,.T.);
#709 = VERTEX_POINT('',#710);
#710 = CARTESIAN_POINT('',(28.883560784112,63.03194292955,40.));
#711 = CIRCLE('',#712,6.5);
#712 = AXIS2_PLACEMENT_3D('',#713,#714,#715);
#713 = CARTESIAN_POINT('',(34.5,59.76,40.));
#714 = DIRECTION('',(0.,-4.4E-16,1.));
#715 = DIRECTION('',(1.,0.,0.));
#716 = ORIENTED_EDGE('',*,*,#717,.F.);
#717 = EDGE_CURVE('',#84,#709,#718,.T.);
#718 = B_SPLINE_CURVE_WITH_KNOTS('',6,(#719,#720,#721,#722,#723,#724,
    #725,#726,#727,#728,#729,#730,#731,#732,#733,#734,#735,#736,#737,
    #738,#739,#740,#741,#742,#743,#744,#745,#746,#747,#748,#749,#750,
    #751,#752,#753,#754,#755,#756,#757,#758,#759,#760),.UNSPECIFIED.,.F.
  ,.F.,(7,5,5,5,5,5,5,5,7),(0.,0.144351649687,0.247777648908,
    0.321372932161,0.5,0.678627067839,0.752222351092,0.855648350313,1.),
  .UNSPECIFIED.);
#719 = CARTESIAN_POINT('',(26.317738849003,70.230880827993,40.));
#720 = CARTESIAN_POINT('',(26.506954122499,70.159975862891,40.));
#721 = CARTESIAN_POINT('',(26.694011614693,70.079414724499,40.));
#722 = CARTESIAN_POINT('',(26.878131309174,69.989224795,40.));
#723 = CARTESIAN_POINT('',(27.058547662863,69.889524602778,40.));
#724 = CARTESIAN_POINT('',(27.234515731465,69.780523058554,40.));
#725 = CARTESIAN_POINT('',(27.527694298628,69.577970162976,40.));
#726 = CARTESIAN_POINT('',(27.647420967918,69.48879875511,40.));
#727 = CARTESIAN_POINT('',(27.764234153247,69.395113651899,40.));
#728 = CARTESIAN_POINT('',(27.877881723075,69.297044816741,40.));
#729 = CARTESIAN_POINT('',(27.988123277913,69.194742608933,40.));
#730 = CARTESIAN_POINT('',(28.170590083341,69.012690650882,40.));
#731 = CARTESIAN_POINT('',(28.244609618902,68.934946332555,40.));
#732 = CARTESIAN_POINT('',(28.316707466353,68.855205721345,40.));
#733 = CARTESIAN_POINT('',(28.386805554315,68.773534493575,40.));
#734 = CARTESIAN_POINT('',(28.45482974472,68.690002725702,40.));
#735 = CARTESIAN_POINT('',(28.680610935802,68.397605399805,40.));
#736 = CARTESIAN_POINT('',(28.827887490823,68.179995701168,40.));
#737 = CARTESIAN_POINT('',(28.961523779164,67.952932806448,40.));
#738 = CARTESIAN_POINT('',(29.080679662375,67.717611836274,40.));
#739 = CARTESIAN_POINT('',(29.184674968248,67.475325975937,40.));
#740 = CARTESIAN_POINT('',(29.361354490474,66.979615462661,40.));
#741 = CARTESIAN_POINT('',(29.434045349098,66.726172173471,40.));
#742 = CARTESIAN_POINT('',(29.490588061197,66.468534821335,40.));
#743 = CARTESIAN_POINT('',(29.530691545834,66.208135270182,40.));
#744 = CARTESIAN_POINT('',(29.554250651911,65.946430602436,40.));
#745 = CARTESIAN_POINT('',(29.564304525068,65.577144450417,40.));
#746 = CARTESIAN_POINT('',(29.564447696389,65.469418751412,40.));
#747 = CARTESIAN_POINT('',(29.561807719458,65.361822460104,40.));
#748 = CARTESIAN_POINT('',(29.556397697041,65.254456747045,40.));
#749 = CARTESIAN_POINT('',(29.548236561565,65.147421862336,40.));
#750 = CARTESIAN_POINT('',(29.522048513517,64.891001822845,40.));
#751 = CARTESIAN_POINT('',(29.501363390358,64.742035156052,40.));
#752 = CARTESIAN_POINT('',(29.475362513915,64.594193277745,40.));
#753 = CARTESIAN_POINT('',(29.444136990411,64.447744701404,40.));
#754 = CARTESIAN_POINT('',(29.407799913514,64.302949562803,40.));
#755 = CARTESIAN_POINT('',(29.308824306816,63.960626357294,40.));
#756 = CARTESIAN_POINT('',(29.241466567261,63.764899423193,40.));
#757 = CARTESIAN_POINT('',(29.164780331883,63.573563565834,40.));
#758 = CARTESIAN_POINT('',(29.079210479729,63.387251768889,40.));
#759 = CARTESIAN_POINT('',(28.985275010704,63.20654003694,40.));
#760 = CARTESIAN_POINT('',(28.883560784112,63.03194292955,40.));
#761 = FACE_BOUND('',#762,.F.);
#762 = EDGE_LOOP('',(#763));
#763 = ORIENTED_EDGE('',*,*,#764,.F.);
#764 = EDGE_CURVE('',#765,#765,#767,.T.);
#765 = VERTEX_POINT('',#766);
#766 = CARTESIAN_POINT('',(-62.76,34.5,40.));
#767 = CIRCLE('',#768,3.);
#768 = AXIS2_PLACEMENT_3D('',#769,#770,#771);
#769 = CARTESIAN_POINT('',(-59.76,34.5,40.));
#770 = DIRECTION('',(-2.2E-16,0.,1.));
#771 = DIRECTION('',(-1.,2.2E-16,-2.2E-16));
#772 = FACE_BOUND('',#773,.F.);
#773 = EDGE_LOOP('',(#774));
#774 = ORIENTED_EDGE('',*,*,#775,.F.);
#775 = EDGE_CURVE('',#776,#776,#778,.T.);
#776 = VERTEX_POINT('',#777);
#777 = CARTESIAN_POINT('',(-62.76,-34.5,40.));
#778 = CIRCLE('',#779,3.);
#779 = AXIS2_PLACEMENT_3D('',#780,#781,#782);
#780 = CARTESIAN_POINT('',(-59.76,-34.5,40.));
#781 = DIRECTION('',(-2.2E-16,-4.4E-16,1.));
#782 = DIRECTION('',(-1.,2.2E-16,-2.2E-16));
#783 = FACE_BOUND('',#784,.F.);
#784 = EDGE_LOOP('',(#785,#796));
#785 = ORIENTED_EDGE('',*,*,#786,.F.);
#786 = EDGE_CURVE('',#787,#789,#791,.T.);
#787 = VERTEX_POINT('',#788);
#788 = CARTESIAN_POINT('',(-3.,-69.,40.));
#789 = VERTEX_POINT('',#790);
#790 = CARTESIAN_POINT('',(3.,-69.,40.));
#791 = CIRCLE('',#792,3.);
#792 = AXIS2_PLACEMENT_3D('',#793,#794,#795);
#793 = CARTESIAN_POINT('',(-2.42E-14,-69.,40.));
#794 = DIRECTION('',(-2.2E-16,-4.4E-16,1.));
#795 = DIRECTION('',(-1.,2.2E-16,-2.2E-16));
#796 = ORIENTED_EDGE('',*,*,#797,.F.);
#797 = EDGE_CURVE('',#789,#787,#798,.T.);
#798 = CIRCLE('',#799,3.);
#799 = AXIS2_PLACEMENT_3D('',#800,#801,#802);
#800 = CARTESIAN_POINT('',(-2.42E-14,-69.,40.));
#801 = DIRECTION('',(-2.2E-16,-4.4E-16,1.));
#802 = DIRECTION('',(-1.,2.2E-16,-2.2E-16));
#803 = FACE_BOUND('',#804,.F.);
#804 = EDGE_LOOP('',(#805,#816));
#805 = ORIENTED_EDGE('',*,*,#806,.F.);
#806 = EDGE_CURVE('',#807,#809,#811,.T.);
#807 = VERTEX_POINT('',#808);
#808 = CARTESIAN_POINT('',(3.,69.,40.));
#809 = VERTEX_POINT('',#810);
#810 = CARTESIAN_POINT('',(-3.,69.,40.));
#811 = CIRCLE('',#812,3.);
#812 = AXIS2_PLACEMENT_3D('',#813,#814,#815);
#813 = CARTESIAN_POINT('',(0.,69.,40.));
#814 = DIRECTION('',(0.,0.,1.));
#815 = DIRECTION('',(1.,0.,0.));
#816 = ORIENTED_EDGE('',*,*,#817,.F.);
#817 = EDGE_CURVE('',#809,#807,#818,.T.);
#818 = CIRCLE('',#819,3.);
#819 = AXIS2_PLACEMENT_3D('',#820,#821,#822);
#820 = CARTESIAN_POINT('',(0.,69.,40.));
#821 = DIRECTION('',(0.,0.,1.));
#822 = DIRECTION('',(1.,0.,0.));
#823 = FACE_BOUND('',#824,.F.);
#824 = EDGE_LOOP('',(#825));
#825 = ORIENTED_EDGE('',*,*,#826,.F.);
#826 = EDGE_CURVE('',#827,#827,#829,.T.);
#827 = VERTEX_POINT('',#828);
#828 = CARTESIAN_POINT('',(62.76,34.5,40.));
#829 = CIRCLE('',#830,3.);
#830 = AXIS2_PLACEMENT_3D('',#831,#832,#833);
#831 = CARTESIAN_POINT('',(59.76,34.5,40.));
#832 = DIRECTION('',(0.,0.,1.));
#833 = DIRECTION('',(1.,0.,0.));
#834 = FACE_BOUND('',#835,.F.);
#835 = EDGE_LOOP('',(#836));
#836 = ORIENTED_EDGE('',*,*,#837,.T.);
#837 = EDGE_CURVE('',#838,#838,#840,.T.);
#838 = VERTEX_POINT('',#839);
#839 = CARTESIAN_POINT('',(0.,61.5,40.));
#840 = CIRCLE('',#841,61.5);
#841 = AXIS2_PLACEMENT_3D('',#842,#843,#844);
#842 = CARTESIAN_POINT('',(0.,0.,40.));
#843 = DIRECTION('',(0.,0.,-1.));
#844 = DIRECTION('',(0.,1.,0.));
#845 = FACE_BOUND('',#846,.F.);
#846 = EDGE_LOOP('',(#847));
#847 = ORIENTED_EDGE('',*,*,#848,.F.);
#848 = EDGE_CURVE('',#849,#849,#851,.T.);
#849 = VERTEX_POINT('',#850);
#850 = CARTESIAN_POINT('',(62.76,-34.5,40.));
#851 = CIRCLE('',#852,3.);
#852 = AXIS2_PLACEMENT_3D('',#853,#854,#855);
#853 = CARTESIAN_POINT('',(59.76,-34.5,40.));
#854 = DIRECTION('',(0.,-4.4E-16,1.));
#855 = DIRECTION('',(1.,0.,0.));
#856 = PLANE('',#857);
#857 = AXIS2_PLACEMENT_3D('',#858,#859,#860);
#858 = CARTESIAN_POINT('',(0.,0.,40.));
#859 = DIRECTION('',(-0.,-0.,-1.));
#860 = DIRECTION('',(0.,1.,0.));
#861 = ADVANCED_FACE('',(#862),#902,.T.);
#862 = FACE_BOUND('',#863,.F.);
#863 = EDGE_LOOP('',(#864,#874,#875,#876,#886,#895));
#864 = ORIENTED_EDGE('',*,*,#865,.F.);
#865 = EDGE_CURVE('',#93,#866,#868,.T.);
#866 = VERTEX_POINT('',#867);
#867 = CARTESIAN_POINT('',(-26.317738849,70.230880827993,45.));
#868 = B_SPLINE_CURVE_WITH_KNOTS('',2,(#869,#870,#871,#872,#873),
  .UNSPECIFIED.,.F.,.F.,(3,1,1,3),(-0.306,4.629E-14,5.,5.306),
  .UNSPECIFIED.);
#869 = CARTESIAN_POINT('',(-26.317738849,70.230880827993,39.694));
#870 = CARTESIAN_POINT('',(-26.317738849,70.230880827993,39.847));
#871 = CARTESIAN_POINT('',(-26.317738849,70.230880827993,42.5));
#872 = CARTESIAN_POINT('',(-26.317738849,70.230880827993,45.153));
#873 = CARTESIAN_POINT('',(-26.317738849,70.230880827993,45.306));
#874 = ORIENTED_EDGE('',*,*,#92,.T.);
#875 = ORIENTED_EDGE('',*,*,#81,.T.);
#876 = ORIENTED_EDGE('',*,*,#877,.T.);
#877 = EDGE_CURVE('',#84,#878,#880,.T.);
#878 = VERTEX_POINT('',#879);
#879 = CARTESIAN_POINT('',(26.317738849003,70.230880827993,45.));
#880 = B_SPLINE_CURVE_WITH_KNOTS('',2,(#881,#882,#883,#884,#885),
  .UNSPECIFIED.,.F.,.F.,(3,1,1,3),(-0.306,4.629E-14,5.,5.306),
  .UNSPECIFIED.);
#881 = CARTESIAN_POINT('',(26.317738849003,70.230880827993,39.694));
#882 = CARTESIAN_POINT('',(26.317738849003,70.230880827993,39.847));
#883 = CARTESIAN_POINT('',(26.317738849003,70.230880827993,42.5));
#884 = CARTESIAN_POINT('',(26.317738849003,70.230880827993,45.153));
#885 = CARTESIAN_POINT('',(26.317738849003,70.230880827993,45.306));
#886 = ORIENTED_EDGE('',*,*,#887,.F.);
#887 = EDGE_CURVE('',#888,#878,#890,.T.);
#888 = VERTEX_POINT('',#889);
#889 = CARTESIAN_POINT('',(0.,75.,45.));
#890 = CIRCLE('',#891,75.);
#891 = AXIS2_PLACEMENT_3D('',#892,#893,#894);
#892 = CARTESIAN_POINT('',(0.,0.,45.));
#893 = DIRECTION('',(0.,0.,-1.));
#894 = DIRECTION('',(0.,1.,0.));
#895 = ORIENTED_EDGE('',*,*,#896,.F.);
#896 = EDGE_CURVE('',#866,#888,#897,.T.);
#897 = CIRCLE('',#898,75.);
#898 = AXIS2_PLACEMENT_3D('',#899,#900,#901);
#899 = CARTESIAN_POINT('',(0.,0.,45.));
#900 = DIRECTION('',(0.,0.,-1.));
#901 = DIRECTION('',(0.,1.,0.));
#902 = CYLINDRICAL_SURFACE('',#903,75.);
#903 = AXIS2_PLACEMENT_3D('',#904,#905,#906);
#904 = CARTESIAN_POINT('',(0.,0.,40.));
#905 = DIRECTION('',(0.,0.,1.));
#906 = DIRECTION('',(0.,1.,0.));
#907 = ADVANCED_FACE('',(#908),#967,.F.);
#908 = FACE_BOUND('',#909,.F.);
#909 = EDGE_LOOP('',(#910,#911,#921,#966));
#910 = ORIENTED_EDGE('',*,*,#717,.T.);
#911 = ORIENTED_EDGE('',*,*,#912,.T.);
#912 = EDGE_CURVE('',#709,#913,#915,.T.);
#913 = VERTEX_POINT('',#914);
#914 = CARTESIAN_POINT('',(28.883560784112,63.03194292955,45.));
#915 = B_SPLINE_CURVE_WITH_KNOTS('',2,(#916,#917,#918,#919,#920),
  .UNSPECIFIED.,.F.,.F.,(3,1,1,3),(-0.306,4.629E-14,5.,5.306),
  .UNSPECIFIED.);
#916 = CARTESIAN_POINT('',(28.883560784112,63.03194292955,39.694));
#917 = CARTESIAN_POINT('',(28.883560784112,63.03194292955,39.847));
#918 = CARTESIAN_POINT('',(28.883560784112,63.03194292955,42.5));
#919 = CARTESIAN_POINT('',(28.883560784112,63.03194292955,45.153));
#920 = CARTESIAN_POINT('',(28.883560784112,63.03194292955,45.306));
#921 = ORIENTED_EDGE('',*,*,#922,.F.);
#922 = EDGE_CURVE('',#878,#913,#923,.T.);
#923 = B_SPLINE_CURVE_WITH_KNOTS('',6,(#924,#925,#926,#927,#928,#929,
    #930,#931,#932,#933,#934,#935,#936,#937,#938,#939,#940,#941,#942,
    #943,#944,#945,#946,#947,#948,#949,#950,#951,#952,#953,#954,#955,
    #956,#957,#958,#959,#960,#961,#962,#963,#964,#965),.UNSPECIFIED.,.F.
  ,.F.,(7,5,5,5,5,5,5,5,7),(0.,0.144351649687,0.247777648907,
    0.32137293216,0.5,0.678627067839,0.752222351092,0.855648350313,1.),
  .UNSPECIFIED.);
#924 = CARTESIAN_POINT('',(26.317738849003,70.230880827993,45.));
#925 = CARTESIAN_POINT('',(26.506954122499,70.159975862891,45.));
#926 = CARTESIAN_POINT('',(26.694011614693,70.079414724499,45.));
#927 = CARTESIAN_POINT('',(26.878131309174,69.989224795,45.));
#928 = CARTESIAN_POINT('',(27.058547662863,69.889524602778,45.));
#929 = CARTESIAN_POINT('',(27.234515731465,69.780523058554,45.));
#930 = CARTESIAN_POINT('',(27.527694298628,69.577970162976,45.));
#931 = CARTESIAN_POINT('',(27.647420967918,69.488798755111,45.));
#932 = CARTESIAN_POINT('',(27.764234153247,69.395113651899,45.));
#933 = CARTESIAN_POINT('',(27.877881723075,69.297044816741,45.));
#934 = CARTESIAN_POINT('',(27.988123277913,69.194742608933,45.));
#935 = CARTESIAN_POINT('',(28.170590083341,69.012690650882,45.));
#936 = CARTESIAN_POINT('',(28.244609618902,68.934946332555,45.));
#937 = CARTESIAN_POINT('',(28.316707466353,68.855205721345,45.));
#938 = CARTESIAN_POINT('',(28.386805554315,68.773534493575,45.));
#939 = CARTESIAN_POINT('',(28.45482974472,68.690002725702,45.));
#940 = CARTESIAN_POINT('',(28.680610935803,68.397605399805,45.));
#941 = CARTESIAN_POINT('',(28.827887490823,68.179995701169,45.));
#942 = CARTESIAN_POINT('',(28.961523779164,67.952932806448,45.));
#943 = CARTESIAN_POINT('',(29.080679662375,67.717611836274,45.));
#944 = CARTESIAN_POINT('',(29.184674968248,67.475325975937,45.));
#945 = CARTESIAN_POINT('',(29.361354490474,66.979615462661,45.));
#946 = CARTESIAN_POINT('',(29.434045349098,66.726172173472,45.));
#947 = CARTESIAN_POINT('',(29.490588061197,66.468534821334,45.));
#948 = CARTESIAN_POINT('',(29.530691545834,66.208135270183,45.));
#949 = CARTESIAN_POINT('',(29.554250651911,65.946430602436,45.));
#950 = CARTESIAN_POINT('',(29.564304525068,65.577144450417,45.));
#951 = CARTESIAN_POINT('',(29.564447696389,65.469418751412,45.));
#952 = CARTESIAN_POINT('',(29.561807719458,65.361822460104,45.));
#953 = CARTESIAN_POINT('',(29.556397697041,65.254456747045,45.));
#954 = CARTESIAN_POINT('',(29.548236561565,65.147421862336,45.));
#955 = CARTESIAN_POINT('',(29.522048513517,64.891001822845,45.));
#956 = CARTESIAN_POINT('',(29.501363390358,64.742035156052,45.));
#957 = CARTESIAN_POINT('',(29.475362513915,64.594193277745,45.));
#958 = CARTESIAN_POINT('',(29.444136990411,64.447744701404,45.));
#959 = CARTESIAN_POINT('',(29.407799913514,64.302949562803,45.));
#960 = CARTESIAN_POINT('',(29.308824306816,63.960626357294,45.));
#961 = CARTESIAN_POINT('',(29.241466567261,63.764899423193,45.));
#962 = CARTESIAN_POINT('',(29.164780331883,63.573563565834,45.));
#963 = CARTESIAN_POINT('',(29.079210479729,63.387251768889,45.));
#964 = CARTESIAN_POINT('',(28.985275010704,63.20654003694,45.));
#965 = CARTESIAN_POINT('',(28.883560784112,63.03194292955,45.));
#966 = ORIENTED_EDGE('',*,*,#877,.F.);
#967 = ( BOUNDED_SURFACE() B_SPLINE_SURFACE(2,2,(
    (#968,#969,#970,#971,#972)
    ,(#973,#974,#975,#976,#977)
    ,(#978,#979,#980,#981,#982
)),.UNSPECIFIED.,.F.,.F.,.F.) B_SPLINE_SURFACE_WITH_KNOTS((3,3),(3,1,1,3
    ),(0.,5.),(-0.306,4.629E-14,5.,5.306),.UNSPECIFIED.) 
GEOMETRIC_REPRESENTATION_ITEM() RATIONAL_B_SPLINE_SURFACE((
    (1.,1.,1.,1.,1.)
    ,(0.644917443799,0.644917443799,0.644917443799,0.644917443799
      ,0.644917443799)
,(1.,1.,1.,1.,1.))) REPRESENTATION_ITEM('') SURFACE() );
#968 = CARTESIAN_POINT('',(26.317738849003,70.230880827993,39.694));
#969 = CARTESIAN_POINT('',(26.317738849003,70.230880827993,39.847));
#970 = CARTESIAN_POINT('',(26.317738849003,70.230880827993,42.5));
#971 = CARTESIAN_POINT('',(26.317738849003,70.230880827993,45.153));
#972 = CARTESIAN_POINT('',(26.317738849003,70.230880827993,45.306));
#973 = CARTESIAN_POINT('',(31.866160455039,68.151711250019,39.694));
#974 = CARTESIAN_POINT('',(31.866160455039,68.151711250019,39.847));
#975 = CARTESIAN_POINT('',(31.866160455039,68.151711250019,42.5));
#976 = CARTESIAN_POINT('',(31.866160455039,68.151711250019,45.153));
#977 = CARTESIAN_POINT('',(31.866160455039,68.151711250019,45.306));
#978 = CARTESIAN_POINT('',(28.883560784112,63.03194292955,39.694));
#979 = CARTESIAN_POINT('',(28.883560784112,63.03194292955,39.847));
#980 = CARTESIAN_POINT('',(28.883560784112,63.03194292955,42.5));
#981 = CARTESIAN_POINT('',(28.883560784112,63.03194292955,45.153));
#982 = CARTESIAN_POINT('',(28.883560784112,63.03194292955,45.306));
#983 = ADVANCED_FACE('',(#984),#1005,.F.);
#984 = FACE_BOUND('',#985,.T.);
#985 = EDGE_LOOP('',(#986,#995,#1003,#1004));
#986 = ORIENTED_EDGE('',*,*,#987,.F.);
#987 = EDGE_CURVE('',#988,#913,#990,.T.);
#988 = VERTEX_POINT('',#989);
#989 = CARTESIAN_POINT('',(40.142003976092,56.532339681168,45.));
#990 = CIRCLE('',#991,6.5);
#991 = AXIS2_PLACEMENT_3D('',#992,#993,#994);
#992 = CARTESIAN_POINT('',(34.5,59.76,45.));
#993 = DIRECTION('',(0.,4.4E-16,-1.));
#994 = DIRECTION('',(1.,0.,0.));
#995 = ORIENTED_EDGE('',*,*,#996,.F.);
#996 = EDGE_CURVE('',#662,#988,#997,.T.);
#997 = B_SPLINE_CURVE_WITH_KNOTS('',2,(#998,#999,#1000,#1001,#1002),
  .UNSPECIFIED.,.F.,.F.,(3,1,1,3),(-0.306,5.781E-14,5.,5.306),
  .UNSPECIFIED.);
#998 = CARTESIAN_POINT('',(40.142003976092,56.532339681168,39.694));
#999 = CARTESIAN_POINT('',(40.142003976092,56.532339681168,39.847));
#1000 = CARTESIAN_POINT('',(40.142003976092,56.532339681168,42.5));
#1001 = CARTESIAN_POINT('',(40.142003976092,56.532339681168,45.153));
#1002 = CARTESIAN_POINT('',(40.142003976092,56.532339681168,45.306));
#1003 = ORIENTED_EDGE('',*,*,#708,.F.);
#1004 = ORIENTED_EDGE('',*,*,#912,.T.);
#1005 = CYLINDRICAL_SURFACE('',#1006,6.5);
#1006 = AXIS2_PLACEMENT_3D('',#1007,#1008,#1009);
#1007 = CARTESIAN_POINT('',(34.5,59.76,45.));
#1008 = DIRECTION('',(0.,-4.4E-16,1.));
#1009 = DIRECTION('',(1.,0.,0.));
#1010 = ADVANCED_FACE('',(#1011),#1070,.T.);
#1011 = FACE_BOUND('',#1012,.T.);
#1012 = EDGE_LOOP('',(#1013,#1014,#1015,#1062));
#1013 = ORIENTED_EDGE('',*,*,#661,.T.);
#1014 = ORIENTED_EDGE('',*,*,#996,.T.);
#1015 = ORIENTED_EDGE('',*,*,#1016,.F.);
#1016 = EDGE_CURVE('',#1017,#988,#1019,.T.);
#1017 = VERTEX_POINT('',#1018);
#1018 = CARTESIAN_POINT('',(47.659293251383,57.910204340675,45.));
#1019 = B_SPLINE_CURVE_WITH_KNOTS('',6,(#1020,#1021,#1022,#1023,#1024,
    #1025,#1026,#1027,#1028,#1029,#1030,#1031,#1032,#1033,#1034,#1035,
    #1036,#1037,#1038,#1039,#1040,#1041,#1042,#1043,#1044,#1045,#1046,
    #1047,#1048,#1049,#1050,#1051,#1052,#1053,#1054,#1055,#1056,#1057,
    #1058,#1059,#1060,#1061),.UNSPECIFIED.,.F.,.F.,(7,5,5,5,5,5,5,5,7),(
    0.,0.144351649687,0.247777648908,0.321372932161,0.5,0.678627067839,
    0.752222351092,0.855648350313,1.),.UNSPECIFIED.);
#1020 = CARTESIAN_POINT('',(47.659293251383,57.910204340675,45.));
#1021 = CARTESIAN_POINT('',(47.503272210163,58.03860748899,45.));
#1022 = CARTESIAN_POINT('',(47.339967980418,58.160313408945,45.));
#1023 = CARTESIAN_POINT('',(47.169794324754,58.274660303073,45.));
#1024 = CARTESIAN_POINT('',(46.99323670046,58.381044485691,45.));
#1025 = CARTESIAN_POINT('',(46.810848534953,58.478925305537,45.));
#1026 = CARTESIAN_POINT('',(46.488833904899,58.63152912522,45.));
#1027 = CARTESIAN_POINT('',(46.351742228399,58.690621320596,45.));
#1028 = CARTESIAN_POINT('',(46.212198613255,58.744933366251,45.));
#1029 = CARTESIAN_POINT('',(46.070441686285,58.794311906254,45.));
#1030 = CARTESIAN_POINT('',(45.926721870387,58.8386239436,45.));
#1031 = CARTESIAN_POINT('',(45.677822724163,58.905603533942,45.));
#1032 = CARTESIAN_POINT('',(45.573482848977,58.930827750935,45.));
#1033 = CARTESIAN_POINT('',(45.468375141364,58.953389543502,45.));
#1034 = CARTESIAN_POINT('',(45.362595516521,58.973254143907,45.));
#1035 = CARTESIAN_POINT('',(45.256241733266,58.990392390949,45.));
#1036 = CARTESIAN_POINT('',(44.890124589738,59.039703440957,45.));
#1037 = CARTESIAN_POINT('',(44.628029632133,59.058427697902,45.));
#1038 = CARTESIAN_POINT('',(44.36456911791,59.060612455265,45.));
#1039 = CARTESIAN_POINT('',(44.101198129114,59.046127781681,45.));
#1040 = CARTESIAN_POINT('',(43.839376679623,59.015031313246,45.));
#1041 = CARTESIAN_POINT('',(43.321744859809,58.920153151046,45.));
#1042 = CARTESIAN_POINT('',(43.065915029104,58.856367890335,45.));
#1043 = CARTESIAN_POINT('',(42.814528096417,58.776501166463,45.));
#1044 = CARTESIAN_POINT('',(42.568969604206,58.681016913191,45.));
#1045 = CARTESIAN_POINT('',(42.330553959171,58.570552689108,45.));
#1046 = CARTESIAN_POINT('',(42.00572666307,58.394596529382,45.));
#1047 = CARTESIAN_POINT('',(41.912365193204,58.340851923431,45.));
#1048 = CARTESIAN_POINT('',(41.820507512185,58.284761836793,45.));
#1049 = CARTESIAN_POINT('',(41.730234681082,58.226388207061,45.));
#1050 = CARTESIAN_POINT('',(41.641624048725,58.16579756001,45.));
#1051 = CARTESIAN_POINT('',(41.432661092075,58.014895163537,45.));
#1052 = CARTESIAN_POINT('',(41.314000423115,57.922490684329,45.));
#1053 = CARTESIAN_POINT('',(41.198971974927,57.826045245535,45.));
#1054 = CARTESIAN_POINT('',(41.087762720771,57.725772015704,45.));
#1055 = CARTESIAN_POINT('',(40.98054138397,57.6218990151,45.));
#1056 = CARTESIAN_POINT('',(40.733584406151,57.365006822036,45.));
#1057 = CARTESIAN_POINT('',(40.597768392888,57.208801481691,45.));
#1058 = CARTESIAN_POINT('',(40.470419773636,57.046713486509,45.));
#1059 = CARTESIAN_POINT('',(40.351864245617,56.879444624928,45.));
#1060 = CARTESIAN_POINT('',(40.242341598141,56.707731515076,45.));
#1061 = CARTESIAN_POINT('',(40.142003976092,56.532339681168,45.));
#1062 = ORIENTED_EDGE('',*,*,#1063,.F.);
#1063 = EDGE_CURVE('',#653,#1017,#1064,.T.);
#1064 = B_SPLINE_CURVE_WITH_KNOTS('',2,(#1065,#1066,#1067,#1068,#1069),
  .UNSPECIFIED.,.F.,.F.,(3,1,1,3),(-0.306,5.781E-14,5.,5.306),
  .UNSPECIFIED.);
#1065 = CARTESIAN_POINT('',(47.659293251383,57.910204340675,39.694));
#1066 = CARTESIAN_POINT('',(47.659293251383,57.910204340675,39.847));
#1067 = CARTESIAN_POINT('',(47.659293251383,57.910204340675,42.5));
#1068 = CARTESIAN_POINT('',(47.659293251383,57.910204340675,45.153));
#1069 = CARTESIAN_POINT('',(47.659293251383,57.910204340675,45.306));
#1070 = ( BOUNDED_SURFACE() B_SPLINE_SURFACE(2,2,(
    (#1071,#1072,#1073,#1074,#1075)
    ,(#1076,#1077,#1078,#1079,#1080)
    ,(#1081,#1082,#1083,#1084,#1085
)),.UNSPECIFIED.,.F.,.F.,.F.) B_SPLINE_SURFACE_WITH_KNOTS((3,3),(3,1,1,3
    ),(0.,5.),(-0.306,5.781E-14,5.,5.306),.UNSPECIFIED.) 
GEOMETRIC_REPRESENTATION_ITEM() RATIONAL_B_SPLINE_SURFACE((
    (1.,1.,1.,1.,1.)
    ,(0.644917443799,0.644917443799,0.644917443799,0.644917443799
      ,0.644917443799)
,(1.,1.,1.,1.,1.))) REPRESENTATION_ITEM('') SURFACE() );
#1071 = CARTESIAN_POINT('',(47.659293251383,57.910204340675,39.694));
#1072 = CARTESIAN_POINT('',(47.659293251383,57.910204340675,39.847));
#1073 = CARTESIAN_POINT('',(47.659293251383,57.910204340675,42.5));
#1074 = CARTESIAN_POINT('',(47.659293251383,57.910204340675,45.153));
#1075 = CARTESIAN_POINT('',(47.659293251383,57.910204340675,45.306));
#1076 = CARTESIAN_POINT('',(43.084237019912,61.675412028331,39.694));
#1077 = CARTESIAN_POINT('',(43.084237019912,61.675412028331,39.847));
#1078 = CARTESIAN_POINT('',(43.084237019912,61.675412028331,42.5));
#1079 = CARTESIAN_POINT('',(43.084237019912,61.675412028331,45.153));
#1080 = CARTESIAN_POINT('',(43.084237019912,61.675412028331,45.306));
#1081 = CARTESIAN_POINT('',(40.142003976092,56.532339681168,39.694));
#1082 = CARTESIAN_POINT('',(40.142003976092,56.532339681168,39.847));
#1083 = CARTESIAN_POINT('',(40.142003976092,56.532339681168,42.5));
#1084 = CARTESIAN_POINT('',(40.142003976092,56.532339681168,45.153));
#1085 = CARTESIAN_POINT('',(40.142003976092,56.532339681168,45.306));
#1086 = ADVANCED_FACE('',(#1087),#1108,.T.);
#1087 = FACE_BOUND('',#1088,.F.);
#1088 = EDGE_LOOP('',(#1089,#1090,#1091,#1101));
#1089 = ORIENTED_EDGE('',*,*,#1063,.F.);
#1090 = ORIENTED_EDGE('',*,*,#652,.T.);
#1091 = ORIENTED_EDGE('',*,*,#1092,.T.);
#1092 = EDGE_CURVE('',#606,#1093,#1095,.T.);
#1093 = VERTEX_POINT('',#1094);
#1094 = CARTESIAN_POINT('',(73.98097826087,12.321317119722,45.));
#1095 = B_SPLINE_CURVE_WITH_KNOTS('',2,(#1096,#1097,#1098,#1099,#1100),
  .UNSPECIFIED.,.F.,.F.,(3,1,1,3),(-0.306,6.622E-14,5.,5.306),
  .UNSPECIFIED.);
#1096 = CARTESIAN_POINT('',(73.98097826087,12.321317119722,39.694));
#1097 = CARTESIAN_POINT('',(73.98097826087,12.321317119722,39.847));
#1098 = CARTESIAN_POINT('',(73.98097826087,12.321317119722,42.5));
#1099 = CARTESIAN_POINT('',(73.98097826087,12.321317119722,45.153));
#1100 = CARTESIAN_POINT('',(73.98097826087,12.321317119722,45.306));
#1101 = ORIENTED_EDGE('',*,*,#1102,.F.);
#1102 = EDGE_CURVE('',#1017,#1093,#1103,.T.);
#1103 = CIRCLE('',#1104,75.);
#1104 = AXIS2_PLACEMENT_3D('',#1105,#1106,#1107);
#1105 = CARTESIAN_POINT('',(0.,0.,45.));
#1106 = DIRECTION('',(0.,0.,-1.));
#1107 = DIRECTION('',(0.,1.,0.));
#1108 = CYLINDRICAL_SURFACE('',#1109,75.);
#1109 = AXIS2_PLACEMENT_3D('',#1110,#1111,#1112);
#1110 = CARTESIAN_POINT('',(0.,0.,40.));
#1111 = DIRECTION('',(0.,0.,1.));
#1112 = DIRECTION('',(0.,1.,0.));
#1113 = ADVANCED_FACE('',(#1114),#1173,.T.);
#1114 = FACE_BOUND('',#1115,.T.);
#1115 = EDGE_LOOP('',(#1116,#1117,#1118,#1165));
#1116 = ORIENTED_EDGE('',*,*,#605,.T.);
#1117 = ORIENTED_EDGE('',*,*,#1092,.T.);
#1118 = ORIENTED_EDGE('',*,*,#1119,.F.);
#1119 = EDGE_CURVE('',#1120,#1093,#1122,.T.);
#1120 = VERTEX_POINT('',#1121);
#1121 = CARTESIAN_POINT('',(69.027646502836,6.499941205186,45.));
#1122 = B_SPLINE_CURVE_WITH_KNOTS('',6,(#1123,#1124,#1125,#1126,#1127,
    #1128,#1129,#1130,#1131,#1132,#1133,#1134,#1135,#1136,#1137,#1138,
    #1139,#1140,#1141,#1142,#1143,#1144,#1145,#1146,#1147,#1148,#1149,
    #1150,#1151,#1152,#1153,#1154,#1155,#1156,#1157,#1158,#1159,#1160,
    #1161,#1162,#1163,#1164),.UNSPECIFIED.,.F.,.F.,(7,5,5,5,5,5,5,5,7),(
    0.,0.144347625826,0.2477732501,0.321369248254,0.500000000001,
    0.678630751747,0.7522267499,0.855652374174,1.),.UNSPECIFIED.);
#1123 = CARTESIAN_POINT('',(69.027646502836,6.499941205186,45.));
#1124 = CARTESIAN_POINT('',(69.229739356859,6.499081634233,45.));
#1125 = CARTESIAN_POINT('',(69.433242142861,6.508018439983,45.));
#1126 = CARTESIAN_POINT('',(69.637415557409,6.527002955659,45.));
#1127 = CARTESIAN_POINT('',(69.841501476162,6.556196109242,45.));
#1128 = CARTESIAN_POINT('',(70.044728954816,6.595666964704,45.));
#1129 = CARTESIAN_POINT('',(70.390761147384,6.681018912736,45.));
#1130 = CARTESIAN_POINT('',(70.534364303078,6.721910948856,45.));
#1131 = CARTESIAN_POINT('',(70.676844780156,6.768058664694,45.));
#1132 = CARTESIAN_POINT('',(70.817920592151,6.819430001092,45.));
#1133 = CARTESIAN_POINT('',(70.957313487101,6.875969652102,45.));
#1134 = CARTESIAN_POINT('',(71.192547170075,6.981453736952,45.));
#1135 = CARTESIAN_POINT('',(71.289354269961,7.027885744147,45.));
#1136 = CARTESIAN_POINT('',(71.385072585707,7.076866983003,45.));
#1137 = CARTESIAN_POINT('',(71.479605769599,7.128363731274,45.));
#1138 = CARTESIAN_POINT('',(71.572859591705,7.1823367535,45.));
#1139 = CARTESIAN_POINT('',(71.887756958853,7.375645303587,45.));
#1140 = CARTESIAN_POINT('',(72.102701419361,7.526879434175,45.));
#1141 = CARTESIAN_POINT('',(72.308242780145,7.691796729918,45.));
#1142 = CARTESIAN_POINT('',(72.503170853349,7.869577380171,45.));
#1143 = CARTESIAN_POINT('',(72.686390302712,8.059253036187,45.));
#1144 = CARTESIAN_POINT('',(73.027495210344,8.460134703441,45.));
#1145 = CARTESIAN_POINT('',(73.185393502271,8.671355797363,45.));
#1146 = CARTESIAN_POINT('',(73.329675798754,8.892230269059,45.));
#1147 = CARTESIAN_POINT('',(73.459561589312,9.121521888708,45.));
#1148 = CARTESIAN_POINT('',(73.574435372111,9.357904835179,45.));
#1149 = CARTESIAN_POINT('',(73.714839751936,9.699687159912,45.));
#1150 = CARTESIAN_POINT('',(73.753187931736,9.80037866686,45.));
#1151 = CARTESIAN_POINT('',(73.788886964926,9.901936615681,45.));
#1152 = CARTESIAN_POINT('',(73.821913207079,10.00426171064,45.));
#1153 = CARTESIAN_POINT('',(73.852248794906,10.107253448132,45.));
#1154 = CARTESIAN_POINT('',(73.918714530847,10.356339946577,45.));
#1155 = CARTESIAN_POINT('',(73.95220996122,10.502986349339,45.));
#1156 = CARTESIAN_POINT('',(73.980334319876,10.650466583213,45.));
#1157 = CARTESIAN_POINT('',(74.003077558739,10.798497131113,45.));
#1158 = CARTESIAN_POINT('',(74.020453174554,10.946794511125,45.));
#1159 = CARTESIAN_POINT('',(74.049308994629,11.302027638767,45.));
#1160 = CARTESIAN_POINT('',(74.05573666661,11.508952846375,45.));
#1161 = CARTESIAN_POINT('',(74.051881764251,11.715080093912,45.));
#1162 = CARTESIAN_POINT('',(74.037935879131,11.919659436301,45.));
#1163 = CARTESIAN_POINT('',(74.014179229745,12.121968289338,45.));
#1164 = CARTESIAN_POINT('',(73.98097826087,12.321317119722,45.));
#1165 = ORIENTED_EDGE('',*,*,#1166,.F.);
#1166 = EDGE_CURVE('',#597,#1120,#1167,.T.);
#1167 = B_SPLINE_CURVE_WITH_KNOTS('',2,(#1168,#1169,#1170,#1171,#1172),
  .UNSPECIFIED.,.F.,.F.,(3,1,1,3),(-0.306,6.622E-14,5.,5.306),
  .UNSPECIFIED.);
#1168 = CARTESIAN_POINT('',(69.027646502836,6.499941205186,39.694));
#1169 = CARTESIAN_POINT('',(69.027646502836,6.499941205186,39.847));
#1170 = CARTESIAN_POINT('',(69.027646502836,6.499941205186,42.5));
#1171 = CARTESIAN_POINT('',(69.027646502836,6.499941205186,45.153));
#1172 = CARTESIAN_POINT('',(69.027646502836,6.499941205186,45.306));
#1173 = ( BOUNDED_SURFACE() B_SPLINE_SURFACE(2,2,(
    (#1174,#1175,#1176,#1177,#1178)
    ,(#1179,#1180,#1181,#1182,#1183)
    ,(#1184,#1185,#1186,#1187,#1188
)),.UNSPECIFIED.,.F.,.F.,.F.) B_SPLINE_SURFACE_WITH_KNOTS((3,3),(3,1,1,3
    ),(0.,5.),(-0.306,6.622E-14,5.,5.306),.UNSPECIFIED.) 
GEOMETRIC_REPRESENTATION_ITEM() RATIONAL_B_SPLINE_SURFACE((
    (1.,1.,1.,1.,1.)
    ,(0.644795215216,0.644795215216,0.644795215216,0.644795215216
      ,0.644795215216)
,(1.,1.,1.,1.,1.))) REPRESENTATION_ITEM('') SURFACE() );
#1174 = CARTESIAN_POINT('',(69.027646502836,6.499941205186,39.694));
#1175 = CARTESIAN_POINT('',(69.027646502836,6.499941205186,39.847));
#1176 = CARTESIAN_POINT('',(69.027646502836,6.499941205186,42.5));
#1177 = CARTESIAN_POINT('',(69.027646502836,6.499941205186,45.153));
#1178 = CARTESIAN_POINT('',(69.027646502836,6.499941205186,45.306));
#1179 = CARTESIAN_POINT('',(74.954710144928,6.474731349187,39.694));
#1180 = CARTESIAN_POINT('',(74.954710144928,6.474731349187,39.847));
#1181 = CARTESIAN_POINT('',(74.954710144928,6.474731349187,42.5));
#1182 = CARTESIAN_POINT('',(74.954710144928,6.474731349187,45.153));
#1183 = CARTESIAN_POINT('',(74.954710144928,6.474731349187,45.306));
#1184 = CARTESIAN_POINT('',(73.98097826087,12.321317119722,39.694));
#1185 = CARTESIAN_POINT('',(73.98097826087,12.321317119722,39.847));
#1186 = CARTESIAN_POINT('',(73.98097826087,12.321317119722,42.5));
#1187 = CARTESIAN_POINT('',(73.98097826087,12.321317119722,45.153));
#1188 = CARTESIAN_POINT('',(73.98097826087,12.321317119722,45.306));
#1189 = ADVANCED_FACE('',(#1190),#1211,.F.);
#1190 = FACE_BOUND('',#1191,.F.);
#1191 = EDGE_LOOP('',(#1192,#1201,#1202,#1203));
#1192 = ORIENTED_EDGE('',*,*,#1193,.F.);
#1193 = EDGE_CURVE('',#1120,#1194,#1196,.T.);
#1194 = VERTEX_POINT('',#1195);
#1195 = CARTESIAN_POINT('',(69.027646502836,-6.499941205186,45.));
#1196 = CIRCLE('',#1197,6.5);
#1197 = AXIS2_PLACEMENT_3D('',#1198,#1199,#1200);
#1198 = CARTESIAN_POINT('',(69.,0.,45.));
#1199 = DIRECTION('',(0.,0.,1.));
#1200 = DIRECTION('',(1.,0.,0.));
#1201 = ORIENTED_EDGE('',*,*,#1166,.F.);
#1202 = ORIENTED_EDGE('',*,*,#596,.T.);
#1203 = ORIENTED_EDGE('',*,*,#1204,.T.);
#1204 = EDGE_CURVE('',#550,#1194,#1205,.T.);
#1205 = B_SPLINE_CURVE_WITH_KNOTS('',2,(#1206,#1207,#1208,#1209,#1210),
  .UNSPECIFIED.,.F.,.F.,(3,1,1,3),(-0.306,6.625E-14,5.,5.306),
  .UNSPECIFIED.);
#1206 = CARTESIAN_POINT('',(69.027646502836,-6.499941205186,39.694));
#1207 = CARTESIAN_POINT('',(69.027646502836,-6.499941205186,39.847));
#1208 = CARTESIAN_POINT('',(69.027646502836,-6.499941205186,42.5));
#1209 = CARTESIAN_POINT('',(69.027646502836,-6.499941205186,45.153));
#1210 = CARTESIAN_POINT('',(69.027646502836,-6.499941205186,45.306));
#1211 = CYLINDRICAL_SURFACE('',#1212,6.5);
#1212 = AXIS2_PLACEMENT_3D('',#1213,#1214,#1215);
#1213 = CARTESIAN_POINT('',(69.,0.,45.));
#1214 = DIRECTION('',(0.,0.,1.));
#1215 = DIRECTION('',(1.,0.,0.));
#1216 = ADVANCED_FACE('',(#1217),#1276,.F.);
#1217 = FACE_BOUND('',#1218,.F.);
#1218 = EDGE_LOOP('',(#1219,#1220,#1230,#1275));
#1219 = ORIENTED_EDGE('',*,*,#549,.T.);
#1220 = ORIENTED_EDGE('',*,*,#1221,.T.);
#1221 = EDGE_CURVE('',#541,#1222,#1224,.T.);
#1222 = VERTEX_POINT('',#1223);
#1223 = CARTESIAN_POINT('',(73.98097826087,-12.32131711972,45.));
#1224 = B_SPLINE_CURVE_WITH_KNOTS('',2,(#1225,#1226,#1227,#1228,#1229),
  .UNSPECIFIED.,.F.,.F.,(3,1,1,3),(-0.306,6.625E-14,5.,5.306),
  .UNSPECIFIED.);
#1225 = CARTESIAN_POINT('',(73.98097826087,-12.32131711972,39.694));
#1226 = CARTESIAN_POINT('',(73.98097826087,-12.32131711972,39.847));
#1227 = CARTESIAN_POINT('',(73.98097826087,-12.32131711972,42.5));
#1228 = CARTESIAN_POINT('',(73.98097826087,-12.32131711972,45.153));
#1229 = CARTESIAN_POINT('',(73.98097826087,-12.32131711972,45.306));
#1230 = ORIENTED_EDGE('',*,*,#1231,.F.);
#1231 = EDGE_CURVE('',#1194,#1222,#1232,.T.);
#1232 = B_SPLINE_CURVE_WITH_KNOTS('',6,(#1233,#1234,#1235,#1236,#1237,
    #1238,#1239,#1240,#1241,#1242,#1243,#1244,#1245,#1246,#1247,#1248,
    #1249,#1250,#1251,#1252,#1253,#1254,#1255,#1256,#1257,#1258,#1259,
    #1260,#1261,#1262,#1263,#1264,#1265,#1266,#1267,#1268,#1269,#1270,
    #1271,#1272,#1273,#1274),.UNSPECIFIED.,.F.,.F.,(7,5,5,5,5,5,5,5,7),(
    0.,0.144347625826,0.2477732501,0.321369248254,0.5,0.678630751746,
    0.7522267499,0.855652374174,1.),.UNSPECIFIED.);
#1233 = CARTESIAN_POINT('',(69.027646502836,-6.499941205186,45.));
#1234 = CARTESIAN_POINT('',(69.229739356859,-6.499081634233,45.));
#1235 = CARTESIAN_POINT('',(69.433242142861,-6.508018439983,45.));
#1236 = CARTESIAN_POINT('',(69.637415557409,-6.527002955659,45.));
#1237 = CARTESIAN_POINT('',(69.841501476162,-6.556196109242,45.));
#1238 = CARTESIAN_POINT('',(70.044728954816,-6.595666964704,45.));
#1239 = CARTESIAN_POINT('',(70.390761147384,-6.681018912736,45.));
#1240 = CARTESIAN_POINT('',(70.534364303078,-6.721910948856,45.));
#1241 = CARTESIAN_POINT('',(70.676844780156,-6.768058664694,45.));
#1242 = CARTESIAN_POINT('',(70.817920592151,-6.819430001092,45.));
#1243 = CARTESIAN_POINT('',(70.957313487101,-6.875969652102,45.));
#1244 = CARTESIAN_POINT('',(71.192547170075,-6.981453736952,45.));
#1245 = CARTESIAN_POINT('',(71.289354269961,-7.027885744147,45.));
#1246 = CARTESIAN_POINT('',(71.385072585707,-7.076866983003,45.));
#1247 = CARTESIAN_POINT('',(71.479605769599,-7.128363731274,45.));
#1248 = CARTESIAN_POINT('',(71.572859591705,-7.1823367535,45.));
#1249 = CARTESIAN_POINT('',(71.887756958854,-7.375645303587,45.));
#1250 = CARTESIAN_POINT('',(72.102701419361,-7.526879434174,45.));
#1251 = CARTESIAN_POINT('',(72.308242780146,-7.691796729919,45.));
#1252 = CARTESIAN_POINT('',(72.503170853348,-7.86957738017,45.));
#1253 = CARTESIAN_POINT('',(72.686390302712,-8.059253036187,45.));
#1254 = CARTESIAN_POINT('',(73.027495210344,-8.460134703441,45.));
#1255 = CARTESIAN_POINT('',(73.185393502271,-8.671355797363,45.));
#1256 = CARTESIAN_POINT('',(73.329675798754,-8.89223026906,45.));
#1257 = CARTESIAN_POINT('',(73.459561589312,-9.121521888707,45.));
#1258 = CARTESIAN_POINT('',(73.574435372111,-9.357904835179,45.));
#1259 = CARTESIAN_POINT('',(73.714839751936,-9.699687159912,45.));
#1260 = CARTESIAN_POINT('',(73.753187931736,-9.80037866686,45.));
#1261 = CARTESIAN_POINT('',(73.788886964926,-9.901936615681,45.));
#1262 = CARTESIAN_POINT('',(73.821913207079,-10.00426171064,45.));
#1263 = CARTESIAN_POINT('',(73.852248794906,-10.10725344813,45.));
#1264 = CARTESIAN_POINT('',(73.918714530847,-10.35633994657,45.));
#1265 = CARTESIAN_POINT('',(73.95220996122,-10.50298634933,45.));
#1266 = CARTESIAN_POINT('',(73.980334319876,-10.65046658321,45.));
#1267 = CARTESIAN_POINT('',(74.003077558739,-10.79849713111,45.));
#1268 = CARTESIAN_POINT('',(74.020453174554,-10.94679451112,45.));
#1269 = CARTESIAN_POINT('',(74.049308994629,-11.30202763876,45.));
#1270 = CARTESIAN_POINT('',(74.05573666661,-11.50895284637,45.));
#1271 = CARTESIAN_POINT('',(74.051881764251,-11.71508009391,45.));
#1272 = CARTESIAN_POINT('',(74.037935879131,-11.9196594363,45.));
#1273 = CARTESIAN_POINT('',(74.014179229745,-12.12196828933,45.));
#1274 = CARTESIAN_POINT('',(73.98097826087,-12.32131711972,45.));
#1275 = ORIENTED_EDGE('',*,*,#1204,.F.);
#1276 = ( BOUNDED_SURFACE() B_SPLINE_SURFACE(2,2,(
    (#1277,#1278,#1279,#1280,#1281)
    ,(#1282,#1283,#1284,#1285,#1286)
    ,(#1287,#1288,#1289,#1290,#1291
)),.UNSPECIFIED.,.F.,.F.,.F.) B_SPLINE_SURFACE_WITH_KNOTS((3,3),(3,1,1,3
    ),(0.,5.),(-0.306,6.625E-14,5.,5.306),.UNSPECIFIED.) 
GEOMETRIC_REPRESENTATION_ITEM() RATIONAL_B_SPLINE_SURFACE((
    (1.,1.,1.,1.,1.)
    ,(0.644795215216,0.644795215216,0.644795215216,0.644795215216
      ,0.644795215216)
,(1.,1.,1.,1.,1.))) REPRESENTATION_ITEM('') SURFACE() );
#1277 = CARTESIAN_POINT('',(69.027646502836,-6.499941205186,39.694));
#1278 = CARTESIAN_POINT('',(69.027646502836,-6.499941205186,39.847));
#1279 = CARTESIAN_POINT('',(69.027646502836,-6.499941205186,42.5));
#1280 = CARTESIAN_POINT('',(69.027646502836,-6.499941205186,45.153));
#1281 = CARTESIAN_POINT('',(69.027646502836,-6.499941205186,45.306));
#1282 = CARTESIAN_POINT('',(74.954710144928,-6.474731349187,39.694));
#1283 = CARTESIAN_POINT('',(74.954710144928,-6.474731349187,39.847));
#1284 = CARTESIAN_POINT('',(74.954710144928,-6.474731349187,42.5));
#1285 = CARTESIAN_POINT('',(74.954710144928,-6.474731349187,45.153));
#1286 = CARTESIAN_POINT('',(74.954710144928,-6.474731349187,45.306));
#1287 = CARTESIAN_POINT('',(73.98097826087,-12.32131711972,39.694));
#1288 = CARTESIAN_POINT('',(73.98097826087,-12.32131711972,39.847));
#1289 = CARTESIAN_POINT('',(73.98097826087,-12.32131711972,42.5));
#1290 = CARTESIAN_POINT('',(73.98097826087,-12.32131711972,45.153));
#1291 = CARTESIAN_POINT('',(73.98097826087,-12.32131711972,45.306));
#1292 = ADVANCED_FACE('',(#1293),#1314,.T.);
#1293 = FACE_BOUND('',#1294,.F.);
#1294 = EDGE_LOOP('',(#1295,#1304,#1305,#1306));
#1295 = ORIENTED_EDGE('',*,*,#1296,.F.);
#1296 = EDGE_CURVE('',#1222,#1297,#1299,.T.);
#1297 = VERTEX_POINT('',#1298);
#1298 = CARTESIAN_POINT('',(47.659293251383,-57.91020434067,45.));
#1299 = CIRCLE('',#1300,75.);
#1300 = AXIS2_PLACEMENT_3D('',#1301,#1302,#1303);
#1301 = CARTESIAN_POINT('',(0.,0.,45.));
#1302 = DIRECTION('',(0.,0.,-1.));
#1303 = DIRECTION('',(0.,1.,0.));
#1304 = ORIENTED_EDGE('',*,*,#1221,.F.);
#1305 = ORIENTED_EDGE('',*,*,#540,.T.);
#1306 = ORIENTED_EDGE('',*,*,#1307,.T.);
#1307 = EDGE_CURVE('',#494,#1297,#1308,.T.);
#1308 = B_SPLINE_CURVE_WITH_KNOTS('',2,(#1309,#1310,#1311,#1312,#1313),
  .UNSPECIFIED.,.F.,.F.,(3,1,1,3),(-0.306,5.781E-14,5.,5.306),
  .UNSPECIFIED.);
#1309 = CARTESIAN_POINT('',(47.659293251383,-57.91020434067,39.694));
#1310 = CARTESIAN_POINT('',(47.659293251383,-57.91020434067,39.847));
#1311 = CARTESIAN_POINT('',(47.659293251383,-57.91020434067,42.5));
#1312 = CARTESIAN_POINT('',(47.659293251383,-57.91020434067,45.153));
#1313 = CARTESIAN_POINT('',(47.659293251383,-57.91020434067,45.306));
#1314 = CYLINDRICAL_SURFACE('',#1315,75.);
#1315 = AXIS2_PLACEMENT_3D('',#1316,#1317,#1318);
#1316 = CARTESIAN_POINT('',(0.,0.,40.));
#1317 = DIRECTION('',(0.,0.,1.));
#1318 = DIRECTION('',(0.,1.,0.));
#1319 = ADVANCED_FACE('',(#1320),#1379,.F.);
#1320 = FACE_BOUND('',#1321,.F.);
#1321 = EDGE_LOOP('',(#1322,#1323,#1333,#1378));
#1322 = ORIENTED_EDGE('',*,*,#493,.T.);
#1323 = ORIENTED_EDGE('',*,*,#1324,.T.);
#1324 = EDGE_CURVE('',#485,#1325,#1327,.T.);
#1325 = VERTEX_POINT('',#1326);
#1326 = CARTESIAN_POINT('',(40.142003976092,-56.53233968116,45.));
#1327 = B_SPLINE_CURVE_WITH_KNOTS('',2,(#1328,#1329,#1330,#1331,#1332),
  .UNSPECIFIED.,.F.,.F.,(3,1,1,3),(-0.306,5.781E-14,5.,5.306),
  .UNSPECIFIED.);
#1328 = CARTESIAN_POINT('',(40.142003976092,-56.53233968116,39.694));
#1329 = CARTESIAN_POINT('',(40.142003976092,-56.53233968116,39.847));
#1330 = CARTESIAN_POINT('',(40.142003976092,-56.53233968116,42.5));
#1331 = CARTESIAN_POINT('',(40.142003976092,-56.53233968116,45.153));
#1332 = CARTESIAN_POINT('',(40.142003976092,-56.53233968116,45.306));
#1333 = ORIENTED_EDGE('',*,*,#1334,.F.);
#1334 = EDGE_CURVE('',#1297,#1325,#1335,.T.);
#1335 = B_SPLINE_CURVE_WITH_KNOTS('',6,(#1336,#1337,#1338,#1339,#1340,
    #1341,#1342,#1343,#1344,#1345,#1346,#1347,#1348,#1349,#1350,#1351,
    #1352,#1353,#1354,#1355,#1356,#1357,#1358,#1359,#1360,#1361,#1362,
    #1363,#1364,#1365,#1366,#1367,#1368,#1369,#1370,#1371,#1372,#1373,
    #1374,#1375,#1376,#1377),.UNSPECIFIED.,.F.,.F.,(7,5,5,5,5,5,5,5,7),(
    0.,0.144351649687,0.247777648908,0.321372932161,0.5,0.678627067839,
    0.752222351092,0.855648350313,1.),.UNSPECIFIED.);
#1336 = CARTESIAN_POINT('',(47.659293251383,-57.91020434067,45.));
#1337 = CARTESIAN_POINT('',(47.503272210163,-58.03860748899,45.));
#1338 = CARTESIAN_POINT('',(47.339967980418,-58.16031340894,45.));
#1339 = CARTESIAN_POINT('',(47.169794324754,-58.27466030307,45.));
#1340 = CARTESIAN_POINT('',(46.99323670046,-58.38104448569,45.));
#1341 = CARTESIAN_POINT('',(46.810848534953,-58.47892530553,45.));
#1342 = CARTESIAN_POINT('',(46.488833904899,-58.63152912522,45.));
#1343 = CARTESIAN_POINT('',(46.351742228399,-58.69062132059,45.));
#1344 = CARTESIAN_POINT('',(46.212198613255,-58.74493336625,45.));
#1345 = CARTESIAN_POINT('',(46.070441686285,-58.79431190625,45.));
#1346 = CARTESIAN_POINT('',(45.926721870387,-58.8386239436,45.));
#1347 = CARTESIAN_POINT('',(45.677822724163,-58.90560353394,45.));
#1348 = CARTESIAN_POINT('',(45.573482848977,-58.93082775093,45.));
#1349 = CARTESIAN_POINT('',(45.468375141364,-58.9533895435,45.));
#1350 = CARTESIAN_POINT('',(45.362595516521,-58.9732541439,45.));
#1351 = CARTESIAN_POINT('',(45.256241733266,-58.99039239094,45.));
#1352 = CARTESIAN_POINT('',(44.890124589738,-59.03970344095,45.));
#1353 = CARTESIAN_POINT('',(44.628029632133,-59.0584276979,45.));
#1354 = CARTESIAN_POINT('',(44.36456911791,-59.06061245526,45.));
#1355 = CARTESIAN_POINT('',(44.101198129114,-59.04612778168,45.));
#1356 = CARTESIAN_POINT('',(43.839376679623,-59.01503131324,45.));
#1357 = CARTESIAN_POINT('',(43.321744859809,-58.92015315104,45.));
#1358 = CARTESIAN_POINT('',(43.065915029104,-58.85636789033,45.));
#1359 = CARTESIAN_POINT('',(42.814528096417,-58.77650116646,45.));
#1360 = CARTESIAN_POINT('',(42.568969604206,-58.68101691319,45.));
#1361 = CARTESIAN_POINT('',(42.330553959171,-58.5705526891,45.));
#1362 = CARTESIAN_POINT('',(42.00572666307,-58.39459652938,45.));
#1363 = CARTESIAN_POINT('',(41.912365193204,-58.34085192343,45.));
#1364 = CARTESIAN_POINT('',(41.820507512185,-58.28476183679,45.));
#1365 = CARTESIAN_POINT('',(41.730234681082,-58.22638820706,45.));
#1366 = CARTESIAN_POINT('',(41.641624048725,-58.16579756001,45.));
#1367 = CARTESIAN_POINT('',(41.432661092075,-58.01489516353,45.));
#1368 = CARTESIAN_POINT('',(41.314000423115,-57.92249068433,45.));
#1369 = CARTESIAN_POINT('',(41.198971974927,-57.82604524553,45.));
#1370 = CARTESIAN_POINT('',(41.087762720771,-57.7257720157,45.));
#1371 = CARTESIAN_POINT('',(40.98054138397,-57.6218990151,45.));
#1372 = CARTESIAN_POINT('',(40.733584406151,-57.36500682203,45.));
#1373 = CARTESIAN_POINT('',(40.597768392888,-57.20880148169,45.));
#1374 = CARTESIAN_POINT('',(40.470419773636,-57.0467134865,45.));
#1375 = CARTESIAN_POINT('',(40.351864245617,-56.87944462492,45.));
#1376 = CARTESIAN_POINT('',(40.242341598141,-56.70773151507,45.));
#1377 = CARTESIAN_POINT('',(40.142003976092,-56.53233968116,45.));
#1378 = ORIENTED_EDGE('',*,*,#1307,.F.);
#1379 = ( BOUNDED_SURFACE() B_SPLINE_SURFACE(2,2,(
    (#1380,#1381,#1382,#1383,#1384)
    ,(#1385,#1386,#1387,#1388,#1389)
    ,(#1390,#1391,#1392,#1393,#1394
)),.UNSPECIFIED.,.F.,.F.,.F.) B_SPLINE_SURFACE_WITH_KNOTS((3,3),(3,1,1,3
    ),(0.,5.),(-0.306,5.781E-14,5.,5.306),.UNSPECIFIED.) 
GEOMETRIC_REPRESENTATION_ITEM() RATIONAL_B_SPLINE_SURFACE((
    (1.,1.,1.,1.,1.)
    ,(0.644917443799,0.644917443799,0.644917443799,0.644917443799
      ,0.644917443799)
,(1.,1.,1.,1.,1.))) REPRESENTATION_ITEM('') SURFACE() );
#1380 = CARTESIAN_POINT('',(47.659293251383,-57.91020434067,39.694));
#1381 = CARTESIAN_POINT('',(47.659293251383,-57.91020434067,39.847));
#1382 = CARTESIAN_POINT('',(47.659293251383,-57.91020434067,42.5));
#1383 = CARTESIAN_POINT('',(47.659293251383,-57.91020434067,45.153));
#1384 = CARTESIAN_POINT('',(47.659293251383,-57.91020434067,45.306));
#1385 = CARTESIAN_POINT('',(43.084237019912,-61.67541202833,39.694));
#1386 = CARTESIAN_POINT('',(43.084237019912,-61.67541202833,39.847));
#1387 = CARTESIAN_POINT('',(43.084237019912,-61.67541202833,42.5));
#1388 = CARTESIAN_POINT('',(43.084237019912,-61.67541202833,45.153));
#1389 = CARTESIAN_POINT('',(43.084237019912,-61.67541202833,45.306));
#1390 = CARTESIAN_POINT('',(40.142003976092,-56.53233968116,39.694));
#1391 = CARTESIAN_POINT('',(40.142003976092,-56.53233968116,39.847));
#1392 = CARTESIAN_POINT('',(40.142003976092,-56.53233968116,42.5));
#1393 = CARTESIAN_POINT('',(40.142003976092,-56.53233968116,45.153));
#1394 = CARTESIAN_POINT('',(40.142003976092,-56.53233968116,45.306));
#1395 = ADVANCED_FACE('',(#1396),#1417,.F.);
#1396 = FACE_BOUND('',#1397,.F.);
#1397 = EDGE_LOOP('',(#1398,#1407,#1408,#1409));
#1398 = ORIENTED_EDGE('',*,*,#1399,.F.);
#1399 = EDGE_CURVE('',#1325,#1400,#1402,.T.);
#1400 = VERTEX_POINT('',#1401);
#1401 = CARTESIAN_POINT('',(28.883560784112,-63.03194292955,45.));
#1402 = CIRCLE('',#1403,6.5);
#1403 = AXIS2_PLACEMENT_3D('',#1404,#1405,#1406);
#1404 = CARTESIAN_POINT('',(34.5,-59.76,45.));
#1405 = DIRECTION('',(0.,0.,1.));
#1406 = DIRECTION('',(1.,0.,0.));
#1407 = ORIENTED_EDGE('',*,*,#1324,.F.);
#1408 = ORIENTED_EDGE('',*,*,#484,.T.);
#1409 = ORIENTED_EDGE('',*,*,#1410,.T.);
#1410 = EDGE_CURVE('',#438,#1400,#1411,.T.);
#1411 = B_SPLINE_CURVE_WITH_KNOTS('',2,(#1412,#1413,#1414,#1415,#1416),
  .UNSPECIFIED.,.F.,.F.,(3,1,1,3),(-0.306,4.629E-14,5.,5.306),
  .UNSPECIFIED.);
#1412 = CARTESIAN_POINT('',(28.883560784112,-63.03194292955,39.694));
#1413 = CARTESIAN_POINT('',(28.883560784112,-63.03194292955,39.847));
#1414 = CARTESIAN_POINT('',(28.883560784112,-63.03194292955,42.5));
#1415 = CARTESIAN_POINT('',(28.883560784112,-63.03194292955,45.153));
#1416 = CARTESIAN_POINT('',(28.883560784112,-63.03194292955,45.306));
#1417 = CYLINDRICAL_SURFACE('',#1418,6.5);
#1418 = AXIS2_PLACEMENT_3D('',#1419,#1420,#1421);
#1419 = CARTESIAN_POINT('',(34.5,-59.76,45.));
#1420 = DIRECTION('',(0.,0.,1.));
#1421 = DIRECTION('',(1.,0.,0.));
#1422 = ADVANCED_FACE('',(#1423),#1482,.T.);
#1423 = FACE_BOUND('',#1424,.T.);
#1424 = EDGE_LOOP('',(#1425,#1426,#1427,#1474));
#1425 = ORIENTED_EDGE('',*,*,#437,.T.);
#1426 = ORIENTED_EDGE('',*,*,#1410,.T.);
#1427 = ORIENTED_EDGE('',*,*,#1428,.F.);
#1428 = EDGE_CURVE('',#1429,#1400,#1431,.T.);
#1429 = VERTEX_POINT('',#1430);
#1430 = CARTESIAN_POINT('',(26.317738849003,-70.23088082799,45.));
#1431 = B_SPLINE_CURVE_WITH_KNOTS('',6,(#1432,#1433,#1434,#1435,#1436,
    #1437,#1438,#1439,#1440,#1441,#1442,#1443,#1444,#1445,#1446,#1447,
    #1448,#1449,#1450,#1451,#1452,#1453,#1454,#1455,#1456,#1457,#1458,
    #1459,#1460,#1461,#1462,#1463,#1464,#1465,#1466,#1467,#1468,#1469,
    #1470,#1471,#1472,#1473),.UNSPECIFIED.,.F.,.F.,(7,5,5,5,5,5,5,5,7),(
    0.,0.144351649687,0.247777648907,0.32137293216,0.5,0.678627067839,
    0.752222351092,0.855648350313,1.),.UNSPECIFIED.);
#1432 = CARTESIAN_POINT('',(26.317738849003,-70.23088082799,45.));
#1433 = CARTESIAN_POINT('',(26.506954122499,-70.15997586289,45.));
#1434 = CARTESIAN_POINT('',(26.694011614693,-70.07941472449,45.));
#1435 = CARTESIAN_POINT('',(26.878131309174,-69.989224795,45.));
#1436 = CARTESIAN_POINT('',(27.058547662863,-69.88952460277,45.));
#1437 = CARTESIAN_POINT('',(27.234515731465,-69.78052305855,45.));
#1438 = CARTESIAN_POINT('',(27.527694298628,-69.57797016297,45.));
#1439 = CARTESIAN_POINT('',(27.647420967918,-69.48879875511,45.));
#1440 = CARTESIAN_POINT('',(27.764234153247,-69.39511365189,45.));
#1441 = CARTESIAN_POINT('',(27.877881723075,-69.29704481674,45.));
#1442 = CARTESIAN_POINT('',(27.988123277913,-69.19474260893,45.));
#1443 = CARTESIAN_POINT('',(28.170590083341,-69.01269065088,45.));
#1444 = CARTESIAN_POINT('',(28.244609618902,-68.93494633255,45.));
#1445 = CARTESIAN_POINT('',(28.316707466353,-68.85520572134,45.));
#1446 = CARTESIAN_POINT('',(28.386805554315,-68.77353449357,45.));
#1447 = CARTESIAN_POINT('',(28.45482974472,-68.6900027257,45.));
#1448 = CARTESIAN_POINT('',(28.680610935803,-68.3976053998,45.));
#1449 = CARTESIAN_POINT('',(28.827887490823,-68.17999570116,45.));
#1450 = CARTESIAN_POINT('',(28.961523779164,-67.95293280644,45.));
#1451 = CARTESIAN_POINT('',(29.080679662375,-67.71761183627,45.));
#1452 = CARTESIAN_POINT('',(29.184674968248,-67.47532597593,45.));
#1453 = CARTESIAN_POINT('',(29.361354490474,-66.97961546266,45.));
#1454 = CARTESIAN_POINT('',(29.434045349098,-66.72617217347,45.));
#1455 = CARTESIAN_POINT('',(29.490588061197,-66.46853482133,45.));
#1456 = CARTESIAN_POINT('',(29.530691545834,-66.20813527018,45.));
#1457 = CARTESIAN_POINT('',(29.554250651911,-65.94643060243,45.));
#1458 = CARTESIAN_POINT('',(29.564304525068,-65.57714445041,45.));
#1459 = CARTESIAN_POINT('',(29.564447696389,-65.46941875141,45.));
#1460 = CARTESIAN_POINT('',(29.561807719458,-65.3618224601,45.));
#1461 = CARTESIAN_POINT('',(29.556397697041,-65.25445674704,45.));
#1462 = CARTESIAN_POINT('',(29.548236561565,-65.14742186233,45.));
#1463 = CARTESIAN_POINT('',(29.522048513517,-64.89100182284,45.));
#1464 = CARTESIAN_POINT('',(29.501363390358,-64.74203515605,45.));
#1465 = CARTESIAN_POINT('',(29.475362513915,-64.59419327774,45.));
#1466 = CARTESIAN_POINT('',(29.444136990411,-64.4477447014,45.));
#1467 = CARTESIAN_POINT('',(29.407799913514,-64.3029495628,45.));
#1468 = CARTESIAN_POINT('',(29.308824306816,-63.96062635729,45.));
#1469 = CARTESIAN_POINT('',(29.241466567261,-63.76489942319,45.));
#1470 = CARTESIAN_POINT('',(29.164780331883,-63.57356356583,45.));
#1471 = CARTESIAN_POINT('',(29.079210479729,-63.38725176888,45.));
#1472 = CARTESIAN_POINT('',(28.985275010704,-63.20654003694,45.));
#1473 = CARTESIAN_POINT('',(28.883560784112,-63.03194292955,45.));
#1474 = ORIENTED_EDGE('',*,*,#1475,.F.);
#1475 = EDGE_CURVE('',#429,#1429,#1476,.T.);
#1476 = B_SPLINE_CURVE_WITH_KNOTS('',2,(#1477,#1478,#1479,#1480,#1481),
  .UNSPECIFIED.,.F.,.F.,(3,1,1,3),(-0.306,4.629E-14,5.,5.306),
  .UNSPECIFIED.);
#1477 = CARTESIAN_POINT('',(26.317738849003,-70.23088082799,39.694));
#1478 = CARTESIAN_POINT('',(26.317738849003,-70.23088082799,39.847));
#1479 = CARTESIAN_POINT('',(26.317738849003,-70.23088082799,42.5));
#1480 = CARTESIAN_POINT('',(26.317738849003,-70.23088082799,45.153));
#1481 = CARTESIAN_POINT('',(26.317738849003,-70.23088082799,45.306));
#1482 = ( BOUNDED_SURFACE() B_SPLINE_SURFACE(2,2,(
    (#1483,#1484,#1485,#1486,#1487)
    ,(#1488,#1489,#1490,#1491,#1492)
    ,(#1493,#1494,#1495,#1496,#1497
)),.UNSPECIFIED.,.F.,.F.,.F.) B_SPLINE_SURFACE_WITH_KNOTS((3,3),(3,1,1,3
    ),(0.,5.),(-0.306,4.629E-14,5.,5.306),.UNSPECIFIED.) 
GEOMETRIC_REPRESENTATION_ITEM() RATIONAL_B_SPLINE_SURFACE((
    (1.,1.,1.,1.,1.)
    ,(0.644917443799,0.644917443799,0.644917443799,0.644917443799
      ,0.644917443799)
,(1.,1.,1.,1.,1.))) REPRESENTATION_ITEM('') SURFACE() );
#1483 = CARTESIAN_POINT('',(26.317738849003,-70.23088082799,39.694));
#1484 = CARTESIAN_POINT('',(26.317738849003,-70.23088082799,39.847));
#1485 = CARTESIAN_POINT('',(26.317738849003,-70.23088082799,42.5));
#1486 = CARTESIAN_POINT('',(26.317738849003,-70.23088082799,45.153));
#1487 = CARTESIAN_POINT('',(26.317738849003,-70.23088082799,45.306));
#1488 = CARTESIAN_POINT('',(31.866160455039,-68.15171125001,39.694));
#1489 = CARTESIAN_POINT('',(31.866160455039,-68.15171125001,39.847));
#1490 = CARTESIAN_POINT('',(31.866160455039,-68.15171125001,42.5));
#1491 = CARTESIAN_POINT('',(31.866160455039,-68.15171125001,45.153));
#1492 = CARTESIAN_POINT('',(31.866160455039,-68.15171125001,45.306));
#1493 = CARTESIAN_POINT('',(28.883560784112,-63.03194292955,39.694));
#1494 = CARTESIAN_POINT('',(28.883560784112,-63.03194292955,39.847));
#1495 = CARTESIAN_POINT('',(28.883560784112,-63.03194292955,42.5));
#1496 = CARTESIAN_POINT('',(28.883560784112,-63.03194292955,45.153));
#1497 = CARTESIAN_POINT('',(28.883560784112,-63.03194292955,45.306));
#1498 = ADVANCED_FACE('',(#1499),#1520,.T.);
#1499 = FACE_BOUND('',#1500,.F.);
#1500 = EDGE_LOOP('',(#1501,#1502,#1503,#1513));
#1501 = ORIENTED_EDGE('',*,*,#1475,.F.);
#1502 = ORIENTED_EDGE('',*,*,#428,.T.);
#1503 = ORIENTED_EDGE('',*,*,#1504,.T.);
#1504 = EDGE_CURVE('',#382,#1505,#1507,.T.);
#1505 = VERTEX_POINT('',#1506);
#1506 = CARTESIAN_POINT('',(-26.317738849,-70.23088082799,45.));
#1507 = B_SPLINE_CURVE_WITH_KNOTS('',2,(#1508,#1509,#1510,#1511,#1512),
  .UNSPECIFIED.,.F.,.F.,(3,1,1,3),(-0.306,4.629E-14,5.,5.306),
  .UNSPECIFIED.);
#1508 = CARTESIAN_POINT('',(-26.317738849,-70.23088082799,39.694));
#1509 = CARTESIAN_POINT('',(-26.317738849,-70.23088082799,39.847));
#1510 = CARTESIAN_POINT('',(-26.317738849,-70.23088082799,42.5));
#1511 = CARTESIAN_POINT('',(-26.317738849,-70.23088082799,45.153));
#1512 = CARTESIAN_POINT('',(-26.317738849,-70.23088082799,45.306));
#1513 = ORIENTED_EDGE('',*,*,#1514,.F.);
#1514 = EDGE_CURVE('',#1429,#1505,#1515,.T.);
#1515 = CIRCLE('',#1516,75.);
#1516 = AXIS2_PLACEMENT_3D('',#1517,#1518,#1519);
#1517 = CARTESIAN_POINT('',(0.,0.,45.));
#1518 = DIRECTION('',(0.,0.,-1.));
#1519 = DIRECTION('',(0.,1.,0.));
#1520 = CYLINDRICAL_SURFACE('',#1521,75.);
#1521 = AXIS2_PLACEMENT_3D('',#1522,#1523,#1524);
#1522 = CARTESIAN_POINT('',(0.,0.,40.));
#1523 = DIRECTION('',(0.,0.,1.));
#1524 = DIRECTION('',(0.,1.,0.));
#1525 = ADVANCED_FACE('',(#1526),#1585,.F.);
#1526 = FACE_BOUND('',#1527,.F.);
#1527 = EDGE_LOOP('',(#1528,#1529,#1539,#1584));
#1528 = ORIENTED_EDGE('',*,*,#381,.T.);
#1529 = ORIENTED_EDGE('',*,*,#1530,.T.);
#1530 = EDGE_CURVE('',#373,#1531,#1533,.T.);
#1531 = VERTEX_POINT('',#1532);
#1532 = CARTESIAN_POINT('',(-28.88356078411,-63.03194292955,45.));
#1533 = B_SPLINE_CURVE_WITH_KNOTS('',2,(#1534,#1535,#1536,#1537,#1538),
  .UNSPECIFIED.,.F.,.F.,(3,1,1,3),(-0.306,4.629E-14,5.,5.306),
  .UNSPECIFIED.);
#1534 = CARTESIAN_POINT('',(-28.88356078411,-63.03194292955,39.694));
#1535 = CARTESIAN_POINT('',(-28.88356078411,-63.03194292955,39.847));
#1536 = CARTESIAN_POINT('',(-28.88356078411,-63.03194292955,42.5));
#1537 = CARTESIAN_POINT('',(-28.88356078411,-63.03194292955,45.153));
#1538 = CARTESIAN_POINT('',(-28.88356078411,-63.03194292955,45.306));
#1539 = ORIENTED_EDGE('',*,*,#1540,.F.);
#1540 = EDGE_CURVE('',#1505,#1531,#1541,.T.);
#1541 = B_SPLINE_CURVE_WITH_KNOTS('',6,(#1542,#1543,#1544,#1545,#1546,
    #1547,#1548,#1549,#1550,#1551,#1552,#1553,#1554,#1555,#1556,#1557,
    #1558,#1559,#1560,#1561,#1562,#1563,#1564,#1565,#1566,#1567,#1568,
    #1569,#1570,#1571,#1572,#1573,#1574,#1575,#1576,#1577,#1578,#1579,
    #1580,#1581,#1582,#1583),.UNSPECIFIED.,.F.,.F.,(7,5,5,5,5,5,5,5,7),(
    0.,0.144351649687,0.247777648907,0.32137293216,0.5,0.678627067839,
    0.752222351092,0.855648350313,1.),.UNSPECIFIED.);
#1542 = CARTESIAN_POINT('',(-26.317738849,-70.23088082799,45.));
#1543 = CARTESIAN_POINT('',(-26.50695412249,-70.15997586289,45.));
#1544 = CARTESIAN_POINT('',(-26.69401161469,-70.07941472449,45.));
#1545 = CARTESIAN_POINT('',(-26.87813130917,-69.989224795,45.));
#1546 = CARTESIAN_POINT('',(-27.05854766286,-69.88952460277,45.));
#1547 = CARTESIAN_POINT('',(-27.23451573146,-69.78052305855,45.));
#1548 = CARTESIAN_POINT('',(-27.52769429862,-69.57797016297,45.));
#1549 = CARTESIAN_POINT('',(-27.64742096791,-69.48879875511,45.));
#1550 = CARTESIAN_POINT('',(-27.76423415324,-69.39511365189,45.));
#1551 = CARTESIAN_POINT('',(-27.87788172307,-69.29704481674,45.));
#1552 = CARTESIAN_POINT('',(-27.98812327791,-69.19474260893,45.));
#1553 = CARTESIAN_POINT('',(-28.17059008334,-69.01269065088,45.));
#1554 = CARTESIAN_POINT('',(-28.2446096189,-68.93494633255,45.));
#1555 = CARTESIAN_POINT('',(-28.31670746635,-68.85520572134,45.));
#1556 = CARTESIAN_POINT('',(-28.38680555431,-68.77353449357,45.));
#1557 = CARTESIAN_POINT('',(-28.45482974472,-68.6900027257,45.));
#1558 = CARTESIAN_POINT('',(-28.6806109358,-68.3976053998,45.));
#1559 = CARTESIAN_POINT('',(-28.82788749082,-68.17999570116,45.));
#1560 = CARTESIAN_POINT('',(-28.96152377916,-67.95293280644,45.));
#1561 = CARTESIAN_POINT('',(-29.08067966237,-67.71761183627,45.));
#1562 = CARTESIAN_POINT('',(-29.18467496824,-67.47532597593,45.));
#1563 = CARTESIAN_POINT('',(-29.36135449047,-66.97961546266,45.));
#1564 = CARTESIAN_POINT('',(-29.43404534909,-66.72617217347,45.));
#1565 = CARTESIAN_POINT('',(-29.49058806119,-66.46853482133,45.));
#1566 = CARTESIAN_POINT('',(-29.53069154583,-66.20813527018,45.));
#1567 = CARTESIAN_POINT('',(-29.55425065191,-65.94643060243,45.));
#1568 = CARTESIAN_POINT('',(-29.56430452506,-65.57714445041,45.));
#1569 = CARTESIAN_POINT('',(-29.56444769638,-65.46941875141,45.));
#1570 = CARTESIAN_POINT('',(-29.56180771945,-65.3618224601,45.));
#1571 = CARTESIAN_POINT('',(-29.55639769704,-65.25445674704,45.));
#1572 = CARTESIAN_POINT('',(-29.54823656156,-65.14742186233,45.));
#1573 = CARTESIAN_POINT('',(-29.52204851351,-64.89100182284,45.));
#1574 = CARTESIAN_POINT('',(-29.50136339035,-64.74203515605,45.));
#1575 = CARTESIAN_POINT('',(-29.47536251391,-64.59419327774,45.));
#1576 = CARTESIAN_POINT('',(-29.44413699041,-64.4477447014,45.));
#1577 = CARTESIAN_POINT('',(-29.40779991351,-64.3029495628,45.));
#1578 = CARTESIAN_POINT('',(-29.30882430681,-63.96062635729,45.));
#1579 = CARTESIAN_POINT('',(-29.24146656726,-63.76489942319,45.));
#1580 = CARTESIAN_POINT('',(-29.16478033188,-63.57356356583,45.));
#1581 = CARTESIAN_POINT('',(-29.07921047972,-63.38725176888,45.));
#1582 = CARTESIAN_POINT('',(-28.9852750107,-63.20654003694,45.));
#1583 = CARTESIAN_POINT('',(-28.88356078411,-63.03194292955,45.));
#1584 = ORIENTED_EDGE('',*,*,#1504,.F.);
#1585 = ( BOUNDED_SURFACE() B_SPLINE_SURFACE(2,2,(
    (#1586,#1587,#1588,#1589,#1590)
    ,(#1591,#1592,#1593,#1594,#1595)
    ,(#1596,#1597,#1598,#1599,#1600
)),.UNSPECIFIED.,.F.,.F.,.F.) B_SPLINE_SURFACE_WITH_KNOTS((3,3),(3,1,1,3
    ),(0.,5.),(-0.306,4.629E-14,5.,5.306),.UNSPECIFIED.) 
GEOMETRIC_REPRESENTATION_ITEM() RATIONAL_B_SPLINE_SURFACE((
    (1.,1.,1.,1.,1.)
    ,(0.644917443799,0.644917443799,0.644917443799,0.644917443799
      ,0.644917443799)
,(1.,1.,1.,1.,1.))) REPRESENTATION_ITEM('') SURFACE() );
#1586 = CARTESIAN_POINT('',(-26.317738849,-70.23088082799,39.694));
#1587 = CARTESIAN_POINT('',(-26.317738849,-70.23088082799,39.847));
#1588 = CARTESIAN_POINT('',(-26.317738849,-70.23088082799,42.5));
#1589 = CARTESIAN_POINT('',(-26.317738849,-70.23088082799,45.153));
#1590 = CARTESIAN_POINT('',(-26.317738849,-70.23088082799,45.306));
#1591 = CARTESIAN_POINT('',(-31.86616045503,-68.15171125001,39.694));
#1592 = CARTESIAN_POINT('',(-31.86616045503,-68.15171125001,39.847));
#1593 = CARTESIAN_POINT('',(-31.86616045503,-68.15171125001,42.5));
#1594 = CARTESIAN_POINT('',(-31.86616045503,-68.15171125001,45.153));
#1595 = CARTESIAN_POINT('',(-31.86616045503,-68.15171125001,45.306));
#1596 = CARTESIAN_POINT('',(-28.88356078411,-63.03194292955,39.694));
#1597 = CARTESIAN_POINT('',(-28.88356078411,-63.03194292955,39.847));
#1598 = CARTESIAN_POINT('',(-28.88356078411,-63.03194292955,42.5));
#1599 = CARTESIAN_POINT('',(-28.88356078411,-63.03194292955,45.153));
#1600 = CARTESIAN_POINT('',(-28.88356078411,-63.03194292955,45.306));
#1601 = ADVANCED_FACE('',(#1602),#1623,.F.);
#1602 = FACE_BOUND('',#1603,.T.);
#1603 = EDGE_LOOP('',(#1604,#1613,#1621,#1622));
#1604 = ORIENTED_EDGE('',*,*,#1605,.F.);
#1605 = EDGE_CURVE('',#1606,#1531,#1608,.T.);
#1606 = VERTEX_POINT('',#1607);
#1607 = CARTESIAN_POINT('',(-40.14200397609,-56.53233968116,45.));
#1608 = CIRCLE('',#1609,6.5);
#1609 = AXIS2_PLACEMENT_3D('',#1610,#1611,#1612);
#1610 = CARTESIAN_POINT('',(-34.5,-59.76,45.));
#1611 = DIRECTION('',(2.2E-16,0.,-1.));
#1612 = DIRECTION('',(-1.,2.2E-16,-2.2E-16));
#1613 = ORIENTED_EDGE('',*,*,#1614,.F.);
#1614 = EDGE_CURVE('',#326,#1606,#1615,.T.);
#1615 = B_SPLINE_CURVE_WITH_KNOTS('',2,(#1616,#1617,#1618,#1619,#1620),
  .UNSPECIFIED.,.F.,.F.,(3,1,1,3),(-0.306,5.781E-14,5.,5.306),
  .UNSPECIFIED.);
#1616 = CARTESIAN_POINT('',(-40.14200397609,-56.53233968116,39.694));
#1617 = CARTESIAN_POINT('',(-40.14200397609,-56.53233968116,39.847));
#1618 = CARTESIAN_POINT('',(-40.14200397609,-56.53233968116,42.5));
#1619 = CARTESIAN_POINT('',(-40.14200397609,-56.53233968116,45.153));
#1620 = CARTESIAN_POINT('',(-40.14200397609,-56.53233968116,45.306));
#1621 = ORIENTED_EDGE('',*,*,#372,.F.);
#1622 = ORIENTED_EDGE('',*,*,#1530,.T.);
#1623 = CYLINDRICAL_SURFACE('',#1624,6.5);
#1624 = AXIS2_PLACEMENT_3D('',#1625,#1626,#1627);
#1625 = CARTESIAN_POINT('',(-34.5,-59.76,45.));
#1626 = DIRECTION('',(-2.2E-16,0.,1.));
#1627 = DIRECTION('',(-1.,2.2E-16,-2.2E-16));
#1628 = ADVANCED_FACE('',(#1629),#1688,.T.);
#1629 = FACE_BOUND('',#1630,.T.);
#1630 = EDGE_LOOP('',(#1631,#1632,#1633,#1680));
#1631 = ORIENTED_EDGE('',*,*,#325,.T.);
#1632 = ORIENTED_EDGE('',*,*,#1614,.T.);
#1633 = ORIENTED_EDGE('',*,*,#1634,.F.);
#1634 = EDGE_CURVE('',#1635,#1606,#1637,.T.);
#1635 = VERTEX_POINT('',#1636);
#1636 = CARTESIAN_POINT('',(-47.65929325138,-57.91020434067,45.));
#1637 = B_SPLINE_CURVE_WITH_KNOTS('',6,(#1638,#1639,#1640,#1641,#1642,
    #1643,#1644,#1645,#1646,#1647,#1648,#1649,#1650,#1651,#1652,#1653,
    #1654,#1655,#1656,#1657,#1658,#1659,#1660,#1661,#1662,#1663,#1664,
    #1665,#1666,#1667,#1668,#1669,#1670,#1671,#1672,#1673,#1674,#1675,
    #1676,#1677,#1678,#1679),.UNSPECIFIED.,.F.,.F.,(7,5,5,5,5,5,5,5,7),(
    0.,0.144351649687,0.247777648908,0.321372932161,0.5,0.678627067839,
    0.752222351092,0.855648350313,1.),.UNSPECIFIED.);
#1638 = CARTESIAN_POINT('',(-47.65929325138,-57.91020434067,45.));
#1639 = CARTESIAN_POINT('',(-47.50327221016,-58.03860748899,45.));
#1640 = CARTESIAN_POINT('',(-47.33996798041,-58.16031340894,45.));
#1641 = CARTESIAN_POINT('',(-47.16979432475,-58.27466030307,45.));
#1642 = CARTESIAN_POINT('',(-46.99323670046,-58.38104448569,45.));
#1643 = CARTESIAN_POINT('',(-46.81084853495,-58.47892530553,45.));
#1644 = CARTESIAN_POINT('',(-46.48883390489,-58.63152912522,45.));
#1645 = CARTESIAN_POINT('',(-46.35174222839,-58.69062132059,45.));
#1646 = CARTESIAN_POINT('',(-46.21219861325,-58.74493336625,45.));
#1647 = CARTESIAN_POINT('',(-46.07044168628,-58.79431190625,45.));
#1648 = CARTESIAN_POINT('',(-45.92672187038,-58.8386239436,45.));
#1649 = CARTESIAN_POINT('',(-45.67782272416,-58.90560353394,45.));
#1650 = CARTESIAN_POINT('',(-45.57348284897,-58.93082775093,45.));
#1651 = CARTESIAN_POINT('',(-45.46837514136,-58.9533895435,45.));
#1652 = CARTESIAN_POINT('',(-45.36259551652,-58.9732541439,45.));
#1653 = CARTESIAN_POINT('',(-45.25624173326,-58.99039239094,45.));
#1654 = CARTESIAN_POINT('',(-44.89012458973,-59.03970344095,45.));
#1655 = CARTESIAN_POINT('',(-44.62802963213,-59.0584276979,45.));
#1656 = CARTESIAN_POINT('',(-44.36456911791,-59.06061245526,45.));
#1657 = CARTESIAN_POINT('',(-44.10119812911,-59.04612778168,45.));
#1658 = CARTESIAN_POINT('',(-43.83937667962,-59.01503131324,45.));
#1659 = CARTESIAN_POINT('',(-43.3217448598,-58.92015315104,45.));
#1660 = CARTESIAN_POINT('',(-43.0659150291,-58.85636789033,45.));
#1661 = CARTESIAN_POINT('',(-42.81452809641,-58.77650116646,45.));
#1662 = CARTESIAN_POINT('',(-42.5689696042,-58.68101691319,45.));
#1663 = CARTESIAN_POINT('',(-42.33055395917,-58.5705526891,45.));
#1664 = CARTESIAN_POINT('',(-42.00572666307,-58.39459652938,45.));
#1665 = CARTESIAN_POINT('',(-41.9123651932,-58.34085192343,45.));
#1666 = CARTESIAN_POINT('',(-41.82050751218,-58.28476183679,45.));
#1667 = CARTESIAN_POINT('',(-41.73023468108,-58.22638820706,45.));
#1668 = CARTESIAN_POINT('',(-41.64162404872,-58.16579756001,45.));
#1669 = CARTESIAN_POINT('',(-41.43266109207,-58.01489516353,45.));
#1670 = CARTESIAN_POINT('',(-41.31400042311,-57.92249068433,45.));
#1671 = CARTESIAN_POINT('',(-41.19897197492,-57.82604524553,45.));
#1672 = CARTESIAN_POINT('',(-41.08776272077,-57.7257720157,45.));
#1673 = CARTESIAN_POINT('',(-40.98054138397,-57.6218990151,45.));
#1674 = CARTESIAN_POINT('',(-40.73358440615,-57.36500682203,45.));
#1675 = CARTESIAN_POINT('',(-40.59776839288,-57.20880148169,45.));
#1676 = CARTESIAN_POINT('',(-40.47041977363,-57.0467134865,45.));
#1677 = CARTESIAN_POINT('',(-40.35186424561,-56.87944462492,45.));
#1678 = CARTESIAN_POINT('',(-40.24234159814,-56.70773151507,45.));
#1679 = CARTESIAN_POINT('',(-40.14200397609,-56.53233968116,45.));
#1680 = ORIENTED_EDGE('',*,*,#1681,.F.);
#1681 = EDGE_CURVE('',#317,#1635,#1682,.T.);
#1682 = B_SPLINE_CURVE_WITH_KNOTS('',2,(#1683,#1684,#1685,#1686,#1687),
  .UNSPECIFIED.,.F.,.F.,(3,1,1,3),(-0.306,5.781E-14,5.,5.306),
  .UNSPECIFIED.);
#1683 = CARTESIAN_POINT('',(-47.65929325138,-57.91020434067,39.694));
#1684 = CARTESIAN_POINT('',(-47.65929325138,-57.91020434067,39.847));
#1685 = CARTESIAN_POINT('',(-47.65929325138,-57.91020434067,42.5));
#1686 = CARTESIAN_POINT('',(-47.65929325138,-57.91020434067,45.153));
#1687 = CARTESIAN_POINT('',(-47.65929325138,-57.91020434067,45.306));
#1688 = ( BOUNDED_SURFACE() B_SPLINE_SURFACE(2,2,(
    (#1689,#1690,#1691,#1692,#1693)
    ,(#1694,#1695,#1696,#1697,#1698)
    ,(#1699,#1700,#1701,#1702,#1703
)),.UNSPECIFIED.,.F.,.F.,.F.) B_SPLINE_SURFACE_WITH_KNOTS((3,3),(3,1,1,3
    ),(0.,5.),(-0.306,5.781E-14,5.,5.306),.UNSPECIFIED.) 
GEOMETRIC_REPRESENTATION_ITEM() RATIONAL_B_SPLINE_SURFACE((
    (1.,1.,1.,1.,1.)
    ,(0.644917443799,0.644917443799,0.644917443799,0.644917443799
      ,0.644917443799)
,(1.,1.,1.,1.,1.))) REPRESENTATION_ITEM('') SURFACE() );
#1689 = CARTESIAN_POINT('',(-47.65929325138,-57.91020434067,39.694));
#1690 = CARTESIAN_POINT('',(-47.65929325138,-57.91020434067,39.847));
#1691 = CARTESIAN_POINT('',(-47.65929325138,-57.91020434067,42.5));
#1692 = CARTESIAN_POINT('',(-47.65929325138,-57.91020434067,45.153));
#1693 = CARTESIAN_POINT('',(-47.65929325138,-57.91020434067,45.306));
#1694 = CARTESIAN_POINT('',(-43.08423701991,-61.67541202833,39.694));
#1695 = CARTESIAN_POINT('',(-43.08423701991,-61.67541202833,39.847));
#1696 = CARTESIAN_POINT('',(-43.08423701991,-61.67541202833,42.5));
#1697 = CARTESIAN_POINT('',(-43.08423701991,-61.67541202833,45.153));
#1698 = CARTESIAN_POINT('',(-43.08423701991,-61.67541202833,45.306));
#1699 = CARTESIAN_POINT('',(-40.14200397609,-56.53233968116,39.694));
#1700 = CARTESIAN_POINT('',(-40.14200397609,-56.53233968116,39.847));
#1701 = CARTESIAN_POINT('',(-40.14200397609,-56.53233968116,42.5));
#1702 = CARTESIAN_POINT('',(-40.14200397609,-56.53233968116,45.153));
#1703 = CARTESIAN_POINT('',(-40.14200397609,-56.53233968116,45.306));
#1704 = ADVANCED_FACE('',(#1705),#1726,.T.);
#1705 = FACE_BOUND('',#1706,.F.);
#1706 = EDGE_LOOP('',(#1707,#1708,#1709,#1719));
#1707 = ORIENTED_EDGE('',*,*,#1681,.F.);
#1708 = ORIENTED_EDGE('',*,*,#316,.T.);
#1709 = ORIENTED_EDGE('',*,*,#1710,.T.);
#1710 = EDGE_CURVE('',#270,#1711,#1713,.T.);
#1711 = VERTEX_POINT('',#1712);
#1712 = CARTESIAN_POINT('',(-73.98097826087,-12.32131711972,45.));
#1713 = B_SPLINE_CURVE_WITH_KNOTS('',2,(#1714,#1715,#1716,#1717,#1718),
  .UNSPECIFIED.,.F.,.F.,(3,1,1,3),(-0.306,6.625E-14,5.,5.306),
  .UNSPECIFIED.);
#1714 = CARTESIAN_POINT('',(-73.98097826087,-12.32131711972,39.694));
#1715 = CARTESIAN_POINT('',(-73.98097826087,-12.32131711972,39.847));
#1716 = CARTESIAN_POINT('',(-73.98097826087,-12.32131711972,42.5));
#1717 = CARTESIAN_POINT('',(-73.98097826087,-12.32131711972,45.153));
#1718 = CARTESIAN_POINT('',(-73.98097826087,-12.32131711972,45.306));
#1719 = ORIENTED_EDGE('',*,*,#1720,.F.);
#1720 = EDGE_CURVE('',#1635,#1711,#1721,.T.);
#1721 = CIRCLE('',#1722,75.);
#1722 = AXIS2_PLACEMENT_3D('',#1723,#1724,#1725);
#1723 = CARTESIAN_POINT('',(0.,0.,45.));
#1724 = DIRECTION('',(0.,0.,-1.));
#1725 = DIRECTION('',(0.,1.,0.));
#1726 = CYLINDRICAL_SURFACE('',#1727,75.);
#1727 = AXIS2_PLACEMENT_3D('',#1728,#1729,#1730);
#1728 = CARTESIAN_POINT('',(0.,0.,40.));
#1729 = DIRECTION('',(0.,0.,1.));
#1730 = DIRECTION('',(0.,1.,0.));
#1731 = ADVANCED_FACE('',(#1732),#1791,.T.);
#1732 = FACE_BOUND('',#1733,.T.);
#1733 = EDGE_LOOP('',(#1734,#1735,#1736,#1783));
#1734 = ORIENTED_EDGE('',*,*,#269,.T.);
#1735 = ORIENTED_EDGE('',*,*,#1710,.T.);
#1736 = ORIENTED_EDGE('',*,*,#1737,.F.);
#1737 = EDGE_CURVE('',#1738,#1711,#1740,.T.);
#1738 = VERTEX_POINT('',#1739);
#1739 = CARTESIAN_POINT('',(-69.02764650283,-6.499941205186,45.));
#1740 = B_SPLINE_CURVE_WITH_KNOTS('',6,(#1741,#1742,#1743,#1744,#1745,
    #1746,#1747,#1748,#1749,#1750,#1751,#1752,#1753,#1754,#1755,#1756,
    #1757,#1758,#1759,#1760,#1761,#1762,#1763,#1764,#1765,#1766,#1767,
    #1768,#1769,#1770,#1771,#1772,#1773,#1774,#1775,#1776,#1777,#1778,
    #1779,#1780,#1781,#1782),.UNSPECIFIED.,.F.,.F.,(7,5,5,5,5,5,5,5,7),(
    0.,0.144347625826,0.2477732501,0.321369248254,0.5,0.678630751746,
    0.7522267499,0.855652374174,1.),.UNSPECIFIED.);
#1741 = CARTESIAN_POINT('',(-69.02764650283,-6.499941205186,45.));
#1742 = CARTESIAN_POINT('',(-69.22973935685,-6.499081634233,45.));
#1743 = CARTESIAN_POINT('',(-69.43324214286,-6.508018439983,45.));
#1744 = CARTESIAN_POINT('',(-69.6374155574,-6.527002955659,45.));
#1745 = CARTESIAN_POINT('',(-69.84150147616,-6.556196109242,45.));
#1746 = CARTESIAN_POINT('',(-70.04472895481,-6.595666964704,45.));
#1747 = CARTESIAN_POINT('',(-70.39076114738,-6.681018912736,45.));
#1748 = CARTESIAN_POINT('',(-70.53436430307,-6.721910948856,45.));
#1749 = CARTESIAN_POINT('',(-70.67684478015,-6.768058664694,45.));
#1750 = CARTESIAN_POINT('',(-70.81792059215,-6.819430001092,45.));
#1751 = CARTESIAN_POINT('',(-70.9573134871,-6.875969652102,45.));
#1752 = CARTESIAN_POINT('',(-71.19254717007,-6.981453736952,45.));
#1753 = CARTESIAN_POINT('',(-71.28935426996,-7.027885744147,45.));
#1754 = CARTESIAN_POINT('',(-71.3850725857,-7.076866983003,45.));
#1755 = CARTESIAN_POINT('',(-71.47960576959,-7.128363731274,45.));
#1756 = CARTESIAN_POINT('',(-71.5728595917,-7.1823367535,45.));
#1757 = CARTESIAN_POINT('',(-71.88775695885,-7.375645303587,45.));
#1758 = CARTESIAN_POINT('',(-72.10270141936,-7.526879434174,45.));
#1759 = CARTESIAN_POINT('',(-72.30824278014,-7.691796729919,45.));
#1760 = CARTESIAN_POINT('',(-72.50317085334,-7.86957738017,45.));
#1761 = CARTESIAN_POINT('',(-72.68639030271,-8.059253036187,45.));
#1762 = CARTESIAN_POINT('',(-73.02749521034,-8.460134703441,45.));
#1763 = CARTESIAN_POINT('',(-73.18539350227,-8.671355797363,45.));
#1764 = CARTESIAN_POINT('',(-73.32967579875,-8.89223026906,45.));
#1765 = CARTESIAN_POINT('',(-73.45956158931,-9.121521888707,45.));
#1766 = CARTESIAN_POINT('',(-73.57443537211,-9.357904835179,45.));
#1767 = CARTESIAN_POINT('',(-73.71483975193,-9.699687159912,45.));
#1768 = CARTESIAN_POINT('',(-73.75318793173,-9.80037866686,45.));
#1769 = CARTESIAN_POINT('',(-73.78888696492,-9.901936615681,45.));
#1770 = CARTESIAN_POINT('',(-73.82191320707,-10.00426171064,45.));
#1771 = CARTESIAN_POINT('',(-73.8522487949,-10.10725344813,45.));
#1772 = CARTESIAN_POINT('',(-73.91871453084,-10.35633994657,45.));
#1773 = CARTESIAN_POINT('',(-73.95220996122,-10.50298634933,45.));
#1774 = CARTESIAN_POINT('',(-73.98033431987,-10.65046658321,45.));
#1775 = CARTESIAN_POINT('',(-74.00307755873,-10.79849713111,45.));
#1776 = CARTESIAN_POINT('',(-74.02045317455,-10.94679451112,45.));
#1777 = CARTESIAN_POINT('',(-74.04930899462,-11.30202763876,45.));
#1778 = CARTESIAN_POINT('',(-74.05573666661,-11.50895284637,45.));
#1779 = CARTESIAN_POINT('',(-74.05188176425,-11.71508009391,45.));
#1780 = CARTESIAN_POINT('',(-74.03793587913,-11.9196594363,45.));
#1781 = CARTESIAN_POINT('',(-74.01417922974,-12.12196828933,45.));
#1782 = CARTESIAN_POINT('',(-73.98097826087,-12.32131711972,45.));
#1783 = ORIENTED_EDGE('',*,*,#1784,.F.);
#1784 = EDGE_CURVE('',#261,#1738,#1785,.T.);
#1785 = B_SPLINE_CURVE_WITH_KNOTS('',2,(#1786,#1787,#1788,#1789,#1790),
  .UNSPECIFIED.,.F.,.F.,(3,1,1,3),(-0.306,6.625E-14,5.,5.306),
  .UNSPECIFIED.);
#1786 = CARTESIAN_POINT('',(-69.02764650283,-6.499941205186,39.694));
#1787 = CARTESIAN_POINT('',(-69.02764650283,-6.499941205186,39.847));
#1788 = CARTESIAN_POINT('',(-69.02764650283,-6.499941205186,42.5));
#1789 = CARTESIAN_POINT('',(-69.02764650283,-6.499941205186,45.153));
#1790 = CARTESIAN_POINT('',(-69.02764650283,-6.499941205186,45.306));
#1791 = ( BOUNDED_SURFACE() B_SPLINE_SURFACE(2,2,(
    (#1792,#1793,#1794,#1795,#1796)
    ,(#1797,#1798,#1799,#1800,#1801)
    ,(#1802,#1803,#1804,#1805,#1806
)),.UNSPECIFIED.,.F.,.F.,.F.) B_SPLINE_SURFACE_WITH_KNOTS((3,3),(3,1,1,3
    ),(0.,5.),(-0.306,6.625E-14,5.,5.306),.UNSPECIFIED.) 
GEOMETRIC_REPRESENTATION_ITEM() RATIONAL_B_SPLINE_SURFACE((
    (1.,1.,1.,1.,1.)
    ,(0.644795215216,0.644795215216,0.644795215216,0.644795215216
      ,0.644795215216)
,(1.,1.,1.,1.,1.))) REPRESENTATION_ITEM('') SURFACE() );
#1792 = CARTESIAN_POINT('',(-69.02764650283,-6.499941205186,39.694));
#1793 = CARTESIAN_POINT('',(-69.02764650283,-6.499941205186,39.847));
#1794 = CARTESIAN_POINT('',(-69.02764650283,-6.499941205186,42.5));
#1795 = CARTESIAN_POINT('',(-69.02764650283,-6.499941205186,45.153));
#1796 = CARTESIAN_POINT('',(-69.02764650283,-6.499941205186,45.306));
#1797 = CARTESIAN_POINT('',(-74.95471014492,-6.474731349187,39.694));
#1798 = CARTESIAN_POINT('',(-74.95471014492,-6.474731349187,39.847));
#1799 = CARTESIAN_POINT('',(-74.95471014492,-6.474731349187,42.5));
#1800 = CARTESIAN_POINT('',(-74.95471014492,-6.474731349187,45.153));
#1801 = CARTESIAN_POINT('',(-74.95471014492,-6.474731349187,45.306));
#1802 = CARTESIAN_POINT('',(-73.98097826087,-12.32131711972,39.694));
#1803 = CARTESIAN_POINT('',(-73.98097826087,-12.32131711972,39.847));
#1804 = CARTESIAN_POINT('',(-73.98097826087,-12.32131711972,42.5));
#1805 = CARTESIAN_POINT('',(-73.98097826087,-12.32131711972,45.153));
#1806 = CARTESIAN_POINT('',(-73.98097826087,-12.32131711972,45.306));
#1807 = ADVANCED_FACE('',(#1808),#1829,.F.);
#1808 = FACE_BOUND('',#1809,.T.);
#1809 = EDGE_LOOP('',(#1810,#1819,#1827,#1828));
#1810 = ORIENTED_EDGE('',*,*,#1811,.F.);
#1811 = EDGE_CURVE('',#1812,#1738,#1814,.T.);
#1812 = VERTEX_POINT('',#1813);
#1813 = CARTESIAN_POINT('',(-69.02764650283,6.499941205186,45.));
#1814 = CIRCLE('',#1815,6.5);
#1815 = AXIS2_PLACEMENT_3D('',#1816,#1817,#1818);
#1816 = CARTESIAN_POINT('',(-69.,1.532E-14,45.));
#1817 = DIRECTION('',(2.2E-16,0.,-1.));
#1818 = DIRECTION('',(-1.,2.2E-16,-2.2E-16));
#1819 = ORIENTED_EDGE('',*,*,#1820,.F.);
#1820 = EDGE_CURVE('',#214,#1812,#1821,.T.);
#1821 = B_SPLINE_CURVE_WITH_KNOTS('',2,(#1822,#1823,#1824,#1825,#1826),
  .UNSPECIFIED.,.F.,.F.,(3,1,1,3),(-0.306,6.622E-14,5.,5.306),
  .UNSPECIFIED.);
#1822 = CARTESIAN_POINT('',(-69.02764650283,6.499941205186,39.694));
#1823 = CARTESIAN_POINT('',(-69.02764650283,6.499941205186,39.847));
#1824 = CARTESIAN_POINT('',(-69.02764650283,6.499941205186,42.5));
#1825 = CARTESIAN_POINT('',(-69.02764650283,6.499941205186,45.153));
#1826 = CARTESIAN_POINT('',(-69.02764650283,6.499941205186,45.306));
#1827 = ORIENTED_EDGE('',*,*,#260,.F.);
#1828 = ORIENTED_EDGE('',*,*,#1784,.T.);
#1829 = CYLINDRICAL_SURFACE('',#1830,6.5);
#1830 = AXIS2_PLACEMENT_3D('',#1831,#1832,#1833);
#1831 = CARTESIAN_POINT('',(-69.,1.532E-14,45.));
#1832 = DIRECTION('',(-2.2E-16,0.,1.));
#1833 = DIRECTION('',(-1.,2.2E-16,-2.2E-16));
#1834 = ADVANCED_FACE('',(#1835),#1894,.F.);
#1835 = FACE_BOUND('',#1836,.F.);
#1836 = EDGE_LOOP('',(#1837,#1838,#1848,#1893));
#1837 = ORIENTED_EDGE('',*,*,#213,.T.);
#1838 = ORIENTED_EDGE('',*,*,#1839,.T.);
#1839 = EDGE_CURVE('',#205,#1840,#1842,.T.);
#1840 = VERTEX_POINT('',#1841);
#1841 = CARTESIAN_POINT('',(-73.98097826087,12.321317119722,45.));
#1842 = B_SPLINE_CURVE_WITH_KNOTS('',2,(#1843,#1844,#1845,#1846,#1847),
  .UNSPECIFIED.,.F.,.F.,(3,1,1,3),(-0.306,6.622E-14,5.,5.306),
  .UNSPECIFIED.);
#1843 = CARTESIAN_POINT('',(-73.98097826087,12.321317119722,39.694));
#1844 = CARTESIAN_POINT('',(-73.98097826087,12.321317119722,39.847));
#1845 = CARTESIAN_POINT('',(-73.98097826087,12.321317119722,42.5));
#1846 = CARTESIAN_POINT('',(-73.98097826087,12.321317119722,45.153));
#1847 = CARTESIAN_POINT('',(-73.98097826087,12.321317119722,45.306));
#1848 = ORIENTED_EDGE('',*,*,#1849,.F.);
#1849 = EDGE_CURVE('',#1812,#1840,#1850,.T.);
#1850 = B_SPLINE_CURVE_WITH_KNOTS('',6,(#1851,#1852,#1853,#1854,#1855,
    #1856,#1857,#1858,#1859,#1860,#1861,#1862,#1863,#1864,#1865,#1866,
    #1867,#1868,#1869,#1870,#1871,#1872,#1873,#1874,#1875,#1876,#1877,
    #1878,#1879,#1880,#1881,#1882,#1883,#1884,#1885,#1886,#1887,#1888,
    #1889,#1890,#1891,#1892),.UNSPECIFIED.,.F.,.F.,(7,5,5,5,5,5,5,5,7),(
    0.,0.144347625826,0.2477732501,0.321369248254,0.500000000001,
    0.678630751747,0.7522267499,0.855652374174,1.),.UNSPECIFIED.);
#1851 = CARTESIAN_POINT('',(-69.02764650283,6.499941205186,45.));
#1852 = CARTESIAN_POINT('',(-69.22973935685,6.499081634233,45.));
#1853 = CARTESIAN_POINT('',(-69.43324214286,6.508018439983,45.));
#1854 = CARTESIAN_POINT('',(-69.6374155574,6.527002955659,45.));
#1855 = CARTESIAN_POINT('',(-69.84150147616,6.556196109242,45.));
#1856 = CARTESIAN_POINT('',(-70.04472895481,6.595666964704,45.));
#1857 = CARTESIAN_POINT('',(-70.39076114738,6.681018912736,45.));
#1858 = CARTESIAN_POINT('',(-70.53436430307,6.721910948856,45.));
#1859 = CARTESIAN_POINT('',(-70.67684478015,6.768058664694,45.));
#1860 = CARTESIAN_POINT('',(-70.81792059215,6.819430001092,45.));
#1861 = CARTESIAN_POINT('',(-70.9573134871,6.875969652102,45.));
#1862 = CARTESIAN_POINT('',(-71.19254717007,6.981453736952,45.));
#1863 = CARTESIAN_POINT('',(-71.28935426996,7.027885744147,45.));
#1864 = CARTESIAN_POINT('',(-71.3850725857,7.076866983003,45.));
#1865 = CARTESIAN_POINT('',(-71.47960576959,7.128363731274,45.));
#1866 = CARTESIAN_POINT('',(-71.5728595917,7.1823367535,45.));
#1867 = CARTESIAN_POINT('',(-71.88775695885,7.375645303587,45.));
#1868 = CARTESIAN_POINT('',(-72.10270141936,7.526879434175,45.));
#1869 = CARTESIAN_POINT('',(-72.30824278014,7.691796729918,45.));
#1870 = CARTESIAN_POINT('',(-72.50317085334,7.869577380171,45.));
#1871 = CARTESIAN_POINT('',(-72.68639030271,8.059253036187,45.));
#1872 = CARTESIAN_POINT('',(-73.02749521034,8.460134703441,45.));
#1873 = CARTESIAN_POINT('',(-73.18539350227,8.671355797363,45.));
#1874 = CARTESIAN_POINT('',(-73.32967579875,8.892230269059,45.));
#1875 = CARTESIAN_POINT('',(-73.45956158931,9.121521888708,45.));
#1876 = CARTESIAN_POINT('',(-73.57443537211,9.357904835179,45.));
#1877 = CARTESIAN_POINT('',(-73.71483975193,9.699687159912,45.));
#1878 = CARTESIAN_POINT('',(-73.75318793173,9.80037866686,45.));
#1879 = CARTESIAN_POINT('',(-73.78888696492,9.901936615681,45.));
#1880 = CARTESIAN_POINT('',(-73.82191320707,10.00426171064,45.));
#1881 = CARTESIAN_POINT('',(-73.8522487949,10.107253448132,45.));
#1882 = CARTESIAN_POINT('',(-73.91871453084,10.356339946577,45.));
#1883 = CARTESIAN_POINT('',(-73.95220996122,10.502986349339,45.));
#1884 = CARTESIAN_POINT('',(-73.98033431987,10.650466583214,45.));
#1885 = CARTESIAN_POINT('',(-74.00307755873,10.798497131113,45.));
#1886 = CARTESIAN_POINT('',(-74.02045317455,10.946794511125,45.));
#1887 = CARTESIAN_POINT('',(-74.04930899462,11.302027638767,45.));
#1888 = CARTESIAN_POINT('',(-74.05573666661,11.508952846375,45.));
#1889 = CARTESIAN_POINT('',(-74.05188176425,11.715080093912,45.));
#1890 = CARTESIAN_POINT('',(-74.03793587913,11.919659436301,45.));
#1891 = CARTESIAN_POINT('',(-74.01417922974,12.121968289338,45.));
#1892 = CARTESIAN_POINT('',(-73.98097826087,12.321317119722,45.));
#1893 = ORIENTED_EDGE('',*,*,#1820,.F.);
#1894 = ( BOUNDED_SURFACE() B_SPLINE_SURFACE(2,2,(
    (#1895,#1896,#1897,#1898,#1899)
    ,(#1900,#1901,#1902,#1903,#1904)
    ,(#1905,#1906,#1907,#1908,#1909
)),.UNSPECIFIED.,.F.,.F.,.F.) B_SPLINE_SURFACE_WITH_KNOTS((3,3),(3,1,1,3
    ),(0.,5.),(-0.306,6.622E-14,5.,5.306),.UNSPECIFIED.) 
GEOMETRIC_REPRESENTATION_ITEM() RATIONAL_B_SPLINE_SURFACE((
    (1.,1.,1.,1.,1.)
    ,(0.644795215216,0.644795215216,0.644795215216,0.644795215216
      ,0.644795215216)
,(1.,1.,1.,1.,1.))) REPRESENTATION_ITEM('') SURFACE() );
#1895 = CARTESIAN_POINT('',(-69.02764650283,6.499941205186,39.694));
#1896 = CARTESIAN_POINT('',(-69.02764650283,6.499941205186,39.847));
#1897 = CARTESIAN_POINT('',(-69.02764650283,6.499941205186,42.5));
#1898 = CARTESIAN_POINT('',(-69.02764650283,6.499941205186,45.153));
#1899 = CARTESIAN_POINT('',(-69.02764650283,6.499941205186,45.306));
#1900 = CARTESIAN_POINT('',(-74.95471014492,6.474731349187,39.694));
#1901 = CARTESIAN_POINT('',(-74.95471014492,6.474731349187,39.847));
#1902 = CARTESIAN_POINT('',(-74.95471014492,6.474731349187,42.5));
#1903 = CARTESIAN_POINT('',(-74.95471014492,6.474731349187,45.153));
#1904 = CARTESIAN_POINT('',(-74.95471014492,6.474731349187,45.306));
#1905 = CARTESIAN_POINT('',(-73.98097826087,12.321317119722,39.694));
#1906 = CARTESIAN_POINT('',(-73.98097826087,12.321317119722,39.847));
#1907 = CARTESIAN_POINT('',(-73.98097826087,12.321317119722,42.5));
#1908 = CARTESIAN_POINT('',(-73.98097826087,12.321317119722,45.153));
#1909 = CARTESIAN_POINT('',(-73.98097826087,12.321317119722,45.306));
#1910 = ADVANCED_FACE('',(#1911),#1932,.T.);
#1911 = FACE_BOUND('',#1912,.F.);
#1912 = EDGE_LOOP('',(#1913,#1914,#1915,#1925));
#1913 = ORIENTED_EDGE('',*,*,#1839,.F.);
#1914 = ORIENTED_EDGE('',*,*,#204,.T.);
#1915 = ORIENTED_EDGE('',*,*,#1916,.T.);
#1916 = EDGE_CURVE('',#158,#1917,#1919,.T.);
#1917 = VERTEX_POINT('',#1918);
#1918 = CARTESIAN_POINT('',(-47.65929325138,57.910204340675,45.));
#1919 = B_SPLINE_CURVE_WITH_KNOTS('',2,(#1920,#1921,#1922,#1923,#1924),
  .UNSPECIFIED.,.F.,.F.,(3,1,1,3),(-0.306,5.781E-14,5.,5.306),
  .UNSPECIFIED.);
#1920 = CARTESIAN_POINT('',(-47.65929325138,57.910204340675,39.694));
#1921 = CARTESIAN_POINT('',(-47.65929325138,57.910204340675,39.847));
#1922 = CARTESIAN_POINT('',(-47.65929325138,57.910204340675,42.5));
#1923 = CARTESIAN_POINT('',(-47.65929325138,57.910204340675,45.153));
#1924 = CARTESIAN_POINT('',(-47.65929325138,57.910204340675,45.306));
#1925 = ORIENTED_EDGE('',*,*,#1926,.F.);
#1926 = EDGE_CURVE('',#1840,#1917,#1927,.T.);
#1927 = CIRCLE('',#1928,75.);
#1928 = AXIS2_PLACEMENT_3D('',#1929,#1930,#1931);
#1929 = CARTESIAN_POINT('',(0.,0.,45.));
#1930 = DIRECTION('',(0.,0.,-1.));
#1931 = DIRECTION('',(0.,1.,0.));
#1932 = CYLINDRICAL_SURFACE('',#1933,75.);
#1933 = AXIS2_PLACEMENT_3D('',#1934,#1935,#1936);
#1934 = CARTESIAN_POINT('',(0.,0.,40.));
#1935 = DIRECTION('',(0.,0.,1.));
#1936 = DIRECTION('',(0.,1.,0.));
#1937 = ADVANCED_FACE('',(#1938),#1997,.F.);
#1938 = FACE_BOUND('',#1939,.F.);
#1939 = EDGE_LOOP('',(#1940,#1941,#1951,#1996));
#1940 = ORIENTED_EDGE('',*,*,#157,.T.);
#1941 = ORIENTED_EDGE('',*,*,#1942,.T.);
#1942 = EDGE_CURVE('',#149,#1943,#1945,.T.);
#1943 = VERTEX_POINT('',#1944);
#1944 = CARTESIAN_POINT('',(-40.14200397609,56.532339681168,45.));
#1945 = B_SPLINE_CURVE_WITH_KNOTS('',2,(#1946,#1947,#1948,#1949,#1950),
  .UNSPECIFIED.,.F.,.F.,(3,1,1,3),(-0.306,5.781E-14,5.,5.306),
  .UNSPECIFIED.);
#1946 = CARTESIAN_POINT('',(-40.14200397609,56.532339681168,39.694));
#1947 = CARTESIAN_POINT('',(-40.14200397609,56.532339681168,39.847));
#1948 = CARTESIAN_POINT('',(-40.14200397609,56.532339681168,42.5));
#1949 = CARTESIAN_POINT('',(-40.14200397609,56.532339681168,45.153));
#1950 = CARTESIAN_POINT('',(-40.14200397609,56.532339681168,45.306));
#1951 = ORIENTED_EDGE('',*,*,#1952,.F.);
#1952 = EDGE_CURVE('',#1917,#1943,#1953,.T.);
#1953 = B_SPLINE_CURVE_WITH_KNOTS('',6,(#1954,#1955,#1956,#1957,#1958,
    #1959,#1960,#1961,#1962,#1963,#1964,#1965,#1966,#1967,#1968,#1969,
    #1970,#1971,#1972,#1973,#1974,#1975,#1976,#1977,#1978,#1979,#1980,
    #1981,#1982,#1983,#1984,#1985,#1986,#1987,#1988,#1989,#1990,#1991,
    #1992,#1993,#1994,#1995),.UNSPECIFIED.,.F.,.F.,(7,5,5,5,5,5,5,5,7),(
    0.,0.144351649687,0.247777648908,0.321372932161,0.5,0.678627067839,
    0.752222351092,0.855648350313,1.),.UNSPECIFIED.);
#1954 = CARTESIAN_POINT('',(-47.65929325138,57.910204340675,45.));
#1955 = CARTESIAN_POINT('',(-47.50327221016,58.03860748899,45.));
#1956 = CARTESIAN_POINT('',(-47.33996798041,58.160313408945,45.));
#1957 = CARTESIAN_POINT('',(-47.16979432475,58.274660303073,45.));
#1958 = CARTESIAN_POINT('',(-46.99323670046,58.381044485691,45.));
#1959 = CARTESIAN_POINT('',(-46.81084853495,58.478925305537,45.));
#1960 = CARTESIAN_POINT('',(-46.48883390489,58.63152912522,45.));
#1961 = CARTESIAN_POINT('',(-46.35174222839,58.690621320596,45.));
#1962 = CARTESIAN_POINT('',(-46.21219861325,58.744933366251,45.));
#1963 = CARTESIAN_POINT('',(-46.07044168628,58.794311906254,45.));
#1964 = CARTESIAN_POINT('',(-45.92672187038,58.8386239436,45.));
#1965 = CARTESIAN_POINT('',(-45.67782272416,58.905603533942,45.));
#1966 = CARTESIAN_POINT('',(-45.57348284897,58.930827750935,45.));
#1967 = CARTESIAN_POINT('',(-45.46837514136,58.953389543502,45.));
#1968 = CARTESIAN_POINT('',(-45.36259551652,58.973254143907,45.));
#1969 = CARTESIAN_POINT('',(-45.25624173326,58.990392390949,45.));
#1970 = CARTESIAN_POINT('',(-44.89012458973,59.039703440957,45.));
#1971 = CARTESIAN_POINT('',(-44.62802963213,59.058427697902,45.));
#1972 = CARTESIAN_POINT('',(-44.36456911791,59.060612455265,45.));
#1973 = CARTESIAN_POINT('',(-44.10119812911,59.046127781681,45.));
#1974 = CARTESIAN_POINT('',(-43.83937667962,59.015031313246,45.));
#1975 = CARTESIAN_POINT('',(-43.3217448598,58.920153151046,45.));
#1976 = CARTESIAN_POINT('',(-43.0659150291,58.856367890335,45.));
#1977 = CARTESIAN_POINT('',(-42.81452809641,58.776501166463,45.));
#1978 = CARTESIAN_POINT('',(-42.5689696042,58.681016913191,45.));
#1979 = CARTESIAN_POINT('',(-42.33055395917,58.570552689108,45.));
#1980 = CARTESIAN_POINT('',(-42.00572666307,58.394596529382,45.));
#1981 = CARTESIAN_POINT('',(-41.9123651932,58.340851923431,45.));
#1982 = CARTESIAN_POINT('',(-41.82050751218,58.284761836793,45.));
#1983 = CARTESIAN_POINT('',(-41.73023468108,58.226388207061,45.));
#1984 = CARTESIAN_POINT('',(-41.64162404872,58.16579756001,45.));
#1985 = CARTESIAN_POINT('',(-41.43266109207,58.014895163537,45.));
#1986 = CARTESIAN_POINT('',(-41.31400042311,57.92249068433,45.));
#1987 = CARTESIAN_POINT('',(-41.19897197492,57.826045245535,45.));
#1988 = CARTESIAN_POINT('',(-41.08776272077,57.725772015705,45.));
#1989 = CARTESIAN_POINT('',(-40.98054138397,57.6218990151,45.));
#1990 = CARTESIAN_POINT('',(-40.73358440615,57.365006822036,45.));
#1991 = CARTESIAN_POINT('',(-40.59776839288,57.208801481691,45.));
#1992 = CARTESIAN_POINT('',(-40.47041977363,57.046713486509,45.));
#1993 = CARTESIAN_POINT('',(-40.35186424561,56.879444624928,45.));
#1994 = CARTESIAN_POINT('',(-40.24234159814,56.707731515076,45.));
#1995 = CARTESIAN_POINT('',(-40.14200397609,56.532339681168,45.));
#1996 = ORIENTED_EDGE('',*,*,#1916,.F.);
#1997 = ( BOUNDED_SURFACE() B_SPLINE_SURFACE(2,2,(
    (#1998,#1999,#2000,#2001,#2002)
    ,(#2003,#2004,#2005,#2006,#2007)
    ,(#2008,#2009,#2010,#2011,#2012
)),.UNSPECIFIED.,.F.,.F.,.F.) B_SPLINE_SURFACE_WITH_KNOTS((3,3),(3,1,1,3
    ),(0.,5.),(-0.306,5.781E-14,5.,5.306),.UNSPECIFIED.) 
GEOMETRIC_REPRESENTATION_ITEM() RATIONAL_B_SPLINE_SURFACE((
    (1.,1.,1.,1.,1.)
    ,(0.644917443799,0.644917443799,0.644917443799,0.644917443799
      ,0.644917443799)
,(1.,1.,1.,1.,1.))) REPRESENTATION_ITEM('') SURFACE() );
#1998 = CARTESIAN_POINT('',(-47.65929325138,57.910204340675,39.694));
#1999 = CARTESIAN_POINT('',(-47.65929325138,57.910204340675,39.847));
#2000 = CARTESIAN_POINT('',(-47.65929325138,57.910204340675,42.5));
#2001 = CARTESIAN_POINT('',(-47.65929325138,57.910204340675,45.153));
#2002 = CARTESIAN_POINT('',(-47.65929325138,57.910204340675,45.306));
#2003 = CARTESIAN_POINT('',(-43.08423701991,61.675412028331,39.694));
#2004 = CARTESIAN_POINT('',(-43.08423701991,61.675412028331,39.847));
#2005 = CARTESIAN_POINT('',(-43.08423701991,61.675412028331,42.5));
#2006 = CARTESIAN_POINT('',(-43.08423701991,61.675412028331,45.153));
#2007 = CARTESIAN_POINT('',(-43.08423701991,61.675412028331,45.306));
#2008 = CARTESIAN_POINT('',(-40.14200397609,56.532339681168,39.694));
#2009 = CARTESIAN_POINT('',(-40.14200397609,56.532339681168,39.847));
#2010 = CARTESIAN_POINT('',(-40.14200397609,56.532339681168,42.5));
#2011 = CARTESIAN_POINT('',(-40.14200397609,56.532339681168,45.153));
#2012 = CARTESIAN_POINT('',(-40.14200397609,56.532339681168,45.306));
#2013 = ADVANCED_FACE('',(#2014),#2035,.F.);
#2014 = FACE_BOUND('',#2015,.F.);
#2015 = EDGE_LOOP('',(#2016,#2025,#2026,#2027));
#2016 = ORIENTED_EDGE('',*,*,#2017,.F.);
#2017 = EDGE_CURVE('',#1943,#2018,#2020,.T.);
#2018 = VERTEX_POINT('',#2019);
#2019 = CARTESIAN_POINT('',(-28.88356078411,63.03194292955,45.));
#2020 = CIRCLE('',#2021,6.5);
#2021 = AXIS2_PLACEMENT_3D('',#2022,#2023,#2024);
#2022 = CARTESIAN_POINT('',(-34.5,59.76,45.));
#2023 = DIRECTION('',(0.,0.,1.));
#2024 = DIRECTION('',(-1.,0.,0.));
#2025 = ORIENTED_EDGE('',*,*,#1942,.F.);
#2026 = ORIENTED_EDGE('',*,*,#148,.T.);
#2027 = ORIENTED_EDGE('',*,*,#2028,.T.);
#2028 = EDGE_CURVE('',#102,#2018,#2029,.T.);
#2029 = B_SPLINE_CURVE_WITH_KNOTS('',2,(#2030,#2031,#2032,#2033,#2034),
  .UNSPECIFIED.,.F.,.F.,(3,1,1,3),(-0.306,4.629E-14,5.,5.306),
  .UNSPECIFIED.);
#2030 = CARTESIAN_POINT('',(-28.88356078411,63.03194292955,39.694));
#2031 = CARTESIAN_POINT('',(-28.88356078411,63.03194292955,39.847));
#2032 = CARTESIAN_POINT('',(-28.88356078411,63.03194292955,42.5));
#2033 = CARTESIAN_POINT('',(-28.88356078411,63.03194292955,45.153));
#2034 = CARTESIAN_POINT('',(-28.88356078411,63.03194292955,45.306));
#2035 = CYLINDRICAL_SURFACE('',#2036,6.5);
#2036 = AXIS2_PLACEMENT_3D('',#2037,#2038,#2039);
#2037 = CARTESIAN_POINT('',(-34.5,59.76,45.));
#2038 = DIRECTION('',(0.,0.,1.));
#2039 = DIRECTION('',(-1.,0.,0.));
#2040 = ADVANCED_FACE('',(#2041),#2091,.T.);
#2041 = FACE_BOUND('',#2042,.T.);
#2042 = EDGE_LOOP('',(#2043,#2044,#2045,#2090));
#2043 = ORIENTED_EDGE('',*,*,#101,.T.);
#2044 = ORIENTED_EDGE('',*,*,#2028,.T.);
#2045 = ORIENTED_EDGE('',*,*,#2046,.F.);
#2046 = EDGE_CURVE('',#866,#2018,#2047,.T.);
#2047 = B_SPLINE_CURVE_WITH_KNOTS('',6,(#2048,#2049,#2050,#2051,#2052,
    #2053,#2054,#2055,#2056,#2057,#2058,#2059,#2060,#2061,#2062,#2063,
    #2064,#2065,#2066,#2067,#2068,#2069,#2070,#2071,#2072,#2073,#2074,
    #2075,#2076,#2077,#2078,#2079,#2080,#2081,#2082,#2083,#2084,#2085,
    #2086,#2087,#2088,#2089),.UNSPECIFIED.,.F.,.F.,(7,5,5,5,5,5,5,5,7),(
    0.,0.144351649687,0.247777648907,0.32137293216,0.5,0.678627067839,
    0.752222351092,0.855648350313,1.),.UNSPECIFIED.);
#2048 = CARTESIAN_POINT('',(-26.317738849,70.230880827993,45.));
#2049 = CARTESIAN_POINT('',(-26.50695412249,70.159975862891,45.));
#2050 = CARTESIAN_POINT('',(-26.69401161469,70.079414724499,45.));
#2051 = CARTESIAN_POINT('',(-26.87813130917,69.989224795,45.));
#2052 = CARTESIAN_POINT('',(-27.05854766286,69.889524602778,45.));
#2053 = CARTESIAN_POINT('',(-27.23451573146,69.780523058554,45.));
#2054 = CARTESIAN_POINT('',(-27.52769429862,69.577970162976,45.));
#2055 = CARTESIAN_POINT('',(-27.64742096791,69.488798755111,45.));
#2056 = CARTESIAN_POINT('',(-27.76423415324,69.395113651899,45.));
#2057 = CARTESIAN_POINT('',(-27.87788172307,69.297044816741,45.));
#2058 = CARTESIAN_POINT('',(-27.98812327791,69.194742608933,45.));
#2059 = CARTESIAN_POINT('',(-28.17059008334,69.012690650882,45.));
#2060 = CARTESIAN_POINT('',(-28.2446096189,68.934946332555,45.));
#2061 = CARTESIAN_POINT('',(-28.31670746635,68.855205721345,45.));
#2062 = CARTESIAN_POINT('',(-28.38680555431,68.773534493575,45.));
#2063 = CARTESIAN_POINT('',(-28.45482974472,68.690002725702,45.));
#2064 = CARTESIAN_POINT('',(-28.6806109358,68.397605399805,45.));
#2065 = CARTESIAN_POINT('',(-28.82788749082,68.179995701169,45.));
#2066 = CARTESIAN_POINT('',(-28.96152377916,67.952932806448,45.));
#2067 = CARTESIAN_POINT('',(-29.08067966237,67.717611836274,45.));
#2068 = CARTESIAN_POINT('',(-29.18467496824,67.475325975937,45.));
#2069 = CARTESIAN_POINT('',(-29.36135449047,66.979615462661,45.));
#2070 = CARTESIAN_POINT('',(-29.43404534909,66.726172173472,45.));
#2071 = CARTESIAN_POINT('',(-29.49058806119,66.468534821334,45.));
#2072 = CARTESIAN_POINT('',(-29.53069154583,66.208135270183,45.));
#2073 = CARTESIAN_POINT('',(-29.55425065191,65.946430602436,45.));
#2074 = CARTESIAN_POINT('',(-29.56430452506,65.577144450417,45.));
#2075 = CARTESIAN_POINT('',(-29.56444769638,65.469418751412,45.));
#2076 = CARTESIAN_POINT('',(-29.56180771945,65.361822460104,45.));
#2077 = CARTESIAN_POINT('',(-29.55639769704,65.254456747045,45.));
#2078 = CARTESIAN_POINT('',(-29.54823656156,65.147421862336,45.));
#2079 = CARTESIAN_POINT('',(-29.52204851351,64.891001822845,45.));
#2080 = CARTESIAN_POINT('',(-29.50136339035,64.742035156052,45.));
#2081 = CARTESIAN_POINT('',(-29.47536251391,64.594193277745,45.));
#2082 = CARTESIAN_POINT('',(-29.44413699041,64.447744701404,45.));
#2083 = CARTESIAN_POINT('',(-29.40779991351,64.302949562803,45.));
#2084 = CARTESIAN_POINT('',(-29.30882430681,63.960626357294,45.));
#2085 = CARTESIAN_POINT('',(-29.24146656726,63.764899423193,45.));
#2086 = CARTESIAN_POINT('',(-29.16478033188,63.573563565834,45.));
#2087 = CARTESIAN_POINT('',(-29.07921047972,63.387251768889,45.));
#2088 = CARTESIAN_POINT('',(-28.9852750107,63.20654003694,45.));
#2089 = CARTESIAN_POINT('',(-28.88356078411,63.03194292955,45.));
#2090 = ORIENTED_EDGE('',*,*,#865,.F.);
#2091 = ( BOUNDED_SURFACE() B_SPLINE_SURFACE(2,2,(
    (#2092,#2093,#2094,#2095,#2096)
    ,(#2097,#2098,#2099,#2100,#2101)
    ,(#2102,#2103,#2104,#2105,#2106
)),.UNSPECIFIED.,.F.,.F.,.F.) B_SPLINE_SURFACE_WITH_KNOTS((3,3),(3,1,1,3
    ),(0.,5.),(-0.306,4.629E-14,5.,5.306),.UNSPECIFIED.) 
GEOMETRIC_REPRESENTATION_ITEM() RATIONAL_B_SPLINE_SURFACE((
    (1.,1.,1.,1.,1.)
    ,(0.644917443799,0.644917443799,0.644917443799,0.644917443799
      ,0.644917443799)
,(1.,1.,1.,1.,1.))) REPRESENTATION_ITEM('') SURFACE() );
#2092 = CARTESIAN_POINT('',(-26.317738849,70.230880827993,39.694));
#2093 = CARTESIAN_POINT('',(-26.317738849,70.230880827993,39.847));
#2094 = CARTESIAN_POINT('',(-26.317738849,70.230880827993,42.5));
#2095 = CARTESIAN_POINT('',(-26.317738849,70.230880827993,45.153));
#2096 = CARTESIAN_POINT('',(-26.317738849,70.230880827993,45.306));
#2097 = CARTESIAN_POINT('',(-31.86616045503,68.151711250019,39.694));
#2098 = CARTESIAN_POINT('',(-31.86616045503,68.151711250019,39.847));
#2099 = CARTESIAN_POINT('',(-31.86616045503,68.151711250019,42.5));
#2100 = CARTESIAN_POINT('',(-31.86616045503,68.151711250019,45.153));
#2101 = CARTESIAN_POINT('',(-31.86616045503,68.151711250019,45.306));
#2102 = CARTESIAN_POINT('',(-28.88356078411,63.03194292955,39.694));
#2103 = CARTESIAN_POINT('',(-28.88356078411,63.03194292955,39.847));
#2104 = CARTESIAN_POINT('',(-28.88356078411,63.03194292955,42.5));
#2105 = CARTESIAN_POINT('',(-28.88356078411,63.03194292955,45.153));
#2106 = CARTESIAN_POINT('',(-28.88356078411,63.03194292955,45.306));
#2107 = ADVANCED_FACE('',(#2108),#2127,.F.);
#2108 = FACE_BOUND('',#2109,.T.);
#2109 = EDGE_LOOP('',(#2110,#2119,#2125,#2126));
#2110 = ORIENTED_EDGE('',*,*,#2111,.F.);
#2111 = EDGE_CURVE('',#2112,#2112,#2114,.T.);
#2112 = VERTEX_POINT('',#2113);
#2113 = CARTESIAN_POINT('',(-62.76,34.5,45.));
#2114 = CIRCLE('',#2115,3.);
#2115 = AXIS2_PLACEMENT_3D('',#2116,#2117,#2118);
#2116 = CARTESIAN_POINT('',(-59.76,34.5,45.));
#2117 = DIRECTION('',(2.2E-16,0.,-1.));
#2118 = DIRECTION('',(-1.,2.2E-16,-2.2E-16));
#2119 = ORIENTED_EDGE('',*,*,#2120,.T.);
#2120 = EDGE_CURVE('',#2112,#765,#2121,.T.);
#2121 = LINE('',#2122,#2123);
#2122 = CARTESIAN_POINT('',(-62.76,34.5,45.));
#2123 = VECTOR('',#2124,1.);
#2124 = DIRECTION('',(2.2E-16,0.,-1.));
#2125 = ORIENTED_EDGE('',*,*,#764,.F.);
#2126 = ORIENTED_EDGE('',*,*,#2120,.F.);
#2127 = CYLINDRICAL_SURFACE('',#2128,3.);
#2128 = AXIS2_PLACEMENT_3D('',#2129,#2130,#2131);
#2129 = CARTESIAN_POINT('',(-59.76,34.5,45.));
#2130 = DIRECTION('',(-2.2E-16,0.,1.));
#2131 = DIRECTION('',(-1.,2.2E-16,-2.2E-16));
#2132 = ADVANCED_FACE('',(#2133),#2152,.F.);
#2133 = FACE_BOUND('',#2134,.F.);
#2134 = EDGE_LOOP('',(#2135,#2144,#2150,#2151));
#2135 = ORIENTED_EDGE('',*,*,#2136,.F.);
#2136 = EDGE_CURVE('',#2137,#2137,#2139,.T.);
#2137 = VERTEX_POINT('',#2138);
#2138 = CARTESIAN_POINT('',(-62.76,-34.5,45.));
#2139 = CIRCLE('',#2140,3.);
#2140 = AXIS2_PLACEMENT_3D('',#2141,#2142,#2143);
#2141 = CARTESIAN_POINT('',(-59.76,-34.5,45.));
#2142 = DIRECTION('',(0.,0.,1.));
#2143 = DIRECTION('',(-1.,0.,0.));
#2144 = ORIENTED_EDGE('',*,*,#2145,.T.);
#2145 = EDGE_CURVE('',#2137,#776,#2146,.T.);
#2146 = LINE('',#2147,#2148);
#2147 = CARTESIAN_POINT('',(-62.76,-34.5,45.));
#2148 = VECTOR('',#2149,1.);
#2149 = DIRECTION('',(0.,0.,-1.));
#2150 = ORIENTED_EDGE('',*,*,#775,.T.);
#2151 = ORIENTED_EDGE('',*,*,#2145,.F.);
#2152 = CYLINDRICAL_SURFACE('',#2153,3.);
#2153 = AXIS2_PLACEMENT_3D('',#2154,#2155,#2156);
#2154 = CARTESIAN_POINT('',(-59.76,-34.5,45.));
#2155 = DIRECTION('',(0.,0.,1.));
#2156 = DIRECTION('',(-1.,0.,0.));
#2157 = ADVANCED_FACE('',(#2158),#2186,.F.);
#2158 = FACE_BOUND('',#2159,.T.);
#2159 = EDGE_LOOP('',(#2160,#2161,#2168,#2177,#2184,#2185));
#2160 = ORIENTED_EDGE('',*,*,#797,.F.);
#2161 = ORIENTED_EDGE('',*,*,#2162,.T.);
#2162 = EDGE_CURVE('',#789,#2163,#2165,.T.);
#2163 = VERTEX_POINT('',#2164);
#2164 = CARTESIAN_POINT('',(3.,-69.,45.));
#2165 = B_SPLINE_CURVE_WITH_KNOTS('',1,(#2166,#2167),.UNSPECIFIED.,.F.,
  .F.,(2,2),(-5.,0.),.PIECEWISE_BEZIER_KNOTS.);
#2166 = CARTESIAN_POINT('',(3.,-69.,40.));
#2167 = CARTESIAN_POINT('',(3.,-69.,45.));
#2168 = ORIENTED_EDGE('',*,*,#2169,.F.);
#2169 = EDGE_CURVE('',#2170,#2163,#2172,.T.);
#2170 = VERTEX_POINT('',#2171);
#2171 = CARTESIAN_POINT('',(-3.,-69.,45.));
#2172 = CIRCLE('',#2173,3.);
#2173 = AXIS2_PLACEMENT_3D('',#2174,#2175,#2176);
#2174 = CARTESIAN_POINT('',(0.,-69.,45.));
#2175 = DIRECTION('',(0.,4.4E-16,-1.));
#2176 = DIRECTION('',(1.,0.,0.));
#2177 = ORIENTED_EDGE('',*,*,#2178,.F.);
#2178 = EDGE_CURVE('',#2163,#2170,#2179,.T.);
#2179 = CIRCLE('',#2180,3.);
#2180 = AXIS2_PLACEMENT_3D('',#2181,#2182,#2183);
#2181 = CARTESIAN_POINT('',(0.,-69.,45.));
#2182 = DIRECTION('',(0.,4.4E-16,-1.));
#2183 = DIRECTION('',(1.,0.,0.));
#2184 = ORIENTED_EDGE('',*,*,#2162,.F.);
#2185 = ORIENTED_EDGE('',*,*,#786,.F.);
#2186 = CYLINDRICAL_SURFACE('',#2187,3.);
#2187 = AXIS2_PLACEMENT_3D('',#2188,#2189,#2190);
#2188 = CARTESIAN_POINT('',(0.,-69.,45.));
#2189 = DIRECTION('',(0.,-4.4E-16,1.));
#2190 = DIRECTION('',(1.,0.,0.));
#2191 = ADVANCED_FACE('',(#2192),#2220,.F.);
#2192 = FACE_BOUND('',#2193,.F.);
#2193 = EDGE_LOOP('',(#2194,#2205,#2210,#2211,#2212,#2213));
#2194 = ORIENTED_EDGE('',*,*,#2195,.F.);
#2195 = EDGE_CURVE('',#2196,#2198,#2200,.T.);
#2196 = VERTEX_POINT('',#2197);
#2197 = CARTESIAN_POINT('',(3.,69.,45.));
#2198 = VERTEX_POINT('',#2199);
#2199 = CARTESIAN_POINT('',(-3.,69.,45.));
#2200 = CIRCLE('',#2201,3.);
#2201 = AXIS2_PLACEMENT_3D('',#2202,#2203,#2204);
#2202 = CARTESIAN_POINT('',(0.,69.,45.));
#2203 = DIRECTION('',(0.,0.,1.));
#2204 = DIRECTION('',(1.,0.,0.));
#2205 = ORIENTED_EDGE('',*,*,#2206,.F.);
#2206 = EDGE_CURVE('',#807,#2196,#2207,.T.);
#2207 = B_SPLINE_CURVE_WITH_KNOTS('',1,(#2208,#2209),.UNSPECIFIED.,.F.,
  .F.,(2,2),(-5.,0.),.PIECEWISE_BEZIER_KNOTS.);
#2208 = CARTESIAN_POINT('',(3.,69.,40.));
#2209 = CARTESIAN_POINT('',(3.,69.,45.));
#2210 = ORIENTED_EDGE('',*,*,#806,.T.);
#2211 = ORIENTED_EDGE('',*,*,#817,.T.);
#2212 = ORIENTED_EDGE('',*,*,#2206,.T.);
#2213 = ORIENTED_EDGE('',*,*,#2214,.F.);
#2214 = EDGE_CURVE('',#2198,#2196,#2215,.T.);
#2215 = CIRCLE('',#2216,3.);
#2216 = AXIS2_PLACEMENT_3D('',#2217,#2218,#2219);
#2217 = CARTESIAN_POINT('',(0.,69.,45.));
#2218 = DIRECTION('',(0.,0.,1.));
#2219 = DIRECTION('',(1.,0.,0.));
#2220 = CYLINDRICAL_SURFACE('',#2221,3.);
#2221 = AXIS2_PLACEMENT_3D('',#2222,#2223,#2224);
#2222 = CARTESIAN_POINT('',(0.,69.,45.));
#2223 = DIRECTION('',(0.,0.,1.));
#2224 = DIRECTION('',(1.,0.,0.));
#2225 = ADVANCED_FACE('',(#2226),#2245,.F.);
#2226 = FACE_BOUND('',#2227,.F.);
#2227 = EDGE_LOOP('',(#2228,#2237,#2243,#2244));
#2228 = ORIENTED_EDGE('',*,*,#2229,.F.);
#2229 = EDGE_CURVE('',#2230,#2230,#2232,.T.);
#2230 = VERTEX_POINT('',#2231);
#2231 = CARTESIAN_POINT('',(62.76,34.5,45.));
#2232 = CIRCLE('',#2233,3.);
#2233 = AXIS2_PLACEMENT_3D('',#2234,#2235,#2236);
#2234 = CARTESIAN_POINT('',(59.76,34.5,45.));
#2235 = DIRECTION('',(0.,0.,1.));
#2236 = DIRECTION('',(1.,0.,0.));
#2237 = ORIENTED_EDGE('',*,*,#2238,.T.);
#2238 = EDGE_CURVE('',#2230,#827,#2239,.T.);
#2239 = LINE('',#2240,#2241);
#2240 = CARTESIAN_POINT('',(62.76,34.5,45.));
#2241 = VECTOR('',#2242,1.);
#2242 = DIRECTION('',(-0.,-0.,-1.));
#2243 = ORIENTED_EDGE('',*,*,#826,.T.);
#2244 = ORIENTED_EDGE('',*,*,#2238,.F.);
#2245 = CYLINDRICAL_SURFACE('',#2246,3.);
#2246 = AXIS2_PLACEMENT_3D('',#2247,#2248,#2249);
#2247 = CARTESIAN_POINT('',(59.76,34.5,45.));
#2248 = DIRECTION('',(0.,0.,1.));
#2249 = DIRECTION('',(1.,0.,0.));
#2250 = ADVANCED_FACE('',(#2251),#2270,.T.);
#2251 = FACE_BOUND('',#2252,.F.);
#2252 = EDGE_LOOP('',(#2253,#2262,#2268,#2269));
#2253 = ORIENTED_EDGE('',*,*,#2254,.T.);
#2254 = EDGE_CURVE('',#2255,#2255,#2257,.T.);
#2255 = VERTEX_POINT('',#2256);
#2256 = CARTESIAN_POINT('',(0.,61.5,10.));
#2257 = CIRCLE('',#2258,61.5);
#2258 = AXIS2_PLACEMENT_3D('',#2259,#2260,#2261);
#2259 = CARTESIAN_POINT('',(0.,0.,10.));
#2260 = DIRECTION('',(0.,0.,-1.));
#2261 = DIRECTION('',(0.,1.,0.));
#2262 = ORIENTED_EDGE('',*,*,#2263,.T.);
#2263 = EDGE_CURVE('',#2255,#838,#2264,.T.);
#2264 = LINE('',#2265,#2266);
#2265 = CARTESIAN_POINT('',(0.,61.5,10.));
#2266 = VECTOR('',#2267,1.);
#2267 = DIRECTION('',(0.,0.,1.));
#2268 = ORIENTED_EDGE('',*,*,#837,.F.);
#2269 = ORIENTED_EDGE('',*,*,#2263,.F.);
#2270 = CYLINDRICAL_SURFACE('',#2271,61.5);
#2271 = AXIS2_PLACEMENT_3D('',#2272,#2273,#2274);
#2272 = CARTESIAN_POINT('',(0.,0.,10.));
#2273 = DIRECTION('',(0.,0.,1.));
#2274 = DIRECTION('',(0.,1.,0.));
#2275 = ADVANCED_FACE('',(#2276),#2295,.F.);
#2276 = FACE_BOUND('',#2277,.T.);
#2277 = EDGE_LOOP('',(#2278,#2287,#2293,#2294));
#2278 = ORIENTED_EDGE('',*,*,#2279,.F.);
#2279 = EDGE_CURVE('',#2280,#2280,#2282,.T.);
#2280 = VERTEX_POINT('',#2281);
#2281 = CARTESIAN_POINT('',(62.76,-34.5,45.));
#2282 = CIRCLE('',#2283,3.);
#2283 = AXIS2_PLACEMENT_3D('',#2284,#2285,#2286);
#2284 = CARTESIAN_POINT('',(59.76,-34.5,45.));
#2285 = DIRECTION('',(0.,4.4E-16,-1.));
#2286 = DIRECTION('',(1.,0.,0.));
#2287 = ORIENTED_EDGE('',*,*,#2288,.T.);
#2288 = EDGE_CURVE('',#2280,#849,#2289,.T.);
#2289 = LINE('',#2290,#2291);
#2290 = CARTESIAN_POINT('',(62.76,-34.5,45.));
#2291 = VECTOR('',#2292,1.);
#2292 = DIRECTION('',(0.,4.4E-16,-1.));
#2293 = ORIENTED_EDGE('',*,*,#848,.F.);
#2294 = ORIENTED_EDGE('',*,*,#2288,.F.);
#2295 = CYLINDRICAL_SURFACE('',#2296,3.);
#2296 = AXIS2_PLACEMENT_3D('',#2297,#2298,#2299);
#2297 = CARTESIAN_POINT('',(59.76,-34.5,45.));
#2298 = DIRECTION('',(0.,-4.4E-16,1.));
#2299 = DIRECTION('',(1.,0.,0.));
#2300 = ADVANCED_FACE('',(#2301,#2328,#2331,#2334,#2338,#2341,#2352,
    #2356),#2359,.F.);
#2301 = FACE_BOUND('',#2302,.F.);
#2302 = EDGE_LOOP('',(#2303,#2304,#2305,#2306,#2307,#2308,#2309,#2310,
    #2311,#2312,#2313,#2314,#2315,#2316,#2317,#2318,#2319,#2320,#2321,
    #2322,#2323,#2324,#2325,#2326,#2327));
#2303 = ORIENTED_EDGE('',*,*,#1428,.F.);
#2304 = ORIENTED_EDGE('',*,*,#1514,.T.);
#2305 = ORIENTED_EDGE('',*,*,#1540,.T.);
#2306 = ORIENTED_EDGE('',*,*,#1605,.F.);
#2307 = ORIENTED_EDGE('',*,*,#1634,.F.);
#2308 = ORIENTED_EDGE('',*,*,#1720,.T.);
#2309 = ORIENTED_EDGE('',*,*,#1737,.F.);
#2310 = ORIENTED_EDGE('',*,*,#1811,.F.);
#2311 = ORIENTED_EDGE('',*,*,#1849,.T.);
#2312 = ORIENTED_EDGE('',*,*,#1926,.T.);
#2313 = ORIENTED_EDGE('',*,*,#1952,.T.);
#2314 = ORIENTED_EDGE('',*,*,#2017,.T.);
#2315 = ORIENTED_EDGE('',*,*,#2046,.F.);
#2316 = ORIENTED_EDGE('',*,*,#896,.T.);
#2317 = ORIENTED_EDGE('',*,*,#887,.T.);
#2318 = ORIENTED_EDGE('',*,*,#922,.T.);
#2319 = ORIENTED_EDGE('',*,*,#987,.F.);
#2320 = ORIENTED_EDGE('',*,*,#1016,.F.);
#2321 = ORIENTED_EDGE('',*,*,#1102,.T.);
#2322 = ORIENTED_EDGE('',*,*,#1119,.F.);
#2323 = ORIENTED_EDGE('',*,*,#1193,.T.);
#2324 = ORIENTED_EDGE('',*,*,#1231,.T.);
#2325 = ORIENTED_EDGE('',*,*,#1296,.T.);
#2326 = ORIENTED_EDGE('',*,*,#1334,.T.);
#2327 = ORIENTED_EDGE('',*,*,#1399,.T.);
#2328 = FACE_BOUND('',#2329,.F.);
#2329 = EDGE_LOOP('',(#2330));
#2330 = ORIENTED_EDGE('',*,*,#2136,.T.);
#2331 = FACE_BOUND('',#2332,.F.);
#2332 = EDGE_LOOP('',(#2333));
#2333 = ORIENTED_EDGE('',*,*,#2111,.F.);
#2334 = FACE_BOUND('',#2335,.F.);
#2335 = EDGE_LOOP('',(#2336,#2337));
#2336 = ORIENTED_EDGE('',*,*,#2178,.F.);
#2337 = ORIENTED_EDGE('',*,*,#2169,.F.);
#2338 = FACE_BOUND('',#2339,.F.);
#2339 = EDGE_LOOP('',(#2340));
#2340 = ORIENTED_EDGE('',*,*,#2279,.F.);
#2341 = FACE_BOUND('',#2342,.F.);
#2342 = EDGE_LOOP('',(#2343));
#2343 = ORIENTED_EDGE('',*,*,#2344,.F.);
#2344 = EDGE_CURVE('',#2345,#2345,#2347,.T.);
#2345 = VERTEX_POINT('',#2346);
#2346 = CARTESIAN_POINT('',(0.,53.,45.));
#2347 = CIRCLE('',#2348,53.);
#2348 = AXIS2_PLACEMENT_3D('',#2349,#2350,#2351);
#2349 = CARTESIAN_POINT('',(0.,0.,45.));
#2350 = DIRECTION('',(0.,0.,-1.));
#2351 = DIRECTION('',(0.,1.,0.));
#2352 = FACE_BOUND('',#2353,.F.);
#2353 = EDGE_LOOP('',(#2354,#2355));
#2354 = ORIENTED_EDGE('',*,*,#2195,.T.);
#2355 = ORIENTED_EDGE('',*,*,#2214,.T.);
#2356 = FACE_BOUND('',#2357,.F.);
#2357 = EDGE_LOOP('',(#2358));
#2358 = ORIENTED_EDGE('',*,*,#2229,.T.);
#2359 = PLANE('',#2360);
#2360 = AXIS2_PLACEMENT_3D('',#2361,#2362,#2363);
#2361 = CARTESIAN_POINT('',(0.,0.,45.));
#2362 = DIRECTION('',(-0.,-0.,-1.));
#2363 = DIRECTION('',(0.,1.,0.));
#2364 = ADVANCED_FACE('',(#2365,#2376,#2387,#2398,#2409,#2420,#2423,
    #2434),#2445,.F.);
#2365 = FACE_BOUND('',#2366,.F.);
#2366 = EDGE_LOOP('',(#2367));
#2367 = ORIENTED_EDGE('',*,*,#2368,.T.);
#2368 = EDGE_CURVE('',#2369,#2369,#2371,.T.);
#2369 = VERTEX_POINT('',#2370);
#2370 = CARTESIAN_POINT('',(0.,75.,10.));
#2371 = CIRCLE('',#2372,75.);
#2372 = AXIS2_PLACEMENT_3D('',#2373,#2374,#2375);
#2373 = CARTESIAN_POINT('',(0.,0.,10.));
#2374 = DIRECTION('',(0.,0.,-1.));
#2375 = DIRECTION('',(0.,1.,0.));
#2376 = FACE_BOUND('',#2377,.F.);
#2377 = EDGE_LOOP('',(#2378));
#2378 = ORIENTED_EDGE('',*,*,#2379,.F.);
#2379 = EDGE_CURVE('',#2380,#2380,#2382,.T.);
#2380 = VERTEX_POINT('',#2381);
#2381 = CARTESIAN_POINT('',(-66.,-2.22044604925E-15,10.));
#2382 = CIRCLE('',#2383,3.);
#2383 = AXIS2_PLACEMENT_3D('',#2384,#2385,#2386);
#2384 = CARTESIAN_POINT('',(-69.,0.,10.));
#2385 = DIRECTION('',(0.,0.,-1.));
#2386 = DIRECTION('',(1.,0.,0.));
#2387 = FACE_BOUND('',#2388,.F.);
#2388 = EDGE_LOOP('',(#2389));
#2389 = ORIENTED_EDGE('',*,*,#2390,.T.);
#2390 = EDGE_CURVE('',#2391,#2391,#2393,.T.);
#2391 = VERTEX_POINT('',#2392);
#2392 = CARTESIAN_POINT('',(-31.5,-59.76,10.));
#2393 = CIRCLE('',#2394,3.);
#2394 = AXIS2_PLACEMENT_3D('',#2395,#2396,#2397);
#2395 = CARTESIAN_POINT('',(-34.5,-59.76,10.));
#2396 = DIRECTION('',(0.,-4.440892098501E-16,1.));
#2397 = DIRECTION('',(1.,0.,0.));
#2398 = FACE_BOUND('',#2399,.F.);
#2399 = EDGE_LOOP('',(#2400));
#2400 = ORIENTED_EDGE('',*,*,#2401,.F.);
#2401 = EDGE_CURVE('',#2402,#2402,#2404,.T.);
#2402 = VERTEX_POINT('',#2403);
#2403 = CARTESIAN_POINT('',(-31.5,59.76,10.));
#2404 = CIRCLE('',#2405,3.);
#2405 = AXIS2_PLACEMENT_3D('',#2406,#2407,#2408);
#2406 = CARTESIAN_POINT('',(-34.5,59.76,10.));
#2407 = DIRECTION('',(0.,0.,-1.));
#2408 = DIRECTION('',(1.,0.,0.));
#2409 = FACE_BOUND('',#2410,.F.);
#2410 = EDGE_LOOP('',(#2411));
#2411 = ORIENTED_EDGE('',*,*,#2412,.F.);
#2412 = EDGE_CURVE('',#2413,#2413,#2415,.T.);
#2413 = VERTEX_POINT('',#2414);
#2414 = CARTESIAN_POINT('',(31.5,-59.76,10.));
#2415 = CIRCLE('',#2416,3.);
#2416 = AXIS2_PLACEMENT_3D('',#2417,#2418,#2419);
#2417 = CARTESIAN_POINT('',(34.5,-59.76,10.));
#2418 = DIRECTION('',(2.22044604925E-16,4.440892098501E-16,-1.));
#2419 = DIRECTION('',(-1.,-2.22044604925E-16,-2.22044604925E-16));
#2420 = FACE_BOUND('',#2421,.F.);
#2421 = EDGE_LOOP('',(#2422));
#2422 = ORIENTED_EDGE('',*,*,#2254,.F.);
#2423 = FACE_BOUND('',#2424,.F.);
#2424 = EDGE_LOOP('',(#2425));
#2425 = ORIENTED_EDGE('',*,*,#2426,.T.);
#2426 = EDGE_CURVE('',#2427,#2427,#2429,.T.);
#2427 = VERTEX_POINT('',#2428);
#2428 = CARTESIAN_POINT('',(66.,-2.22044604925E-15,10.));
#2429 = CIRCLE('',#2430,3.);
#2430 = AXIS2_PLACEMENT_3D('',#2431,#2432,#2433);
#2431 = CARTESIAN_POINT('',(69.,-1.532107773983E-14,10.));
#2432 = DIRECTION('',(-2.22044604925E-16,2.465190328816E-32,1.));
#2433 = DIRECTION('',(-1.,2.22044604925E-16,-2.22044604925E-16));
#2434 = FACE_BOUND('',#2435,.F.);
#2435 = EDGE_LOOP('',(#2436));
#2436 = ORIENTED_EDGE('',*,*,#2437,.T.);
#2437 = EDGE_CURVE('',#2438,#2438,#2440,.T.);
#2438 = VERTEX_POINT('',#2439);
#2439 = CARTESIAN_POINT('',(31.5,59.76,10.));
#2440 = CIRCLE('',#2441,3.);
#2441 = AXIS2_PLACEMENT_3D('',#2442,#2443,#2444);
#2442 = CARTESIAN_POINT('',(34.5,59.76,10.));
#2443 = DIRECTION('',(-2.22044604925E-16,2.465190328816E-32,1.));
#2444 = DIRECTION('',(-1.,2.22044604925E-16,-2.22044604925E-16));
#2445 = PLANE('',#2446);
#2446 = AXIS2_PLACEMENT_3D('',#2447,#2448,#2449);
#2447 = CARTESIAN_POINT('',(0.,0.,10.));
#2448 = DIRECTION('',(-0.,-0.,-1.));
#2449 = DIRECTION('',(0.,1.,0.));
#2450 = ADVANCED_FACE('',(#2451),#2470,.F.);
#2451 = FACE_BOUND('',#2452,.F.);
#2452 = EDGE_LOOP('',(#2453,#2454,#2462,#2469));
#2453 = ORIENTED_EDGE('',*,*,#2344,.T.);
#2454 = ORIENTED_EDGE('',*,*,#2455,.T.);
#2455 = EDGE_CURVE('',#2345,#2456,#2458,.T.);
#2456 = VERTEX_POINT('',#2457);
#2457 = CARTESIAN_POINT('',(0.,53.,43.5));
#2458 = LINE('',#2459,#2460);
#2459 = CARTESIAN_POINT('',(0.,53.,45.));
#2460 = VECTOR('',#2461,1.);
#2461 = DIRECTION('',(0.,0.,-1.));
#2462 = ORIENTED_EDGE('',*,*,#2463,.F.);
#2463 = EDGE_CURVE('',#2456,#2456,#2464,.T.);
#2464 = CIRCLE('',#2465,53.);
#2465 = AXIS2_PLACEMENT_3D('',#2466,#2467,#2468);
#2466 = CARTESIAN_POINT('',(0.,0.,43.5));
#2467 = DIRECTION('',(0.,0.,-1.));
#2468 = DIRECTION('',(0.,1.,0.));
#2469 = ORIENTED_EDGE('',*,*,#2455,.F.);
#2470 = CYLINDRICAL_SURFACE('',#2471,53.);
#2471 = AXIS2_PLACEMENT_3D('',#2472,#2473,#2474);
#2472 = CARTESIAN_POINT('',(0.,0.,45.));
#2473 = DIRECTION('',(-0.,-0.,-1.));
#2474 = DIRECTION('',(0.,1.,0.));
#2475 = ADVANCED_FACE('',(#2476),#2495,.T.);
#2476 = FACE_BOUND('',#2477,.F.);
#2477 = EDGE_LOOP('',(#2478,#2487,#2493,#2494));
#2478 = ORIENTED_EDGE('',*,*,#2479,.T.);
#2479 = EDGE_CURVE('',#2480,#2480,#2482,.T.);
#2480 = VERTEX_POINT('',#2481);
#2481 = CARTESIAN_POINT('',(0.,75.,0.));
#2482 = CIRCLE('',#2483,75.);
#2483 = AXIS2_PLACEMENT_3D('',#2484,#2485,#2486);
#2484 = CARTESIAN_POINT('',(0.,0.,0.));
#2485 = DIRECTION('',(0.,0.,-1.));
#2486 = DIRECTION('',(0.,1.,0.));
#2487 = ORIENTED_EDGE('',*,*,#2488,.T.);
#2488 = EDGE_CURVE('',#2480,#2369,#2489,.T.);
#2489 = LINE('',#2490,#2491);
#2490 = CARTESIAN_POINT('',(0.,75.,0.));
#2491 = VECTOR('',#2492,1.);
#2492 = DIRECTION('',(0.,0.,1.));
#2493 = ORIENTED_EDGE('',*,*,#2368,.F.);
#2494 = ORIENTED_EDGE('',*,*,#2488,.F.);
#2495 = CYLINDRICAL_SURFACE('',#2496,75.);
#2496 = AXIS2_PLACEMENT_3D('',#2497,#2498,#2499);
#2497 = CARTESIAN_POINT('',(0.,0.,0.));
#2498 = DIRECTION('',(0.,0.,1.));
#2499 = DIRECTION('',(0.,1.,0.));
#2500 = ADVANCED_FACE('',(#2501),#2520,.F.);
#2501 = FACE_BOUND('',#2502,.F.);
#2502 = EDGE_LOOP('',(#2503,#2511,#2512,#2513));
#2503 = ORIENTED_EDGE('',*,*,#2504,.T.);
#2504 = EDGE_CURVE('',#2505,#2380,#2507,.T.);
#2505 = VERTEX_POINT('',#2506);
#2506 = CARTESIAN_POINT('',(-66.,0.,0.));
#2507 = LINE('',#2508,#2509);
#2508 = CARTESIAN_POINT('',(-66.,0.,0.));
#2509 = VECTOR('',#2510,1.);
#2510 = DIRECTION('',(0.,0.,1.));
#2511 = ORIENTED_EDGE('',*,*,#2379,.T.);
#2512 = ORIENTED_EDGE('',*,*,#2504,.F.);
#2513 = ORIENTED_EDGE('',*,*,#2514,.F.);
#2514 = EDGE_CURVE('',#2505,#2505,#2515,.T.);
#2515 = CIRCLE('',#2516,3.);
#2516 = AXIS2_PLACEMENT_3D('',#2517,#2518,#2519);
#2517 = CARTESIAN_POINT('',(-69.,0.,0.));
#2518 = DIRECTION('',(0.,0.,-1.));
#2519 = DIRECTION('',(1.,0.,0.));
#2520 = CYLINDRICAL_SURFACE('',#2521,3.);
#2521 = AXIS2_PLACEMENT_3D('',#2522,#2523,#2524);
#2522 = CARTESIAN_POINT('',(-69.,0.,0.));
#2523 = DIRECTION('',(0.,0.,-1.));
#2524 = DIRECTION('',(1.,0.,0.));
#2525 = ADVANCED_FACE('',(#2526),#2545,.F.);
#2526 = FACE_BOUND('',#2527,.T.);
#2527 = EDGE_LOOP('',(#2528,#2536,#2537,#2538));
#2528 = ORIENTED_EDGE('',*,*,#2529,.T.);
#2529 = EDGE_CURVE('',#2530,#2391,#2532,.T.);
#2530 = VERTEX_POINT('',#2531);
#2531 = CARTESIAN_POINT('',(-31.5,-59.76,-2.653877118064E-14));
#2532 = LINE('',#2533,#2534);
#2533 = CARTESIAN_POINT('',(-31.5,-59.76,-2.653877118064E-14));
#2534 = VECTOR('',#2535,1.);
#2535 = DIRECTION('',(0.,-4.440892098501E-16,1.));
#2536 = ORIENTED_EDGE('',*,*,#2390,.T.);
#2537 = ORIENTED_EDGE('',*,*,#2529,.F.);
#2538 = ORIENTED_EDGE('',*,*,#2539,.F.);
#2539 = EDGE_CURVE('',#2530,#2530,#2540,.T.);
#2540 = CIRCLE('',#2541,3.);
#2541 = AXIS2_PLACEMENT_3D('',#2542,#2543,#2544);
#2542 = CARTESIAN_POINT('',(-34.5,-59.76,-2.653877118064E-14));
#2543 = DIRECTION('',(0.,-4.440892098501E-16,1.));
#2544 = DIRECTION('',(1.,0.,0.));
#2545 = CYLINDRICAL_SURFACE('',#2546,3.);
#2546 = AXIS2_PLACEMENT_3D('',#2547,#2548,#2549);
#2547 = CARTESIAN_POINT('',(-34.5,-59.76,-2.653877118064E-14));
#2548 = DIRECTION('',(0.,4.440892098501E-16,-1.));
#2549 = DIRECTION('',(1.,0.,0.));
#2550 = ADVANCED_FACE('',(#2551),#2570,.F.);
#2551 = FACE_BOUND('',#2552,.F.);
#2552 = EDGE_LOOP('',(#2553,#2561,#2562,#2563));
#2553 = ORIENTED_EDGE('',*,*,#2554,.T.);
#2554 = EDGE_CURVE('',#2555,#2402,#2557,.T.);
#2555 = VERTEX_POINT('',#2556);
#2556 = CARTESIAN_POINT('',(-31.5,59.76,0.));
#2557 = LINE('',#2558,#2559);
#2558 = CARTESIAN_POINT('',(-31.5,59.76,0.));
#2559 = VECTOR('',#2560,1.);
#2560 = DIRECTION('',(0.,0.,1.));
#2561 = ORIENTED_EDGE('',*,*,#2401,.T.);
#2562 = ORIENTED_EDGE('',*,*,#2554,.F.);
#2563 = ORIENTED_EDGE('',*,*,#2564,.F.);
#2564 = EDGE_CURVE('',#2555,#2555,#2565,.T.);
#2565 = CIRCLE('',#2566,3.);
#2566 = AXIS2_PLACEMENT_3D('',#2567,#2568,#2569);
#2567 = CARTESIAN_POINT('',(-34.5,59.76,0.));
#2568 = DIRECTION('',(0.,0.,-1.));
#2569 = DIRECTION('',(1.,0.,0.));
#2570 = CYLINDRICAL_SURFACE('',#2571,3.);
#2571 = AXIS2_PLACEMENT_3D('',#2572,#2573,#2574);
#2572 = CARTESIAN_POINT('',(-34.5,59.76,0.));
#2573 = DIRECTION('',(0.,0.,-1.));
#2574 = DIRECTION('',(1.,0.,0.));
#2575 = ADVANCED_FACE('',(#2576),#2595,.F.);
#2576 = FACE_BOUND('',#2577,.F.);
#2577 = EDGE_LOOP('',(#2578,#2586,#2587,#2588));
#2578 = ORIENTED_EDGE('',*,*,#2579,.T.);
#2579 = EDGE_CURVE('',#2580,#2413,#2582,.T.);
#2580 = VERTEX_POINT('',#2581);
#2581 = CARTESIAN_POINT('',(31.5,-59.76,-1.95443661255E-14));
#2582 = LINE('',#2583,#2584);
#2583 = CARTESIAN_POINT('',(31.5,-59.76,-1.95443661255E-14));
#2584 = VECTOR('',#2585,1.);
#2585 = DIRECTION('',(-2.22044604925E-16,-4.440892098501E-16,1.));
#2586 = ORIENTED_EDGE('',*,*,#2412,.T.);
#2587 = ORIENTED_EDGE('',*,*,#2579,.F.);
#2588 = ORIENTED_EDGE('',*,*,#2589,.F.);
#2589 = EDGE_CURVE('',#2580,#2580,#2590,.T.);
#2590 = CIRCLE('',#2591,3.);
#2591 = AXIS2_PLACEMENT_3D('',#2592,#2593,#2594);
#2592 = CARTESIAN_POINT('',(34.5,-59.76,-1.887823231073E-14));
#2593 = DIRECTION('',(2.22044604925E-16,4.440892098501E-16,-1.));
#2594 = DIRECTION('',(-1.,-2.22044604925E-16,-2.22044604925E-16));
#2595 = CYLINDRICAL_SURFACE('',#2596,3.);
#2596 = AXIS2_PLACEMENT_3D('',#2597,#2598,#2599);
#2597 = CARTESIAN_POINT('',(34.5,-59.76,-1.887823231073E-14));
#2598 = DIRECTION('',(2.22044604925E-16,4.440892098501E-16,-1.));
#2599 = DIRECTION('',(-1.,-2.22044604925E-16,-2.22044604925E-16));
#2600 = ADVANCED_FACE('',(#2601),#2620,.F.);
#2601 = FACE_BOUND('',#2602,.T.);
#2602 = EDGE_LOOP('',(#2603,#2611,#2612,#2613));
#2603 = ORIENTED_EDGE('',*,*,#2604,.T.);
#2604 = EDGE_CURVE('',#2605,#2427,#2607,.T.);
#2605 = VERTEX_POINT('',#2606);
#2606 = CARTESIAN_POINT('',(66.,-3.155443620884E-30,1.465494392505E-14)
  );
#2607 = LINE('',#2608,#2609);
#2608 = CARTESIAN_POINT('',(66.,-1.465494392505E-14,1.465494392505E-14)
  );
#2609 = VECTOR('',#2610,1.);
#2610 = DIRECTION('',(-2.22044604925E-16,2.465190328816E-32,1.));
#2611 = ORIENTED_EDGE('',*,*,#2426,.T.);
#2612 = ORIENTED_EDGE('',*,*,#2604,.F.);
#2613 = ORIENTED_EDGE('',*,*,#2614,.F.);
#2614 = EDGE_CURVE('',#2605,#2605,#2615,.T.);
#2615 = CIRCLE('',#2616,3.);
#2616 = AXIS2_PLACEMENT_3D('',#2617,#2618,#2619);
#2617 = CARTESIAN_POINT('',(69.,-1.532107773983E-14,1.532107773983E-14)
  );
#2618 = DIRECTION('',(-2.22044604925E-16,2.465190328816E-32,1.));
#2619 = DIRECTION('',(-1.,2.22044604925E-16,-2.22044604925E-16));
#2620 = CYLINDRICAL_SURFACE('',#2621,3.);
#2621 = AXIS2_PLACEMENT_3D('',#2622,#2623,#2624);
#2622 = CARTESIAN_POINT('',(69.,-1.532107773983E-14,1.532107773983E-14)
  );
#2623 = DIRECTION('',(2.22044604925E-16,-2.465190328816E-32,-1.));
#2624 = DIRECTION('',(-1.,2.22044604925E-16,-2.22044604925E-16));
#2625 = ADVANCED_FACE('',(#2626),#2645,.F.);
#2626 = FACE_BOUND('',#2627,.T.);
#2627 = EDGE_LOOP('',(#2628,#2636,#2637,#2638));
#2628 = ORIENTED_EDGE('',*,*,#2629,.T.);
#2629 = EDGE_CURVE('',#2630,#2438,#2632,.T.);
#2630 = VERTEX_POINT('',#2631);
#2631 = CARTESIAN_POINT('',(31.5,59.76,6.994405055138E-15));
#2632 = LINE('',#2633,#2634);
#2633 = CARTESIAN_POINT('',(31.5,59.76,6.994405055138E-15));
#2634 = VECTOR('',#2635,1.);
#2635 = DIRECTION('',(-2.22044604925E-16,2.465190328816E-32,1.));
#2636 = ORIENTED_EDGE('',*,*,#2437,.T.);
#2637 = ORIENTED_EDGE('',*,*,#2629,.F.);
#2638 = ORIENTED_EDGE('',*,*,#2639,.F.);
#2639 = EDGE_CURVE('',#2630,#2630,#2640,.T.);
#2640 = CIRCLE('',#2641,3.);
#2641 = AXIS2_PLACEMENT_3D('',#2642,#2643,#2644);
#2642 = CARTESIAN_POINT('',(34.5,59.76,7.660538869914E-15));
#2643 = DIRECTION('',(-2.22044604925E-16,2.465190328816E-32,1.));
#2644 = DIRECTION('',(-1.,2.22044604925E-16,-2.22044604925E-16));
#2645 = CYLINDRICAL_SURFACE('',#2646,3.);
#2646 = AXIS2_PLACEMENT_3D('',#2647,#2648,#2649);
#2647 = CARTESIAN_POINT('',(34.5,59.76,7.660538869914E-15));
#2648 = DIRECTION('',(2.22044604925E-16,-2.465190328816E-32,-1.));
#2649 = DIRECTION('',(-1.,2.22044604925E-16,-2.22044604925E-16));
#2650 = ADVANCED_FACE('',(#2651,#2654),#2665,.F.);
#2651 = FACE_BOUND('',#2652,.F.);
#2652 = EDGE_LOOP('',(#2653));
#2653 = ORIENTED_EDGE('',*,*,#2463,.T.);
#2654 = FACE_BOUND('',#2655,.F.);
#2655 = EDGE_LOOP('',(#2656));
#2656 = ORIENTED_EDGE('',*,*,#2657,.F.);
#2657 = EDGE_CURVE('',#2658,#2658,#2660,.T.);
#2658 = VERTEX_POINT('',#2659);
#2659 = CARTESIAN_POINT('',(0.,50.,43.5));
#2660 = CIRCLE('',#2661,50.);
#2661 = AXIS2_PLACEMENT_3D('',#2662,#2663,#2664);
#2662 = CARTESIAN_POINT('',(0.,0.,43.5));
#2663 = DIRECTION('',(0.,0.,-1.));
#2664 = DIRECTION('',(0.,1.,0.));
#2665 = PLANE('',#2666);
#2666 = AXIS2_PLACEMENT_3D('',#2667,#2668,#2669);
#2667 = CARTESIAN_POINT('',(0.,0.,43.5));
#2668 = DIRECTION('',(-0.,-0.,-1.));
#2669 = DIRECTION('',(0.,1.,0.));
#2670 = ADVANCED_FACE('',(#2671,#2674,#2677,#2680,#2683,#2686,#2689),
  #2692,.T.);
#2671 = FACE_BOUND('',#2672,.F.);
#2672 = EDGE_LOOP('',(#2673));
#2673 = ORIENTED_EDGE('',*,*,#2479,.F.);
#2674 = FACE_BOUND('',#2675,.F.);
#2675 = EDGE_LOOP('',(#2676));
#2676 = ORIENTED_EDGE('',*,*,#2564,.T.);
#2677 = FACE_BOUND('',#2678,.F.);
#2678 = EDGE_LOOP('',(#2679));
#2679 = ORIENTED_EDGE('',*,*,#2514,.T.);
#2680 = FACE_BOUND('',#2681,.F.);
#2681 = EDGE_LOOP('',(#2682));
#2682 = ORIENTED_EDGE('',*,*,#2539,.F.);
#2683 = FACE_BOUND('',#2684,.F.);
#2684 = EDGE_LOOP('',(#2685));
#2685 = ORIENTED_EDGE('',*,*,#2639,.F.);
#2686 = FACE_BOUND('',#2687,.F.);
#2687 = EDGE_LOOP('',(#2688));
#2688 = ORIENTED_EDGE('',*,*,#2589,.T.);
#2689 = FACE_BOUND('',#2690,.F.);
#2690 = EDGE_LOOP('',(#2691));
#2691 = ORIENTED_EDGE('',*,*,#2614,.F.);
#2692 = PLANE('',#2693);
#2693 = AXIS2_PLACEMENT_3D('',#2694,#2695,#2696);
#2694 = CARTESIAN_POINT('',(0.,0.,0.));
#2695 = DIRECTION('',(-0.,-0.,-1.));
#2696 = DIRECTION('',(0.,1.,0.));
#2697 = ADVANCED_FACE('',(#2698),#2717,.T.);
#2698 = FACE_BOUND('',#2699,.F.);
#2699 = EDGE_LOOP('',(#2700,#2701,#2709,#2716));
#2700 = ORIENTED_EDGE('',*,*,#2657,.T.);
#2701 = ORIENTED_EDGE('',*,*,#2702,.T.);
#2702 = EDGE_CURVE('',#2658,#2703,#2705,.T.);
#2703 = VERTEX_POINT('',#2704);
#2704 = CARTESIAN_POINT('',(0.,50.,45.));
#2705 = LINE('',#2706,#2707);
#2706 = CARTESIAN_POINT('',(0.,50.,43.5));
#2707 = VECTOR('',#2708,1.);
#2708 = DIRECTION('',(0.,0.,1.));
#2709 = ORIENTED_EDGE('',*,*,#2710,.F.);
#2710 = EDGE_CURVE('',#2703,#2703,#2711,.T.);
#2711 = CIRCLE('',#2712,50.);
#2712 = AXIS2_PLACEMENT_3D('',#2713,#2714,#2715);
#2713 = CARTESIAN_POINT('',(0.,0.,45.));
#2714 = DIRECTION('',(0.,0.,-1.));
#2715 = DIRECTION('',(0.,1.,0.));
#2716 = ORIENTED_EDGE('',*,*,#2702,.F.);
#2717 = CYLINDRICAL_SURFACE('',#2718,50.);
#2718 = AXIS2_PLACEMENT_3D('',#2719,#2720,#2721);
#2719 = CARTESIAN_POINT('',(0.,0.,43.5));
#2720 = DIRECTION('',(0.,0.,1.));
#2721 = DIRECTION('',(0.,1.,0.));
#2722 = ADVANCED_FACE('',(#2723,#2726),#2737,.F.);
#2723 = FACE_BOUND('',#2724,.F.);
#2724 = EDGE_LOOP('',(#2725));
#2725 = ORIENTED_EDGE('',*,*,#2710,.T.);
#2726 = FACE_BOUND('',#2727,.F.);
#2727 = EDGE_LOOP('',(#2728));
#2728 = ORIENTED_EDGE('',*,*,#2729,.F.);
#2729 = EDGE_CURVE('',#2730,#2730,#2732,.T.);
#2730 = VERTEX_POINT('',#2731);
#2731 = CARTESIAN_POINT('',(0.,47.,45.));
#2732 = CIRCLE('',#2733,47.);
#2733 = AXIS2_PLACEMENT_3D('',#2734,#2735,#2736);
#2734 = CARTESIAN_POINT('',(0.,0.,45.));
#2735 = DIRECTION('',(0.,0.,-1.));
#2736 = DIRECTION('',(0.,1.,0.));
#2737 = PLANE('',#2738);
#2738 = AXIS2_PLACEMENT_3D('',#2739,#2740,#2741);
#2739 = CARTESIAN_POINT('',(0.,0.,45.));
#2740 = DIRECTION('',(-0.,-0.,-1.));
#2741 = DIRECTION('',(0.,1.,0.));
#2742 = ADVANCED_FACE('',(#2743),#2762,.F.);
#2743 = FACE_BOUND('',#2744,.F.);
#2744 = EDGE_LOOP('',(#2745,#2746,#2754,#2761));
#2745 = ORIENTED_EDGE('',*,*,#2729,.T.);
#2746 = ORIENTED_EDGE('',*,*,#2747,.T.);
#2747 = EDGE_CURVE('',#2730,#2748,#2750,.T.);
#2748 = VERTEX_POINT('',#2749);
#2749 = CARTESIAN_POINT('',(0.,47.,15.));
#2750 = LINE('',#2751,#2752);
#2751 = CARTESIAN_POINT('',(0.,47.,45.));
#2752 = VECTOR('',#2753,1.);
#2753 = DIRECTION('',(0.,0.,-1.));
#2754 = ORIENTED_EDGE('',*,*,#2755,.F.);
#2755 = EDGE_CURVE('',#2748,#2748,#2756,.T.);
#2756 = CIRCLE('',#2757,47.);
#2757 = AXIS2_PLACEMENT_3D('',#2758,#2759,#2760);
#2758 = CARTESIAN_POINT('',(0.,0.,15.));
#2759 = DIRECTION('',(0.,0.,-1.));
#2760 = DIRECTION('',(0.,1.,0.));
#2761 = ORIENTED_EDGE('',*,*,#2747,.F.);
#2762 = CYLINDRICAL_SURFACE('',#2763,47.);
#2763 = AXIS2_PLACEMENT_3D('',#2764,#2765,#2766);
#2764 = CARTESIAN_POINT('',(0.,0.,45.));
#2765 = DIRECTION('',(-0.,-0.,-1.));
#2766 = DIRECTION('',(0.,1.,0.));
#2767 = ADVANCED_FACE('',(#2768,#2771,#2782,#2802,#2813,#2824,#2828,
    #2839),#2850,.F.);
#2768 = FACE_BOUND('',#2769,.F.);
#2769 = EDGE_LOOP('',(#2770));
#2770 = ORIENTED_EDGE('',*,*,#2755,.T.);
#2771 = FACE_BOUND('',#2772,.F.);
#2772 = EDGE_LOOP('',(#2773));
#2773 = ORIENTED_EDGE('',*,*,#2774,.T.);
#2774 = EDGE_CURVE('',#2775,#2775,#2777,.T.);
#2775 = VERTEX_POINT('',#2776);
#2776 = CARTESIAN_POINT('',(-36.64,-22.,15.));
#2777 = CIRCLE('',#2778,2.);
#2778 = AXIS2_PLACEMENT_3D('',#2779,#2780,#2781);
#2779 = CARTESIAN_POINT('',(-34.64,-22.,15.));
#2780 = DIRECTION('',(-2.22044604925E-16,-4.440892098501E-16,1.));
#2781 = DIRECTION('',(-1.,-2.22044604925E-16,-2.22044604925E-16));
#2782 = FACE_BOUND('',#2783,.F.);
#2783 = EDGE_LOOP('',(#2784,#2795));
#2784 = ORIENTED_EDGE('',*,*,#2785,.F.);
#2785 = EDGE_CURVE('',#2786,#2788,#2790,.T.);
#2786 = VERTEX_POINT('',#2787);
#2787 = CARTESIAN_POINT('',(2.,-40.,15.));
#2788 = VERTEX_POINT('',#2789);
#2789 = CARTESIAN_POINT('',(-2.,-40.,15.));
#2790 = CIRCLE('',#2791,2.);
#2791 = AXIS2_PLACEMENT_3D('',#2792,#2793,#2794);
#2792 = CARTESIAN_POINT('',(0.,-40.,15.));
#2793 = DIRECTION('',(0.,4.440892098501E-16,-1.));
#2794 = DIRECTION('',(1.,0.,0.));
#2795 = ORIENTED_EDGE('',*,*,#2796,.F.);
#2796 = EDGE_CURVE('',#2788,#2786,#2797,.T.);
#2797 = CIRCLE('',#2798,2.);
#2798 = AXIS2_PLACEMENT_3D('',#2799,#2800,#2801);
#2799 = CARTESIAN_POINT('',(0.,-40.,15.));
#2800 = DIRECTION('',(0.,4.440892098501E-16,-1.));
#2801 = DIRECTION('',(1.,0.,0.));
#2802 = FACE_BOUND('',#2803,.F.);
#2803 = EDGE_LOOP('',(#2804));
#2804 = ORIENTED_EDGE('',*,*,#2805,.F.);
#2805 = EDGE_CURVE('',#2806,#2806,#2808,.T.);
#2806 = VERTEX_POINT('',#2807);
#2807 = CARTESIAN_POINT('',(-36.64,22.,15.));
#2808 = CIRCLE('',#2809,2.);
#2809 = AXIS2_PLACEMENT_3D('',#2810,#2811,#2812);
#2810 = CARTESIAN_POINT('',(-34.64,22.,15.));
#2811 = DIRECTION('',(2.22044604925E-16,-2.465190328816E-32,-1.));
#2812 = DIRECTION('',(-1.,2.22044604925E-16,-2.22044604925E-16));
#2813 = FACE_BOUND('',#2814,.F.);
#2814 = EDGE_LOOP('',(#2815));
#2815 = ORIENTED_EDGE('',*,*,#2816,.F.);
#2816 = EDGE_CURVE('',#2817,#2817,#2819,.T.);
#2817 = VERTEX_POINT('',#2818);
#2818 = CARTESIAN_POINT('',(0.,35.,15.));
#2819 = CIRCLE('',#2820,35.);
#2820 = AXIS2_PLACEMENT_3D('',#2821,#2822,#2823);
#2821 = CARTESIAN_POINT('',(0.,0.,15.));
#2822 = DIRECTION('',(0.,0.,-1.));
#2823 = DIRECTION('',(0.,1.,0.));
#2824 = FACE_BOUND('',#2825,.F.);
#2825 = EDGE_LOOP('',(#2826,#2827));
#2826 = ORIENTED_EDGE('',*,*,#65,.T.);
#2827 = ORIENTED_EDGE('',*,*,#56,.T.);
#2828 = FACE_BOUND('',#2829,.F.);
#2829 = EDGE_LOOP('',(#2830));
#2830 = ORIENTED_EDGE('',*,*,#2831,.F.);
#2831 = EDGE_CURVE('',#2832,#2832,#2834,.T.);
#2832 = VERTEX_POINT('',#2833);
#2833 = CARTESIAN_POINT('',(36.64,-22.,15.));
#2834 = CIRCLE('',#2835,2.);
#2835 = AXIS2_PLACEMENT_3D('',#2836,#2837,#2838);
#2836 = CARTESIAN_POINT('',(34.64,-22.,15.));
#2837 = DIRECTION('',(0.,4.440892098501E-16,-1.));
#2838 = DIRECTION('',(1.,0.,0.));
#2839 = FACE_BOUND('',#2840,.F.);
#2840 = EDGE_LOOP('',(#2841));
#2841 = ORIENTED_EDGE('',*,*,#2842,.T.);
#2842 = EDGE_CURVE('',#2843,#2843,#2845,.T.);
#2843 = VERTEX_POINT('',#2844);
#2844 = CARTESIAN_POINT('',(36.64,22.,15.));
#2845 = CIRCLE('',#2846,2.);
#2846 = AXIS2_PLACEMENT_3D('',#2847,#2848,#2849);
#2847 = CARTESIAN_POINT('',(34.64,22.,15.));
#2848 = DIRECTION('',(0.,0.,1.));
#2849 = DIRECTION('',(1.,0.,0.));
#2850 = PLANE('',#2851);
#2851 = AXIS2_PLACEMENT_3D('',#2852,#2853,#2854);
#2852 = CARTESIAN_POINT('',(0.,0.,15.));
#2853 = DIRECTION('',(-0.,-0.,-1.));
#2854 = DIRECTION('',(0.,1.,0.));
#2855 = ADVANCED_FACE('',(#2856),#2875,.F.);
#2856 = FACE_BOUND('',#2857,.F.);
#2857 = EDGE_LOOP('',(#2858,#2866,#2873,#2874));
#2858 = ORIENTED_EDGE('',*,*,#2859,.T.);
#2859 = EDGE_CURVE('',#2775,#2860,#2862,.T.);
#2860 = VERTEX_POINT('',#2861);
#2861 = CARTESIAN_POINT('',(-36.64,-22.,10.));
#2862 = LINE('',#2863,#2864);
#2863 = CARTESIAN_POINT('',(-36.64,-22.,15.));
#2864 = VECTOR('',#2865,1.);
#2865 = DIRECTION('',(2.22044604925E-16,4.440892098501E-16,-1.));
#2866 = ORIENTED_EDGE('',*,*,#2867,.T.);
#2867 = EDGE_CURVE('',#2860,#2860,#2868,.T.);
#2868 = CIRCLE('',#2869,2.);
#2869 = AXIS2_PLACEMENT_3D('',#2870,#2871,#2872);
#2870 = CARTESIAN_POINT('',(-34.64,-22.,10.));
#2871 = DIRECTION('',(-2.22044604925E-16,-4.440892098501E-16,1.));
#2872 = DIRECTION('',(-1.,-2.22044604925E-16,-2.22044604925E-16));
#2873 = ORIENTED_EDGE('',*,*,#2859,.F.);
#2874 = ORIENTED_EDGE('',*,*,#2774,.F.);
#2875 = CYLINDRICAL_SURFACE('',#2876,2.);
#2876 = AXIS2_PLACEMENT_3D('',#2877,#2878,#2879);
#2877 = CARTESIAN_POINT('',(-34.64,-22.,15.));
#2878 = DIRECTION('',(-2.22044604925E-16,-4.440892098501E-16,1.));
#2879 = DIRECTION('',(-1.,-2.22044604925E-16,-2.22044604925E-16));
#2880 = ADVANCED_FACE('',(#2881),#2900,.F.);
#2881 = FACE_BOUND('',#2882,.T.);
#2882 = EDGE_LOOP('',(#2883,#2891,#2898,#2899));
#2883 = ORIENTED_EDGE('',*,*,#2884,.T.);
#2884 = EDGE_CURVE('',#2806,#2885,#2887,.T.);
#2885 = VERTEX_POINT('',#2886);
#2886 = CARTESIAN_POINT('',(-36.64,22.,10.));
#2887 = LINE('',#2888,#2889);
#2888 = CARTESIAN_POINT('',(-36.64,22.,15.));
#2889 = VECTOR('',#2890,1.);
#2890 = DIRECTION('',(2.22044604925E-16,-2.465190328816E-32,-1.));
#2891 = ORIENTED_EDGE('',*,*,#2892,.T.);
#2892 = EDGE_CURVE('',#2885,#2885,#2893,.T.);
#2893 = CIRCLE('',#2894,2.);
#2894 = AXIS2_PLACEMENT_3D('',#2895,#2896,#2897);
#2895 = CARTESIAN_POINT('',(-34.64,22.,10.));
#2896 = DIRECTION('',(2.22044604925E-16,-2.465190328816E-32,-1.));
#2897 = DIRECTION('',(-1.,2.22044604925E-16,-2.22044604925E-16));
#2898 = ORIENTED_EDGE('',*,*,#2884,.F.);
#2899 = ORIENTED_EDGE('',*,*,#2805,.F.);
#2900 = CYLINDRICAL_SURFACE('',#2901,2.);
#2901 = AXIS2_PLACEMENT_3D('',#2902,#2903,#2904);
#2902 = CARTESIAN_POINT('',(-34.64,22.,15.));
#2903 = DIRECTION('',(-2.22044604925E-16,2.465190328816E-32,1.));
#2904 = DIRECTION('',(-1.,2.22044604925E-16,-2.22044604925E-16));
#2905 = ADVANCED_FACE('',(#2906),#2925,.F.);
#2906 = FACE_BOUND('',#2907,.F.);
#2907 = EDGE_LOOP('',(#2908,#2909,#2917,#2924));
#2908 = ORIENTED_EDGE('',*,*,#2816,.T.);
#2909 = ORIENTED_EDGE('',*,*,#2910,.T.);
#2910 = EDGE_CURVE('',#2817,#2911,#2913,.T.);
#2911 = VERTEX_POINT('',#2912);
#2912 = CARTESIAN_POINT('',(0.,35.,5.));
#2913 = LINE('',#2914,#2915);
#2914 = CARTESIAN_POINT('',(0.,35.,15.));
#2915 = VECTOR('',#2916,1.);
#2916 = DIRECTION('',(0.,0.,-1.));
#2917 = ORIENTED_EDGE('',*,*,#2918,.F.);
#2918 = EDGE_CURVE('',#2911,#2911,#2919,.T.);
#2919 = CIRCLE('',#2920,35.);
#2920 = AXIS2_PLACEMENT_3D('',#2921,#2922,#2923);
#2921 = CARTESIAN_POINT('',(0.,0.,5.));
#2922 = DIRECTION('',(0.,0.,-1.));
#2923 = DIRECTION('',(0.,1.,0.));
#2924 = ORIENTED_EDGE('',*,*,#2910,.F.);
#2925 = CYLINDRICAL_SURFACE('',#2926,35.);
#2926 = AXIS2_PLACEMENT_3D('',#2927,#2928,#2929);
#2927 = CARTESIAN_POINT('',(0.,0.,15.));
#2928 = DIRECTION('',(-0.,-0.,-1.));
#2929 = DIRECTION('',(0.,1.,0.));
#2930 = ADVANCED_FACE('',(#2931),#2950,.F.);
#2931 = FACE_BOUND('',#2932,.T.);
#2932 = EDGE_LOOP('',(#2933,#2941,#2948,#2949));
#2933 = ORIENTED_EDGE('',*,*,#2934,.T.);
#2934 = EDGE_CURVE('',#2832,#2935,#2937,.T.);
#2935 = VERTEX_POINT('',#2936);
#2936 = CARTESIAN_POINT('',(36.64,-22.,10.));
#2937 = LINE('',#2938,#2939);
#2938 = CARTESIAN_POINT('',(36.64,-22.,15.));
#2939 = VECTOR('',#2940,1.);
#2940 = DIRECTION('',(0.,4.440892098501E-16,-1.));
#2941 = ORIENTED_EDGE('',*,*,#2942,.T.);
#2942 = EDGE_CURVE('',#2935,#2935,#2943,.T.);
#2943 = CIRCLE('',#2944,2.);
#2944 = AXIS2_PLACEMENT_3D('',#2945,#2946,#2947);
#2945 = CARTESIAN_POINT('',(34.64,-22.,10.));
#2946 = DIRECTION('',(0.,4.440892098501E-16,-1.));
#2947 = DIRECTION('',(1.,0.,0.));
#2948 = ORIENTED_EDGE('',*,*,#2934,.F.);
#2949 = ORIENTED_EDGE('',*,*,#2831,.F.);
#2950 = CYLINDRICAL_SURFACE('',#2951,2.);
#2951 = AXIS2_PLACEMENT_3D('',#2952,#2953,#2954);
#2952 = CARTESIAN_POINT('',(34.64,-22.,15.));
#2953 = DIRECTION('',(0.,-4.440892098501E-16,1.));
#2954 = DIRECTION('',(1.,0.,0.));
#2955 = ADVANCED_FACE('',(#2956),#2975,.F.);
#2956 = FACE_BOUND('',#2957,.F.);
#2957 = EDGE_LOOP('',(#2958,#2966,#2973,#2974));
#2958 = ORIENTED_EDGE('',*,*,#2959,.T.);
#2959 = EDGE_CURVE('',#2843,#2960,#2962,.T.);
#2960 = VERTEX_POINT('',#2961);
#2961 = CARTESIAN_POINT('',(36.64,22.,10.));
#2962 = LINE('',#2963,#2964);
#2963 = CARTESIAN_POINT('',(36.64,22.,15.));
#2964 = VECTOR('',#2965,1.);
#2965 = DIRECTION('',(-0.,-0.,-1.));
#2966 = ORIENTED_EDGE('',*,*,#2967,.T.);
#2967 = EDGE_CURVE('',#2960,#2960,#2968,.T.);
#2968 = CIRCLE('',#2969,2.);
#2969 = AXIS2_PLACEMENT_3D('',#2970,#2971,#2972);
#2970 = CARTESIAN_POINT('',(34.64,22.,10.));
#2971 = DIRECTION('',(0.,0.,1.));
#2972 = DIRECTION('',(1.,0.,0.));
#2973 = ORIENTED_EDGE('',*,*,#2959,.F.);
#2974 = ORIENTED_EDGE('',*,*,#2842,.F.);
#2975 = CYLINDRICAL_SURFACE('',#2976,2.);
#2976 = AXIS2_PLACEMENT_3D('',#2977,#2978,#2979);
#2977 = CARTESIAN_POINT('',(34.64,22.,15.));
#2978 = DIRECTION('',(0.,0.,1.));
#2979 = DIRECTION('',(1.,0.,0.));
#2980 = ADVANCED_FACE('',(#2981),#2984,.T.);
#2981 = FACE_BOUND('',#2982,.T.);
#2982 = EDGE_LOOP('',(#2983));
#2983 = ORIENTED_EDGE('',*,*,#2867,.T.);
#2984 = PLANE('',#2985);
#2985 = AXIS2_PLACEMENT_3D('',#2986,#2987,#2988);
#2986 = CARTESIAN_POINT('',(-17.32,-31.,10.));
#2987 = DIRECTION('',(-2.22044604925E-16,-4.440892098501E-16,1.));
#2988 = DIRECTION('',(-1.,-2.22044604925E-16,-2.22044604925E-16));
#2989 = ADVANCED_FACE('',(#2990),#2993,.T.);
#2990 = FACE_BOUND('',#2991,.F.);
#2991 = EDGE_LOOP('',(#2992));
#2992 = ORIENTED_EDGE('',*,*,#2892,.T.);
#2993 = PLANE('',#2994);
#2994 = AXIS2_PLACEMENT_3D('',#2995,#2996,#2997);
#2995 = CARTESIAN_POINT('',(-17.32,31.,10.));
#2996 = DIRECTION('',(-2.22044604925E-16,2.465190328816E-32,1.));
#2997 = DIRECTION('',(1.,-2.22044604925E-16,2.22044604925E-16));
#2998 = ADVANCED_FACE('',(#2999),#3002,.F.);
#2999 = FACE_BOUND('',#3000,.F.);
#3000 = EDGE_LOOP('',(#3001));
#3001 = ORIENTED_EDGE('',*,*,#2918,.T.);
#3002 = PLANE('',#3003);
#3003 = AXIS2_PLACEMENT_3D('',#3004,#3005,#3006);
#3004 = CARTESIAN_POINT('',(0.,0.,5.));
#3005 = DIRECTION('',(-0.,-0.,-1.));
#3006 = DIRECTION('',(0.,1.,0.));
#3007 = ADVANCED_FACE('',(#3008),#3011,.T.);
#3008 = FACE_BOUND('',#3009,.F.);
#3009 = EDGE_LOOP('',(#3010));
#3010 = ORIENTED_EDGE('',*,*,#2942,.T.);
#3011 = PLANE('',#3012);
#3012 = AXIS2_PLACEMENT_3D('',#3013,#3014,#3015);
#3013 = CARTESIAN_POINT('',(17.32,-31.,10.));
#3014 = DIRECTION('',(0.,-4.440892098501E-16,1.));
#3015 = DIRECTION('',(-1.,-0.,-0.));
#3016 = ADVANCED_FACE('',(#3017),#3020,.T.);
#3017 = FACE_BOUND('',#3018,.T.);
#3018 = EDGE_LOOP('',(#3019));
#3019 = ORIENTED_EDGE('',*,*,#2967,.T.);
#3020 = PLANE('',#3021);
#3021 = AXIS2_PLACEMENT_3D('',#3022,#3023,#3024);
#3022 = CARTESIAN_POINT('',(17.32,31.,10.));
#3023 = DIRECTION('',(0.,0.,1.));
#3024 = DIRECTION('',(1.,0.,0.));
#3025 = ADVANCED_FACE('',(#3026),#3054,.F.);
#3026 = FACE_BOUND('',#3027,.T.);
#3027 = EDGE_LOOP('',(#3028,#3029,#3030,#3037,#3046,#3053));
#3028 = ORIENTED_EDGE('',*,*,#2796,.F.);
#3029 = ORIENTED_EDGE('',*,*,#2785,.F.);
#3030 = ORIENTED_EDGE('',*,*,#3031,.F.);
#3031 = EDGE_CURVE('',#3032,#2786,#3034,.T.);
#3032 = VERTEX_POINT('',#3033);
#3033 = CARTESIAN_POINT('',(2.,-40.,10.));
#3034 = B_SPLINE_CURVE_WITH_KNOTS('',1,(#3035,#3036),.UNSPECIFIED.,.F.,
  .F.,(2,2),(-5.,0.),.PIECEWISE_BEZIER_KNOTS.);
#3035 = CARTESIAN_POINT('',(2.,-40.,10.));
#3036 = CARTESIAN_POINT('',(2.,-40.,15.));
#3037 = ORIENTED_EDGE('',*,*,#3038,.T.);
#3038 = EDGE_CURVE('',#3032,#3039,#3041,.T.);
#3039 = VERTEX_POINT('',#3040);
#3040 = CARTESIAN_POINT('',(-2.,-40.,10.));
#3041 = CIRCLE('',#3042,2.);
#3042 = AXIS2_PLACEMENT_3D('',#3043,#3044,#3045);
#3043 = CARTESIAN_POINT('',(0.,-40.,10.));
#3044 = DIRECTION('',(0.,4.440892098501E-16,-1.));
#3045 = DIRECTION('',(1.,0.,0.));
#3046 = ORIENTED_EDGE('',*,*,#3047,.T.);
#3047 = EDGE_CURVE('',#3039,#3032,#3048,.T.);
#3048 = CIRCLE('',#3049,2.);
#3049 = AXIS2_PLACEMENT_3D('',#3050,#3051,#3052);
#3050 = CARTESIAN_POINT('',(0.,-40.,10.));
#3051 = DIRECTION('',(0.,4.440892098501E-16,-1.));
#3052 = DIRECTION('',(1.,0.,0.));
#3053 = ORIENTED_EDGE('',*,*,#3031,.T.);
#3054 = CYLINDRICAL_SURFACE('',#3055,2.);
#3055 = AXIS2_PLACEMENT_3D('',#3056,#3057,#3058);
#3056 = CARTESIAN_POINT('',(0.,-40.,15.));
#3057 = DIRECTION('',(0.,-4.440892098501E-16,1.));
#3058 = DIRECTION('',(1.,0.,0.));
#3059 = ADVANCED_FACE('',(#3060),#3064,.T.);
#3060 = FACE_BOUND('',#3061,.F.);
#3061 = EDGE_LOOP('',(#3062,#3063));
#3062 = ORIENTED_EDGE('',*,*,#3038,.T.);
#3063 = ORIENTED_EDGE('',*,*,#3047,.T.);
#3064 = PLANE('',#3065);
#3065 = AXIS2_PLACEMENT_3D('',#3066,#3067,#3068);
#3066 = CARTESIAN_POINT('',(17.32,-31.,10.));
#3067 = DIRECTION('',(0.,-4.440892098501E-16,1.));
#3068 = DIRECTION('',(-1.,-0.,-0.));
#3069 = ( GEOMETRIC_REPRESENTATION_CONTEXT(3) 
GLOBAL_UNCERTAINTY_ASSIGNED_CONTEXT((#3073)) 
GLOBAL_UNIT_ASSIGNED_CONTEXT((#3070,#3071,#3072)) REPRESENTATION_CONTEXT
('Context #1','3D Context with UNIT and UNCERTAINTY') );
#3070 = ( LENGTH_UNIT() NAMED_UNIT(*) SI_UNIT(.MILLI.,.METRE.) );
#3071 = ( NAMED_UNIT(*) PLANE_ANGLE_UNIT() SI_UNIT($,.RADIAN.) );
#3072 = ( NAMED_UNIT(*) SI_UNIT($,.STERADIAN.) SOLID_ANGLE_UNIT() );
#3073 = UNCERTAINTY_MEASURE_WITH_UNIT(LENGTH_MEASURE(2.E-06),#3070,
  'distance_accuracy_value','confusion accuracy');
#3074 = PRODUCT_RELATED_PRODUCT_CATEGORY('part',$,(#7));
#3075 = MECHANICAL_DESIGN_GEOMETRIC_PRESENTATION_REPRESENTATION('',(
    #3076),#3069);
#3076 = STYLED_ITEM('color',(#3077),#15);
#3077 = PRESENTATION_STYLE_ASSIGNMENT((#3078,#3084));
#3078 = SURFACE_STYLE_USAGE(.BOTH.,#3079);
#3079 = SURFACE_SIDE_STYLE('',(#3080));
#3080 = SURFACE_STYLE_FILL_AREA(#3081);
#3081 = FILL_AREA_STYLE('',(#3082));
#3082 = FILL_AREA_STYLE_COLOUR('',#3083);
#3083 = COLOUR_RGB('',0.678431390124,0.709803936702,0.741176476869);
#3084 = CURVE_STYLE('',#3085,POSITIVE_LENGTH_MEASURE(0.1),#3086);
#3085 = DRAUGHTING_PRE_DEFINED_CURVE_FONT('continuous');
#3086 = COLOUR_RGB('',9.803921802644E-02,9.803921802644E-02,
  9.803921802644E-02);
ENDSEC;
END-ISO-10303-21;
