ISO-10303-21;
HEADER;
FILE_DESCRIPTION(('FreeCAD Model'),'2;1');
FILE_NAME('Open CASCADE Shape Model','2026-10-01T02:37:52',(''),(''),
  'Open CASCADE STEP processor 7.8','FreeCAD','Unknown');
FILE_SCHEMA(('AUTOMOTIVE_DESIGN { 1 0 10303 214 1 1 1 1 }'));
ENDSEC;
DATA;
#1 = APPLICATION_PROTOCOL_DEFINITION('international standard',
  'automotive_design',2000,#2);
#2 = APPLICATION_CONTEXT(
  'core data for automotive mechanical design processes');
#3 = SHAPE_DEFINITION_REPRESENTATION(#4,#10);
#4 = PRODUCT_DEFINITION_SHAPE('','',#5);
#5 = PRODUCT_DEFINITION('design','',#6,#9);
#6 = PRODUCT_DEFINITION_FORMATION('','',#7);
#7 = PRODUCT('base_stack_new','base_stack_new','',(#8));
#8 = PRODUCT_CONTEXT('',#2,'mechanical');
#9 = PRODUCT_DEFINITION_CONTEXT('part definition',#2,'design');
#10 = ADVANCED_BREP_SHAPE_REPRESENTATION('',(#11,#15),#4476);
#11 = AXIS2_PLACEMENT_3D('',#12,#13,#14);
#12 = CARTESIAN_POINT('',(0.,0.,0.));
#13 = DIRECTION('',(0.,0.,1.));
#14 = DIRECTION('',(1.,0.,-0.));
#15 = MANIFOLD_SOLID_BREP('',#16);
#16 = CLOSED_SHELL('',(#17,#670,#745,#772,#838,#865,#931,#958,#1024,
    #1051,#1117,#1144,#1210,#1237,#1303,#1330,#1396,#1423,#1489,#1516,
    #1582,#1609,#1675,#1702,#1768,#1796,#1821,#1846,#1871,#1896,#1992,
    #2017,#2793,#2878,#2905,#2981,#3008,#3084,#3111,#3187,#3214,#3290,
    #3317,#3393,#3420,#3496,#3523,#3599,#3626,#3702,#3729,#3805,#3832,
    #3908,#3935,#4011,#4039,#4064,#4089,#4114,#4139,#4235,#4260,#4280,
    #4305,#4325,#4350,#4370,#4395,#4404,#4422,#4440,#4458));
#17 = ADVANCED_FACE('',(#18,#581,#592,#612,#623,#634,#654),#665,.T.);
#18 = FACE_BOUND('',#19,.F.);
#19 = EDGE_LOOP('',(#20,#59,#68,#77,#114,#123,#160,#169,#206,#215,#252,
    #261,#298,#307,#344,#353,#390,#399,#436,#445,#482,#491,#528,#537,
    #574));
#20 = ORIENTED_EDGE('',*,*,#21,.F.);
#21 = EDGE_CURVE('',#22,#24,#26,.T.);
#22 = VERTEX_POINT('',#23);
#23 = CARTESIAN_POINT('',(26.317738849003,70.230880827993,0.));
#24 = VERTEX_POINT('',#25);
#25 = CARTESIAN_POINT('',(28.883560784112,63.03194292955,0.));
#26 = B_SPLINE_CURVE_WITH_KNOTS('',6,(#27,#28,#29,#30,#31,#32,#33,#34,
    #35,#36,#37,#38,#39,#40,#41,#42,#43,#44,#45,#46,#47,#48,#49,#50,#51,
    #52,#53,#54,#55,#56,#57,#58),.UNSPECIFIED.,.F.,.F.,(7,5,5,5,5,5,7),(
    0.,0.153998504181,0.257773459106,0.5,0.742226540895,0.846001495819,
    1.),.UNSPECIFIED.);
#27 = CARTESIAN_POINT('',(26.317738849003,70.230880827993,0.));
#28 = CARTESIAN_POINT('',(26.511247203829,70.158367109136,0.));
#29 = CARTESIAN_POINT('',(26.703977211257,70.075200256933,0.));
#30 = CARTESIAN_POINT('',(26.894946047865,69.98115056939,0.));
#31 = CARTESIAN_POINT('',(27.083113805051,69.876124568853,0.));
#32 = CARTESIAN_POINT('',(27.267414875163,69.760182401481,0.));
#33 = CARTESIAN_POINT('',(27.56766438674,69.548225003265,0.));
#34 = CARTESIAN_POINT('',(27.686303761539,69.458041646401,0.));
#35 = CARTESIAN_POINT('',(27.802383820326,69.363075123429,0.));
#36 = CARTESIAN_POINT('',(27.915585688346,69.26342794165,0.));
#37 = CARTESIAN_POINT('',(28.025599647437,69.159235309804,0.));
#38 = CARTESIAN_POINT('',(28.380786476917,68.797246336123,0.));
#39 = CARTESIAN_POINT('',(28.610498515001,68.519940392586,0.));
#40 = CARTESIAN_POINT('',(28.817423941193,68.220936217513,0.));
#41 = CARTESIAN_POINT('',(28.998315369082,67.903280549085,0.));
#42 = CARTESIAN_POINT('',(29.150681056029,67.570702845096,0.));
#43 = CARTESIAN_POINT('',(29.395348402693,66.884238593502,0.));
#44 = CARTESIAN_POINT('',(29.487681364439,66.530264221655,0.));
#45 = CARTESIAN_POINT('',(29.54848112036,66.169805871707,0.));
#46 = CARTESIAN_POINT('',(29.577318869343,65.807328268328,0.));
#47 = CARTESIAN_POINT('',(29.574782921272,65.447245256055,0.));
#48 = CARTESIAN_POINT('',(29.528618727168,64.9422080613,0.));
#49 = CARTESIAN_POINT('',(29.509305561422,64.791921077982,0.));
#50 = CARTESIAN_POINT('',(29.484648196186,64.643138558514,0.));
#51 = CARTESIAN_POINT('',(29.454801012453,64.49616112434,0.));
#52 = CARTESIAN_POINT('',(29.419946166874,64.351269858738,0.));
#53 = CARTESIAN_POINT('',(29.321441835077,63.997189917936,0.));
#54 = CARTESIAN_POINT('',(29.252019446112,63.790816463903,0.));
#55 = CARTESIAN_POINT('',(29.172697701212,63.590452728613,0.));
#56 = CARTESIAN_POINT('',(29.084263947621,63.396819282359,0.));
#57 = CARTESIAN_POINT('',(28.987582791884,63.210501448554,0.));
#58 = CARTESIAN_POINT('',(28.883560784112,63.03194292955,0.));
#59 = ORIENTED_EDGE('',*,*,#60,.F.);
#60 = EDGE_CURVE('',#61,#22,#63,.T.);
#61 = VERTEX_POINT('',#62);
#62 = CARTESIAN_POINT('',(0.,75.,0.));
#63 = CIRCLE('',#64,75.);
#64 = AXIS2_PLACEMENT_3D('',#65,#66,#67);
#65 = CARTESIAN_POINT('',(0.,0.,0.));
#66 = DIRECTION('',(0.,0.,-1.));
#67 = DIRECTION('',(0.,1.,0.));
#68 = ORIENTED_EDGE('',*,*,#69,.F.);
#69 = EDGE_CURVE('',#70,#61,#72,.T.);
#70 = VERTEX_POINT('',#71);
#71 = CARTESIAN_POINT('',(-26.317738849,70.230880827993,
    -5.843711925247E-15));
#72 = CIRCLE('',#73,75.);
#73 = AXIS2_PLACEMENT_3D('',#74,#75,#76);
#74 = CARTESIAN_POINT('',(0.,0.,0.));
#75 = DIRECTION('',(0.,0.,-1.));
#76 = DIRECTION('',(0.,1.,0.));
#77 = ORIENTED_EDGE('',*,*,#78,.T.);
#78 = EDGE_CURVE('',#70,#79,#81,.T.);
#79 = VERTEX_POINT('',#80);
#80 = CARTESIAN_POINT('',(-28.88356078411,63.03194292955,
    -6.413438843136E-15));
#81 = B_SPLINE_CURVE_WITH_KNOTS('',6,(#82,#83,#84,#85,#86,#87,#88,#89,
    #90,#91,#92,#93,#94,#95,#96,#97,#98,#99,#100,#101,#102,#103,#104,
    #105,#106,#107,#108,#109,#110,#111,#112,#113),.UNSPECIFIED.,.F.,.F.,
  (7,5,5,5,5,5,7),(0.,0.153998504181,0.257773459106,0.5,0.742226540895,
    0.846001495819,1.),.UNSPECIFIED.);
#82 = CARTESIAN_POINT('',(-26.317738849,70.230880827993,
    -5.843711925247E-15));
#83 = CARTESIAN_POINT('',(-26.51124720382,70.158367109136,
    -5.886679411444E-15));
#84 = CARTESIAN_POINT('',(-26.70397721125,70.075200256933,
    -5.929474069801E-15));
#85 = CARTESIAN_POINT('',(-26.89494604786,69.98115056939,
    -5.971877669678E-15));
#86 = CARTESIAN_POINT('',(-27.08311380505,69.876124568853,
    -6.013659304982E-15));
#87 = CARTESIAN_POINT('',(-27.26741487516,69.760182401481,
    -6.054582363283E-15));
#88 = CARTESIAN_POINT('',(-27.56766438674,69.548225003265,
    -6.12125114746E-15));
#89 = CARTESIAN_POINT('',(-27.68630376153,69.458041646401,
    -6.147594380565E-15));
#90 = CARTESIAN_POINT('',(-27.80238382032,69.363075123429,
    -6.173369331358E-15));
#91 = CARTESIAN_POINT('',(-27.91558568834,69.26342794165,
    -6.19850519542E-15));
#92 = CARTESIAN_POINT('',(-28.02559964743,69.159235309804,
    -6.222933201502E-15));
#93 = CARTESIAN_POINT('',(-28.38078647691,68.797246336123,
    -6.301800520729E-15));
#94 = CARTESIAN_POINT('',(-28.610498515,68.519940392586,
    -6.352806839471E-15));
#95 = CARTESIAN_POINT('',(-28.81742394119,68.220936217513,
    -6.398753513979E-15));
#96 = CARTESIAN_POINT('',(-28.99831536908,67.903280549085,
    -6.438919479619E-15));
#97 = CARTESIAN_POINT('',(-29.15068105602,67.570702845096,
    -6.472751458382E-15));
#98 = CARTESIAN_POINT('',(-29.39534840269,66.884238593502,
    -6.52707852271E-15));
#99 = CARTESIAN_POINT('',(-29.48768136443,66.530264221655,
    -6.547580558722E-15));
#100 = CARTESIAN_POINT('',(-29.54848112036,66.169805871707,
    -6.561080816505E-15));
#101 = CARTESIAN_POINT('',(-29.57731886934,65.807328268328,
    -6.567484083085E-15));
#102 = CARTESIAN_POINT('',(-29.57478292127,65.447245256055,
    -6.566920989497E-15));
#103 = CARTESIAN_POINT('',(-29.52861872716,64.9422080613,
    -6.556670479256E-15));
#104 = CARTESIAN_POINT('',(-29.50930556142,64.791921077982,
    -6.552382094998E-15));
#105 = CARTESIAN_POINT('',(-29.48464819618,64.643138558514,
    -6.546907060076E-15));
#106 = CARTESIAN_POINT('',(-29.45480101245,64.49616112434,
    -6.540279653956E-15));
#107 = CARTESIAN_POINT('',(-29.41994616687,64.351269858738,
    -6.532540323539E-15));
#108 = CARTESIAN_POINT('',(-29.32144183507,63.997189917936,
    -6.510667968102E-15));
#109 = CARTESIAN_POINT('',(-29.25201944611,63.790816463903,
    -6.495253101171E-15));
#110 = CARTESIAN_POINT('',(-29.17269770121,63.590452728613,
    -6.477640135663E-15));
#111 = CARTESIAN_POINT('',(-29.08426394762,63.396819282359,
    -6.458003897785E-15));
#112 = CARTESIAN_POINT('',(-28.98758279188,63.210501448554,
    -6.436536368755E-15));
#113 = CARTESIAN_POINT('',(-28.88356078411,63.03194292955,
    -6.413438843136E-15));
#114 = ORIENTED_EDGE('',*,*,#115,.F.);
#115 = EDGE_CURVE('',#116,#79,#118,.T.);
#116 = VERTEX_POINT('',#117);
#117 = CARTESIAN_POINT('',(-40.14200397609,56.532339681168,
    -8.91331541377E-15));
#118 = CIRCLE('',#119,6.5);
#119 = AXIS2_PLACEMENT_3D('',#120,#121,#122);
#120 = CARTESIAN_POINT('',(-34.5,59.76,0.));
#121 = DIRECTION('',(-2.22044604925E-16,2.465190328816E-32,1.));
#122 = DIRECTION('',(-1.,2.22044604925E-16,-2.22044604925E-16));
#123 = ORIENTED_EDGE('',*,*,#124,.F.);
#124 = EDGE_CURVE('',#125,#116,#127,.T.);
#125 = VERTEX_POINT('',#126);
#126 = CARTESIAN_POINT('',(-47.65929325138,57.910204340675,
    -1.058248894101E-14));
#127 = B_SPLINE_CURVE_WITH_KNOTS('',6,(#128,#129,#130,#131,#132,#133,
    #134,#135,#136,#137,#138,#139,#140,#141,#142,#143,#144,#145,#146,
    #147,#148,#149,#150,#151,#152,#153,#154,#155,#156,#157,#158,#159),
  .UNSPECIFIED.,.F.,.F.,(7,5,5,5,5,5,7),(0.,0.153998504181,
    0.257773459106,0.5,0.742226540894,0.846001495819,1.),.UNSPECIFIED.);
#128 = CARTESIAN_POINT('',(-47.65929325138,57.910204340675,
    -1.058248894101E-14));
#129 = CARTESIAN_POINT('',(-47.49973226855,58.041520811728,
    -1.054705928562E-14));
#130 = CARTESIAN_POINT('',(-47.33133494467,58.166836103604,
    -1.050966756836E-14));
#131 = CARTESIAN_POINT('',(-47.15439382314,58.285184233261,
    -1.047037874694E-14));
#132 = CARTESIAN_POINT('',(-46.96934796254,58.395617901626,
    -1.042929031193E-14));
#133 = CARTESIAN_POINT('',(-46.77678230975,58.497244374482,
    -1.038653214763E-14));
#134 = CARTESIAN_POINT('',(-46.44308758183,58.651268841437,
    -1.031243703361E-14));
#135 = CARTESIAN_POINT('',(-46.30566326814,58.708913417187,
    -1.028192270617E-14));
#136 = CARTESIAN_POINT('',(-46.16537655272,58.761949801013,
    -1.025077279786E-14));
#137 = CARTESIAN_POINT('',(-46.02247566071,58.810153108204,
    -1.021904242576E-14));
#138 = CARTESIAN_POINT('',(-45.87723255776,58.853322736072,
    -1.018679197834E-14));
#139 = CARTESIAN_POINT('',(-45.3861397043,58.979898840392,
    -1.007774745971E-14));
#140 = CARTESIAN_POINT('',(-45.03112598379,59.040160478372,
    -9.998918578401E-15));
#141 = CARTESIAN_POINT('',(-44.66871623188,59.06983876054,
    -9.918447448216E-15));
#142 = CARTESIAN_POINT('',(-44.30317277375,59.0676449992,
    -9.837280495473E-15));
#143 = CARTESIAN_POINT('',(-43.93897130396,59.033286286299,
    -9.756411524001E-15));
#144 = CARTESIAN_POINT('',(-43.22215023546,58.901898177993,
    -9.597245273045E-15));
#145 = CARTESIAN_POINT('',(-42.86943892876,58.804851973176,
    -9.518927630295E-15));
#146 = CARTESIAN_POINT('',(-42.52688081556,58.677255846866,
    -9.442864449385E-15));
#147 = CARTESIAN_POINT('',(-42.19855674686,58.52097105992,
    -9.369961861264E-15));
#148 = CARTESIAN_POINT('',(-41.88799490201,58.338714243073,
    -9.301003279121E-15));
#149 = CARTESIAN_POINT('',(-41.47371996243,58.046190781905,
    -9.20901576383E-15));
#150 = CARTESIAN_POINT('',(-41.35322985462,57.954314181808,
    -9.182261585443E-15));
#151 = CARTESIAN_POINT('',(-41.23671498902,57.858561845781,
    -9.156390088144E-15));
#152 = CARTESIAN_POINT('',(-41.12435850347,57.759217793681,
    -9.131441936699E-15));
#153 = CARTESIAN_POINT('',(-41.01631272654,57.656580328811,
    -9.107450954846E-15));
#154 = CARTESIAN_POINT('',(-40.75893881655,57.394217262969,
    -9.050302466684E-15));
#155 = CARTESIAN_POINT('',(-40.61493540898,57.230900119877,
    -9.018327286943E-15));
#156 = CARTESIAN_POINT('',(-40.48108659118,57.062015367434,
    -8.988606879076E-15));
#157 = CARTESIAN_POINT('',(-40.35762265757,56.888605167679,
    -8.961192378714E-15));
#158 = CARTESIAN_POINT('',(-40.24461814571,56.711710958139,
    -8.936100336524E-15));
#159 = CARTESIAN_POINT('',(-40.14200397609,56.532339681168,
    -8.91331541377E-15));
#160 = ORIENTED_EDGE('',*,*,#161,.F.);
#161 = EDGE_CURVE('',#162,#125,#164,.T.);
#162 = VERTEX_POINT('',#163);
#163 = CARTESIAN_POINT('',(-73.98097826087,12.321317119722,
    -1.368874839435E-14));
#164 = CIRCLE('',#165,75.);
#165 = AXIS2_PLACEMENT_3D('',#166,#167,#168);
#166 = CARTESIAN_POINT('',(0.,0.,0.));
#167 = DIRECTION('',(0.,0.,-1.));
#168 = DIRECTION('',(0.,1.,0.));
#169 = ORIENTED_EDGE('',*,*,#170,.T.);
#170 = EDGE_CURVE('',#162,#171,#173,.T.);
#171 = VERTEX_POINT('',#172);
#172 = CARTESIAN_POINT('',(-69.02764650283,6.499941205186,
    -1.388393961969E-14));
#173 = B_SPLINE_CURVE_WITH_KNOTS('',6,(#174,#175,#176,#177,#178,#179,
    #180,#181,#182,#183,#184,#185,#186,#187,#188,#189,#190,#191,#192,
    #193,#194,#195,#196,#197,#198,#199,#200,#201,#202,#203,#204,#205),
  .UNSPECIFIED.,.F.,.F.,(7,5,5,5,5,5,7),(0.,0.153995594589,
    0.257770351104,0.5,0.742229648896,0.846004405411,1.),.UNSPECIFIED.);
#174 = CARTESIAN_POINT('',(-73.98097826087,12.321317119722,
    -1.64270770899E-14));
#175 = CARTESIAN_POINT('',(-74.01493234787,12.117446336427,
    -1.643461641174E-14));
#176 = CARTESIAN_POINT('',(-74.03926848341,11.908921668774,
    -1.644002011934E-14));
#177 = CARTESIAN_POINT('',(-74.05329598718,11.696479753263,
    -1.644313485087E-14));
#178 = CARTESIAN_POINT('',(-74.05641366332,11.48097484739,
    -1.644382711404E-14));
#179 = CARTESIAN_POINT('',(-74.04814058379,11.263360334627,
    -1.644199012136E-14));
#180 = CARTESIAN_POINT('',(-74.01467348256,10.897299049819,
    -1.643455893209E-14));
#181 = CARTESIAN_POINT('',(-73.99587739891,10.749437594857,
    -1.643038536312E-14));
#182 = CARTESIAN_POINT('',(-73.97165734411,10.60140129697,
    -1.642500743062E-14));
#183 = CARTESIAN_POINT('',(-73.94194263533,10.453517741264,
    -1.641840943985E-14));
#184 = CARTESIAN_POINT('',(-73.90669551107,10.306122936868,
    -1.641058300607E-14));
#185 = CARTESIAN_POINT('',(-73.77072053735,9.817446711729,
    -1.638039049675E-14));
#186 = CARTESIAN_POINT('',(-73.64535684098,9.479803812063,
    -1.635255416432E-14));
#187 = CARTESIAN_POINT('',(-73.48979740591,9.151052877676,
    -1.631801303102E-14));
#188 = CARTESIAN_POINT('',(-73.30505822447,8.835531961543,
    -1.627699269246E-14));
#189 = CARTESIAN_POINT('',(-73.09312496988,8.537265717502,
    -1.622993405667E-14));
#190 = CARTESIAN_POINT('',(-72.62076054316,7.982122022126,
    -1.612504808416E-14));
#191 = CARTESIAN_POINT('',(-72.36026888324,7.725173482843,
    -1.606720731645E-14));
#192 = CARTESIAN_POINT('',(-72.07839166325,7.49230603872,
    -1.60046180005E-14));
#193 = CARTESIAN_POINT('',(-71.77878374966,7.286124049166,
    -1.593809167969E-14));
#194 = CARTESIAN_POINT('',(-71.46556459963,7.108324869992,
    -1.586854305727E-14));
#195 = CARTESIAN_POINT('',(-71.00495875012,6.895872762707,
    -1.576626801339E-14));
#196 = CARTESIAN_POINT('',(-70.86510752958,6.837484200094,
    -1.573521480438E-14));
#197 = CARTESIAN_POINT('',(-70.72388819218,6.784478457844,
    -1.57038578124E-14));
#198 = CARTESIAN_POINT('',(-70.58163845864,6.736872052256,
    -1.567227202651E-14));
#199 = CARTESIAN_POINT('',(-70.43869300456,6.694647654279,
    -1.564053175964E-14));
#200 = CARTESIAN_POINT('',(-70.08271051415,6.603010447759,
    -1.556148776819E-14));
#201 = CARTESIAN_POINT('',(-69.86922701785,6.560006764018,
    -1.55140849096E-14));
#202 = CARTESIAN_POINT('',(-69.65600240611,6.528584649029,
    -1.546673953492E-14));
#203 = CARTESIAN_POINT('',(-69.44405475694,6.508422001863,
    -1.54196777029E-14));
#204 = CARTESIAN_POINT('',(-69.23432355415,6.499062136053,
    -1.537310802083E-14));
#205 = CARTESIAN_POINT('',(-69.02764650283,6.499941205186,
    -1.532721649663E-14));
#206 = ORIENTED_EDGE('',*,*,#207,.F.);
#207 = EDGE_CURVE('',#208,#171,#210,.T.);
#208 = VERTEX_POINT('',#209);
#209 = CARTESIAN_POINT('',(-69.02764650283,-6.499941205186,
    -1.677049337357E-14));
#210 = CIRCLE('',#211,6.5);
#211 = AXIS2_PLACEMENT_3D('',#212,#213,#214);
#212 = CARTESIAN_POINT('',(-69.,-1.532107773983E-14,0.));
#213 = DIRECTION('',(-2.22044604925E-16,-4.440892098501E-16,1.));
#214 = DIRECTION('',(-1.,-2.22044604925E-16,-2.22044604925E-16));
#215 = ORIENTED_EDGE('',*,*,#216,.T.);
#216 = EDGE_CURVE('',#208,#217,#219,.T.);
#217 = VERTEX_POINT('',#218);
#218 = CARTESIAN_POINT('',(-73.98097826087,-12.32131711972,
    -1.916051237835E-14));
#219 = B_SPLINE_CURVE_WITH_KNOTS('',6,(#220,#221,#222,#223,#224,#225,
    #226,#227,#228,#229,#230,#231,#232,#233,#234,#235,#236,#237,#238,
    #239,#240,#241,#242,#243,#244,#245,#246,#247,#248,#249,#250,#251),
  .UNSPECIFIED.,.F.,.F.,(7,5,5,5,5,5,7),(0.,0.153995594589,
    0.257770351104,0.5,0.742229648896,0.846004405411,1.),.UNSPECIFIED.);
#220 = CARTESIAN_POINT('',(-69.02764650283,-6.499941205186,
    -1.532721649663E-14));
#221 = CARTESIAN_POINT('',(-69.23432355415,-6.499062136053,
    -1.537310802083E-14));
#222 = CARTESIAN_POINT('',(-69.44405475694,-6.508422001863,
    -1.54196777029E-14));
#223 = CARTESIAN_POINT('',(-69.65600240611,-6.528584649029,
    -1.546673953492E-14));
#224 = CARTESIAN_POINT('',(-69.86922701785,-6.560006764018,
    -1.55140849096E-14));
#225 = CARTESIAN_POINT('',(-70.08271051415,-6.603010447759,
    -1.556148776819E-14));
#226 = CARTESIAN_POINT('',(-70.43869300456,-6.694647654279,
    -1.564053175964E-14));
#227 = CARTESIAN_POINT('',(-70.58163845864,-6.736872052256,
    -1.567227202651E-14));
#228 = CARTESIAN_POINT('',(-70.72388819218,-6.784478457844,
    -1.57038578124E-14));
#229 = CARTESIAN_POINT('',(-70.86510752958,-6.837484200094,
    -1.573521480438E-14));
#230 = CARTESIAN_POINT('',(-71.00495875012,-6.895872762707,
    -1.576626801339E-14));
#231 = CARTESIAN_POINT('',(-71.46556459963,-7.108324869992,
    -1.586854305727E-14));
#232 = CARTESIAN_POINT('',(-71.77878374967,-7.286124049167,
    -1.593809167969E-14));
#233 = CARTESIAN_POINT('',(-72.07839166325,-7.492306038718,
    -1.60046180005E-14));
#234 = CARTESIAN_POINT('',(-72.36026888324,-7.725173482844,
    -1.606720731645E-14));
#235 = CARTESIAN_POINT('',(-72.62076054316,-7.982122022126,
    -1.612504808416E-14));
#236 = CARTESIAN_POINT('',(-73.09312496988,-8.537265717502,
    -1.622993405667E-14));
#237 = CARTESIAN_POINT('',(-73.30505822447,-8.835531961543,
    -1.627699269246E-14));
#238 = CARTESIAN_POINT('',(-73.48979740591,-9.151052877677,
    -1.631801303102E-14));
#239 = CARTESIAN_POINT('',(-73.64535684098,-9.479803812063,
    -1.635255416432E-14));
#240 = CARTESIAN_POINT('',(-73.77072053735,-9.817446711729,
    -1.638039049675E-14));
#241 = CARTESIAN_POINT('',(-73.90669551107,-10.30612293686,
    -1.641058300607E-14));
#242 = CARTESIAN_POINT('',(-73.94194263533,-10.45351774126,
    -1.641840943985E-14));
#243 = CARTESIAN_POINT('',(-73.97165734411,-10.60140129697,
    -1.642500743062E-14));
#244 = CARTESIAN_POINT('',(-73.99587739891,-10.74943759485,
    -1.643038536312E-14));
#245 = CARTESIAN_POINT('',(-74.01467348256,-10.89729904982,
    -1.643455893209E-14));
#246 = CARTESIAN_POINT('',(-74.04814058379,-11.26336033462,
    -1.644199012136E-14));
#247 = CARTESIAN_POINT('',(-74.05641366332,-11.48097484739,
    -1.644382711404E-14));
#248 = CARTESIAN_POINT('',(-74.05329598718,-11.69647975326,
    -1.644313485087E-14));
#249 = CARTESIAN_POINT('',(-74.03926848341,-11.90892166877,
    -1.644002011934E-14));
#250 = CARTESIAN_POINT('',(-74.01493234787,-12.11744633642,
    -1.643461641174E-14));
#251 = CARTESIAN_POINT('',(-73.98097826087,-12.32131711972,
    -1.64270770899E-14));
#252 = ORIENTED_EDGE('',*,*,#253,.F.);
#253 = EDGE_CURVE('',#254,#217,#256,.T.);
#254 = VERTEX_POINT('',#255);
#255 = CARTESIAN_POINT('',(-47.65929325138,-57.91020434067,
    -3.629978582892E-14));
#256 = CIRCLE('',#257,75.);
#257 = AXIS2_PLACEMENT_3D('',#258,#259,#260);
#258 = CARTESIAN_POINT('',(0.,0.,0.));
#259 = DIRECTION('',(0.,0.,-1.));
#260 = DIRECTION('',(0.,1.,0.));
#261 = ORIENTED_EDGE('',*,*,#262,.T.);
#262 = EDGE_CURVE('',#254,#263,#265,.T.);
#263 = VERTEX_POINT('',#264);
#264 = CARTESIAN_POINT('',(-40.14200397609,-56.53233968116,
    -3.401871747376E-14));
#265 = B_SPLINE_CURVE_WITH_KNOTS('',6,(#266,#267,#268,#269,#270,#271,
    #272,#273,#274,#275,#276,#277,#278,#279,#280,#281,#282,#283,#284,
    #285,#286,#287,#288,#289,#290,#291,#292,#293,#294,#295,#296,#297),
  .UNSPECIFIED.,.F.,.F.,(7,5,5,5,5,5,7),(0.,0.153998504181,
    0.257773459106,0.5,0.742226540894,0.846001495819,1.),.UNSPECIFIED.);
#266 = CARTESIAN_POINT('',(-47.65929325138,-57.91020434067,
    -3.629978582892E-14));
#267 = CARTESIAN_POINT('',(-47.49973226855,-58.04152081172,
    -3.632267240139E-14));
#268 = CARTESIAN_POINT('',(-47.33133494467,-58.1668361036,
    -3.634093185309E-14));
#269 = CARTESIAN_POINT('',(-47.15439382314,-58.28518423326,
    -3.635420015905E-14));
#270 = CARTESIAN_POINT('',(-46.96934796254,-58.39561790162,
    -3.636215412457E-14));
#271 = CARTESIAN_POINT('',(-46.77678230975,-58.49724437448,
    -3.63645271803E-14));
#272 = CARTESIAN_POINT('',(-46.44308758183,-58.65126884143,
    -3.63588326701E-14));
#273 = CARTESIAN_POINT('',(-46.30566326814,-58.70891341718,
    -3.635391767676E-14));
#274 = CARTESIAN_POINT('',(-46.16537655272,-58.76194980101,
    -3.634632065424E-14));
#275 = CARTESIAN_POINT('',(-46.02247566071,-58.8101531082,
    -3.633599685074E-14));
#276 = CARTESIAN_POINT('',(-45.87723255776,-58.85332273607,
    -3.632291756926E-14));
#277 = CARTESIAN_POINT('',(-45.3861397043,-58.97989884039,
    -3.627008413278E-14));
#278 = CARTESIAN_POINT('',(-45.03112598379,-59.04016047837,
    -3.621801679466E-14));
#279 = CARTESIAN_POINT('',(-44.66871623188,-59.06983876054,
    -3.615072546935E-14));
#280 = CARTESIAN_POINT('',(-44.30317277375,-59.0676449992,
    -3.606858429087E-14));
#281 = CARTESIAN_POINT('',(-43.93897130396,-59.03328628629,
    -3.597245698574E-14));
#282 = CARTESIAN_POINT('',(-43.22215023546,-58.90189817799,
    -3.575494269358E-14));
#283 = CARTESIAN_POINT('',(-42.86943892876,-58.80485197317,
    -3.563352787841E-14));
#284 = CARTESIAN_POINT('',(-42.52688081556,-58.67725584686,
    -3.550080063459E-14));
#285 = CARTESIAN_POINT('',(-42.19855674686,-58.52097105992,
    -3.535849365892E-14));
#286 = CARTESIAN_POINT('',(-41.88799490201,-58.33871424307,
    -3.5208596791E-14));
#287 = CARTESIAN_POINT('',(-41.47371996243,-58.0461907819,
    -3.498670276297E-14));
#288 = CARTESIAN_POINT('',(-41.35322985462,-57.9543141818,
    -3.491914717784E-14));
#289 = CARTESIAN_POINT('',(-41.23671498902,-57.85856184578,
    -3.48507531013E-14));
#290 = CARTESIAN_POINT('',(-41.12435850347,-57.75921779368,
    -3.478168732825E-14));
#291 = CARTESIAN_POINT('',(-41.01631272654,-57.65658032881,
    -3.471211615572E-14));
#292 = CARTESIAN_POINT('',(-40.75893881655,-57.39421726296,
    -3.453845506096E-14));
#293 = CARTESIAN_POINT('',(-40.61493540898,-57.23090011987,
    -3.443395250019E-14));
#294 = CARTESIAN_POINT('',(-40.48108659118,-57.06201536743,
    -3.432923219605E-14));
#295 = CARTESIAN_POINT('',(-40.35762265757,-56.88860516767,
    -3.42248080971E-14));
#296 = CARTESIAN_POINT('',(-40.24461814571,-56.71171095813,
    -3.412115924517E-14));
#297 = CARTESIAN_POINT('',(-40.14200397609,-56.53233968116,
    -3.401871747376E-14));
#298 = ORIENTED_EDGE('',*,*,#299,.F.);
#299 = EDGE_CURVE('',#300,#263,#302,.T.);
#300 = VERTEX_POINT('',#301);
#301 = CARTESIAN_POINT('',(-28.88356078411,-63.03194292955,
    -3.440524457403E-14));
#302 = CIRCLE('',#303,6.5);
#303 = AXIS2_PLACEMENT_3D('',#304,#305,#306);
#304 = CARTESIAN_POINT('',(-34.5,-59.76,0.));
#305 = DIRECTION('',(-2.22044604925E-16,-4.440892098501E-16,1.));
#306 = DIRECTION('',(-1.,-2.22044604925E-16,-2.22044604925E-16));
#307 = ORIENTED_EDGE('',*,*,#308,.F.);
#308 = EDGE_CURVE('',#309,#300,#311,.T.);
#309 = VERTEX_POINT('',#310);
#310 = CARTESIAN_POINT('',(-26.317738849,-70.23088082799,
    -3.703248829922E-14));
#311 = B_SPLINE_CURVE_WITH_KNOTS('',6,(#312,#313,#314,#315,#316,#317,
    #318,#319,#320,#321,#322,#323,#324,#325,#326,#327,#328,#329,#330,
    #331,#332,#333,#334,#335,#336,#337,#338,#339,#340,#341,#342,#343),
  .UNSPECIFIED.,.F.,.F.,(7,5,5,5,5,5,7),(0.,0.153998504181,
    0.257773459106,0.5,0.742226540895,0.846001495819,1.),.UNSPECIFIED.);
#312 = CARTESIAN_POINT('',(-26.317738849,-70.23088082799,
    -3.703248829922E-14));
#313 = CARTESIAN_POINT('',(-26.51124720382,-70.15836710913,
    -3.704325322531E-14));
#314 = CARTESIAN_POINT('',(-26.70397721125,-70.07520025693,
    -3.704911438199E-14));
#315 = CARTESIAN_POINT('',(-26.89494604786,-69.98115056939,
    -3.704975153044E-14));
#316 = CARTESIAN_POINT('',(-27.08311380505,-69.87612456885,
    -3.704489225215E-14));
#317 = CARTESIAN_POINT('',(-27.26741487516,-69.76018240148,
    -3.703432664495E-14));
#318 = CARTESIAN_POINT('',(-27.56766438674,-69.54822500326,
    -3.700686743563E-14));
#319 = CARTESIAN_POINT('',(-27.68630376153,-69.4580416464,
    -3.699316121305E-14));
#320 = CARTESIAN_POINT('',(-27.80238382032,-69.36307512342,
    -3.697676255569E-14));
#321 = CARTESIAN_POINT('',(-27.91558568834,-69.26342794165,
    -3.695764618153E-14));
#322 = CARTESIAN_POINT('',(-28.02559964743,-69.1592353098,
    -3.693580336407E-14));
#323 = CARTESIAN_POINT('',(-28.38078647691,-68.79724633612,
    -3.6853915286E-14));
#324 = CARTESIAN_POINT('',(-28.610498515,-68.51994039258,
    -3.678177302739E-14));
#325 = CARTESIAN_POINT('',(-28.81742394119,-68.22093621751,
    -3.669493517405E-14));
#326 = CARTESIAN_POINT('',(-28.99831536908,-67.90328054908,
    -3.659403368489E-14));
#327 = CARTESIAN_POINT('',(-29.15068105602,-67.57070284509,
    -3.648017149387E-14));
#328 = CARTESIAN_POINT('',(-29.39534840269,-66.8842385935,
    -3.622964719112E-14));
#329 = CARTESIAN_POINT('',(-29.48768136443,-66.53026422165,
    -3.609295302803E-14));
#330 = CARTESIAN_POINT('',(-29.54848112036,-66.1698058717,
    -3.5946377622E-14));
#331 = CARTESIAN_POINT('',(-29.57731886934,-65.80732826832,
    -3.579180849611E-14));
#332 = CARTESIAN_POINT('',(-29.57478292127,-65.44724525605,
    -3.563133642212E-14));
#333 = CARTESIAN_POINT('',(-29.52861872716,-64.9422080613,
    -3.539680434312E-14));
#334 = CARTESIAN_POINT('',(-29.50930556142,-64.79192107798,
    -3.532577513119E-14));
#335 = CARTESIAN_POINT('',(-29.48464819618,-64.64313855851,
    -3.525422738475E-14));
#336 = CARTESIAN_POINT('',(-29.45480101245,-64.49616112434,
    -3.518232888603E-14));
#337 = CARTESIAN_POINT('',(-29.41994616687,-64.35126985873,
    -3.511024490795E-14));
#338 = CARTESIAN_POINT('',(-29.32144183507,-63.99718991793,
    -3.493112947138E-14));
#339 = CARTESIAN_POINT('',(-29.25201944611,-63.7908164639,
    -3.482406638032E-14));
#340 = CARTESIAN_POINT('',(-29.17269770121,-63.59045272861,
    -3.471747404192E-14));
#341 = CARTESIAN_POINT('',(-29.08426394762,-63.39681928235,
    -3.461184727989E-14));
#342 = CARTESIAN_POINT('',(-28.98758279188,-63.21050144855,
    -3.450763801127E-14));
#343 = CARTESIAN_POINT('',(-28.88356078411,-63.03194292955,
    -3.440524457403E-14));
#344 = ORIENTED_EDGE('',*,*,#345,.F.);
#345 = EDGE_CURVE('',#346,#309,#348,.T.);
#346 = VERTEX_POINT('',#347);
#347 = CARTESIAN_POINT('',(26.317738849003,-70.23088082799,
    -3.118877637398E-14));
#348 = CIRCLE('',#349,75.);
#349 = AXIS2_PLACEMENT_3D('',#350,#351,#352);
#350 = CARTESIAN_POINT('',(0.,0.,0.));
#351 = DIRECTION('',(0.,0.,-1.));
#352 = DIRECTION('',(0.,1.,0.));
#353 = ORIENTED_EDGE('',*,*,#354,.T.);
#354 = EDGE_CURVE('',#346,#355,#357,.T.);
#355 = VERTEX_POINT('',#356);
#356 = CARTESIAN_POINT('',(28.883560784112,-63.03194292955,
    -2.79918057309E-14));
#357 = B_SPLINE_CURVE_WITH_KNOTS('',6,(#358,#359,#360,#361,#362,#363,
    #364,#365,#366,#367,#368,#369,#370,#371,#372,#373,#374,#375,#376,
    #377,#378,#379,#380,#381,#382,#383,#384,#385,#386,#387,#388,#389),
  .UNSPECIFIED.,.F.,.F.,(7,5,5,5,5,5,7),(0.,0.153998504181,
    0.257773459106,0.5,0.742226540895,0.846001495819,1.),.UNSPECIFIED.);
#358 = CARTESIAN_POINT('',(26.317738849003,-70.23088082799,
    -3.118877637398E-14));
#359 = CARTESIAN_POINT('',(26.511247203829,-70.15836710913,
    -3.115657381387E-14));
#360 = CARTESIAN_POINT('',(26.703977211257,-70.07520025693,
    -3.111964031219E-14));
#361 = CARTESIAN_POINT('',(26.894946047865,-69.98115056939,
    -3.107787386076E-14));
#362 = CARTESIAN_POINT('',(27.083113805051,-69.87612456885,
    -3.103123294717E-14));
#363 = CARTESIAN_POINT('',(27.267414875163,-69.76018240148,
    -3.097974428167E-14));
#364 = CARTESIAN_POINT('',(27.56766438674,-69.54822500326,
    -3.088561628817E-14));
#365 = CARTESIAN_POINT('',(27.686303761539,-69.4580416464,
    -3.084556683248E-14));
#366 = CARTESIAN_POINT('',(27.802383820326,-69.36307512342,
    -3.080339322433E-14));
#367 = CARTESIAN_POINT('',(27.915585688346,-69.26342794165,
    -3.075914098611E-14));
#368 = CARTESIAN_POINT('',(28.025599647437,-69.1592353098,
    -3.071287016257E-14));
#369 = CARTESIAN_POINT('',(28.380786476917,-68.79724633612,
    -3.055211476527E-14));
#370 = CARTESIAN_POINT('',(28.610498515001,-68.51994039258,
    -3.042896618792E-14));
#371 = CARTESIAN_POINT('',(28.817423941193,-68.22093621751,
    -3.029618166007E-14));
#372 = CARTESIAN_POINT('',(28.998315369082,-67.90328054908,
    -3.015511420527E-14));
#373 = CARTESIAN_POINT('',(29.150681056029,-67.57070284509,
    -3.000742003549E-14));
#374 = CARTESIAN_POINT('',(29.395348402693,-66.8842385935,
    -2.970256866841E-14));
#375 = CARTESIAN_POINT('',(29.487681364439,-66.53026422165,
    -2.954537246931E-14));
#376 = CARTESIAN_POINT('',(29.54848112036,-66.1698058717,
    -2.93852968055E-14));
#377 = CARTESIAN_POINT('',(29.577318869343,-65.80732826832,
    -2.922432441303E-14));
#378 = CARTESIAN_POINT('',(29.574782921272,-65.44724525605,
    -2.906441543262E-14));
#379 = CARTESIAN_POINT('',(29.528618727168,-64.9422080613,
    -2.884013386386E-14));
#380 = CARTESIAN_POINT('',(29.509305561422,-64.79192107798,
    -2.877339303619E-14));
#381 = CARTESIAN_POINT('',(29.484648196186,-64.64313855851,
    -2.870732032468E-14));
#382 = CARTESIAN_POINT('',(29.454801012453,-64.49616112434,
    -2.864204923207E-14));
#383 = CARTESIAN_POINT('',(29.419946166874,-64.35126985873,
    -2.857770458441E-14));
#384 = CARTESIAN_POINT('',(29.321441835077,-63.99718991793,
    -2.842046150328E-14));
#385 = CARTESIAN_POINT('',(29.252019446112,-63.7908164639,
    -2.832881327915E-14));
#386 = CARTESIAN_POINT('',(29.172697701212,-63.59045272861,
    -2.823983390626E-14));
#387 = CARTESIAN_POINT('',(29.084263947621,-63.39681928235,
    -2.815384338211E-14));
#388 = CARTESIAN_POINT('',(28.987582791884,-63.21050144855,
    -2.807110164251E-14));
#389 = CARTESIAN_POINT('',(28.883560784112,-63.03194292955,
    -2.79918057309E-14));
#390 = ORIENTED_EDGE('',*,*,#391,.F.);
#391 = EDGE_CURVE('',#392,#355,#394,.T.);
#392 = VERTEX_POINT('',#393);
#393 = CARTESIAN_POINT('',(40.142003976092,-56.53233968116,
    -2.510540205999E-14));
#394 = CIRCLE('',#395,6.5);
#395 = AXIS2_PLACEMENT_3D('',#396,#397,#398);
#396 = CARTESIAN_POINT('',(34.5,-59.76,0.));
#397 = DIRECTION('',(0.,-4.440892098501E-16,1.));
#398 = DIRECTION('',(1.,0.,0.));
#399 = ORIENTED_EDGE('',*,*,#400,.F.);
#400 = EDGE_CURVE('',#401,#392,#403,.T.);
#401 = VERTEX_POINT('',#402);
#402 = CARTESIAN_POINT('',(47.659293251383,-57.91020434067,
    -2.571729688791E-14));
#403 = B_SPLINE_CURVE_WITH_KNOTS('',6,(#404,#405,#406,#407,#408,#409,
    #410,#411,#412,#413,#414,#415,#416,#417,#418,#419,#420,#421,#422,
    #423,#424,#425,#426,#427,#428,#429,#430,#431,#432,#433,#434,#435),
  .UNSPECIFIED.,.F.,.F.,(7,5,5,5,5,5,7),(0.,0.153998504181,
    0.257773459106,0.5,0.742226540894,0.846001495819,1.),.UNSPECIFIED.);
#404 = CARTESIAN_POINT('',(47.659293251383,-57.91020434067,
    -2.571729688791E-14));
#405 = CARTESIAN_POINT('',(47.499732268557,-58.04152081172,
    -2.577561311578E-14));
#406 = CARTESIAN_POINT('',(47.331334944675,-58.1668361036,
    -2.583126428473E-14));
#407 = CARTESIAN_POINT('',(47.154393823143,-58.28518423326,
    -2.588382141211E-14));
#408 = CARTESIAN_POINT('',(46.969347962544,-58.39561790162,
    -2.593286381264E-14));
#409 = CARTESIAN_POINT('',(46.776782309756,-58.49724437448,
    -2.597799503267E-14));
#410 = CARTESIAN_POINT('',(46.443087581838,-58.65126884143,
    -2.60463956365E-14));
#411 = CARTESIAN_POINT('',(46.305663268143,-58.70891341718,
    -2.607199497059E-14));
#412 = CARTESIAN_POINT('',(46.16537655272,-58.76194980101,
    -2.609554785638E-14));
#413 = CARTESIAN_POINT('',(46.022475660716,-58.8101531082,
    -2.611695442498E-14));
#414 = CARTESIAN_POINT('',(45.877232557763,-58.85332273607,
    -2.613612559091E-14));
#415 = CARTESIAN_POINT('',(45.386139704304,-58.97989884039,
    -2.619233667307E-14));
#416 = CARTESIAN_POINT('',(45.031125983796,-59.04016047837,
    -2.621909821626E-14));
#417 = CARTESIAN_POINT('',(44.66871623188,-59.06983876054,
    -2.623227802114E-14));
#418 = CARTESIAN_POINT('',(44.303172773752,-59.0676449992,
    -2.62313037954E-14));
#419 = CARTESIAN_POINT('',(43.938971303963,-59.03328628629,
    -2.621604546174E-14));
#420 = CARTESIAN_POINT('',(43.222150235469,-58.90189817799,
    -2.615769742053E-14));
#421 = CARTESIAN_POINT('',(42.869438928761,-58.80485197317,
    -2.611460024812E-14));
#422 = CARTESIAN_POINT('',(42.526880815562,-58.67725584686,
    -2.60579361852E-14));
#423 = CARTESIAN_POINT('',(42.198556746864,-58.52097105992,
    -2.598853179766E-14));
#424 = CARTESIAN_POINT('',(41.887994902019,-58.33871424307,
    -2.590759351187E-14));
#425 = CARTESIAN_POINT('',(41.473719962433,-58.0461907819,
    -2.577768699914E-14));
#426 = CARTESIAN_POINT('',(41.353229854621,-57.9543141818,
    -2.57368855924E-14));
#427 = CARTESIAN_POINT('',(41.236714989024,-57.85856184578,
    -2.569436301315E-14));
#428 = CARTESIAN_POINT('',(41.124358503472,-57.75921779368,
    -2.565024539155E-14));
#429 = CARTESIAN_POINT('',(41.01631272654,-57.65658032881,
    -2.560466520088E-14));
#430 = CARTESIAN_POINT('',(40.75893881655,-57.39421726296,
    -2.548815259427E-14));
#431 = CARTESIAN_POINT('',(40.614935408982,-57.23090011987,
    -2.541562521324E-14));
#432 = CARTESIAN_POINT('',(40.481086591185,-57.06201536743,
    -2.534062531698E-14));
#433 = CARTESIAN_POINT('',(40.357622657571,-56.88860516767,
    -2.526361571839E-14));
#434 = CARTESIAN_POINT('',(40.244618145715,-56.71171095813,
    -2.518505890865E-14));
#435 = CARTESIAN_POINT('',(40.142003976092,-56.53233968116,
    -2.510540205999E-14));
#436 = ORIENTED_EDGE('',*,*,#437,.F.);
#437 = EDGE_CURVE('',#438,#401,#440,.T.);
#438 = VERTEX_POINT('',#439);
#439 = CARTESIAN_POINT('',(73.98097826087,-12.32131711972,
    -3.647842656006E-15));
#440 = CIRCLE('',#441,75.);
#441 = AXIS2_PLACEMENT_3D('',#442,#443,#444);
#442 = CARTESIAN_POINT('',(0.,0.,0.));
#443 = DIRECTION('',(0.,0.,-1.));
#444 = DIRECTION('',(0.,1.,0.));
#445 = ORIENTED_EDGE('',*,*,#446,.F.);
#446 = EDGE_CURVE('',#447,#438,#449,.T.);
#447 = VERTEX_POINT('',#448);
#448 = CARTESIAN_POINT('',(69.027646502836,-6.499941205186,
    -1.924369169255E-15));
#449 = B_SPLINE_CURVE_WITH_KNOTS('',6,(#450,#451,#452,#453,#454,#455,
    #456,#457,#458,#459,#460,#461,#462,#463,#464,#465,#466,#467,#468,
    #469,#470,#471,#472,#473,#474,#475,#476,#477,#478,#479,#480,#481),
  .UNSPECIFIED.,.F.,.F.,(7,5,5,5,5,5,7),(0.,0.153995594589,
    0.257770351104,0.5,0.742229648896,0.846004405411,1.),.UNSPECIFIED.);
#450 = CARTESIAN_POINT('',(69.027646502836,-6.499941205186,0.));
#451 = CARTESIAN_POINT('',(69.234323554157,-6.499062136053,0.));
#452 = CARTESIAN_POINT('',(69.444054756949,-6.508422001863,0.));
#453 = CARTESIAN_POINT('',(69.656002406117,-6.528584649029,0.));
#454 = CARTESIAN_POINT('',(69.869227017851,-6.560006764018,0.));
#455 = CARTESIAN_POINT('',(70.082710514157,-6.603010447759,0.));
#456 = CARTESIAN_POINT('',(70.438693004569,-6.694647654279,0.));
#457 = CARTESIAN_POINT('',(70.581638458641,-6.736872052256,0.));
#458 = CARTESIAN_POINT('',(70.723888192186,-6.784478457844,0.));
#459 = CARTESIAN_POINT('',(70.865107529584,-6.837484200094,0.));
#460 = CARTESIAN_POINT('',(71.004958750126,-6.895872762707,0.));
#461 = CARTESIAN_POINT('',(71.465564599638,-7.108324869992,0.));
#462 = CARTESIAN_POINT('',(71.77878374967,-7.286124049167,0.));
#463 = CARTESIAN_POINT('',(72.078391663256,-7.492306038718,0.));
#464 = CARTESIAN_POINT('',(72.360268883241,-7.725173482844,0.));
#465 = CARTESIAN_POINT('',(72.620760543169,-7.982122022126,0.));
#466 = CARTESIAN_POINT('',(73.093124969887,-8.537265717502,0.));
#467 = CARTESIAN_POINT('',(73.30505822447,-8.835531961543,0.));
#468 = CARTESIAN_POINT('',(73.489797405915,-9.151052877677,0.));
#469 = CARTESIAN_POINT('',(73.645356840986,-9.479803812063,0.));
#470 = CARTESIAN_POINT('',(73.770720537352,-9.817446711729,0.));
#471 = CARTESIAN_POINT('',(73.906695511075,-10.30612293686,0.));
#472 = CARTESIAN_POINT('',(73.941942635331,-10.45351774126,0.));
#473 = CARTESIAN_POINT('',(73.971657344115,-10.60140129697,0.));
#474 = CARTESIAN_POINT('',(73.995877398912,-10.74943759485,0.));
#475 = CARTESIAN_POINT('',(74.014673482569,-10.89729904982,0.));
#476 = CARTESIAN_POINT('',(74.048140583796,-11.26336033462,0.));
#477 = CARTESIAN_POINT('',(74.056413663327,-11.48097484739,0.));
#478 = CARTESIAN_POINT('',(74.053295987188,-11.69647975326,0.));
#479 = CARTESIAN_POINT('',(74.03926848341,-11.90892166877,0.));
#480 = CARTESIAN_POINT('',(74.014932347872,-12.11744633642,0.));
#481 = CARTESIAN_POINT('',(73.98097826087,-12.32131711972,0.));
#482 = ORIENTED_EDGE('',*,*,#483,.F.);
#483 = EDGE_CURVE('',#484,#447,#486,.T.);
#484 = VERTEX_POINT('',#485);
#485 = CARTESIAN_POINT('',(69.027646502836,6.499941205186,
    1.924369169255E-15));
#486 = CIRCLE('',#487,6.5);
#487 = AXIS2_PLACEMENT_3D('',#488,#489,#490);
#488 = CARTESIAN_POINT('',(69.,0.,0.));
#489 = DIRECTION('',(0.,0.,1.));
#490 = DIRECTION('',(1.,0.,0.));
#491 = ORIENTED_EDGE('',*,*,#492,.F.);
#492 = EDGE_CURVE('',#493,#484,#495,.T.);
#493 = VERTEX_POINT('',#494);
#494 = CARTESIAN_POINT('',(73.98097826087,12.321317119722,
    3.647842656006E-15));
#495 = B_SPLINE_CURVE_WITH_KNOTS('',6,(#496,#497,#498,#499,#500,#501,
    #502,#503,#504,#505,#506,#507,#508,#509,#510,#511,#512,#513,#514,
    #515,#516,#517,#518,#519,#520,#521,#522,#523,#524,#525,#526,#527),
  .UNSPECIFIED.,.F.,.F.,(7,5,5,5,5,5,7),(0.,0.153995594589,
    0.257770351104,0.5,0.742229648896,0.846004405411,1.),.UNSPECIFIED.);
#496 = CARTESIAN_POINT('',(73.98097826087,12.321317119722,0.));
#497 = CARTESIAN_POINT('',(74.014932347872,12.117446336427,0.));
#498 = CARTESIAN_POINT('',(74.03926848341,11.908921668774,0.));
#499 = CARTESIAN_POINT('',(74.053295987188,11.696479753262,0.));
#500 = CARTESIAN_POINT('',(74.056413663327,11.48097484739,0.));
#501 = CARTESIAN_POINT('',(74.048140583796,11.263360334627,0.));
#502 = CARTESIAN_POINT('',(74.014673482569,10.897299049819,0.));
#503 = CARTESIAN_POINT('',(73.995877398912,10.749437594857,0.));
#504 = CARTESIAN_POINT('',(73.971657344115,10.60140129697,0.));
#505 = CARTESIAN_POINT('',(73.94194263533,10.453517741264,0.));
#506 = CARTESIAN_POINT('',(73.906695511075,10.306122936868,0.));
#507 = CARTESIAN_POINT('',(73.770720537352,9.817446711729,0.));
#508 = CARTESIAN_POINT('',(73.645356840986,9.479803812063,0.));
#509 = CARTESIAN_POINT('',(73.489797405914,9.151052877676,0.));
#510 = CARTESIAN_POINT('',(73.30505822447,8.835531961542,0.));
#511 = CARTESIAN_POINT('',(73.093124969887,8.537265717502,0.));
#512 = CARTESIAN_POINT('',(72.620760543169,7.982122022126,0.));
#513 = CARTESIAN_POINT('',(72.36026888324,7.725173482843,0.));
#514 = CARTESIAN_POINT('',(72.078391663257,7.49230603872,0.));
#515 = CARTESIAN_POINT('',(71.778783749669,7.286124049166,0.));
#516 = CARTESIAN_POINT('',(71.465564599638,7.108324869992,0.));
#517 = CARTESIAN_POINT('',(71.004958750126,6.895872762707,0.));
#518 = CARTESIAN_POINT('',(70.865107529584,6.837484200094,0.));
#519 = CARTESIAN_POINT('',(70.723888192186,6.784478457844,0.));
#520 = CARTESIAN_POINT('',(70.581638458641,6.736872052256,0.));
#521 = CARTESIAN_POINT('',(70.438693004569,6.694647654279,0.));
#522 = CARTESIAN_POINT('',(70.082710514156,6.603010447759,0.));
#523 = CARTESIAN_POINT('',(69.869227017851,6.560006764018,0.));
#524 = CARTESIAN_POINT('',(69.656002406117,6.528584649029,0.));
#525 = CARTESIAN_POINT('',(69.444054756949,6.508422001863,0.));
#526 = CARTESIAN_POINT('',(69.234323554157,6.499062136053,0.));
#527 = CARTESIAN_POINT('',(69.027646502836,6.499941205186,0.));
#528 = ORIENTED_EDGE('',*,*,#529,.F.);
#529 = EDGE_CURVE('',#530,#493,#532,.T.);
#530 = VERTEX_POINT('',#531);
#531 = CARTESIAN_POINT('',(47.659293251383,57.910204340675,0.));
#532 = CIRCLE('',#533,75.);
#533 = AXIS2_PLACEMENT_3D('',#534,#535,#536);
#534 = CARTESIAN_POINT('',(0.,0.,0.));
#535 = DIRECTION('',(0.,0.,-1.));
#536 = DIRECTION('',(0.,1.,0.));
#537 = ORIENTED_EDGE('',*,*,#538,.T.);
#538 = EDGE_CURVE('',#530,#539,#541,.T.);
#539 = VERTEX_POINT('',#540);
#540 = CARTESIAN_POINT('',(40.142003976092,56.532339681168,0.));
#541 = B_SPLINE_CURVE_WITH_KNOTS('',6,(#542,#543,#544,#545,#546,#547,
    #548,#549,#550,#551,#552,#553,#554,#555,#556,#557,#558,#559,#560,
    #561,#562,#563,#564,#565,#566,#567,#568,#569,#570,#571,#572,#573),
  .UNSPECIFIED.,.F.,.F.,(7,5,5,5,5,5,7),(0.,0.153998504181,
    0.257773459106,0.5,0.742226540894,0.846001495819,1.),.UNSPECIFIED.);
#542 = CARTESIAN_POINT('',(47.659293251383,57.910204340675,0.));
#543 = CARTESIAN_POINT('',(47.499732268557,58.041520811728,0.));
#544 = CARTESIAN_POINT('',(47.331334944675,58.166836103604,0.));
#545 = CARTESIAN_POINT('',(47.154393823143,58.285184233261,0.));
#546 = CARTESIAN_POINT('',(46.969347962544,58.395617901626,0.));
#547 = CARTESIAN_POINT('',(46.776782309756,58.497244374482,0.));
#548 = CARTESIAN_POINT('',(46.443087581838,58.651268841437,0.));
#549 = CARTESIAN_POINT('',(46.305663268143,58.708913417187,0.));
#550 = CARTESIAN_POINT('',(46.16537655272,58.761949801013,0.));
#551 = CARTESIAN_POINT('',(46.022475660716,58.810153108204,0.));
#552 = CARTESIAN_POINT('',(45.877232557763,58.853322736072,0.));
#553 = CARTESIAN_POINT('',(45.386139704304,58.979898840392,0.));
#554 = CARTESIAN_POINT('',(45.031125983796,59.040160478372,0.));
#555 = CARTESIAN_POINT('',(44.66871623188,59.06983876054,0.));
#556 = CARTESIAN_POINT('',(44.303172773752,59.0676449992,0.));
#557 = CARTESIAN_POINT('',(43.938971303963,59.033286286299,0.));
#558 = CARTESIAN_POINT('',(43.222150235469,58.901898177993,0.));
#559 = CARTESIAN_POINT('',(42.869438928761,58.804851973176,0.));
#560 = CARTESIAN_POINT('',(42.526880815562,58.677255846866,0.));
#561 = CARTESIAN_POINT('',(42.198556746864,58.52097105992,0.));
#562 = CARTESIAN_POINT('',(41.887994902019,58.338714243073,0.));
#563 = CARTESIAN_POINT('',(41.473719962433,58.046190781905,0.));
#564 = CARTESIAN_POINT('',(41.353229854621,57.954314181808,0.));
#565 = CARTESIAN_POINT('',(41.236714989024,57.858561845781,0.));
#566 = CARTESIAN_POINT('',(41.124358503472,57.759217793681,0.));
#567 = CARTESIAN_POINT('',(41.01631272654,57.656580328811,0.));
#568 = CARTESIAN_POINT('',(40.75893881655,57.394217262969,0.));
#569 = CARTESIAN_POINT('',(40.614935408982,57.230900119877,0.));
#570 = CARTESIAN_POINT('',(40.481086591185,57.062015367434,0.));
#571 = CARTESIAN_POINT('',(40.357622657571,56.888605167679,0.));
#572 = CARTESIAN_POINT('',(40.244618145715,56.711710958139,0.));
#573 = CARTESIAN_POINT('',(40.142003976092,56.532339681168,0.));
#574 = ORIENTED_EDGE('',*,*,#575,.F.);
#575 = EDGE_CURVE('',#24,#539,#576,.T.);
#576 = CIRCLE('',#577,6.5);
#577 = AXIS2_PLACEMENT_3D('',#578,#579,#580);
#578 = CARTESIAN_POINT('',(34.5,59.76,0.));
#579 = DIRECTION('',(0.,0.,1.));
#580 = DIRECTION('',(1.,0.,0.));
#581 = FACE_BOUND('',#582,.F.);
#582 = EDGE_LOOP('',(#583));
#583 = ORIENTED_EDGE('',*,*,#584,.F.);
#584 = EDGE_CURVE('',#585,#585,#587,.T.);
#585 = VERTEX_POINT('',#586);
#586 = CARTESIAN_POINT('',(-62.76,34.5,0.));
#587 = CIRCLE('',#588,3.);
#588 = AXIS2_PLACEMENT_3D('',#589,#590,#591);
#589 = CARTESIAN_POINT('',(-59.76,34.5,0.));
#590 = DIRECTION('',(-2.22044604925E-16,2.465190328816E-32,1.));
#591 = DIRECTION('',(-1.,2.22044604925E-16,-2.22044604925E-16));
#592 = FACE_BOUND('',#593,.F.);
#593 = EDGE_LOOP('',(#594,#605));
#594 = ORIENTED_EDGE('',*,*,#595,.F.);
#595 = EDGE_CURVE('',#596,#598,#600,.T.);
#596 = VERTEX_POINT('',#597);
#597 = CARTESIAN_POINT('',(3.,69.,0.));
#598 = VERTEX_POINT('',#599);
#599 = CARTESIAN_POINT('',(-3.,69.,0.));
#600 = CIRCLE('',#601,3.);
#601 = AXIS2_PLACEMENT_3D('',#602,#603,#604);
#602 = CARTESIAN_POINT('',(0.,69.,0.));
#603 = DIRECTION('',(0.,0.,1.));
#604 = DIRECTION('',(1.,0.,0.));
#605 = ORIENTED_EDGE('',*,*,#606,.F.);
#606 = EDGE_CURVE('',#598,#596,#607,.T.);
#607 = CIRCLE('',#608,3.);
#608 = AXIS2_PLACEMENT_3D('',#609,#610,#611);
#609 = CARTESIAN_POINT('',(0.,69.,0.));
#610 = DIRECTION('',(0.,0.,1.));
#611 = DIRECTION('',(1.,0.,0.));
#612 = FACE_BOUND('',#613,.F.);
#613 = EDGE_LOOP('',(#614));
#614 = ORIENTED_EDGE('',*,*,#615,.F.);
#615 = EDGE_CURVE('',#616,#616,#618,.T.);
#616 = VERTEX_POINT('',#617);
#617 = CARTESIAN_POINT('',(-62.76,-34.5,0.));
#618 = CIRCLE('',#619,3.);
#619 = AXIS2_PLACEMENT_3D('',#620,#621,#622);
#620 = CARTESIAN_POINT('',(-59.76,-34.5,0.));
#621 = DIRECTION('',(-2.22044604925E-16,-4.440892098501E-16,1.));
#622 = DIRECTION('',(-1.,-2.22044604925E-16,-2.22044604925E-16));
#623 = FACE_BOUND('',#624,.F.);
#624 = EDGE_LOOP('',(#625));
#625 = ORIENTED_EDGE('',*,*,#626,.F.);
#626 = EDGE_CURVE('',#627,#627,#629,.T.);
#627 = VERTEX_POINT('',#628);
#628 = CARTESIAN_POINT('',(62.76,34.5,0.));
#629 = CIRCLE('',#630,3.);
#630 = AXIS2_PLACEMENT_3D('',#631,#632,#633);
#631 = CARTESIAN_POINT('',(59.76,34.5,0.));
#632 = DIRECTION('',(0.,0.,1.));
#633 = DIRECTION('',(1.,0.,0.));
#634 = FACE_BOUND('',#635,.F.);
#635 = EDGE_LOOP('',(#636,#647));
#636 = ORIENTED_EDGE('',*,*,#637,.F.);
#637 = EDGE_CURVE('',#638,#640,#642,.T.);
#638 = VERTEX_POINT('',#639);
#639 = CARTESIAN_POINT('',(-3.,-69.,0.));
#640 = VERTEX_POINT('',#641);
#641 = CARTESIAN_POINT('',(3.,-69.,0.));
#642 = CIRCLE('',#643,3.);
#643 = AXIS2_PLACEMENT_3D('',#644,#645,#646);
#644 = CARTESIAN_POINT('',(1.532107773983E-14,-69.,0.));
#645 = DIRECTION('',(-2.22044604925E-16,-4.440892098501E-16,1.));
#646 = DIRECTION('',(-1.,-2.22044604925E-16,-2.22044604925E-16));
#647 = ORIENTED_EDGE('',*,*,#648,.F.);
#648 = EDGE_CURVE('',#640,#638,#649,.T.);
#649 = CIRCLE('',#650,3.);
#650 = AXIS2_PLACEMENT_3D('',#651,#652,#653);
#651 = CARTESIAN_POINT('',(1.532107773983E-14,-69.,0.));
#652 = DIRECTION('',(-2.22044604925E-16,-4.440892098501E-16,1.));
#653 = DIRECTION('',(-1.,-2.22044604925E-16,-2.22044604925E-16));
#654 = FACE_BOUND('',#655,.F.);
#655 = EDGE_LOOP('',(#656));
#656 = ORIENTED_EDGE('',*,*,#657,.F.);
#657 = EDGE_CURVE('',#658,#658,#660,.T.);
#658 = VERTEX_POINT('',#659);
#659 = CARTESIAN_POINT('',(62.76,-34.5,0.));
#660 = CIRCLE('',#661,3.);
#661 = AXIS2_PLACEMENT_3D('',#662,#663,#664);
#662 = CARTESIAN_POINT('',(59.76,-34.5,0.));
#663 = DIRECTION('',(0.,-4.440892098501E-16,1.));
#664 = DIRECTION('',(1.,0.,0.));
#665 = PLANE('',#666);
#666 = AXIS2_PLACEMENT_3D('',#667,#668,#669);
#667 = CARTESIAN_POINT('',(0.,0.,0.));
#668 = DIRECTION('',(-0.,-0.,-1.));
#669 = DIRECTION('',(0.,1.,0.));
#670 = ADVANCED_FACE('',(#671),#729,.F.);
#671 = FACE_BOUND('',#672,.F.);
#672 = EDGE_LOOP('',(#673,#674,#684,#721));
#673 = ORIENTED_EDGE('',*,*,#21,.T.);
#674 = ORIENTED_EDGE('',*,*,#675,.T.);
#675 = EDGE_CURVE('',#24,#676,#678,.T.);
#676 = VERTEX_POINT('',#677);
#677 = CARTESIAN_POINT('',(28.883560784112,63.03194292955,10.));
#678 = B_SPLINE_CURVE_WITH_KNOTS('',2,(#679,#680,#681,#682,#683),
  .UNSPECIFIED.,.F.,.F.,(3,1,1,3),(-0.612,-3.26626746483E-14,10.,10.612)
  ,.UNSPECIFIED.);
#679 = CARTESIAN_POINT('',(28.883560784112,63.03194292955,-0.612));
#680 = CARTESIAN_POINT('',(28.883560784112,63.03194292955,-0.306));
#681 = CARTESIAN_POINT('',(28.883560784112,63.03194292955,5.));
#682 = CARTESIAN_POINT('',(28.883560784112,63.03194292955,10.306));
#683 = CARTESIAN_POINT('',(28.883560784112,63.03194292955,10.612));
#684 = ORIENTED_EDGE('',*,*,#685,.F.);
#685 = EDGE_CURVE('',#686,#676,#688,.T.);
#686 = VERTEX_POINT('',#687);
#687 = CARTESIAN_POINT('',(26.317738849003,70.230880827993,10.));
#688 = B_SPLINE_CURVE_WITH_KNOTS('',6,(#689,#690,#691,#692,#693,#694,
    #695,#696,#697,#698,#699,#700,#701,#702,#703,#704,#705,#706,#707,
    #708,#709,#710,#711,#712,#713,#714,#715,#716,#717,#718,#719,#720),
  .UNSPECIFIED.,.F.,.F.,(7,5,5,5,5,5,7),(0.,0.153998504181,
    0.257773459106,0.5,0.742226540894,0.846001495819,1.),.UNSPECIFIED.);
#689 = CARTESIAN_POINT('',(26.317738849003,70.230880827993,10.));
#690 = CARTESIAN_POINT('',(26.511247203829,70.158367109136,10.));
#691 = CARTESIAN_POINT('',(26.703977211257,70.075200256933,10.));
#692 = CARTESIAN_POINT('',(26.894946047865,69.98115056939,10.));
#693 = CARTESIAN_POINT('',(27.083113805051,69.876124568853,10.));
#694 = CARTESIAN_POINT('',(27.267414875163,69.760182401481,10.));
#695 = CARTESIAN_POINT('',(27.56766438674,69.548225003265,10.));
#696 = CARTESIAN_POINT('',(27.686303761539,69.458041646401,10.));
#697 = CARTESIAN_POINT('',(27.802383820326,69.363075123429,10.));
#698 = CARTESIAN_POINT('',(27.915585688346,69.26342794165,10.));
#699 = CARTESIAN_POINT('',(28.025599647437,69.159235309804,10.));
#700 = CARTESIAN_POINT('',(28.380786476917,68.797246336123,10.));
#701 = CARTESIAN_POINT('',(28.610498515001,68.519940392586,10.));
#702 = CARTESIAN_POINT('',(28.817423941193,68.220936217513,10.));
#703 = CARTESIAN_POINT('',(28.998315369083,67.903280549084,10.));
#704 = CARTESIAN_POINT('',(29.150681056029,67.570702845096,10.));
#705 = CARTESIAN_POINT('',(29.395348402693,66.884238593502,10.));
#706 = CARTESIAN_POINT('',(29.487681364439,66.530264221655,10.));
#707 = CARTESIAN_POINT('',(29.54848112036,66.169805871706,10.));
#708 = CARTESIAN_POINT('',(29.577318869343,65.807328268328,10.));
#709 = CARTESIAN_POINT('',(29.574782921272,65.447245256054,10.));
#710 = CARTESIAN_POINT('',(29.528618727168,64.9422080613,10.));
#711 = CARTESIAN_POINT('',(29.509305561422,64.791921077982,10.));
#712 = CARTESIAN_POINT('',(29.484648196186,64.643138558514,10.));
#713 = CARTESIAN_POINT('',(29.454801012453,64.49616112434,10.));
#714 = CARTESIAN_POINT('',(29.419946166874,64.351269858738,10.));
#715 = CARTESIAN_POINT('',(29.321441835077,63.997189917936,10.));
#716 = CARTESIAN_POINT('',(29.252019446112,63.790816463903,10.));
#717 = CARTESIAN_POINT('',(29.172697701212,63.590452728613,10.));
#718 = CARTESIAN_POINT('',(29.084263947621,63.396819282359,10.));
#719 = CARTESIAN_POINT('',(28.987582791884,63.210501448554,10.));
#720 = CARTESIAN_POINT('',(28.883560784112,63.03194292955,10.));
#721 = ORIENTED_EDGE('',*,*,#722,.F.);
#722 = EDGE_CURVE('',#22,#686,#723,.T.);
#723 = B_SPLINE_CURVE_WITH_KNOTS('',2,(#724,#725,#726,#727,#728),
  .UNSPECIFIED.,.F.,.F.,(3,1,1,3),(-0.612,-3.26626746483E-14,10.,10.612)
  ,.UNSPECIFIED.);
#724 = CARTESIAN_POINT('',(26.317738849003,70.230880827993,-0.612));
#725 = CARTESIAN_POINT('',(26.317738849003,70.230880827993,-0.306));
#726 = CARTESIAN_POINT('',(26.317738849003,70.230880827993,5.));
#727 = CARTESIAN_POINT('',(26.317738849003,70.230880827993,10.306));
#728 = CARTESIAN_POINT('',(26.317738849003,70.230880827993,10.612));
#729 = ( BOUNDED_SURFACE() B_SPLINE_SURFACE(2,2,(
    (#730,#731,#732,#733,#734)
    ,(#735,#736,#737,#738,#739)
    ,(#740,#741,#742,#743,#744
)),.UNSPECIFIED.,.F.,.F.,.F.) B_SPLINE_SURFACE_WITH_KNOTS((3,3),(3,1,1,3
    ),(0.,10.),(-0.612,-3.26626746483E-14,10.,10.612),.UNSPECIFIED.) 
GEOMETRIC_REPRESENTATION_ITEM() RATIONAL_B_SPLINE_SURFACE((
    (1.,1.,1.,1.,1.)
    ,(0.644917443799,0.644917443799,0.644917443799,0.644917443799
      ,0.644917443799)
,(1.,1.,1.,1.,1.))) REPRESENTATION_ITEM('') SURFACE() );
#730 = CARTESIAN_POINT('',(26.317738849003,70.230880827993,-0.612));
#731 = CARTESIAN_POINT('',(26.317738849003,70.230880827993,-0.306));
#732 = CARTESIAN_POINT('',(26.317738849003,70.230880827993,5.));
#733 = CARTESIAN_POINT('',(26.317738849003,70.230880827993,10.306));
#734 = CARTESIAN_POINT('',(26.317738849003,70.230880827993,10.612));
#735 = CARTESIAN_POINT('',(31.866160455039,68.151711250019,-0.612));
#736 = CARTESIAN_POINT('',(31.866160455039,68.151711250019,-0.306));
#737 = CARTESIAN_POINT('',(31.866160455039,68.151711250019,5.));
#738 = CARTESIAN_POINT('',(31.866160455039,68.151711250019,10.306));
#739 = CARTESIAN_POINT('',(31.866160455039,68.151711250019,10.612));
#740 = CARTESIAN_POINT('',(28.883560784112,63.03194292955,-0.612));
#741 = CARTESIAN_POINT('',(28.883560784112,63.03194292955,-0.306));
#742 = CARTESIAN_POINT('',(28.883560784112,63.03194292955,5.));
#743 = CARTESIAN_POINT('',(28.883560784112,63.03194292955,10.306));
#744 = CARTESIAN_POINT('',(28.883560784112,63.03194292955,10.612));
#745 = ADVANCED_FACE('',(#746),#767,.F.);
#746 = FACE_BOUND('',#747,.F.);
#747 = EDGE_LOOP('',(#748,#757,#758,#759));
#748 = ORIENTED_EDGE('',*,*,#749,.F.);
#749 = EDGE_CURVE('',#676,#750,#752,.T.);
#750 = VERTEX_POINT('',#751);
#751 = CARTESIAN_POINT('',(40.142003976092,56.532339681168,10.));
#752 = CIRCLE('',#753,6.5);
#753 = AXIS2_PLACEMENT_3D('',#754,#755,#756);
#754 = CARTESIAN_POINT('',(34.5,59.76,10.));
#755 = DIRECTION('',(0.,0.,1.));
#756 = DIRECTION('',(1.,0.,0.));
#757 = ORIENTED_EDGE('',*,*,#675,.F.);
#758 = ORIENTED_EDGE('',*,*,#575,.T.);
#759 = ORIENTED_EDGE('',*,*,#760,.T.);
#760 = EDGE_CURVE('',#539,#750,#761,.T.);
#761 = B_SPLINE_CURVE_WITH_KNOTS('',2,(#762,#763,#764,#765,#766),
  .UNSPECIFIED.,.F.,.F.,(3,1,1,3),(-0.612,-2.848671652222E-14,10.,10.612
    ),.UNSPECIFIED.);
#762 = CARTESIAN_POINT('',(40.142003976092,56.532339681168,-0.612));
#763 = CARTESIAN_POINT('',(40.142003976092,56.532339681168,-0.306));
#764 = CARTESIAN_POINT('',(40.142003976092,56.532339681168,5.));
#765 = CARTESIAN_POINT('',(40.142003976092,56.532339681168,10.306));
#766 = CARTESIAN_POINT('',(40.142003976092,56.532339681168,10.612));
#767 = CYLINDRICAL_SURFACE('',#768,6.5);
#768 = AXIS2_PLACEMENT_3D('',#769,#770,#771);
#769 = CARTESIAN_POINT('',(34.5,59.76,45.));
#770 = DIRECTION('',(0.,0.,1.));
#771 = DIRECTION('',(1.,0.,0.));
#772 = ADVANCED_FACE('',(#773),#822,.T.);
#773 = FACE_BOUND('',#774,.T.);
#774 = EDGE_LOOP('',(#775,#776,#777,#814));
#775 = ORIENTED_EDGE('',*,*,#538,.T.);
#776 = ORIENTED_EDGE('',*,*,#760,.T.);
#777 = ORIENTED_EDGE('',*,*,#778,.F.);
#778 = EDGE_CURVE('',#779,#750,#781,.T.);
#779 = VERTEX_POINT('',#780);
#780 = CARTESIAN_POINT('',(47.659293251383,57.910204340675,10.));
#781 = B_SPLINE_CURVE_WITH_KNOTS('',6,(#782,#783,#784,#785,#786,#787,
    #788,#789,#790,#791,#792,#793,#794,#795,#796,#797,#798,#799,#800,
    #801,#802,#803,#804,#805,#806,#807,#808,#809,#810,#811,#812,#813),
  .UNSPECIFIED.,.F.,.F.,(7,5,5,5,5,5,7),(0.,0.153998504181,
    0.257773459106,0.5,0.742226540894,0.846001495819,1.),.UNSPECIFIED.);
#782 = CARTESIAN_POINT('',(47.659293251383,57.910204340675,10.));
#783 = CARTESIAN_POINT('',(47.499732268557,58.041520811728,10.));
#784 = CARTESIAN_POINT('',(47.331334944675,58.166836103604,10.));
#785 = CARTESIAN_POINT('',(47.154393823143,58.285184233261,10.));
#786 = CARTESIAN_POINT('',(46.969347962544,58.395617901626,10.));
#787 = CARTESIAN_POINT('',(46.776782309756,58.497244374482,10.));
#788 = CARTESIAN_POINT('',(46.443087581838,58.651268841437,10.));
#789 = CARTESIAN_POINT('',(46.305663268143,58.708913417187,10.));
#790 = CARTESIAN_POINT('',(46.16537655272,58.761949801013,10.));
#791 = CARTESIAN_POINT('',(46.022475660716,58.810153108204,10.));
#792 = CARTESIAN_POINT('',(45.877232557763,58.853322736072,10.));
#793 = CARTESIAN_POINT('',(45.386139704304,58.979898840392,10.));
#794 = CARTESIAN_POINT('',(45.031125983796,59.040160478372,10.));
#795 = CARTESIAN_POINT('',(44.66871623188,59.06983876054,10.));
#796 = CARTESIAN_POINT('',(44.303172773752,59.0676449992,10.));
#797 = CARTESIAN_POINT('',(43.938971303963,59.033286286299,10.));
#798 = CARTESIAN_POINT('',(43.222150235469,58.901898177993,10.));
#799 = CARTESIAN_POINT('',(42.869438928761,58.804851973176,10.));
#800 = CARTESIAN_POINT('',(42.526880815562,58.677255846866,10.));
#801 = CARTESIAN_POINT('',(42.198556746865,58.52097105992,10.));
#802 = CARTESIAN_POINT('',(41.887994902019,58.338714243073,10.));
#803 = CARTESIAN_POINT('',(41.473719962433,58.046190781905,10.));
#804 = CARTESIAN_POINT('',(41.353229854621,57.954314181808,10.));
#805 = CARTESIAN_POINT('',(41.236714989024,57.858561845781,10.));
#806 = CARTESIAN_POINT('',(41.124358503472,57.759217793681,10.));
#807 = CARTESIAN_POINT('',(41.01631272654,57.656580328811,10.));
#808 = CARTESIAN_POINT('',(40.758938816551,57.394217262969,10.));
#809 = CARTESIAN_POINT('',(40.614935408982,57.230900119876,10.));
#810 = CARTESIAN_POINT('',(40.481086591185,57.062015367434,10.));
#811 = CARTESIAN_POINT('',(40.357622657572,56.888605167679,10.));
#812 = CARTESIAN_POINT('',(40.244618145715,56.711710958139,10.));
#813 = CARTESIAN_POINT('',(40.142003976092,56.532339681168,10.));
#814 = ORIENTED_EDGE('',*,*,#815,.F.);
#815 = EDGE_CURVE('',#530,#779,#816,.T.);
#816 = B_SPLINE_CURVE_WITH_KNOTS('',2,(#817,#818,#819,#820,#821),
  .UNSPECIFIED.,.F.,.F.,(3,1,1,3),(-0.612,-2.848671652222E-14,10.,10.612
    ),.UNSPECIFIED.);
#817 = CARTESIAN_POINT('',(47.659293251383,57.910204340675,-0.612));
#818 = CARTESIAN_POINT('',(47.659293251383,57.910204340675,-0.306));
#819 = CARTESIAN_POINT('',(47.659293251383,57.910204340675,5.));
#820 = CARTESIAN_POINT('',(47.659293251383,57.910204340675,10.306));
#821 = CARTESIAN_POINT('',(47.659293251383,57.910204340675,10.612));
#822 = ( BOUNDED_SURFACE() B_SPLINE_SURFACE(2,2,(
    (#823,#824,#825,#826,#827)
    ,(#828,#829,#830,#831,#832)
    ,(#833,#834,#835,#836,#837
)),.UNSPECIFIED.,.F.,.F.,.F.) B_SPLINE_SURFACE_WITH_KNOTS((3,3),(3,1,1,3
    ),(0.,10.),(-0.612,-2.848671652222E-14,10.,10.612),.UNSPECIFIED.) 
GEOMETRIC_REPRESENTATION_ITEM() RATIONAL_B_SPLINE_SURFACE((
    (1.,1.,1.,1.,1.)
    ,(0.644917443799,0.644917443799,0.644917443799,0.644917443799
      ,0.644917443799)
,(1.,1.,1.,1.,1.))) REPRESENTATION_ITEM('') SURFACE() );
#823 = CARTESIAN_POINT('',(47.659293251383,57.910204340675,-0.612));
#824 = CARTESIAN_POINT('',(47.659293251383,57.910204340675,-0.306));
#825 = CARTESIAN_POINT('',(47.659293251383,57.910204340675,5.));
#826 = CARTESIAN_POINT('',(47.659293251383,57.910204340675,10.306));
#827 = CARTESIAN_POINT('',(47.659293251383,57.910204340675,10.612));
#828 = CARTESIAN_POINT('',(43.084237019912,61.675412028331,-0.612));
#829 = CARTESIAN_POINT('',(43.084237019912,61.675412028331,-0.306));
#830 = CARTESIAN_POINT('',(43.084237019912,61.675412028331,5.));
#831 = CARTESIAN_POINT('',(43.084237019912,61.675412028331,10.306));
#832 = CARTESIAN_POINT('',(43.084237019912,61.675412028331,10.612));
#833 = CARTESIAN_POINT('',(40.142003976092,56.532339681168,-0.612));
#834 = CARTESIAN_POINT('',(40.142003976092,56.532339681168,-0.306));
#835 = CARTESIAN_POINT('',(40.142003976092,56.532339681168,5.));
#836 = CARTESIAN_POINT('',(40.142003976092,56.532339681168,10.306));
#837 = CARTESIAN_POINT('',(40.142003976092,56.532339681168,10.612));
#838 = ADVANCED_FACE('',(#839),#860,.T.);
#839 = FACE_BOUND('',#840,.F.);
#840 = EDGE_LOOP('',(#841,#850,#851,#852));
#841 = ORIENTED_EDGE('',*,*,#842,.F.);
#842 = EDGE_CURVE('',#779,#843,#845,.T.);
#843 = VERTEX_POINT('',#844);
#844 = CARTESIAN_POINT('',(73.98097826087,12.321317119722,10.));
#845 = CIRCLE('',#846,75.);
#846 = AXIS2_PLACEMENT_3D('',#847,#848,#849);
#847 = CARTESIAN_POINT('',(0.,0.,10.));
#848 = DIRECTION('',(0.,0.,-1.));
#849 = DIRECTION('',(0.,1.,0.));
#850 = ORIENTED_EDGE('',*,*,#815,.F.);
#851 = ORIENTED_EDGE('',*,*,#529,.T.);
#852 = ORIENTED_EDGE('',*,*,#853,.T.);
#853 = EDGE_CURVE('',#493,#843,#854,.T.);
#854 = B_SPLINE_CURVE_WITH_KNOTS('',2,(#855,#856,#857,#858,#859),
  .UNSPECIFIED.,.F.,.F.,(3,1,1,3),(-0.612,-2.057033216198E-14,10.,10.612
    ),.UNSPECIFIED.);
#855 = CARTESIAN_POINT('',(73.98097826087,12.321317119722,-0.612));
#856 = CARTESIAN_POINT('',(73.98097826087,12.321317119722,-0.306));
#857 = CARTESIAN_POINT('',(73.98097826087,12.321317119722,5.));
#858 = CARTESIAN_POINT('',(73.98097826087,12.321317119722,10.306));
#859 = CARTESIAN_POINT('',(73.98097826087,12.321317119722,10.612));
#860 = CYLINDRICAL_SURFACE('',#861,75.);
#861 = AXIS2_PLACEMENT_3D('',#862,#863,#864);
#862 = CARTESIAN_POINT('',(0.,0.,0.));
#863 = DIRECTION('',(0.,0.,1.));
#864 = DIRECTION('',(0.,1.,0.));
#865 = ADVANCED_FACE('',(#866),#915,.F.);
#866 = FACE_BOUND('',#867,.F.);
#867 = EDGE_LOOP('',(#868,#869,#879,#914));
#868 = ORIENTED_EDGE('',*,*,#492,.T.);
#869 = ORIENTED_EDGE('',*,*,#870,.T.);
#870 = EDGE_CURVE('',#484,#871,#873,.T.);
#871 = VERTEX_POINT('',#872);
#872 = CARTESIAN_POINT('',(69.027646502836,6.499941205186,10.));
#873 = B_SPLINE_CURVE_WITH_KNOTS('',2,(#874,#875,#876,#877,#878),
  .UNSPECIFIED.,.F.,.F.,(3,1,1,3),(-0.612,-2.057033216198E-14,10.,10.612
    ),.UNSPECIFIED.);
#874 = CARTESIAN_POINT('',(69.027646502836,6.499941205186,-0.612));
#875 = CARTESIAN_POINT('',(69.027646502836,6.499941205186,-0.306));
#876 = CARTESIAN_POINT('',(69.027646502836,6.499941205186,5.));
#877 = CARTESIAN_POINT('',(69.027646502836,6.499941205186,10.306));
#878 = CARTESIAN_POINT('',(69.027646502836,6.499941205186,10.612));
#879 = ORIENTED_EDGE('',*,*,#880,.F.);
#880 = EDGE_CURVE('',#843,#871,#881,.T.);
#881 = B_SPLINE_CURVE_WITH_KNOTS('',6,(#882,#883,#884,#885,#886,#887,
    #888,#889,#890,#891,#892,#893,#894,#895,#896,#897,#898,#899,#900,
    #901,#902,#903,#904,#905,#906,#907,#908,#909,#910,#911,#912,#913),
  .UNSPECIFIED.,.F.,.F.,(7,5,5,5,5,5,7),(0.,0.153995594589,
    0.257770351104,0.5,0.742229648896,0.846004405411,1.),.UNSPECIFIED.);
#882 = CARTESIAN_POINT('',(73.98097826087,12.321317119722,10.));
#883 = CARTESIAN_POINT('',(74.014932347872,12.117446336427,10.));
#884 = CARTESIAN_POINT('',(74.03926848341,11.908921668774,10.));
#885 = CARTESIAN_POINT('',(74.053295987188,11.696479753263,10.));
#886 = CARTESIAN_POINT('',(74.056413663327,11.48097484739,10.));
#887 = CARTESIAN_POINT('',(74.048140583796,11.263360334627,10.));
#888 = CARTESIAN_POINT('',(74.014673482569,10.897299049819,10.));
#889 = CARTESIAN_POINT('',(73.995877398912,10.749437594857,10.));
#890 = CARTESIAN_POINT('',(73.971657344115,10.60140129697,10.));
#891 = CARTESIAN_POINT('',(73.94194263533,10.453517741264,10.));
#892 = CARTESIAN_POINT('',(73.906695511075,10.306122936868,10.));
#893 = CARTESIAN_POINT('',(73.770720537352,9.817446711729,10.));
#894 = CARTESIAN_POINT('',(73.645356840986,9.479803812062,10.));
#895 = CARTESIAN_POINT('',(73.489797405915,9.151052877677,10.));
#896 = CARTESIAN_POINT('',(73.30505822447,8.835531961542,10.));
#897 = CARTESIAN_POINT('',(73.093124969887,8.537265717502,10.));
#898 = CARTESIAN_POINT('',(72.620760543169,7.982122022126,10.));
#899 = CARTESIAN_POINT('',(72.36026888324,7.725173482843,10.));
#900 = CARTESIAN_POINT('',(72.078391663257,7.492306038719,10.));
#901 = CARTESIAN_POINT('',(71.778783749669,7.286124049166,10.));
#902 = CARTESIAN_POINT('',(71.465564599638,7.108324869992,10.));
#903 = CARTESIAN_POINT('',(71.004958750126,6.895872762707,10.));
#904 = CARTESIAN_POINT('',(70.865107529584,6.837484200094,10.));
#905 = CARTESIAN_POINT('',(70.723888192186,6.784478457844,10.));
#906 = CARTESIAN_POINT('',(70.581638458641,6.736872052256,10.));
#907 = CARTESIAN_POINT('',(70.438693004569,6.694647654279,10.));
#908 = CARTESIAN_POINT('',(70.082710514156,6.603010447759,10.));
#909 = CARTESIAN_POINT('',(69.869227017851,6.560006764018,10.));
#910 = CARTESIAN_POINT('',(69.656002406117,6.528584649029,10.));
#911 = CARTESIAN_POINT('',(69.444054756949,6.508422001863,10.));
#912 = CARTESIAN_POINT('',(69.234323554157,6.499062136053,10.));
#913 = CARTESIAN_POINT('',(69.027646502836,6.499941205186,10.));
#914 = ORIENTED_EDGE('',*,*,#853,.F.);
#915 = ( BOUNDED_SURFACE() B_SPLINE_SURFACE(2,2,(
    (#916,#917,#918,#919,#920)
    ,(#921,#922,#923,#924,#925)
    ,(#926,#927,#928,#929,#930
)),.UNSPECIFIED.,.F.,.F.,.F.) B_SPLINE_SURFACE_WITH_KNOTS((3,3),(3,1,1,3
    ),(0.,10.),(-0.612,-2.057033216198E-14,10.,10.612),.UNSPECIFIED.) 
GEOMETRIC_REPRESENTATION_ITEM() RATIONAL_B_SPLINE_SURFACE((
    (1.,1.,1.,1.,1.)
    ,(0.644795215216,0.644795215216,0.644795215216,0.644795215216
      ,0.644795215216)
,(1.,1.,1.,1.,1.))) REPRESENTATION_ITEM('') SURFACE() );
#916 = CARTESIAN_POINT('',(73.98097826087,12.321317119722,-0.612));
#917 = CARTESIAN_POINT('',(73.98097826087,12.321317119722,-0.306));
#918 = CARTESIAN_POINT('',(73.98097826087,12.321317119722,5.));
#919 = CARTESIAN_POINT('',(73.98097826087,12.321317119722,10.306));
#920 = CARTESIAN_POINT('',(73.98097826087,12.321317119722,10.612));
#921 = CARTESIAN_POINT('',(74.954710144928,6.474731349187,-0.612));
#922 = CARTESIAN_POINT('',(74.954710144928,6.474731349187,-0.306));
#923 = CARTESIAN_POINT('',(74.954710144928,6.474731349187,5.));
#924 = CARTESIAN_POINT('',(74.954710144928,6.474731349187,10.306));
#925 = CARTESIAN_POINT('',(74.954710144928,6.474731349187,10.612));
#926 = CARTESIAN_POINT('',(69.027646502836,6.499941205186,-0.612));
#927 = CARTESIAN_POINT('',(69.027646502836,6.499941205186,-0.306));
#928 = CARTESIAN_POINT('',(69.027646502836,6.499941205186,5.));
#929 = CARTESIAN_POINT('',(69.027646502836,6.499941205186,10.306));
#930 = CARTESIAN_POINT('',(69.027646502836,6.499941205186,10.612));
#931 = ADVANCED_FACE('',(#932),#953,.F.);
#932 = FACE_BOUND('',#933,.F.);
#933 = EDGE_LOOP('',(#934,#943,#944,#945));
#934 = ORIENTED_EDGE('',*,*,#935,.F.);
#935 = EDGE_CURVE('',#871,#936,#938,.T.);
#936 = VERTEX_POINT('',#937);
#937 = CARTESIAN_POINT('',(69.027646502836,-6.499941205186,10.));
#938 = CIRCLE('',#939,6.5);
#939 = AXIS2_PLACEMENT_3D('',#940,#941,#942);
#940 = CARTESIAN_POINT('',(69.,0.,10.));
#941 = DIRECTION('',(0.,0.,1.));
#942 = DIRECTION('',(1.,0.,0.));
#943 = ORIENTED_EDGE('',*,*,#870,.F.);
#944 = ORIENTED_EDGE('',*,*,#483,.T.);
#945 = ORIENTED_EDGE('',*,*,#946,.T.);
#946 = EDGE_CURVE('',#447,#936,#947,.T.);
#947 = B_SPLINE_CURVE_WITH_KNOTS('',2,(#948,#949,#950,#951,#952),
  .UNSPECIFIED.,.F.,.F.,(3,1,1,3),(-0.612,-2.057033216198E-14,10.,10.612
    ),.UNSPECIFIED.);
#948 = CARTESIAN_POINT('',(69.027646502836,-6.499941205186,-0.612));
#949 = CARTESIAN_POINT('',(69.027646502836,-6.499941205186,-0.306));
#950 = CARTESIAN_POINT('',(69.027646502836,-6.499941205186,5.));
#951 = CARTESIAN_POINT('',(69.027646502836,-6.499941205186,10.306));
#952 = CARTESIAN_POINT('',(69.027646502836,-6.499941205186,10.612));
#953 = CYLINDRICAL_SURFACE('',#954,6.5);
#954 = AXIS2_PLACEMENT_3D('',#955,#956,#957);
#955 = CARTESIAN_POINT('',(69.,0.,45.));
#956 = DIRECTION('',(0.,0.,1.));
#957 = DIRECTION('',(1.,0.,0.));
#958 = ADVANCED_FACE('',(#959),#1008,.F.);
#959 = FACE_BOUND('',#960,.F.);
#960 = EDGE_LOOP('',(#961,#962,#972,#1007));
#961 = ORIENTED_EDGE('',*,*,#446,.T.);
#962 = ORIENTED_EDGE('',*,*,#963,.T.);
#963 = EDGE_CURVE('',#438,#964,#966,.T.);
#964 = VERTEX_POINT('',#965);
#965 = CARTESIAN_POINT('',(73.98097826087,-12.32131711972,10.));
#966 = B_SPLINE_CURVE_WITH_KNOTS('',2,(#967,#968,#969,#970,#971),
  .UNSPECIFIED.,.F.,.F.,(3,1,1,3),(-0.612,-2.057033216198E-14,10.,10.612
    ),.UNSPECIFIED.);
#967 = CARTESIAN_POINT('',(73.98097826087,-12.32131711972,-0.612));
#968 = CARTESIAN_POINT('',(73.98097826087,-12.32131711972,-0.306));
#969 = CARTESIAN_POINT('',(73.98097826087,-12.32131711972,5.));
#970 = CARTESIAN_POINT('',(73.98097826087,-12.32131711972,10.306));
#971 = CARTESIAN_POINT('',(73.98097826087,-12.32131711972,10.612));
#972 = ORIENTED_EDGE('',*,*,#973,.F.);
#973 = EDGE_CURVE('',#936,#964,#974,.T.);
#974 = B_SPLINE_CURVE_WITH_KNOTS('',6,(#975,#976,#977,#978,#979,#980,
    #981,#982,#983,#984,#985,#986,#987,#988,#989,#990,#991,#992,#993,
    #994,#995,#996,#997,#998,#999,#1000,#1001,#1002,#1003,#1004,#1005,
    #1006),.UNSPECIFIED.,.F.,.F.,(7,5,5,5,5,5,7),(0.,0.153995594589,
    0.257770351104,0.5,0.742229648896,0.846004405411,1.),.UNSPECIFIED.);
#975 = CARTESIAN_POINT('',(69.027646502836,-6.499941205186,10.));
#976 = CARTESIAN_POINT('',(69.234323554157,-6.499062136053,10.));
#977 = CARTESIAN_POINT('',(69.444054756949,-6.508422001863,10.));
#978 = CARTESIAN_POINT('',(69.656002406117,-6.528584649029,10.));
#979 = CARTESIAN_POINT('',(69.869227017851,-6.560006764018,10.));
#980 = CARTESIAN_POINT('',(70.082710514157,-6.603010447759,10.));
#981 = CARTESIAN_POINT('',(70.438693004569,-6.694647654279,10.));
#982 = CARTESIAN_POINT('',(70.581638458641,-6.736872052256,10.));
#983 = CARTESIAN_POINT('',(70.723888192186,-6.784478457844,10.));
#984 = CARTESIAN_POINT('',(70.865107529584,-6.837484200094,10.));
#985 = CARTESIAN_POINT('',(71.004958750126,-6.895872762707,10.));
#986 = CARTESIAN_POINT('',(71.465564599638,-7.108324869992,10.));
#987 = CARTESIAN_POINT('',(71.77878374967,-7.286124049167,10.));
#988 = CARTESIAN_POINT('',(72.078391663256,-7.492306038718,10.));
#989 = CARTESIAN_POINT('',(72.360268883241,-7.725173482844,10.));
#990 = CARTESIAN_POINT('',(72.620760543169,-7.982122022126,10.));
#991 = CARTESIAN_POINT('',(73.093124969888,-8.537265717503,10.));
#992 = CARTESIAN_POINT('',(73.30505822447,-8.835531961542,10.));
#993 = CARTESIAN_POINT('',(73.489797405915,-9.151052877677,10.));
#994 = CARTESIAN_POINT('',(73.645356840986,-9.479803812062,10.));
#995 = CARTESIAN_POINT('',(73.770720537353,-9.817446711729,10.));
#996 = CARTESIAN_POINT('',(73.906695511075,-10.30612293686,10.));
#997 = CARTESIAN_POINT('',(73.941942635331,-10.45351774126,10.));
#998 = CARTESIAN_POINT('',(73.971657344115,-10.60140129697,10.));
#999 = CARTESIAN_POINT('',(73.995877398912,-10.74943759485,10.));
#1000 = CARTESIAN_POINT('',(74.014673482569,-10.89729904982,10.));
#1001 = CARTESIAN_POINT('',(74.048140583796,-11.26336033462,10.));
#1002 = CARTESIAN_POINT('',(74.056413663327,-11.48097484739,10.));
#1003 = CARTESIAN_POINT('',(74.053295987188,-11.69647975326,10.));
#1004 = CARTESIAN_POINT('',(74.03926848341,-11.90892166877,10.));
#1005 = CARTESIAN_POINT('',(74.014932347872,-12.11744633642,10.));
#1006 = CARTESIAN_POINT('',(73.98097826087,-12.32131711972,10.));
#1007 = ORIENTED_EDGE('',*,*,#946,.F.);
#1008 = ( BOUNDED_SURFACE() B_SPLINE_SURFACE(2,2,(
    (#1009,#1010,#1011,#1012,#1013)
    ,(#1014,#1015,#1016,#1017,#1018)
    ,(#1019,#1020,#1021,#1022,#1023
)),.UNSPECIFIED.,.F.,.F.,.F.) B_SPLINE_SURFACE_WITH_KNOTS((3,3),(3,1,1,3
    ),(0.,10.),(-0.612,-2.057033216198E-14,10.,10.612),.UNSPECIFIED.) 
GEOMETRIC_REPRESENTATION_ITEM() RATIONAL_B_SPLINE_SURFACE((
    (1.,1.,1.,1.,1.)
    ,(0.644795215216,0.644795215216,0.644795215216,0.644795215216
      ,0.644795215216)
,(1.,1.,1.,1.,1.))) REPRESENTATION_ITEM('') SURFACE() );
#1009 = CARTESIAN_POINT('',(69.027646502836,-6.499941205186,-0.612));
#1010 = CARTESIAN_POINT('',(69.027646502836,-6.499941205186,-0.306));
#1011 = CARTESIAN_POINT('',(69.027646502836,-6.499941205186,5.));
#1012 = CARTESIAN_POINT('',(69.027646502836,-6.499941205186,10.306));
#1013 = CARTESIAN_POINT('',(69.027646502836,-6.499941205186,10.612));
#1014 = CARTESIAN_POINT('',(74.954710144928,-6.474731349187,-0.612));
#1015 = CARTESIAN_POINT('',(74.954710144928,-6.474731349187,-0.306));
#1016 = CARTESIAN_POINT('',(74.954710144928,-6.474731349187,5.));
#1017 = CARTESIAN_POINT('',(74.954710144928,-6.474731349187,10.306));
#1018 = CARTESIAN_POINT('',(74.954710144928,-6.474731349187,10.612));
#1019 = CARTESIAN_POINT('',(73.98097826087,-12.32131711972,-0.612));
#1020 = CARTESIAN_POINT('',(73.98097826087,-12.32131711972,-0.306));
#1021 = CARTESIAN_POINT('',(73.98097826087,-12.32131711972,5.));
#1022 = CARTESIAN_POINT('',(73.98097826087,-12.32131711972,10.306));
#1023 = CARTESIAN_POINT('',(73.98097826087,-12.32131711972,10.612));
#1024 = ADVANCED_FACE('',(#1025),#1046,.T.);
#1025 = FACE_BOUND('',#1026,.F.);
#1026 = EDGE_LOOP('',(#1027,#1028,#1029,#1039));
#1027 = ORIENTED_EDGE('',*,*,#963,.F.);
#1028 = ORIENTED_EDGE('',*,*,#437,.T.);
#1029 = ORIENTED_EDGE('',*,*,#1030,.T.);
#1030 = EDGE_CURVE('',#401,#1031,#1033,.T.);
#1031 = VERTEX_POINT('',#1032);
#1032 = CARTESIAN_POINT('',(47.659293251383,-57.91020434067,10.));
#1033 = B_SPLINE_CURVE_WITH_KNOTS('',2,(#1034,#1035,#1036,#1037,#1038),
  .UNSPECIFIED.,.F.,.F.,(3,1,1,3),(-0.612,-2.848671652222E-14,10.,10.612
    ),.UNSPECIFIED.);
#1034 = CARTESIAN_POINT('',(47.659293251383,-57.91020434067,-0.612));
#1035 = CARTESIAN_POINT('',(47.659293251383,-57.91020434067,-0.306));
#1036 = CARTESIAN_POINT('',(47.659293251383,-57.91020434067,5.));
#1037 = CARTESIAN_POINT('',(47.659293251383,-57.91020434067,10.306));
#1038 = CARTESIAN_POINT('',(47.659293251383,-57.91020434067,10.612));
#1039 = ORIENTED_EDGE('',*,*,#1040,.F.);
#1040 = EDGE_CURVE('',#964,#1031,#1041,.T.);
#1041 = CIRCLE('',#1042,75.);
#1042 = AXIS2_PLACEMENT_3D('',#1043,#1044,#1045);
#1043 = CARTESIAN_POINT('',(0.,0.,10.));
#1044 = DIRECTION('',(0.,0.,-1.));
#1045 = DIRECTION('',(0.,1.,0.));
#1046 = CYLINDRICAL_SURFACE('',#1047,75.);
#1047 = AXIS2_PLACEMENT_3D('',#1048,#1049,#1050);
#1048 = CARTESIAN_POINT('',(0.,0.,0.));
#1049 = DIRECTION('',(0.,0.,1.));
#1050 = DIRECTION('',(0.,1.,0.));
#1051 = ADVANCED_FACE('',(#1052),#1101,.F.);
#1052 = FACE_BOUND('',#1053,.F.);
#1053 = EDGE_LOOP('',(#1054,#1055,#1065,#1100));
#1054 = ORIENTED_EDGE('',*,*,#400,.T.);
#1055 = ORIENTED_EDGE('',*,*,#1056,.T.);
#1056 = EDGE_CURVE('',#392,#1057,#1059,.T.);
#1057 = VERTEX_POINT('',#1058);
#1058 = CARTESIAN_POINT('',(40.142003976092,-56.53233968116,10.));
#1059 = B_SPLINE_CURVE_WITH_KNOTS('',2,(#1060,#1061,#1062,#1063,#1064),
  .UNSPECIFIED.,.F.,.F.,(3,1,1,3),(-0.612,-2.848671652222E-14,10.,10.612
    ),.UNSPECIFIED.);
#1060 = CARTESIAN_POINT('',(40.142003976092,-56.53233968116,-0.612));
#1061 = CARTESIAN_POINT('',(40.142003976092,-56.53233968116,-0.306));
#1062 = CARTESIAN_POINT('',(40.142003976092,-56.53233968116,5.));
#1063 = CARTESIAN_POINT('',(40.142003976092,-56.53233968116,10.306));
#1064 = CARTESIAN_POINT('',(40.142003976092,-56.53233968116,10.612));
#1065 = ORIENTED_EDGE('',*,*,#1066,.F.);
#1066 = EDGE_CURVE('',#1031,#1057,#1067,.T.);
#1067 = B_SPLINE_CURVE_WITH_KNOTS('',6,(#1068,#1069,#1070,#1071,#1072,
    #1073,#1074,#1075,#1076,#1077,#1078,#1079,#1080,#1081,#1082,#1083,
    #1084,#1085,#1086,#1087,#1088,#1089,#1090,#1091,#1092,#1093,#1094,
    #1095,#1096,#1097,#1098,#1099),.UNSPECIFIED.,.F.,.F.,(7,5,5,5,5,5,7)
  ,(0.,0.153998504181,0.257773459106,0.5,0.742226540894,0.846001495819,
    1.),.UNSPECIFIED.);
#1068 = CARTESIAN_POINT('',(47.659293251383,-57.91020434067,10.));
#1069 = CARTESIAN_POINT('',(47.499732268557,-58.04152081172,10.));
#1070 = CARTESIAN_POINT('',(47.331334944675,-58.1668361036,10.));
#1071 = CARTESIAN_POINT('',(47.154393823143,-58.28518423326,10.));
#1072 = CARTESIAN_POINT('',(46.969347962544,-58.39561790162,10.));
#1073 = CARTESIAN_POINT('',(46.776782309756,-58.49724437448,10.));
#1074 = CARTESIAN_POINT('',(46.443087581838,-58.65126884143,10.));
#1075 = CARTESIAN_POINT('',(46.305663268143,-58.70891341718,10.));
#1076 = CARTESIAN_POINT('',(46.16537655272,-58.76194980101,10.));
#1077 = CARTESIAN_POINT('',(46.022475660716,-58.8101531082,10.));
#1078 = CARTESIAN_POINT('',(45.877232557763,-58.85332273607,10.));
#1079 = CARTESIAN_POINT('',(45.386139704304,-58.97989884039,10.));
#1080 = CARTESIAN_POINT('',(45.031125983796,-59.04016047837,10.));
#1081 = CARTESIAN_POINT('',(44.66871623188,-59.06983876054,10.));
#1082 = CARTESIAN_POINT('',(44.303172773752,-59.0676449992,10.));
#1083 = CARTESIAN_POINT('',(43.938971303963,-59.03328628629,10.));
#1084 = CARTESIAN_POINT('',(43.222150235469,-58.90189817799,10.));
#1085 = CARTESIAN_POINT('',(42.869438928761,-58.80485197317,10.));
#1086 = CARTESIAN_POINT('',(42.526880815562,-58.67725584686,10.));
#1087 = CARTESIAN_POINT('',(42.198556746865,-58.52097105992,10.));
#1088 = CARTESIAN_POINT('',(41.887994902019,-58.33871424307,10.));
#1089 = CARTESIAN_POINT('',(41.473719962433,-58.0461907819,10.));
#1090 = CARTESIAN_POINT('',(41.353229854621,-57.9543141818,10.));
#1091 = CARTESIAN_POINT('',(41.236714989024,-57.85856184578,10.));
#1092 = CARTESIAN_POINT('',(41.124358503472,-57.75921779368,10.));
#1093 = CARTESIAN_POINT('',(41.01631272654,-57.65658032881,10.));
#1094 = CARTESIAN_POINT('',(40.758938816551,-57.39421726296,10.));
#1095 = CARTESIAN_POINT('',(40.614935408982,-57.23090011987,10.));
#1096 = CARTESIAN_POINT('',(40.481086591185,-57.06201536743,10.));
#1097 = CARTESIAN_POINT('',(40.357622657572,-56.88860516767,10.));
#1098 = CARTESIAN_POINT('',(40.244618145715,-56.71171095813,10.));
#1099 = CARTESIAN_POINT('',(40.142003976092,-56.53233968116,10.));
#1100 = ORIENTED_EDGE('',*,*,#1030,.F.);
#1101 = ( BOUNDED_SURFACE() B_SPLINE_SURFACE(2,2,(
    (#1102,#1103,#1104,#1105,#1106)
    ,(#1107,#1108,#1109,#1110,#1111)
    ,(#1112,#1113,#1114,#1115,#1116
)),.UNSPECIFIED.,.F.,.F.,.F.) B_SPLINE_SURFACE_WITH_KNOTS((3,3),(3,1,1,3
    ),(0.,10.),(-0.612,-2.848671652222E-14,10.,10.612),.UNSPECIFIED.) 
GEOMETRIC_REPRESENTATION_ITEM() RATIONAL_B_SPLINE_SURFACE((
    (1.,1.,1.,1.,1.)
    ,(0.644917443799,0.644917443799,0.644917443799,0.644917443799
      ,0.644917443799)
,(1.,1.,1.,1.,1.))) REPRESENTATION_ITEM('') SURFACE() );
#1102 = CARTESIAN_POINT('',(47.659293251383,-57.91020434067,-0.612));
#1103 = CARTESIAN_POINT('',(47.659293251383,-57.91020434067,-0.306));
#1104 = CARTESIAN_POINT('',(47.659293251383,-57.91020434067,5.));
#1105 = CARTESIAN_POINT('',(47.659293251383,-57.91020434067,10.306));
#1106 = CARTESIAN_POINT('',(47.659293251383,-57.91020434067,10.612));
#1107 = CARTESIAN_POINT('',(43.084237019912,-61.67541202833,-0.612));
#1108 = CARTESIAN_POINT('',(43.084237019912,-61.67541202833,-0.306));
#1109 = CARTESIAN_POINT('',(43.084237019912,-61.67541202833,5.));
#1110 = CARTESIAN_POINT('',(43.084237019912,-61.67541202833,10.306));
#1111 = CARTESIAN_POINT('',(43.084237019912,-61.67541202833,10.612));
#1112 = CARTESIAN_POINT('',(40.142003976092,-56.53233968116,-0.612));
#1113 = CARTESIAN_POINT('',(40.142003976092,-56.53233968116,-0.306));
#1114 = CARTESIAN_POINT('',(40.142003976092,-56.53233968116,5.));
#1115 = CARTESIAN_POINT('',(40.142003976092,-56.53233968116,10.306));
#1116 = CARTESIAN_POINT('',(40.142003976092,-56.53233968116,10.612));
#1117 = ADVANCED_FACE('',(#1118),#1139,.F.);
#1118 = FACE_BOUND('',#1119,.T.);
#1119 = EDGE_LOOP('',(#1120,#1121,#1130,#1138));
#1120 = ORIENTED_EDGE('',*,*,#1056,.T.);
#1121 = ORIENTED_EDGE('',*,*,#1122,.T.);
#1122 = EDGE_CURVE('',#1057,#1123,#1125,.T.);
#1123 = VERTEX_POINT('',#1124);
#1124 = CARTESIAN_POINT('',(28.883560784112,-63.03194292955,10.));
#1125 = CIRCLE('',#1126,6.5);
#1126 = AXIS2_PLACEMENT_3D('',#1127,#1128,#1129);
#1127 = CARTESIAN_POINT('',(34.5,-59.76,10.));
#1128 = DIRECTION('',(0.,-4.440892098501E-16,1.));
#1129 = DIRECTION('',(1.,0.,0.));
#1130 = ORIENTED_EDGE('',*,*,#1131,.F.);
#1131 = EDGE_CURVE('',#355,#1123,#1132,.T.);
#1132 = B_SPLINE_CURVE_WITH_KNOTS('',2,(#1133,#1134,#1135,#1136,#1137),
  .UNSPECIFIED.,.F.,.F.,(3,1,1,3),(-0.612,-3.26626746483E-14,10.,10.612)
  ,.UNSPECIFIED.);
#1133 = CARTESIAN_POINT('',(28.883560784112,-63.03194292955,-0.612));
#1134 = CARTESIAN_POINT('',(28.883560784112,-63.03194292955,-0.306));
#1135 = CARTESIAN_POINT('',(28.883560784112,-63.03194292955,5.));
#1136 = CARTESIAN_POINT('',(28.883560784112,-63.03194292955,10.306));
#1137 = CARTESIAN_POINT('',(28.883560784112,-63.03194292955,10.612));
#1138 = ORIENTED_EDGE('',*,*,#391,.F.);
#1139 = CYLINDRICAL_SURFACE('',#1140,6.5);
#1140 = AXIS2_PLACEMENT_3D('',#1141,#1142,#1143);
#1141 = CARTESIAN_POINT('',(34.5,-59.76,45.));
#1142 = DIRECTION('',(0.,-4.440892098501E-16,1.));
#1143 = DIRECTION('',(1.,0.,0.));
#1144 = ADVANCED_FACE('',(#1145),#1194,.T.);
#1145 = FACE_BOUND('',#1146,.T.);
#1146 = EDGE_LOOP('',(#1147,#1148,#1149,#1186));
#1147 = ORIENTED_EDGE('',*,*,#354,.T.);
#1148 = ORIENTED_EDGE('',*,*,#1131,.T.);
#1149 = ORIENTED_EDGE('',*,*,#1150,.F.);
#1150 = EDGE_CURVE('',#1151,#1123,#1153,.T.);
#1151 = VERTEX_POINT('',#1152);
#1152 = CARTESIAN_POINT('',(26.317738849003,-70.23088082799,10.));
#1153 = B_SPLINE_CURVE_WITH_KNOTS('',6,(#1154,#1155,#1156,#1157,#1158,
    #1159,#1160,#1161,#1162,#1163,#1164,#1165,#1166,#1167,#1168,#1169,
    #1170,#1171,#1172,#1173,#1174,#1175,#1176,#1177,#1178,#1179,#1180,
    #1181,#1182,#1183,#1184,#1185),.UNSPECIFIED.,.F.,.F.,(7,5,5,5,5,5,7)
  ,(0.,0.153998504181,0.257773459106,0.5,0.742226540894,0.846001495819,
    1.),.UNSPECIFIED.);
#1154 = CARTESIAN_POINT('',(26.317738849003,-70.23088082799,10.));
#1155 = CARTESIAN_POINT('',(26.511247203829,-70.15836710913,10.));
#1156 = CARTESIAN_POINT('',(26.703977211257,-70.07520025693,10.));
#1157 = CARTESIAN_POINT('',(26.894946047865,-69.98115056939,10.));
#1158 = CARTESIAN_POINT('',(27.083113805051,-69.87612456885,10.));
#1159 = CARTESIAN_POINT('',(27.267414875163,-69.76018240148,10.));
#1160 = CARTESIAN_POINT('',(27.56766438674,-69.54822500326,10.));
#1161 = CARTESIAN_POINT('',(27.686303761539,-69.4580416464,10.));
#1162 = CARTESIAN_POINT('',(27.802383820326,-69.36307512342,10.));
#1163 = CARTESIAN_POINT('',(27.915585688346,-69.26342794165,10.));
#1164 = CARTESIAN_POINT('',(28.025599647437,-69.1592353098,10.));
#1165 = CARTESIAN_POINT('',(28.380786476917,-68.79724633612,10.));
#1166 = CARTESIAN_POINT('',(28.610498515001,-68.51994039258,10.));
#1167 = CARTESIAN_POINT('',(28.817423941193,-68.22093621751,10.));
#1168 = CARTESIAN_POINT('',(28.998315369083,-67.90328054908,10.));
#1169 = CARTESIAN_POINT('',(29.150681056029,-67.57070284509,10.));
#1170 = CARTESIAN_POINT('',(29.395348402693,-66.8842385935,10.));
#1171 = CARTESIAN_POINT('',(29.487681364439,-66.53026422165,10.));
#1172 = CARTESIAN_POINT('',(29.54848112036,-66.1698058717,10.));
#1173 = CARTESIAN_POINT('',(29.577318869343,-65.80732826832,10.));
#1174 = CARTESIAN_POINT('',(29.574782921272,-65.44724525605,10.));
#1175 = CARTESIAN_POINT('',(29.528618727168,-64.9422080613,10.));
#1176 = CARTESIAN_POINT('',(29.509305561422,-64.79192107798,10.));
#1177 = CARTESIAN_POINT('',(29.484648196186,-64.64313855851,10.));
#1178 = CARTESIAN_POINT('',(29.454801012453,-64.49616112434,10.));
#1179 = CARTESIAN_POINT('',(29.419946166874,-64.35126985873,10.));
#1180 = CARTESIAN_POINT('',(29.321441835077,-63.99718991793,10.));
#1181 = CARTESIAN_POINT('',(29.252019446112,-63.7908164639,10.));
#1182 = CARTESIAN_POINT('',(29.172697701212,-63.59045272861,10.));
#1183 = CARTESIAN_POINT('',(29.084263947621,-63.39681928235,10.));
#1184 = CARTESIAN_POINT('',(28.987582791884,-63.21050144855,10.));
#1185 = CARTESIAN_POINT('',(28.883560784112,-63.03194292955,10.));
#1186 = ORIENTED_EDGE('',*,*,#1187,.F.);
#1187 = EDGE_CURVE('',#346,#1151,#1188,.T.);
#1188 = B_SPLINE_CURVE_WITH_KNOTS('',2,(#1189,#1190,#1191,#1192,#1193),
  .UNSPECIFIED.,.F.,.F.,(3,1,1,3),(-0.612,-3.26626746483E-14,10.,10.612)
  ,.UNSPECIFIED.);
#1189 = CARTESIAN_POINT('',(26.317738849003,-70.23088082799,-0.612));
#1190 = CARTESIAN_POINT('',(26.317738849003,-70.23088082799,-0.306));
#1191 = CARTESIAN_POINT('',(26.317738849003,-70.23088082799,5.));
#1192 = CARTESIAN_POINT('',(26.317738849003,-70.23088082799,10.306));
#1193 = CARTESIAN_POINT('',(26.317738849003,-70.23088082799,10.612));
#1194 = ( BOUNDED_SURFACE() B_SPLINE_SURFACE(2,2,(
    (#1195,#1196,#1197,#1198,#1199)
    ,(#1200,#1201,#1202,#1203,#1204)
    ,(#1205,#1206,#1207,#1208,#1209
)),.UNSPECIFIED.,.F.,.F.,.F.) B_SPLINE_SURFACE_WITH_KNOTS((3,3),(3,1,1,3
    ),(0.,10.),(-0.612,-3.26626746483E-14,10.,10.612),.UNSPECIFIED.) 
GEOMETRIC_REPRESENTATION_ITEM() RATIONAL_B_SPLINE_SURFACE((
    (1.,1.,1.,1.,1.)
    ,(0.644917443799,0.644917443799,0.644917443799,0.644917443799
      ,0.644917443799)
,(1.,1.,1.,1.,1.))) REPRESENTATION_ITEM('') SURFACE() );
#1195 = CARTESIAN_POINT('',(26.317738849003,-70.23088082799,-0.612));
#1196 = CARTESIAN_POINT('',(26.317738849003,-70.23088082799,-0.306));
#1197 = CARTESIAN_POINT('',(26.317738849003,-70.23088082799,5.));
#1198 = CARTESIAN_POINT('',(26.317738849003,-70.23088082799,10.306));
#1199 = CARTESIAN_POINT('',(26.317738849003,-70.23088082799,10.612));
#1200 = CARTESIAN_POINT('',(31.866160455039,-68.15171125001,-0.612));
#1201 = CARTESIAN_POINT('',(31.866160455039,-68.15171125001,-0.306));
#1202 = CARTESIAN_POINT('',(31.866160455039,-68.15171125001,5.));
#1203 = CARTESIAN_POINT('',(31.866160455039,-68.15171125001,10.306));
#1204 = CARTESIAN_POINT('',(31.866160455039,-68.15171125001,10.612));
#1205 = CARTESIAN_POINT('',(28.883560784112,-63.03194292955,-0.612));
#1206 = CARTESIAN_POINT('',(28.883560784112,-63.03194292955,-0.306));
#1207 = CARTESIAN_POINT('',(28.883560784112,-63.03194292955,5.));
#1208 = CARTESIAN_POINT('',(28.883560784112,-63.03194292955,10.306));
#1209 = CARTESIAN_POINT('',(28.883560784112,-63.03194292955,10.612));
#1210 = ADVANCED_FACE('',(#1211),#1232,.T.);
#1211 = FACE_BOUND('',#1212,.F.);
#1212 = EDGE_LOOP('',(#1213,#1214,#1215,#1225));
#1213 = ORIENTED_EDGE('',*,*,#1187,.F.);
#1214 = ORIENTED_EDGE('',*,*,#345,.T.);
#1215 = ORIENTED_EDGE('',*,*,#1216,.T.);
#1216 = EDGE_CURVE('',#309,#1217,#1219,.T.);
#1217 = VERTEX_POINT('',#1218);
#1218 = CARTESIAN_POINT('',(-26.317738849,-70.23088082799,10.));
#1219 = B_SPLINE_CURVE_WITH_KNOTS('',2,(#1220,#1221,#1222,#1223,#1224),
  .UNSPECIFIED.,.F.,.F.,(3,1,1,3),(-0.612,-3.26626746483E-14,10.,10.612)
  ,.UNSPECIFIED.);
#1220 = CARTESIAN_POINT('',(-26.317738849,-70.23088082799,-0.612));
#1221 = CARTESIAN_POINT('',(-26.317738849,-70.23088082799,-0.306));
#1222 = CARTESIAN_POINT('',(-26.317738849,-70.23088082799,5.));
#1223 = CARTESIAN_POINT('',(-26.317738849,-70.23088082799,10.306));
#1224 = CARTESIAN_POINT('',(-26.317738849,-70.23088082799,10.612));
#1225 = ORIENTED_EDGE('',*,*,#1226,.F.);
#1226 = EDGE_CURVE('',#1151,#1217,#1227,.T.);
#1227 = CIRCLE('',#1228,75.);
#1228 = AXIS2_PLACEMENT_3D('',#1229,#1230,#1231);
#1229 = CARTESIAN_POINT('',(0.,0.,10.));
#1230 = DIRECTION('',(0.,0.,-1.));
#1231 = DIRECTION('',(0.,1.,0.));
#1232 = CYLINDRICAL_SURFACE('',#1233,75.);
#1233 = AXIS2_PLACEMENT_3D('',#1234,#1235,#1236);
#1234 = CARTESIAN_POINT('',(0.,0.,0.));
#1235 = DIRECTION('',(0.,0.,1.));
#1236 = DIRECTION('',(0.,1.,0.));
#1237 = ADVANCED_FACE('',(#1238),#1287,.F.);
#1238 = FACE_BOUND('',#1239,.F.);
#1239 = EDGE_LOOP('',(#1240,#1241,#1251,#1286));
#1240 = ORIENTED_EDGE('',*,*,#308,.T.);
#1241 = ORIENTED_EDGE('',*,*,#1242,.T.);
#1242 = EDGE_CURVE('',#300,#1243,#1245,.T.);
#1243 = VERTEX_POINT('',#1244);
#1244 = CARTESIAN_POINT('',(-28.88356078411,-63.03194292955,10.));
#1245 = B_SPLINE_CURVE_WITH_KNOTS('',2,(#1246,#1247,#1248,#1249,#1250),
  .UNSPECIFIED.,.F.,.F.,(3,1,1,3),(-0.612,-3.26626746483E-14,10.,10.612)
  ,.UNSPECIFIED.);
#1246 = CARTESIAN_POINT('',(-28.88356078411,-63.03194292955,-0.612));
#1247 = CARTESIAN_POINT('',(-28.88356078411,-63.03194292955,-0.306));
#1248 = CARTESIAN_POINT('',(-28.88356078411,-63.03194292955,5.));
#1249 = CARTESIAN_POINT('',(-28.88356078411,-63.03194292955,10.306));
#1250 = CARTESIAN_POINT('',(-28.88356078411,-63.03194292955,10.612));
#1251 = ORIENTED_EDGE('',*,*,#1252,.F.);
#1252 = EDGE_CURVE('',#1217,#1243,#1253,.T.);
#1253 = B_SPLINE_CURVE_WITH_KNOTS('',6,(#1254,#1255,#1256,#1257,#1258,
    #1259,#1260,#1261,#1262,#1263,#1264,#1265,#1266,#1267,#1268,#1269,
    #1270,#1271,#1272,#1273,#1274,#1275,#1276,#1277,#1278,#1279,#1280,
    #1281,#1282,#1283,#1284,#1285),.UNSPECIFIED.,.F.,.F.,(7,5,5,5,5,5,7)
  ,(0.,0.153998504181,0.257773459106,0.5,0.742226540894,0.846001495819,
    1.),.UNSPECIFIED.);
#1254 = CARTESIAN_POINT('',(-26.317738849,-70.23088082799,10.));
#1255 = CARTESIAN_POINT('',(-26.51124720382,-70.15836710913,10.));
#1256 = CARTESIAN_POINT('',(-26.70397721125,-70.07520025693,10.));
#1257 = CARTESIAN_POINT('',(-26.89494604786,-69.98115056939,10.));
#1258 = CARTESIAN_POINT('',(-27.08311380505,-69.87612456885,10.));
#1259 = CARTESIAN_POINT('',(-27.26741487516,-69.76018240148,10.));
#1260 = CARTESIAN_POINT('',(-27.56766438674,-69.54822500326,10.));
#1261 = CARTESIAN_POINT('',(-27.68630376153,-69.4580416464,10.));
#1262 = CARTESIAN_POINT('',(-27.80238382032,-69.36307512342,10.));
#1263 = CARTESIAN_POINT('',(-27.91558568834,-69.26342794165,10.));
#1264 = CARTESIAN_POINT('',(-28.02559964743,-69.1592353098,10.));
#1265 = CARTESIAN_POINT('',(-28.38078647691,-68.79724633612,10.));
#1266 = CARTESIAN_POINT('',(-28.610498515,-68.51994039258,10.));
#1267 = CARTESIAN_POINT('',(-28.81742394119,-68.22093621751,10.));
#1268 = CARTESIAN_POINT('',(-28.99831536908,-67.90328054908,10.));
#1269 = CARTESIAN_POINT('',(-29.15068105602,-67.57070284509,10.));
#1270 = CARTESIAN_POINT('',(-29.39534840269,-66.8842385935,10.));
#1271 = CARTESIAN_POINT('',(-29.48768136443,-66.53026422165,10.));
#1272 = CARTESIAN_POINT('',(-29.54848112036,-66.1698058717,10.));
#1273 = CARTESIAN_POINT('',(-29.57731886934,-65.80732826832,10.));
#1274 = CARTESIAN_POINT('',(-29.57478292127,-65.44724525605,10.));
#1275 = CARTESIAN_POINT('',(-29.52861872716,-64.9422080613,10.));
#1276 = CARTESIAN_POINT('',(-29.50930556142,-64.79192107798,10.));
#1277 = CARTESIAN_POINT('',(-29.48464819618,-64.64313855851,10.));
#1278 = CARTESIAN_POINT('',(-29.45480101245,-64.49616112434,10.));
#1279 = CARTESIAN_POINT('',(-29.41994616687,-64.35126985873,10.));
#1280 = CARTESIAN_POINT('',(-29.32144183507,-63.99718991793,10.));
#1281 = CARTESIAN_POINT('',(-29.25201944611,-63.7908164639,10.));
#1282 = CARTESIAN_POINT('',(-29.17269770121,-63.59045272861,10.));
#1283 = CARTESIAN_POINT('',(-29.08426394762,-63.39681928235,10.));
#1284 = CARTESIAN_POINT('',(-28.98758279188,-63.21050144855,10.));
#1285 = CARTESIAN_POINT('',(-28.88356078411,-63.03194292955,10.));
#1286 = ORIENTED_EDGE('',*,*,#1216,.F.);
#1287 = ( BOUNDED_SURFACE() B_SPLINE_SURFACE(2,2,(
    (#1288,#1289,#1290,#1291,#1292)
    ,(#1293,#1294,#1295,#1296,#1297)
    ,(#1298,#1299,#1300,#1301,#1302
)),.UNSPECIFIED.,.F.,.F.,.F.) B_SPLINE_SURFACE_WITH_KNOTS((3,3),(3,1,1,3
    ),(0.,10.),(-0.612,-3.26626746483E-14,10.,10.612),.UNSPECIFIED.) 
GEOMETRIC_REPRESENTATION_ITEM() RATIONAL_B_SPLINE_SURFACE((
    (1.,1.,1.,1.,1.)
    ,(0.644917443799,0.644917443799,0.644917443799,0.644917443799
      ,0.644917443799)
,(1.,1.,1.,1.,1.))) REPRESENTATION_ITEM('') SURFACE() );
#1288 = CARTESIAN_POINT('',(-26.317738849,-70.23088082799,-0.612));
#1289 = CARTESIAN_POINT('',(-26.317738849,-70.23088082799,-0.306));
#1290 = CARTESIAN_POINT('',(-26.317738849,-70.23088082799,5.));
#1291 = CARTESIAN_POINT('',(-26.317738849,-70.23088082799,10.306));
#1292 = CARTESIAN_POINT('',(-26.317738849,-70.23088082799,10.612));
#1293 = CARTESIAN_POINT('',(-31.86616045503,-68.15171125001,-0.612));
#1294 = CARTESIAN_POINT('',(-31.86616045503,-68.15171125001,-0.306));
#1295 = CARTESIAN_POINT('',(-31.86616045503,-68.15171125001,5.));
#1296 = CARTESIAN_POINT('',(-31.86616045503,-68.15171125001,10.306));
#1297 = CARTESIAN_POINT('',(-31.86616045503,-68.15171125001,10.612));
#1298 = CARTESIAN_POINT('',(-28.88356078411,-63.03194292955,-0.612));
#1299 = CARTESIAN_POINT('',(-28.88356078411,-63.03194292955,-0.306));
#1300 = CARTESIAN_POINT('',(-28.88356078411,-63.03194292955,5.));
#1301 = CARTESIAN_POINT('',(-28.88356078411,-63.03194292955,10.306));
#1302 = CARTESIAN_POINT('',(-28.88356078411,-63.03194292955,10.612));
#1303 = ADVANCED_FACE('',(#1304),#1325,.F.);
#1304 = FACE_BOUND('',#1305,.F.);
#1305 = EDGE_LOOP('',(#1306,#1316,#1323,#1324));
#1306 = ORIENTED_EDGE('',*,*,#1307,.T.);
#1307 = EDGE_CURVE('',#263,#1308,#1310,.T.);
#1308 = VERTEX_POINT('',#1309);
#1309 = CARTESIAN_POINT('',(-40.14200397609,-56.53233968116,10.));
#1310 = B_SPLINE_CURVE_WITH_KNOTS('',2,(#1311,#1312,#1313,#1314,#1315),
  .UNSPECIFIED.,.F.,.F.,(3,1,1,3),(-0.612,-2.848671652222E-14,10.,10.612
    ),.UNSPECIFIED.);
#1311 = CARTESIAN_POINT('',(-40.14200397609,-56.53233968116,-0.612));
#1312 = CARTESIAN_POINT('',(-40.14200397609,-56.53233968116,-0.306));
#1313 = CARTESIAN_POINT('',(-40.14200397609,-56.53233968116,5.));
#1314 = CARTESIAN_POINT('',(-40.14200397609,-56.53233968116,10.306));
#1315 = CARTESIAN_POINT('',(-40.14200397609,-56.53233968116,10.612));
#1316 = ORIENTED_EDGE('',*,*,#1317,.F.);
#1317 = EDGE_CURVE('',#1243,#1308,#1318,.T.);
#1318 = CIRCLE('',#1319,6.5);
#1319 = AXIS2_PLACEMENT_3D('',#1320,#1321,#1322);
#1320 = CARTESIAN_POINT('',(-34.5,-59.76,10.));
#1321 = DIRECTION('',(-2.22044604925E-16,-4.440892098501E-16,1.));
#1322 = DIRECTION('',(-1.,-2.22044604925E-16,-2.22044604925E-16));
#1323 = ORIENTED_EDGE('',*,*,#1242,.F.);
#1324 = ORIENTED_EDGE('',*,*,#299,.T.);
#1325 = CYLINDRICAL_SURFACE('',#1326,6.5);
#1326 = AXIS2_PLACEMENT_3D('',#1327,#1328,#1329);
#1327 = CARTESIAN_POINT('',(-34.5,-59.76,45.));
#1328 = DIRECTION('',(-2.22044604925E-16,-4.440892098501E-16,1.));
#1329 = DIRECTION('',(-1.,-2.22044604925E-16,-2.22044604925E-16));
#1330 = ADVANCED_FACE('',(#1331),#1380,.T.);
#1331 = FACE_BOUND('',#1332,.T.);
#1332 = EDGE_LOOP('',(#1333,#1334,#1335,#1372));
#1333 = ORIENTED_EDGE('',*,*,#262,.T.);
#1334 = ORIENTED_EDGE('',*,*,#1307,.T.);
#1335 = ORIENTED_EDGE('',*,*,#1336,.F.);
#1336 = EDGE_CURVE('',#1337,#1308,#1339,.T.);
#1337 = VERTEX_POINT('',#1338);
#1338 = CARTESIAN_POINT('',(-47.65929325138,-57.91020434067,10.));
#1339 = B_SPLINE_CURVE_WITH_KNOTS('',6,(#1340,#1341,#1342,#1343,#1344,
    #1345,#1346,#1347,#1348,#1349,#1350,#1351,#1352,#1353,#1354,#1355,
    #1356,#1357,#1358,#1359,#1360,#1361,#1362,#1363,#1364,#1365,#1366,
    #1367,#1368,#1369,#1370,#1371),.UNSPECIFIED.,.F.,.F.,(7,5,5,5,5,5,7)
  ,(0.,0.153998504181,0.257773459106,0.5,0.742226540894,0.846001495819,
    1.),.UNSPECIFIED.);
#1340 = CARTESIAN_POINT('',(-47.65929325138,-57.91020434067,10.));
#1341 = CARTESIAN_POINT('',(-47.49973226855,-58.04152081172,10.));
#1342 = CARTESIAN_POINT('',(-47.33133494467,-58.1668361036,10.));
#1343 = CARTESIAN_POINT('',(-47.15439382314,-58.28518423326,10.));
#1344 = CARTESIAN_POINT('',(-46.96934796254,-58.39561790162,10.));
#1345 = CARTESIAN_POINT('',(-46.77678230975,-58.49724437448,10.));
#1346 = CARTESIAN_POINT('',(-46.44308758183,-58.65126884143,10.));
#1347 = CARTESIAN_POINT('',(-46.30566326814,-58.70891341718,10.));
#1348 = CARTESIAN_POINT('',(-46.16537655272,-58.76194980101,10.));
#1349 = CARTESIAN_POINT('',(-46.02247566071,-58.8101531082,10.));
#1350 = CARTESIAN_POINT('',(-45.87723255776,-58.85332273607,10.));
#1351 = CARTESIAN_POINT('',(-45.3861397043,-58.97989884039,10.));
#1352 = CARTESIAN_POINT('',(-45.03112598379,-59.04016047837,10.));
#1353 = CARTESIAN_POINT('',(-44.66871623188,-59.06983876054,10.));
#1354 = CARTESIAN_POINT('',(-44.30317277375,-59.0676449992,10.));
#1355 = CARTESIAN_POINT('',(-43.93897130396,-59.03328628629,10.));
#1356 = CARTESIAN_POINT('',(-43.22215023546,-58.90189817799,10.));
#1357 = CARTESIAN_POINT('',(-42.86943892876,-58.80485197317,10.));
#1358 = CARTESIAN_POINT('',(-42.52688081556,-58.67725584686,10.));
#1359 = CARTESIAN_POINT('',(-42.19855674686,-58.52097105992,10.));
#1360 = CARTESIAN_POINT('',(-41.88799490201,-58.33871424307,10.));
#1361 = CARTESIAN_POINT('',(-41.47371996243,-58.0461907819,10.));
#1362 = CARTESIAN_POINT('',(-41.35322985462,-57.9543141818,10.));
#1363 = CARTESIAN_POINT('',(-41.23671498902,-57.85856184578,10.));
#1364 = CARTESIAN_POINT('',(-41.12435850347,-57.75921779368,10.));
#1365 = CARTESIAN_POINT('',(-41.01631272654,-57.65658032881,10.));
#1366 = CARTESIAN_POINT('',(-40.75893881655,-57.39421726296,10.));
#1367 = CARTESIAN_POINT('',(-40.61493540898,-57.23090011987,10.));
#1368 = CARTESIAN_POINT('',(-40.48108659118,-57.06201536743,10.));
#1369 = CARTESIAN_POINT('',(-40.35762265757,-56.88860516767,10.));
#1370 = CARTESIAN_POINT('',(-40.24461814571,-56.71171095813,10.));
#1371 = CARTESIAN_POINT('',(-40.14200397609,-56.53233968116,10.));
#1372 = ORIENTED_EDGE('',*,*,#1373,.F.);
#1373 = EDGE_CURVE('',#254,#1337,#1374,.T.);
#1374 = B_SPLINE_CURVE_WITH_KNOTS('',2,(#1375,#1376,#1377,#1378,#1379),
  .UNSPECIFIED.,.F.,.F.,(3,1,1,3),(-0.612,-2.848671652222E-14,10.,10.612
    ),.UNSPECIFIED.);
#1375 = CARTESIAN_POINT('',(-47.65929325138,-57.91020434067,-0.612));
#1376 = CARTESIAN_POINT('',(-47.65929325138,-57.91020434067,-0.306));
#1377 = CARTESIAN_POINT('',(-47.65929325138,-57.91020434067,5.));
#1378 = CARTESIAN_POINT('',(-47.65929325138,-57.91020434067,10.306));
#1379 = CARTESIAN_POINT('',(-47.65929325138,-57.91020434067,10.612));
#1380 = ( BOUNDED_SURFACE() B_SPLINE_SURFACE(2,2,(
    (#1381,#1382,#1383,#1384,#1385)
    ,(#1386,#1387,#1388,#1389,#1390)
    ,(#1391,#1392,#1393,#1394,#1395
)),.UNSPECIFIED.,.F.,.F.,.F.) B_SPLINE_SURFACE_WITH_KNOTS((3,3),(3,1,1,3
    ),(0.,10.),(-0.612,-2.848671652222E-14,10.,10.612),.UNSPECIFIED.) 
GEOMETRIC_REPRESENTATION_ITEM() RATIONAL_B_SPLINE_SURFACE((
    (1.,1.,1.,1.,1.)
    ,(0.644917443799,0.644917443799,0.644917443799,0.644917443799
      ,0.644917443799)
,(1.,1.,1.,1.,1.))) REPRESENTATION_ITEM('') SURFACE() );
#1381 = CARTESIAN_POINT('',(-47.65929325138,-57.91020434067,-0.612));
#1382 = CARTESIAN_POINT('',(-47.65929325138,-57.91020434067,-0.306));
#1383 = CARTESIAN_POINT('',(-47.65929325138,-57.91020434067,5.));
#1384 = CARTESIAN_POINT('',(-47.65929325138,-57.91020434067,10.306));
#1385 = CARTESIAN_POINT('',(-47.65929325138,-57.91020434067,10.612));
#1386 = CARTESIAN_POINT('',(-43.08423701991,-61.67541202833,-0.612));
#1387 = CARTESIAN_POINT('',(-43.08423701991,-61.67541202833,-0.306));
#1388 = CARTESIAN_POINT('',(-43.08423701991,-61.67541202833,5.));
#1389 = CARTESIAN_POINT('',(-43.08423701991,-61.67541202833,10.306));
#1390 = CARTESIAN_POINT('',(-43.08423701991,-61.67541202833,10.612));
#1391 = CARTESIAN_POINT('',(-40.14200397609,-56.53233968116,-0.612));
#1392 = CARTESIAN_POINT('',(-40.14200397609,-56.53233968116,-0.306));
#1393 = CARTESIAN_POINT('',(-40.14200397609,-56.53233968116,5.));
#1394 = CARTESIAN_POINT('',(-40.14200397609,-56.53233968116,10.306));
#1395 = CARTESIAN_POINT('',(-40.14200397609,-56.53233968116,10.612));
#1396 = ADVANCED_FACE('',(#1397),#1418,.T.);
#1397 = FACE_BOUND('',#1398,.F.);
#1398 = EDGE_LOOP('',(#1399,#1400,#1401,#1411));
#1399 = ORIENTED_EDGE('',*,*,#1373,.F.);
#1400 = ORIENTED_EDGE('',*,*,#253,.T.);
#1401 = ORIENTED_EDGE('',*,*,#1402,.T.);
#1402 = EDGE_CURVE('',#217,#1403,#1405,.T.);
#1403 = VERTEX_POINT('',#1404);
#1404 = CARTESIAN_POINT('',(-73.98097826087,-12.32131711972,10.));
#1405 = B_SPLINE_CURVE_WITH_KNOTS('',2,(#1406,#1407,#1408,#1409,#1410),
  .UNSPECIFIED.,.F.,.F.,(3,1,1,3),(-0.612,-2.057033216198E-14,10.,10.612
    ),.UNSPECIFIED.);
#1406 = CARTESIAN_POINT('',(-73.98097826087,-12.32131711972,-0.612));
#1407 = CARTESIAN_POINT('',(-73.98097826087,-12.32131711972,-0.306));
#1408 = CARTESIAN_POINT('',(-73.98097826087,-12.32131711972,5.));
#1409 = CARTESIAN_POINT('',(-73.98097826087,-12.32131711972,10.306));
#1410 = CARTESIAN_POINT('',(-73.98097826087,-12.32131711972,10.612));
#1411 = ORIENTED_EDGE('',*,*,#1412,.F.);
#1412 = EDGE_CURVE('',#1337,#1403,#1413,.T.);
#1413 = CIRCLE('',#1414,75.);
#1414 = AXIS2_PLACEMENT_3D('',#1415,#1416,#1417);
#1415 = CARTESIAN_POINT('',(0.,0.,10.));
#1416 = DIRECTION('',(0.,0.,-1.));
#1417 = DIRECTION('',(0.,1.,0.));
#1418 = CYLINDRICAL_SURFACE('',#1419,75.);
#1419 = AXIS2_PLACEMENT_3D('',#1420,#1421,#1422);
#1420 = CARTESIAN_POINT('',(0.,0.,0.));
#1421 = DIRECTION('',(0.,0.,1.));
#1422 = DIRECTION('',(0.,1.,0.));
#1423 = ADVANCED_FACE('',(#1424),#1473,.T.);
#1424 = FACE_BOUND('',#1425,.T.);
#1425 = EDGE_LOOP('',(#1426,#1427,#1428,#1465));
#1426 = ORIENTED_EDGE('',*,*,#216,.T.);
#1427 = ORIENTED_EDGE('',*,*,#1402,.T.);
#1428 = ORIENTED_EDGE('',*,*,#1429,.F.);
#1429 = EDGE_CURVE('',#1430,#1403,#1432,.T.);
#1430 = VERTEX_POINT('',#1431);
#1431 = CARTESIAN_POINT('',(-69.02764650283,-6.499941205186,10.));
#1432 = B_SPLINE_CURVE_WITH_KNOTS('',6,(#1433,#1434,#1435,#1436,#1437,
    #1438,#1439,#1440,#1441,#1442,#1443,#1444,#1445,#1446,#1447,#1448,
    #1449,#1450,#1451,#1452,#1453,#1454,#1455,#1456,#1457,#1458,#1459,
    #1460,#1461,#1462,#1463,#1464),.UNSPECIFIED.,.F.,.F.,(7,5,5,5,5,5,7)
  ,(0.,0.153995594589,0.257770351104,0.5,0.742229648896,0.846004405411,
    1.),.UNSPECIFIED.);
#1433 = CARTESIAN_POINT('',(-69.02764650283,-6.499941205186,10.));
#1434 = CARTESIAN_POINT('',(-69.23432355415,-6.499062136053,10.));
#1435 = CARTESIAN_POINT('',(-69.44405475694,-6.508422001863,10.));
#1436 = CARTESIAN_POINT('',(-69.65600240611,-6.528584649029,10.));
#1437 = CARTESIAN_POINT('',(-69.86922701785,-6.560006764018,10.));
#1438 = CARTESIAN_POINT('',(-70.08271051415,-6.603010447759,10.));
#1439 = CARTESIAN_POINT('',(-70.43869300456,-6.694647654279,10.));
#1440 = CARTESIAN_POINT('',(-70.58163845864,-6.736872052256,10.));
#1441 = CARTESIAN_POINT('',(-70.72388819218,-6.784478457844,10.));
#1442 = CARTESIAN_POINT('',(-70.86510752958,-6.837484200094,10.));
#1443 = CARTESIAN_POINT('',(-71.00495875012,-6.895872762707,10.));
#1444 = CARTESIAN_POINT('',(-71.46556459963,-7.108324869992,10.));
#1445 = CARTESIAN_POINT('',(-71.77878374967,-7.286124049167,10.));
#1446 = CARTESIAN_POINT('',(-72.07839166325,-7.492306038718,10.));
#1447 = CARTESIAN_POINT('',(-72.36026888324,-7.725173482844,10.));
#1448 = CARTESIAN_POINT('',(-72.62076054316,-7.982122022126,10.));
#1449 = CARTESIAN_POINT('',(-73.09312496988,-8.537265717503,10.));
#1450 = CARTESIAN_POINT('',(-73.30505822447,-8.835531961542,10.));
#1451 = CARTESIAN_POINT('',(-73.48979740591,-9.151052877677,10.));
#1452 = CARTESIAN_POINT('',(-73.64535684098,-9.479803812062,10.));
#1453 = CARTESIAN_POINT('',(-73.77072053735,-9.817446711729,10.));
#1454 = CARTESIAN_POINT('',(-73.90669551107,-10.30612293686,10.));
#1455 = CARTESIAN_POINT('',(-73.94194263533,-10.45351774126,10.));
#1456 = CARTESIAN_POINT('',(-73.97165734411,-10.60140129697,10.));
#1457 = CARTESIAN_POINT('',(-73.99587739891,-10.74943759485,10.));
#1458 = CARTESIAN_POINT('',(-74.01467348256,-10.89729904982,10.));
#1459 = CARTESIAN_POINT('',(-74.04814058379,-11.26336033462,10.));
#1460 = CARTESIAN_POINT('',(-74.05641366332,-11.48097484739,10.));
#1461 = CARTESIAN_POINT('',(-74.05329598718,-11.69647975326,10.));
#1462 = CARTESIAN_POINT('',(-74.03926848341,-11.90892166877,10.));
#1463 = CARTESIAN_POINT('',(-74.01493234787,-12.11744633642,10.));
#1464 = CARTESIAN_POINT('',(-73.98097826087,-12.32131711972,10.));
#1465 = ORIENTED_EDGE('',*,*,#1466,.F.);
#1466 = EDGE_CURVE('',#208,#1430,#1467,.T.);
#1467 = B_SPLINE_CURVE_WITH_KNOTS('',2,(#1468,#1469,#1470,#1471,#1472),
  .UNSPECIFIED.,.F.,.F.,(3,1,1,3),(-0.612,-2.057033216198E-14,10.,10.612
    ),.UNSPECIFIED.);
#1468 = CARTESIAN_POINT('',(-69.02764650283,-6.499941205186,-0.612));
#1469 = CARTESIAN_POINT('',(-69.02764650283,-6.499941205186,-0.306));
#1470 = CARTESIAN_POINT('',(-69.02764650283,-6.499941205186,5.));
#1471 = CARTESIAN_POINT('',(-69.02764650283,-6.499941205186,10.306));
#1472 = CARTESIAN_POINT('',(-69.02764650283,-6.499941205186,10.612));
#1473 = ( BOUNDED_SURFACE() B_SPLINE_SURFACE(2,2,(
    (#1474,#1475,#1476,#1477,#1478)
    ,(#1479,#1480,#1481,#1482,#1483)
    ,(#1484,#1485,#1486,#1487,#1488
)),.UNSPECIFIED.,.F.,.F.,.F.) B_SPLINE_SURFACE_WITH_KNOTS((3,3),(3,1,1,3
    ),(0.,10.),(-0.612,-2.057033216198E-14,10.,10.612),.UNSPECIFIED.) 
GEOMETRIC_REPRESENTATION_ITEM() RATIONAL_B_SPLINE_SURFACE((
    (1.,1.,1.,1.,1.)
    ,(0.644795215216,0.644795215216,0.644795215216,0.644795215216
      ,0.644795215216)
,(1.,1.,1.,1.,1.))) REPRESENTATION_ITEM('') SURFACE() );
#1474 = CARTESIAN_POINT('',(-69.02764650283,-6.499941205186,-0.612));
#1475 = CARTESIAN_POINT('',(-69.02764650283,-6.499941205186,-0.306));
#1476 = CARTESIAN_POINT('',(-69.02764650283,-6.499941205186,5.));
#1477 = CARTESIAN_POINT('',(-69.02764650283,-6.499941205186,10.306));
#1478 = CARTESIAN_POINT('',(-69.02764650283,-6.499941205186,10.612));
#1479 = CARTESIAN_POINT('',(-74.95471014492,-6.474731349187,-0.612));
#1480 = CARTESIAN_POINT('',(-74.95471014492,-6.474731349187,-0.306));
#1481 = CARTESIAN_POINT('',(-74.95471014492,-6.474731349187,5.));
#1482 = CARTESIAN_POINT('',(-74.95471014492,-6.474731349187,10.306));
#1483 = CARTESIAN_POINT('',(-74.95471014492,-6.474731349187,10.612));
#1484 = CARTESIAN_POINT('',(-73.98097826087,-12.32131711972,-0.612));
#1485 = CARTESIAN_POINT('',(-73.98097826087,-12.32131711972,-0.306));
#1486 = CARTESIAN_POINT('',(-73.98097826087,-12.32131711972,5.));
#1487 = CARTESIAN_POINT('',(-73.98097826087,-12.32131711972,10.306));
#1488 = CARTESIAN_POINT('',(-73.98097826087,-12.32131711972,10.612));
#1489 = ADVANCED_FACE('',(#1490),#1511,.F.);
#1490 = FACE_BOUND('',#1491,.T.);
#1491 = EDGE_LOOP('',(#1492,#1493,#1494,#1503));
#1492 = ORIENTED_EDGE('',*,*,#207,.F.);
#1493 = ORIENTED_EDGE('',*,*,#1466,.T.);
#1494 = ORIENTED_EDGE('',*,*,#1495,.T.);
#1495 = EDGE_CURVE('',#1430,#1496,#1498,.T.);
#1496 = VERTEX_POINT('',#1497);
#1497 = CARTESIAN_POINT('',(-69.02764650283,6.499941205186,10.));
#1498 = CIRCLE('',#1499,6.5);
#1499 = AXIS2_PLACEMENT_3D('',#1500,#1501,#1502);
#1500 = CARTESIAN_POINT('',(-69.,-1.976196983833E-14,10.));
#1501 = DIRECTION('',(-2.22044604925E-16,-4.440892098501E-16,1.));
#1502 = DIRECTION('',(-1.,-2.22044604925E-16,-2.22044604925E-16));
#1503 = ORIENTED_EDGE('',*,*,#1504,.F.);
#1504 = EDGE_CURVE('',#171,#1496,#1505,.T.);
#1505 = B_SPLINE_CURVE_WITH_KNOTS('',2,(#1506,#1507,#1508,#1509,#1510),
  .UNSPECIFIED.,.F.,.F.,(3,1,1,3),(-0.612,-2.057033216198E-14,10.,10.612
    ),.UNSPECIFIED.);
#1506 = CARTESIAN_POINT('',(-69.02764650283,6.499941205186,-0.612));
#1507 = CARTESIAN_POINT('',(-69.02764650283,6.499941205186,-0.306));
#1508 = CARTESIAN_POINT('',(-69.02764650283,6.499941205186,5.));
#1509 = CARTESIAN_POINT('',(-69.02764650283,6.499941205186,10.306));
#1510 = CARTESIAN_POINT('',(-69.02764650283,6.499941205186,10.612));
#1511 = CYLINDRICAL_SURFACE('',#1512,6.5);
#1512 = AXIS2_PLACEMENT_3D('',#1513,#1514,#1515);
#1513 = CARTESIAN_POINT('',(-69.,1.532107773983E-14,45.));
#1514 = DIRECTION('',(-2.22044604925E-16,2.465190328816E-32,1.));
#1515 = DIRECTION('',(-1.,2.22044604925E-16,-2.22044604925E-16));
#1516 = ADVANCED_FACE('',(#1517),#1566,.T.);
#1517 = FACE_BOUND('',#1518,.T.);
#1518 = EDGE_LOOP('',(#1519,#1520,#1521,#1558));
#1519 = ORIENTED_EDGE('',*,*,#170,.T.);
#1520 = ORIENTED_EDGE('',*,*,#1504,.T.);
#1521 = ORIENTED_EDGE('',*,*,#1522,.F.);
#1522 = EDGE_CURVE('',#1523,#1496,#1525,.T.);
#1523 = VERTEX_POINT('',#1524);
#1524 = CARTESIAN_POINT('',(-73.98097826087,12.321317119722,10.));
#1525 = B_SPLINE_CURVE_WITH_KNOTS('',6,(#1526,#1527,#1528,#1529,#1530,
    #1531,#1532,#1533,#1534,#1535,#1536,#1537,#1538,#1539,#1540,#1541,
    #1542,#1543,#1544,#1545,#1546,#1547,#1548,#1549,#1550,#1551,#1552,
    #1553,#1554,#1555,#1556,#1557),.UNSPECIFIED.,.F.,.F.,(7,5,5,5,5,5,7)
  ,(0.,0.153995594589,0.257770351104,0.5,0.742229648896,0.846004405411,
    1.),.UNSPECIFIED.);
#1526 = CARTESIAN_POINT('',(-73.98097826087,12.321317119722,10.));
#1527 = CARTESIAN_POINT('',(-74.01493234787,12.117446336427,10.));
#1528 = CARTESIAN_POINT('',(-74.03926848341,11.908921668774,10.));
#1529 = CARTESIAN_POINT('',(-74.05329598718,11.696479753263,10.));
#1530 = CARTESIAN_POINT('',(-74.05641366332,11.48097484739,10.));
#1531 = CARTESIAN_POINT('',(-74.04814058379,11.263360334627,10.));
#1532 = CARTESIAN_POINT('',(-74.01467348256,10.897299049819,10.));
#1533 = CARTESIAN_POINT('',(-73.99587739891,10.749437594857,10.));
#1534 = CARTESIAN_POINT('',(-73.97165734411,10.60140129697,10.));
#1535 = CARTESIAN_POINT('',(-73.94194263533,10.453517741264,10.));
#1536 = CARTESIAN_POINT('',(-73.90669551107,10.306122936868,10.));
#1537 = CARTESIAN_POINT('',(-73.77072053735,9.817446711729,10.));
#1538 = CARTESIAN_POINT('',(-73.64535684098,9.479803812062,10.));
#1539 = CARTESIAN_POINT('',(-73.48979740591,9.151052877677,10.));
#1540 = CARTESIAN_POINT('',(-73.30505822447,8.835531961542,10.));
#1541 = CARTESIAN_POINT('',(-73.09312496988,8.537265717502,10.));
#1542 = CARTESIAN_POINT('',(-72.62076054316,7.982122022126,10.));
#1543 = CARTESIAN_POINT('',(-72.36026888324,7.725173482843,10.));
#1544 = CARTESIAN_POINT('',(-72.07839166325,7.492306038719,10.));
#1545 = CARTESIAN_POINT('',(-71.77878374966,7.286124049166,10.));
#1546 = CARTESIAN_POINT('',(-71.46556459963,7.108324869992,10.));
#1547 = CARTESIAN_POINT('',(-71.00495875012,6.895872762707,10.));
#1548 = CARTESIAN_POINT('',(-70.86510752958,6.837484200094,10.));
#1549 = CARTESIAN_POINT('',(-70.72388819218,6.784478457844,10.));
#1550 = CARTESIAN_POINT('',(-70.58163845864,6.736872052256,10.));
#1551 = CARTESIAN_POINT('',(-70.43869300456,6.694647654279,10.));
#1552 = CARTESIAN_POINT('',(-70.08271051415,6.603010447759,10.));
#1553 = CARTESIAN_POINT('',(-69.86922701785,6.560006764018,10.));
#1554 = CARTESIAN_POINT('',(-69.65600240611,6.528584649029,10.));
#1555 = CARTESIAN_POINT('',(-69.44405475694,6.508422001863,10.));
#1556 = CARTESIAN_POINT('',(-69.23432355415,6.499062136053,10.));
#1557 = CARTESIAN_POINT('',(-69.02764650283,6.499941205186,10.));
#1558 = ORIENTED_EDGE('',*,*,#1559,.F.);
#1559 = EDGE_CURVE('',#162,#1523,#1560,.T.);
#1560 = B_SPLINE_CURVE_WITH_KNOTS('',2,(#1561,#1562,#1563,#1564,#1565),
  .UNSPECIFIED.,.F.,.F.,(3,1,1,3),(-0.612,-2.057033216198E-14,10.,10.612
    ),.UNSPECIFIED.);
#1561 = CARTESIAN_POINT('',(-73.98097826087,12.321317119722,-0.612));
#1562 = CARTESIAN_POINT('',(-73.98097826087,12.321317119722,-0.306));
#1563 = CARTESIAN_POINT('',(-73.98097826087,12.321317119722,5.));
#1564 = CARTESIAN_POINT('',(-73.98097826087,12.321317119722,10.306));
#1565 = CARTESIAN_POINT('',(-73.98097826087,12.321317119722,10.612));
#1566 = ( BOUNDED_SURFACE() B_SPLINE_SURFACE(2,2,(
    (#1567,#1568,#1569,#1570,#1571)
    ,(#1572,#1573,#1574,#1575,#1576)
    ,(#1577,#1578,#1579,#1580,#1581
)),.UNSPECIFIED.,.F.,.F.,.F.) B_SPLINE_SURFACE_WITH_KNOTS((3,3),(3,1,1,3
    ),(0.,10.),(-0.612,-2.057033216198E-14,10.,10.612),.UNSPECIFIED.) 
GEOMETRIC_REPRESENTATION_ITEM() RATIONAL_B_SPLINE_SURFACE((
    (1.,1.,1.,1.,1.)
    ,(0.644795215216,0.644795215216,0.644795215216,0.644795215216
      ,0.644795215216)
,(1.,1.,1.,1.,1.))) REPRESENTATION_ITEM('') SURFACE() );
#1567 = CARTESIAN_POINT('',(-73.98097826087,12.321317119722,-0.612));
#1568 = CARTESIAN_POINT('',(-73.98097826087,12.321317119722,-0.306));
#1569 = CARTESIAN_POINT('',(-73.98097826087,12.321317119722,5.));
#1570 = CARTESIAN_POINT('',(-73.98097826087,12.321317119722,10.306));
#1571 = CARTESIAN_POINT('',(-73.98097826087,12.321317119722,10.612));
#1572 = CARTESIAN_POINT('',(-74.95471014492,6.474731349187,-0.612));
#1573 = CARTESIAN_POINT('',(-74.95471014492,6.474731349187,-0.306));
#1574 = CARTESIAN_POINT('',(-74.95471014492,6.474731349187,5.));
#1575 = CARTESIAN_POINT('',(-74.95471014492,6.474731349187,10.306));
#1576 = CARTESIAN_POINT('',(-74.95471014492,6.474731349187,10.612));
#1577 = CARTESIAN_POINT('',(-69.02764650283,6.499941205186,-0.612));
#1578 = CARTESIAN_POINT('',(-69.02764650283,6.499941205186,-0.306));
#1579 = CARTESIAN_POINT('',(-69.02764650283,6.499941205186,5.));
#1580 = CARTESIAN_POINT('',(-69.02764650283,6.499941205186,10.306));
#1581 = CARTESIAN_POINT('',(-69.02764650283,6.499941205186,10.612));
#1582 = ADVANCED_FACE('',(#1583),#1604,.T.);
#1583 = FACE_BOUND('',#1584,.F.);
#1584 = EDGE_LOOP('',(#1585,#1586,#1587,#1597));
#1585 = ORIENTED_EDGE('',*,*,#1559,.F.);
#1586 = ORIENTED_EDGE('',*,*,#161,.T.);
#1587 = ORIENTED_EDGE('',*,*,#1588,.T.);
#1588 = EDGE_CURVE('',#125,#1589,#1591,.T.);
#1589 = VERTEX_POINT('',#1590);
#1590 = CARTESIAN_POINT('',(-47.65929325138,57.910204340675,10.));
#1591 = B_SPLINE_CURVE_WITH_KNOTS('',2,(#1592,#1593,#1594,#1595,#1596),
  .UNSPECIFIED.,.F.,.F.,(3,1,1,3),(-0.612,-2.848671652222E-14,10.,10.612
    ),.UNSPECIFIED.);
#1592 = CARTESIAN_POINT('',(-47.65929325138,57.910204340675,-0.612));
#1593 = CARTESIAN_POINT('',(-47.65929325138,57.910204340675,-0.306));
#1594 = CARTESIAN_POINT('',(-47.65929325138,57.910204340675,5.));
#1595 = CARTESIAN_POINT('',(-47.65929325138,57.910204340675,10.306));
#1596 = CARTESIAN_POINT('',(-47.65929325138,57.910204340675,10.612));
#1597 = ORIENTED_EDGE('',*,*,#1598,.F.);
#1598 = EDGE_CURVE('',#1523,#1589,#1599,.T.);
#1599 = CIRCLE('',#1600,75.);
#1600 = AXIS2_PLACEMENT_3D('',#1601,#1602,#1603);
#1601 = CARTESIAN_POINT('',(0.,0.,10.));
#1602 = DIRECTION('',(0.,0.,-1.));
#1603 = DIRECTION('',(0.,1.,0.));
#1604 = CYLINDRICAL_SURFACE('',#1605,75.);
#1605 = AXIS2_PLACEMENT_3D('',#1606,#1607,#1608);
#1606 = CARTESIAN_POINT('',(0.,0.,0.));
#1607 = DIRECTION('',(0.,0.,1.));
#1608 = DIRECTION('',(0.,1.,0.));
#1609 = ADVANCED_FACE('',(#1610),#1659,.F.);
#1610 = FACE_BOUND('',#1611,.F.);
#1611 = EDGE_LOOP('',(#1612,#1613,#1623,#1658));
#1612 = ORIENTED_EDGE('',*,*,#124,.T.);
#1613 = ORIENTED_EDGE('',*,*,#1614,.T.);
#1614 = EDGE_CURVE('',#116,#1615,#1617,.T.);
#1615 = VERTEX_POINT('',#1616);
#1616 = CARTESIAN_POINT('',(-40.14200397609,56.532339681168,10.));
#1617 = B_SPLINE_CURVE_WITH_KNOTS('',2,(#1618,#1619,#1620,#1621,#1622),
  .UNSPECIFIED.,.F.,.F.,(3,1,1,3),(-0.612,-2.848671652222E-14,10.,10.612
    ),.UNSPECIFIED.);
#1618 = CARTESIAN_POINT('',(-40.14200397609,56.532339681168,-0.612));
#1619 = CARTESIAN_POINT('',(-40.14200397609,56.532339681168,-0.306));
#1620 = CARTESIAN_POINT('',(-40.14200397609,56.532339681168,5.));
#1621 = CARTESIAN_POINT('',(-40.14200397609,56.532339681168,10.306));
#1622 = CARTESIAN_POINT('',(-40.14200397609,56.532339681168,10.612));
#1623 = ORIENTED_EDGE('',*,*,#1624,.F.);
#1624 = EDGE_CURVE('',#1589,#1615,#1625,.T.);
#1625 = B_SPLINE_CURVE_WITH_KNOTS('',6,(#1626,#1627,#1628,#1629,#1630,
    #1631,#1632,#1633,#1634,#1635,#1636,#1637,#1638,#1639,#1640,#1641,
    #1642,#1643,#1644,#1645,#1646,#1647,#1648,#1649,#1650,#1651,#1652,
    #1653,#1654,#1655,#1656,#1657),.UNSPECIFIED.,.F.,.F.,(7,5,5,5,5,5,7)
  ,(0.,0.153998504181,0.257773459106,0.5,0.742226540894,0.846001495819,
    1.),.UNSPECIFIED.);
#1626 = CARTESIAN_POINT('',(-47.65929325138,57.910204340675,10.));
#1627 = CARTESIAN_POINT('',(-47.49973226855,58.041520811728,10.));
#1628 = CARTESIAN_POINT('',(-47.33133494467,58.166836103604,10.));
#1629 = CARTESIAN_POINT('',(-47.15439382314,58.285184233261,10.));
#1630 = CARTESIAN_POINT('',(-46.96934796254,58.395617901626,10.));
#1631 = CARTESIAN_POINT('',(-46.77678230975,58.497244374482,10.));
#1632 = CARTESIAN_POINT('',(-46.44308758183,58.651268841437,10.));
#1633 = CARTESIAN_POINT('',(-46.30566326814,58.708913417187,10.));
#1634 = CARTESIAN_POINT('',(-46.16537655272,58.761949801013,10.));
#1635 = CARTESIAN_POINT('',(-46.02247566071,58.810153108204,10.));
#1636 = CARTESIAN_POINT('',(-45.87723255776,58.853322736072,10.));
#1637 = CARTESIAN_POINT('',(-45.3861397043,58.979898840392,10.));
#1638 = CARTESIAN_POINT('',(-45.03112598379,59.040160478372,10.));
#1639 = CARTESIAN_POINT('',(-44.66871623188,59.06983876054,10.));
#1640 = CARTESIAN_POINT('',(-44.30317277375,59.0676449992,10.));
#1641 = CARTESIAN_POINT('',(-43.93897130396,59.033286286299,10.));
#1642 = CARTESIAN_POINT('',(-43.22215023546,58.901898177993,10.));
#1643 = CARTESIAN_POINT('',(-42.86943892876,58.804851973176,10.));
#1644 = CARTESIAN_POINT('',(-42.52688081556,58.677255846866,10.));
#1645 = CARTESIAN_POINT('',(-42.19855674686,58.52097105992,10.));
#1646 = CARTESIAN_POINT('',(-41.88799490201,58.338714243073,10.));
#1647 = CARTESIAN_POINT('',(-41.47371996243,58.046190781905,10.));
#1648 = CARTESIAN_POINT('',(-41.35322985462,57.954314181808,10.));
#1649 = CARTESIAN_POINT('',(-41.23671498902,57.858561845781,10.));
#1650 = CARTESIAN_POINT('',(-41.12435850347,57.759217793681,10.));
#1651 = CARTESIAN_POINT('',(-41.01631272654,57.656580328811,10.));
#1652 = CARTESIAN_POINT('',(-40.75893881655,57.394217262969,10.));
#1653 = CARTESIAN_POINT('',(-40.61493540898,57.230900119876,10.));
#1654 = CARTESIAN_POINT('',(-40.48108659118,57.062015367434,10.));
#1655 = CARTESIAN_POINT('',(-40.35762265757,56.888605167679,10.));
#1656 = CARTESIAN_POINT('',(-40.24461814571,56.711710958139,10.));
#1657 = CARTESIAN_POINT('',(-40.14200397609,56.532339681168,10.));
#1658 = ORIENTED_EDGE('',*,*,#1588,.F.);
#1659 = ( BOUNDED_SURFACE() B_SPLINE_SURFACE(2,2,(
    (#1660,#1661,#1662,#1663,#1664)
    ,(#1665,#1666,#1667,#1668,#1669)
    ,(#1670,#1671,#1672,#1673,#1674
)),.UNSPECIFIED.,.F.,.F.,.F.) B_SPLINE_SURFACE_WITH_KNOTS((3,3),(3,1,1,3
    ),(0.,10.),(-0.612,-2.848671652222E-14,10.,10.612),.UNSPECIFIED.) 
GEOMETRIC_REPRESENTATION_ITEM() RATIONAL_B_SPLINE_SURFACE((
    (1.,1.,1.,1.,1.)
    ,(0.644917443799,0.644917443799,0.644917443799,0.644917443799
      ,0.644917443799)
,(1.,1.,1.,1.,1.))) REPRESENTATION_ITEM('') SURFACE() );
#1660 = CARTESIAN_POINT('',(-47.65929325138,57.910204340675,-0.612));
#1661 = CARTESIAN_POINT('',(-47.65929325138,57.910204340675,-0.306));
#1662 = CARTESIAN_POINT('',(-47.65929325138,57.910204340675,5.));
#1663 = CARTESIAN_POINT('',(-47.65929325138,57.910204340675,10.306));
#1664 = CARTESIAN_POINT('',(-47.65929325138,57.910204340675,10.612));
#1665 = CARTESIAN_POINT('',(-43.08423701991,61.675412028331,-0.612));
#1666 = CARTESIAN_POINT('',(-43.08423701991,61.675412028331,-0.306));
#1667 = CARTESIAN_POINT('',(-43.08423701991,61.675412028331,5.));
#1668 = CARTESIAN_POINT('',(-43.08423701991,61.675412028331,10.306));
#1669 = CARTESIAN_POINT('',(-43.08423701991,61.675412028331,10.612));
#1670 = CARTESIAN_POINT('',(-40.14200397609,56.532339681168,-0.612));
#1671 = CARTESIAN_POINT('',(-40.14200397609,56.532339681168,-0.306));
#1672 = CARTESIAN_POINT('',(-40.14200397609,56.532339681168,5.));
#1673 = CARTESIAN_POINT('',(-40.14200397609,56.532339681168,10.306));
#1674 = CARTESIAN_POINT('',(-40.14200397609,56.532339681168,10.612));
#1675 = ADVANCED_FACE('',(#1676),#1697,.F.);
#1676 = FACE_BOUND('',#1677,.T.);
#1677 = EDGE_LOOP('',(#1678,#1679,#1688,#1696));
#1678 = ORIENTED_EDGE('',*,*,#1614,.T.);
#1679 = ORIENTED_EDGE('',*,*,#1680,.T.);
#1680 = EDGE_CURVE('',#1615,#1681,#1683,.T.);
#1681 = VERTEX_POINT('',#1682);
#1682 = CARTESIAN_POINT('',(-28.88356078411,63.03194292955,10.));
#1683 = CIRCLE('',#1684,6.5);
#1684 = AXIS2_PLACEMENT_3D('',#1685,#1686,#1687);
#1685 = CARTESIAN_POINT('',(-34.5,59.76,10.));
#1686 = DIRECTION('',(-2.22044604925E-16,2.465190328816E-32,1.));
#1687 = DIRECTION('',(-1.,2.22044604925E-16,-2.22044604925E-16));
#1688 = ORIENTED_EDGE('',*,*,#1689,.F.);
#1689 = EDGE_CURVE('',#79,#1681,#1690,.T.);
#1690 = B_SPLINE_CURVE_WITH_KNOTS('',2,(#1691,#1692,#1693,#1694,#1695),
  .UNSPECIFIED.,.F.,.F.,(3,1,1,3),(-0.612,-3.26626746483E-14,10.,10.612)
  ,.UNSPECIFIED.);
#1691 = CARTESIAN_POINT('',(-28.88356078411,63.03194292955,-0.612));
#1692 = CARTESIAN_POINT('',(-28.88356078411,63.03194292955,-0.306));
#1693 = CARTESIAN_POINT('',(-28.88356078411,63.03194292955,5.));
#1694 = CARTESIAN_POINT('',(-28.88356078411,63.03194292955,10.306));
#1695 = CARTESIAN_POINT('',(-28.88356078411,63.03194292955,10.612));
#1696 = ORIENTED_EDGE('',*,*,#115,.F.);
#1697 = CYLINDRICAL_SURFACE('',#1698,6.5);
#1698 = AXIS2_PLACEMENT_3D('',#1699,#1700,#1701);
#1699 = CARTESIAN_POINT('',(-34.5,59.76,45.));
#1700 = DIRECTION('',(-2.22044604925E-16,2.465190328816E-32,1.));
#1701 = DIRECTION('',(-1.,2.22044604925E-16,-2.22044604925E-16));
#1702 = ADVANCED_FACE('',(#1703),#1752,.T.);
#1703 = FACE_BOUND('',#1704,.T.);
#1704 = EDGE_LOOP('',(#1705,#1706,#1707,#1744));
#1705 = ORIENTED_EDGE('',*,*,#78,.T.);
#1706 = ORIENTED_EDGE('',*,*,#1689,.T.);
#1707 = ORIENTED_EDGE('',*,*,#1708,.F.);
#1708 = EDGE_CURVE('',#1709,#1681,#1711,.T.);
#1709 = VERTEX_POINT('',#1710);
#1710 = CARTESIAN_POINT('',(-26.317738849,70.230880827993,10.));
#1711 = B_SPLINE_CURVE_WITH_KNOTS('',6,(#1712,#1713,#1714,#1715,#1716,
    #1717,#1718,#1719,#1720,#1721,#1722,#1723,#1724,#1725,#1726,#1727,
    #1728,#1729,#1730,#1731,#1732,#1733,#1734,#1735,#1736,#1737,#1738,
    #1739,#1740,#1741,#1742,#1743),.UNSPECIFIED.,.F.,.F.,(7,5,5,5,5,5,7)
  ,(0.,0.153998504181,0.257773459106,0.5,0.742226540894,0.846001495819,
    1.),.UNSPECIFIED.);
#1712 = CARTESIAN_POINT('',(-26.317738849,70.230880827993,10.));
#1713 = CARTESIAN_POINT('',(-26.51124720382,70.158367109136,10.));
#1714 = CARTESIAN_POINT('',(-26.70397721125,70.075200256933,10.));
#1715 = CARTESIAN_POINT('',(-26.89494604786,69.98115056939,10.));
#1716 = CARTESIAN_POINT('',(-27.08311380505,69.876124568853,10.));
#1717 = CARTESIAN_POINT('',(-27.26741487516,69.760182401481,10.));
#1718 = CARTESIAN_POINT('',(-27.56766438674,69.548225003265,10.));
#1719 = CARTESIAN_POINT('',(-27.68630376153,69.458041646401,10.));
#1720 = CARTESIAN_POINT('',(-27.80238382032,69.363075123429,10.));
#1721 = CARTESIAN_POINT('',(-27.91558568834,69.26342794165,10.));
#1722 = CARTESIAN_POINT('',(-28.02559964743,69.159235309804,10.));
#1723 = CARTESIAN_POINT('',(-28.38078647691,68.797246336123,10.));
#1724 = CARTESIAN_POINT('',(-28.610498515,68.519940392586,10.));
#1725 = CARTESIAN_POINT('',(-28.81742394119,68.220936217513,10.));
#1726 = CARTESIAN_POINT('',(-28.99831536908,67.903280549084,10.));
#1727 = CARTESIAN_POINT('',(-29.15068105602,67.570702845096,10.));
#1728 = CARTESIAN_POINT('',(-29.39534840269,66.884238593502,10.));
#1729 = CARTESIAN_POINT('',(-29.48768136443,66.530264221655,10.));
#1730 = CARTESIAN_POINT('',(-29.54848112036,66.169805871706,10.));
#1731 = CARTESIAN_POINT('',(-29.57731886934,65.807328268328,10.));
#1732 = CARTESIAN_POINT('',(-29.57478292127,65.447245256054,10.));
#1733 = CARTESIAN_POINT('',(-29.52861872716,64.9422080613,10.));
#1734 = CARTESIAN_POINT('',(-29.50930556142,64.791921077982,10.));
#1735 = CARTESIAN_POINT('',(-29.48464819618,64.643138558514,10.));
#1736 = CARTESIAN_POINT('',(-29.45480101245,64.49616112434,10.));
#1737 = CARTESIAN_POINT('',(-29.41994616687,64.351269858738,10.));
#1738 = CARTESIAN_POINT('',(-29.32144183507,63.997189917936,10.));
#1739 = CARTESIAN_POINT('',(-29.25201944611,63.790816463903,10.));
#1740 = CARTESIAN_POINT('',(-29.17269770121,63.590452728613,10.));
#1741 = CARTESIAN_POINT('',(-29.08426394762,63.396819282359,10.));
#1742 = CARTESIAN_POINT('',(-28.98758279188,63.210501448554,10.));
#1743 = CARTESIAN_POINT('',(-28.88356078411,63.03194292955,10.));
#1744 = ORIENTED_EDGE('',*,*,#1745,.F.);
#1745 = EDGE_CURVE('',#70,#1709,#1746,.T.);
#1746 = B_SPLINE_CURVE_WITH_KNOTS('',2,(#1747,#1748,#1749,#1750,#1751),
  .UNSPECIFIED.,.F.,.F.,(3,1,1,3),(-0.612,-3.26626746483E-14,10.,10.612)
  ,.UNSPECIFIED.);
#1747 = CARTESIAN_POINT('',(-26.317738849,70.230880827993,-0.612));
#1748 = CARTESIAN_POINT('',(-26.317738849,70.230880827993,-0.306));
#1749 = CARTESIAN_POINT('',(-26.317738849,70.230880827993,5.));
#1750 = CARTESIAN_POINT('',(-26.317738849,70.230880827993,10.306));
#1751 = CARTESIAN_POINT('',(-26.317738849,70.230880827993,10.612));
#1752 = ( BOUNDED_SURFACE() B_SPLINE_SURFACE(2,2,(
    (#1753,#1754,#1755,#1756,#1757)
    ,(#1758,#1759,#1760,#1761,#1762)
    ,(#1763,#1764,#1765,#1766,#1767
)),.UNSPECIFIED.,.F.,.F.,.F.) B_SPLINE_SURFACE_WITH_KNOTS((3,3),(3,1,1,3
    ),(0.,10.),(-0.612,-3.26626746483E-14,10.,10.612),.UNSPECIFIED.) 
GEOMETRIC_REPRESENTATION_ITEM() RATIONAL_B_SPLINE_SURFACE((
    (1.,1.,1.,1.,1.)
    ,(0.644917443799,0.644917443799,0.644917443799,0.644917443799
      ,0.644917443799)
,(1.,1.,1.,1.,1.))) REPRESENTATION_ITEM('') SURFACE() );
#1753 = CARTESIAN_POINT('',(-26.317738849,70.230880827993,-0.612));
#1754 = CARTESIAN_POINT('',(-26.317738849,70.230880827993,-0.306));
#1755 = CARTESIAN_POINT('',(-26.317738849,70.230880827993,5.));
#1756 = CARTESIAN_POINT('',(-26.317738849,70.230880827993,10.306));
#1757 = CARTESIAN_POINT('',(-26.317738849,70.230880827993,10.612));
#1758 = CARTESIAN_POINT('',(-31.86616045503,68.151711250019,-0.612));
#1759 = CARTESIAN_POINT('',(-31.86616045503,68.151711250019,-0.306));
#1760 = CARTESIAN_POINT('',(-31.86616045503,68.151711250019,5.));
#1761 = CARTESIAN_POINT('',(-31.86616045503,68.151711250019,10.306));
#1762 = CARTESIAN_POINT('',(-31.86616045503,68.151711250019,10.612));
#1763 = CARTESIAN_POINT('',(-28.88356078411,63.03194292955,-0.612));
#1764 = CARTESIAN_POINT('',(-28.88356078411,63.03194292955,-0.306));
#1765 = CARTESIAN_POINT('',(-28.88356078411,63.03194292955,5.));
#1766 = CARTESIAN_POINT('',(-28.88356078411,63.03194292955,10.306));
#1767 = CARTESIAN_POINT('',(-28.88356078411,63.03194292955,10.612));
#1768 = ADVANCED_FACE('',(#1769),#1791,.T.);
#1769 = FACE_BOUND('',#1770,.F.);
#1770 = EDGE_LOOP('',(#1771,#1772,#1773,#1774,#1775,#1784));
#1771 = ORIENTED_EDGE('',*,*,#1745,.F.);
#1772 = ORIENTED_EDGE('',*,*,#69,.T.);
#1773 = ORIENTED_EDGE('',*,*,#60,.T.);
#1774 = ORIENTED_EDGE('',*,*,#722,.T.);
#1775 = ORIENTED_EDGE('',*,*,#1776,.F.);
#1776 = EDGE_CURVE('',#1777,#686,#1779,.T.);
#1777 = VERTEX_POINT('',#1778);
#1778 = CARTESIAN_POINT('',(0.,75.,10.));
#1779 = CIRCLE('',#1780,75.);
#1780 = AXIS2_PLACEMENT_3D('',#1781,#1782,#1783);
#1781 = CARTESIAN_POINT('',(0.,0.,10.));
#1782 = DIRECTION('',(0.,0.,-1.));
#1783 = DIRECTION('',(0.,1.,0.));
#1784 = ORIENTED_EDGE('',*,*,#1785,.F.);
#1785 = EDGE_CURVE('',#1709,#1777,#1786,.T.);
#1786 = CIRCLE('',#1787,75.);
#1787 = AXIS2_PLACEMENT_3D('',#1788,#1789,#1790);
#1788 = CARTESIAN_POINT('',(0.,0.,10.));
#1789 = DIRECTION('',(0.,0.,-1.));
#1790 = DIRECTION('',(0.,1.,0.));
#1791 = CYLINDRICAL_SURFACE('',#1792,75.);
#1792 = AXIS2_PLACEMENT_3D('',#1793,#1794,#1795);
#1793 = CARTESIAN_POINT('',(0.,0.,0.));
#1794 = DIRECTION('',(0.,0.,1.));
#1795 = DIRECTION('',(0.,1.,0.));
#1796 = ADVANCED_FACE('',(#1797),#1816,.F.);
#1797 = FACE_BOUND('',#1798,.T.);
#1798 = EDGE_LOOP('',(#1799,#1808,#1814,#1815));
#1799 = ORIENTED_EDGE('',*,*,#1800,.T.);
#1800 = EDGE_CURVE('',#1801,#1801,#1803,.T.);
#1801 = VERTEX_POINT('',#1802);
#1802 = CARTESIAN_POINT('',(-62.76,34.5,10.));
#1803 = CIRCLE('',#1804,3.);
#1804 = AXIS2_PLACEMENT_3D('',#1805,#1806,#1807);
#1805 = CARTESIAN_POINT('',(-59.76,34.5,10.));
#1806 = DIRECTION('',(-2.22044604925E-16,2.465190328816E-32,1.));
#1807 = DIRECTION('',(-1.,2.22044604925E-16,-2.22044604925E-16));
#1808 = ORIENTED_EDGE('',*,*,#1809,.T.);
#1809 = EDGE_CURVE('',#1801,#585,#1810,.T.);
#1810 = LINE('',#1811,#1812);
#1811 = CARTESIAN_POINT('',(-62.76,34.5,45.));
#1812 = VECTOR('',#1813,1.);
#1813 = DIRECTION('',(2.22044604925E-16,-2.465190328816E-32,-1.));
#1814 = ORIENTED_EDGE('',*,*,#584,.F.);
#1815 = ORIENTED_EDGE('',*,*,#1809,.F.);
#1816 = CYLINDRICAL_SURFACE('',#1817,3.);
#1817 = AXIS2_PLACEMENT_3D('',#1818,#1819,#1820);
#1818 = CARTESIAN_POINT('',(-59.76,34.5,45.));
#1819 = DIRECTION('',(-2.22044604925E-16,2.465190328816E-32,1.));
#1820 = DIRECTION('',(-1.,2.22044604925E-16,-2.22044604925E-16));
#1821 = ADVANCED_FACE('',(#1822),#1841,.F.);
#1822 = FACE_BOUND('',#1823,.F.);
#1823 = EDGE_LOOP('',(#1824,#1833,#1839,#1840));
#1824 = ORIENTED_EDGE('',*,*,#1825,.F.);
#1825 = EDGE_CURVE('',#1826,#1826,#1828,.T.);
#1826 = VERTEX_POINT('',#1827);
#1827 = CARTESIAN_POINT('',(-62.76,-34.5,10.));
#1828 = CIRCLE('',#1829,3.);
#1829 = AXIS2_PLACEMENT_3D('',#1830,#1831,#1832);
#1830 = CARTESIAN_POINT('',(-59.76,-34.5,10.));
#1831 = DIRECTION('',(-2.22044604925E-16,-4.440892098501E-16,1.));
#1832 = DIRECTION('',(-1.,-2.22044604925E-16,-2.22044604925E-16));
#1833 = ORIENTED_EDGE('',*,*,#1834,.T.);
#1834 = EDGE_CURVE('',#1826,#616,#1835,.T.);
#1835 = LINE('',#1836,#1837);
#1836 = CARTESIAN_POINT('',(-62.76,-34.5,45.));
#1837 = VECTOR('',#1838,1.);
#1838 = DIRECTION('',(2.22044604925E-16,4.440892098501E-16,-1.));
#1839 = ORIENTED_EDGE('',*,*,#615,.T.);
#1840 = ORIENTED_EDGE('',*,*,#1834,.F.);
#1841 = CYLINDRICAL_SURFACE('',#1842,3.);
#1842 = AXIS2_PLACEMENT_3D('',#1843,#1844,#1845);
#1843 = CARTESIAN_POINT('',(-59.76,-34.5,45.));
#1844 = DIRECTION('',(-2.22044604925E-16,-4.440892098501E-16,1.));
#1845 = DIRECTION('',(-1.,-2.22044604925E-16,-2.22044604925E-16));
#1846 = ADVANCED_FACE('',(#1847),#1866,.F.);
#1847 = FACE_BOUND('',#1848,.F.);
#1848 = EDGE_LOOP('',(#1849,#1858,#1864,#1865));
#1849 = ORIENTED_EDGE('',*,*,#1850,.F.);
#1850 = EDGE_CURVE('',#1851,#1851,#1853,.T.);
#1851 = VERTEX_POINT('',#1852);
#1852 = CARTESIAN_POINT('',(62.76,34.5,10.));
#1853 = CIRCLE('',#1854,3.);
#1854 = AXIS2_PLACEMENT_3D('',#1855,#1856,#1857);
#1855 = CARTESIAN_POINT('',(59.76,34.5,10.));
#1856 = DIRECTION('',(0.,0.,1.));
#1857 = DIRECTION('',(1.,0.,0.));
#1858 = ORIENTED_EDGE('',*,*,#1859,.T.);
#1859 = EDGE_CURVE('',#1851,#627,#1860,.T.);
#1860 = LINE('',#1861,#1862);
#1861 = CARTESIAN_POINT('',(62.76,34.5,45.));
#1862 = VECTOR('',#1863,1.);
#1863 = DIRECTION('',(-0.,-0.,-1.));
#1864 = ORIENTED_EDGE('',*,*,#626,.T.);
#1865 = ORIENTED_EDGE('',*,*,#1859,.F.);
#1866 = CYLINDRICAL_SURFACE('',#1867,3.);
#1867 = AXIS2_PLACEMENT_3D('',#1868,#1869,#1870);
#1868 = CARTESIAN_POINT('',(59.76,34.5,45.));
#1869 = DIRECTION('',(0.,0.,1.));
#1870 = DIRECTION('',(1.,0.,0.));
#1871 = ADVANCED_FACE('',(#1872),#1891,.F.);
#1872 = FACE_BOUND('',#1873,.T.);
#1873 = EDGE_LOOP('',(#1874,#1883,#1889,#1890));
#1874 = ORIENTED_EDGE('',*,*,#1875,.T.);
#1875 = EDGE_CURVE('',#1876,#1876,#1878,.T.);
#1876 = VERTEX_POINT('',#1877);
#1877 = CARTESIAN_POINT('',(62.76,-34.5,10.));
#1878 = CIRCLE('',#1879,3.);
#1879 = AXIS2_PLACEMENT_3D('',#1880,#1881,#1882);
#1880 = CARTESIAN_POINT('',(59.76,-34.5,10.));
#1881 = DIRECTION('',(0.,-4.440892098501E-16,1.));
#1882 = DIRECTION('',(1.,0.,0.));
#1883 = ORIENTED_EDGE('',*,*,#1884,.T.);
#1884 = EDGE_CURVE('',#1876,#658,#1885,.T.);
#1885 = LINE('',#1886,#1887);
#1886 = CARTESIAN_POINT('',(62.76,-34.5,45.));
#1887 = VECTOR('',#1888,1.);
#1888 = DIRECTION('',(0.,4.440892098501E-16,-1.));
#1889 = ORIENTED_EDGE('',*,*,#657,.F.);
#1890 = ORIENTED_EDGE('',*,*,#1884,.F.);
#1891 = CYLINDRICAL_SURFACE('',#1892,3.);
#1892 = AXIS2_PLACEMENT_3D('',#1893,#1894,#1895);
#1893 = CARTESIAN_POINT('',(59.76,-34.5,45.));
#1894 = DIRECTION('',(0.,-4.440892098501E-16,1.));
#1895 = DIRECTION('',(1.,0.,0.));
#1896 = ADVANCED_FACE('',(#1897,#1924,#1927,#1930,#1941,#1961,#1981,
    #1984),#1987,.F.);
#1897 = FACE_BOUND('',#1898,.F.);
#1898 = EDGE_LOOP('',(#1899,#1900,#1901,#1902,#1903,#1904,#1905,#1906,
    #1907,#1908,#1909,#1910,#1911,#1912,#1913,#1914,#1915,#1916,#1917,
    #1918,#1919,#1920,#1921,#1922,#1923));
#1899 = ORIENTED_EDGE('',*,*,#935,.T.);
#1900 = ORIENTED_EDGE('',*,*,#973,.T.);
#1901 = ORIENTED_EDGE('',*,*,#1040,.T.);
#1902 = ORIENTED_EDGE('',*,*,#1066,.T.);
#1903 = ORIENTED_EDGE('',*,*,#1122,.T.);
#1904 = ORIENTED_EDGE('',*,*,#1150,.F.);
#1905 = ORIENTED_EDGE('',*,*,#1226,.T.);
#1906 = ORIENTED_EDGE('',*,*,#1252,.T.);
#1907 = ORIENTED_EDGE('',*,*,#1317,.T.);
#1908 = ORIENTED_EDGE('',*,*,#1336,.F.);
#1909 = ORIENTED_EDGE('',*,*,#1412,.T.);
#1910 = ORIENTED_EDGE('',*,*,#1429,.F.);
#1911 = ORIENTED_EDGE('',*,*,#1495,.T.);
#1912 = ORIENTED_EDGE('',*,*,#1522,.F.);
#1913 = ORIENTED_EDGE('',*,*,#1598,.T.);
#1914 = ORIENTED_EDGE('',*,*,#1624,.T.);
#1915 = ORIENTED_EDGE('',*,*,#1680,.T.);
#1916 = ORIENTED_EDGE('',*,*,#1708,.F.);
#1917 = ORIENTED_EDGE('',*,*,#1785,.T.);
#1918 = ORIENTED_EDGE('',*,*,#1776,.T.);
#1919 = ORIENTED_EDGE('',*,*,#685,.T.);
#1920 = ORIENTED_EDGE('',*,*,#749,.T.);
#1921 = ORIENTED_EDGE('',*,*,#778,.F.);
#1922 = ORIENTED_EDGE('',*,*,#842,.T.);
#1923 = ORIENTED_EDGE('',*,*,#880,.T.);
#1924 = FACE_BOUND('',#1925,.F.);
#1925 = EDGE_LOOP('',(#1926));
#1926 = ORIENTED_EDGE('',*,*,#1825,.T.);
#1927 = FACE_BOUND('',#1928,.F.);
#1928 = EDGE_LOOP('',(#1929));
#1929 = ORIENTED_EDGE('',*,*,#1800,.T.);
#1930 = FACE_BOUND('',#1931,.F.);
#1931 = EDGE_LOOP('',(#1932));
#1932 = ORIENTED_EDGE('',*,*,#1933,.F.);
#1933 = EDGE_CURVE('',#1934,#1934,#1936,.T.);
#1934 = VERTEX_POINT('',#1935);
#1935 = CARTESIAN_POINT('',(0.,61.5,10.));
#1936 = CIRCLE('',#1937,61.5);
#1937 = AXIS2_PLACEMENT_3D('',#1938,#1939,#1940);
#1938 = CARTESIAN_POINT('',(0.,0.,10.));
#1939 = DIRECTION('',(0.,0.,-1.));
#1940 = DIRECTION('',(0.,1.,0.));
#1941 = FACE_BOUND('',#1942,.F.);
#1942 = EDGE_LOOP('',(#1943,#1954));
#1943 = ORIENTED_EDGE('',*,*,#1944,.T.);
#1944 = EDGE_CURVE('',#1945,#1947,#1949,.T.);
#1945 = VERTEX_POINT('',#1946);
#1946 = CARTESIAN_POINT('',(3.,69.,10.));
#1947 = VERTEX_POINT('',#1948);
#1948 = CARTESIAN_POINT('',(-3.,69.,10.));
#1949 = CIRCLE('',#1950,3.);
#1950 = AXIS2_PLACEMENT_3D('',#1951,#1952,#1953);
#1951 = CARTESIAN_POINT('',(0.,69.,10.));
#1952 = DIRECTION('',(0.,0.,1.));
#1953 = DIRECTION('',(1.,0.,0.));
#1954 = ORIENTED_EDGE('',*,*,#1955,.T.);
#1955 = EDGE_CURVE('',#1947,#1945,#1956,.T.);
#1956 = CIRCLE('',#1957,3.);
#1957 = AXIS2_PLACEMENT_3D('',#1958,#1959,#1960);
#1958 = CARTESIAN_POINT('',(0.,69.,10.));
#1959 = DIRECTION('',(0.,0.,1.));
#1960 = DIRECTION('',(1.,0.,0.));
#1961 = FACE_BOUND('',#1962,.F.);
#1962 = EDGE_LOOP('',(#1963,#1974));
#1963 = ORIENTED_EDGE('',*,*,#1964,.T.);
#1964 = EDGE_CURVE('',#1965,#1967,#1969,.T.);
#1965 = VERTEX_POINT('',#1966);
#1966 = CARTESIAN_POINT('',(3.,-69.,10.));
#1967 = VERTEX_POINT('',#1968);
#1968 = CARTESIAN_POINT('',(-3.,-69.,10.));
#1969 = CIRCLE('',#1970,3.);
#1970 = AXIS2_PLACEMENT_3D('',#1971,#1972,#1973);
#1971 = CARTESIAN_POINT('',(1.310063169058E-14,-69.,10.));
#1972 = DIRECTION('',(-2.22044604925E-16,-4.440892098501E-16,1.));
#1973 = DIRECTION('',(-1.,-2.22044604925E-16,-2.22044604925E-16));
#1974 = ORIENTED_EDGE('',*,*,#1975,.T.);
#1975 = EDGE_CURVE('',#1967,#1965,#1976,.T.);
#1976 = CIRCLE('',#1977,3.);
#1977 = AXIS2_PLACEMENT_3D('',#1978,#1979,#1980);
#1978 = CARTESIAN_POINT('',(1.310063169058E-14,-69.,10.));
#1979 = DIRECTION('',(-2.22044604925E-16,-4.440892098501E-16,1.));
#1980 = DIRECTION('',(-1.,-2.22044604925E-16,-2.22044604925E-16));
#1981 = FACE_BOUND('',#1982,.F.);
#1982 = EDGE_LOOP('',(#1983));
#1983 = ORIENTED_EDGE('',*,*,#1875,.T.);
#1984 = FACE_BOUND('',#1985,.F.);
#1985 = EDGE_LOOP('',(#1986));
#1986 = ORIENTED_EDGE('',*,*,#1850,.T.);
#1987 = PLANE('',#1988);
#1988 = AXIS2_PLACEMENT_3D('',#1989,#1990,#1991);
#1989 = CARTESIAN_POINT('',(0.,0.,10.));
#1990 = DIRECTION('',(-0.,-0.,-1.));
#1991 = DIRECTION('',(0.,1.,0.));
#1992 = ADVANCED_FACE('',(#1993),#2012,.T.);
#1993 = FACE_BOUND('',#1994,.F.);
#1994 = EDGE_LOOP('',(#1995,#1996,#2004,#2011));
#1995 = ORIENTED_EDGE('',*,*,#1933,.T.);
#1996 = ORIENTED_EDGE('',*,*,#1997,.T.);
#1997 = EDGE_CURVE('',#1934,#1998,#2000,.T.);
#1998 = VERTEX_POINT('',#1999);
#1999 = CARTESIAN_POINT('',(0.,61.5,40.));
#2000 = LINE('',#2001,#2002);
#2001 = CARTESIAN_POINT('',(0.,61.5,10.));
#2002 = VECTOR('',#2003,1.);
#2003 = DIRECTION('',(0.,0.,1.));
#2004 = ORIENTED_EDGE('',*,*,#2005,.F.);
#2005 = EDGE_CURVE('',#1998,#1998,#2006,.T.);
#2006 = CIRCLE('',#2007,61.5);
#2007 = AXIS2_PLACEMENT_3D('',#2008,#2009,#2010);
#2008 = CARTESIAN_POINT('',(0.,0.,40.));
#2009 = DIRECTION('',(0.,0.,-1.));
#2010 = DIRECTION('',(0.,1.,0.));
#2011 = ORIENTED_EDGE('',*,*,#1997,.F.);
#2012 = CYLINDRICAL_SURFACE('',#2013,61.5);
#2013 = AXIS2_PLACEMENT_3D('',#2014,#2015,#2016);
#2014 = CARTESIAN_POINT('',(0.,0.,10.));
#2015 = DIRECTION('',(0.,0.,1.));
#2016 = DIRECTION('',(0.,1.,0.));
#2017 = ADVANCED_FACE('',(#2018,#2701,#2712,#2723,#2743,#2754,#2757,
    #2777),#2788,.T.);
#2018 = FACE_BOUND('',#2019,.F.);
#2019 = EDGE_LOOP('',(#2020,#2069,#2078,#2087,#2134,#2143,#2190,#2199,
    #2246,#2255,#2302,#2311,#2358,#2367,#2414,#2423,#2470,#2479,#2526,
    #2535,#2582,#2591,#2638,#2647,#2694));
#2020 = ORIENTED_EDGE('',*,*,#2021,.F.);
#2021 = EDGE_CURVE('',#2022,#2024,#2026,.T.);
#2022 = VERTEX_POINT('',#2023);
#2023 = CARTESIAN_POINT('',(26.317738849003,70.230880827993,40.));
#2024 = VERTEX_POINT('',#2025);
#2025 = CARTESIAN_POINT('',(28.883560784112,63.03194292955,40.));
#2026 = B_SPLINE_CURVE_WITH_KNOTS('',6,(#2027,#2028,#2029,#2030,#2031,
    #2032,#2033,#2034,#2035,#2036,#2037,#2038,#2039,#2040,#2041,#2042,
    #2043,#2044,#2045,#2046,#2047,#2048,#2049,#2050,#2051,#2052,#2053,
    #2054,#2055,#2056,#2057,#2058,#2059,#2060,#2061,#2062,#2063,#2064,
    #2065,#2066,#2067,#2068),.UNSPECIFIED.,.F.,.F.,(7,5,5,5,5,5,5,5,7),(
    0.,0.144351649687,0.247777648908,0.321372932161,0.5,0.678627067839,
    0.752222351092,0.855648350313,1.),.UNSPECIFIED.);
#2027 = CARTESIAN_POINT('',(26.317738849003,70.230880827993,40.));
#2028 = CARTESIAN_POINT('',(26.506954122499,70.159975862891,40.));
#2029 = CARTESIAN_POINT('',(26.694011614693,70.079414724499,40.));
#2030 = CARTESIAN_POINT('',(26.878131309174,69.989224795,40.));
#2031 = CARTESIAN_POINT('',(27.058547662863,69.889524602778,40.));
#2032 = CARTESIAN_POINT('',(27.234515731465,69.780523058554,40.));
#2033 = CARTESIAN_POINT('',(27.527694298628,69.577970162976,40.));
#2034 = CARTESIAN_POINT('',(27.647420967918,69.48879875511,40.));
#2035 = CARTESIAN_POINT('',(27.764234153247,69.395113651899,40.));
#2036 = CARTESIAN_POINT('',(27.877881723075,69.297044816741,40.));
#2037 = CARTESIAN_POINT('',(27.988123277913,69.194742608933,40.));
#2038 = CARTESIAN_POINT('',(28.170590083341,69.012690650882,40.));
#2039 = CARTESIAN_POINT('',(28.244609618902,68.934946332555,40.));
#2040 = CARTESIAN_POINT('',(28.316707466353,68.855205721345,40.));
#2041 = CARTESIAN_POINT('',(28.386805554315,68.773534493575,40.));
#2042 = CARTESIAN_POINT('',(28.45482974472,68.690002725702,40.));
#2043 = CARTESIAN_POINT('',(28.680610935802,68.397605399805,40.));
#2044 = CARTESIAN_POINT('',(28.827887490823,68.179995701168,40.));
#2045 = CARTESIAN_POINT('',(28.961523779164,67.952932806448,40.));
#2046 = CARTESIAN_POINT('',(29.080679662375,67.717611836274,40.));
#2047 = CARTESIAN_POINT('',(29.184674968248,67.475325975937,40.));
#2048 = CARTESIAN_POINT('',(29.361354490474,66.979615462661,40.));
#2049 = CARTESIAN_POINT('',(29.434045349098,66.726172173471,40.));
#2050 = CARTESIAN_POINT('',(29.490588061197,66.468534821334,40.));
#2051 = CARTESIAN_POINT('',(29.530691545834,66.208135270183,40.));
#2052 = CARTESIAN_POINT('',(29.554250651911,65.946430602436,40.));
#2053 = CARTESIAN_POINT('',(29.564304525068,65.577144450417,40.));
#2054 = CARTESIAN_POINT('',(29.564447696389,65.469418751412,40.));
#2055 = CARTESIAN_POINT('',(29.561807719458,65.361822460104,40.));
#2056 = CARTESIAN_POINT('',(29.556397697041,65.254456747045,40.));
#2057 = CARTESIAN_POINT('',(29.548236561565,65.147421862336,40.));
#2058 = CARTESIAN_POINT('',(29.522048513517,64.891001822845,40.));
#2059 = CARTESIAN_POINT('',(29.501363390358,64.742035156052,40.));
#2060 = CARTESIAN_POINT('',(29.475362513915,64.594193277745,40.));
#2061 = CARTESIAN_POINT('',(29.444136990411,64.447744701404,40.));
#2062 = CARTESIAN_POINT('',(29.407799913514,64.302949562803,40.));
#2063 = CARTESIAN_POINT('',(29.308824306816,63.960626357295,40.));
#2064 = CARTESIAN_POINT('',(29.241466567261,63.764899423192,40.));
#2065 = CARTESIAN_POINT('',(29.164780331883,63.573563565834,40.));
#2066 = CARTESIAN_POINT('',(29.079210479729,63.387251768889,40.));
#2067 = CARTESIAN_POINT('',(28.985275010704,63.20654003694,40.));
#2068 = CARTESIAN_POINT('',(28.883560784112,63.03194292955,40.));
#2069 = ORIENTED_EDGE('',*,*,#2070,.F.);
#2070 = EDGE_CURVE('',#2071,#2022,#2073,.T.);
#2071 = VERTEX_POINT('',#2072);
#2072 = CARTESIAN_POINT('',(0.,75.,40.));
#2073 = CIRCLE('',#2074,75.);
#2074 = AXIS2_PLACEMENT_3D('',#2075,#2076,#2077);
#2075 = CARTESIAN_POINT('',(0.,0.,40.));
#2076 = DIRECTION('',(0.,0.,-1.));
#2077 = DIRECTION('',(0.,1.,0.));
#2078 = ORIENTED_EDGE('',*,*,#2079,.F.);
#2079 = EDGE_CURVE('',#2080,#2071,#2082,.T.);
#2080 = VERTEX_POINT('',#2081);
#2081 = CARTESIAN_POINT('',(-26.317738849,70.230880827993,40.));
#2082 = CIRCLE('',#2083,75.);
#2083 = AXIS2_PLACEMENT_3D('',#2084,#2085,#2086);
#2084 = CARTESIAN_POINT('',(0.,0.,40.));
#2085 = DIRECTION('',(0.,0.,-1.));
#2086 = DIRECTION('',(0.,1.,0.));
#2087 = ORIENTED_EDGE('',*,*,#2088,.T.);
#2088 = EDGE_CURVE('',#2080,#2089,#2091,.T.);
#2089 = VERTEX_POINT('',#2090);
#2090 = CARTESIAN_POINT('',(-28.88356078411,63.03194292955,40.));
#2091 = B_SPLINE_CURVE_WITH_KNOTS('',6,(#2092,#2093,#2094,#2095,#2096,
    #2097,#2098,#2099,#2100,#2101,#2102,#2103,#2104,#2105,#2106,#2107,
    #2108,#2109,#2110,#2111,#2112,#2113,#2114,#2115,#2116,#2117,#2118,
    #2119,#2120,#2121,#2122,#2123,#2124,#2125,#2126,#2127,#2128,#2129,
    #2130,#2131,#2132,#2133),.UNSPECIFIED.,.F.,.F.,(7,5,5,5,5,5,5,5,7),(
    0.,0.144351649687,0.247777648908,0.321372932161,0.5,0.678627067839,
    0.752222351092,0.855648350313,1.),.UNSPECIFIED.);
#2092 = CARTESIAN_POINT('',(-26.317738849,70.230880827993,40.));
#2093 = CARTESIAN_POINT('',(-26.50695412249,70.159975862891,40.));
#2094 = CARTESIAN_POINT('',(-26.69401161469,70.079414724499,40.));
#2095 = CARTESIAN_POINT('',(-26.87813130917,69.989224795,40.));
#2096 = CARTESIAN_POINT('',(-27.05854766286,69.889524602778,40.));
#2097 = CARTESIAN_POINT('',(-27.23451573146,69.780523058554,40.));
#2098 = CARTESIAN_POINT('',(-27.52769429862,69.577970162976,40.));
#2099 = CARTESIAN_POINT('',(-27.64742096791,69.48879875511,40.));
#2100 = CARTESIAN_POINT('',(-27.76423415324,69.395113651899,40.));
#2101 = CARTESIAN_POINT('',(-27.87788172307,69.297044816741,40.));
#2102 = CARTESIAN_POINT('',(-27.98812327791,69.194742608933,40.));
#2103 = CARTESIAN_POINT('',(-28.17059008334,69.012690650882,40.));
#2104 = CARTESIAN_POINT('',(-28.2446096189,68.934946332555,40.));
#2105 = CARTESIAN_POINT('',(-28.31670746635,68.855205721345,40.));
#2106 = CARTESIAN_POINT('',(-28.38680555431,68.773534493575,40.));
#2107 = CARTESIAN_POINT('',(-28.45482974472,68.690002725702,40.));
#2108 = CARTESIAN_POINT('',(-28.6806109358,68.397605399805,40.));
#2109 = CARTESIAN_POINT('',(-28.82788749082,68.179995701168,40.));
#2110 = CARTESIAN_POINT('',(-28.96152377916,67.952932806448,40.));
#2111 = CARTESIAN_POINT('',(-29.08067966237,67.717611836274,40.));
#2112 = CARTESIAN_POINT('',(-29.18467496824,67.475325975937,40.));
#2113 = CARTESIAN_POINT('',(-29.36135449047,66.979615462661,40.));
#2114 = CARTESIAN_POINT('',(-29.43404534909,66.726172173471,40.));
#2115 = CARTESIAN_POINT('',(-29.49058806119,66.468534821334,40.));
#2116 = CARTESIAN_POINT('',(-29.53069154583,66.208135270183,40.));
#2117 = CARTESIAN_POINT('',(-29.55425065191,65.946430602436,40.));
#2118 = CARTESIAN_POINT('',(-29.56430452506,65.577144450417,40.));
#2119 = CARTESIAN_POINT('',(-29.56444769638,65.469418751412,40.));
#2120 = CARTESIAN_POINT('',(-29.56180771945,65.361822460104,40.));
#2121 = CARTESIAN_POINT('',(-29.55639769704,65.254456747045,40.));
#2122 = CARTESIAN_POINT('',(-29.54823656156,65.147421862336,40.));
#2123 = CARTESIAN_POINT('',(-29.52204851351,64.891001822845,40.));
#2124 = CARTESIAN_POINT('',(-29.50136339035,64.742035156052,40.));
#2125 = CARTESIAN_POINT('',(-29.47536251391,64.594193277745,40.));
#2126 = CARTESIAN_POINT('',(-29.44413699041,64.447744701404,40.));
#2127 = CARTESIAN_POINT('',(-29.40779991351,64.302949562803,40.));
#2128 = CARTESIAN_POINT('',(-29.30882430681,63.960626357295,40.));
#2129 = CARTESIAN_POINT('',(-29.24146656726,63.764899423192,40.));
#2130 = CARTESIAN_POINT('',(-29.16478033188,63.573563565834,40.));
#2131 = CARTESIAN_POINT('',(-29.07921047972,63.387251768889,40.));
#2132 = CARTESIAN_POINT('',(-28.9852750107,63.20654003694,40.));
#2133 = CARTESIAN_POINT('',(-28.88356078411,63.03194292955,40.));
#2134 = ORIENTED_EDGE('',*,*,#2135,.F.);
#2135 = EDGE_CURVE('',#2136,#2089,#2138,.T.);
#2136 = VERTEX_POINT('',#2137);
#2137 = CARTESIAN_POINT('',(-40.14200397609,56.532339681168,40.));
#2138 = CIRCLE('',#2139,6.5);
#2139 = AXIS2_PLACEMENT_3D('',#2140,#2141,#2142);
#2140 = CARTESIAN_POINT('',(-34.5,59.76,40.));
#2141 = DIRECTION('',(-2.22044604925E-16,2.465190328816E-32,1.));
#2142 = DIRECTION('',(-1.,2.22044604925E-16,-2.22044604925E-16));
#2143 = ORIENTED_EDGE('',*,*,#2144,.F.);
#2144 = EDGE_CURVE('',#2145,#2136,#2147,.T.);
#2145 = VERTEX_POINT('',#2146);
#2146 = CARTESIAN_POINT('',(-47.65929325138,57.910204340675,40.));
#2147 = B_SPLINE_CURVE_WITH_KNOTS('',6,(#2148,#2149,#2150,#2151,#2152,
    #2153,#2154,#2155,#2156,#2157,#2158,#2159,#2160,#2161,#2162,#2163,
    #2164,#2165,#2166,#2167,#2168,#2169,#2170,#2171,#2172,#2173,#2174,
    #2175,#2176,#2177,#2178,#2179,#2180,#2181,#2182,#2183,#2184,#2185,
    #2186,#2187,#2188,#2189),.UNSPECIFIED.,.F.,.F.,(7,5,5,5,5,5,5,5,7),(
    0.,0.144351649686,0.247777648907,0.32137293216,0.499999999999,
    0.678627067839,0.752222351092,0.855648350313,1.),.UNSPECIFIED.);
#2148 = CARTESIAN_POINT('',(-47.65929325138,57.910204340675,40.));
#2149 = CARTESIAN_POINT('',(-47.50327221016,58.038607488989,40.));
#2150 = CARTESIAN_POINT('',(-47.33996798041,58.160313408946,40.));
#2151 = CARTESIAN_POINT('',(-47.16979432475,58.274660303074,40.));
#2152 = CARTESIAN_POINT('',(-46.99323670046,58.381044485691,40.));
#2153 = CARTESIAN_POINT('',(-46.81084853495,58.478925305537,40.));
#2154 = CARTESIAN_POINT('',(-46.48883390489,58.63152912522,40.));
#2155 = CARTESIAN_POINT('',(-46.35174222839,58.690621320596,40.));
#2156 = CARTESIAN_POINT('',(-46.21219861325,58.744933366251,40.));
#2157 = CARTESIAN_POINT('',(-46.07044168628,58.794311906254,40.));
#2158 = CARTESIAN_POINT('',(-45.92672187038,58.8386239436,40.));
#2159 = CARTESIAN_POINT('',(-45.67782272416,58.905603533942,40.));
#2160 = CARTESIAN_POINT('',(-45.57348284897,58.930827750935,40.));
#2161 = CARTESIAN_POINT('',(-45.46837514136,58.953389543502,40.));
#2162 = CARTESIAN_POINT('',(-45.36259551652,58.973254143907,40.));
#2163 = CARTESIAN_POINT('',(-45.25624173326,58.990392390949,40.));
#2164 = CARTESIAN_POINT('',(-44.89012458973,59.039703440957,40.));
#2165 = CARTESIAN_POINT('',(-44.62802963213,59.058427697902,40.));
#2166 = CARTESIAN_POINT('',(-44.3645691179,59.060612455265,40.));
#2167 = CARTESIAN_POINT('',(-44.10119812911,59.046127781681,40.));
#2168 = CARTESIAN_POINT('',(-43.83937667962,59.015031313245,40.));
#2169 = CARTESIAN_POINT('',(-43.3217448598,58.920153151046,40.));
#2170 = CARTESIAN_POINT('',(-43.0659150291,58.856367890335,40.));
#2171 = CARTESIAN_POINT('',(-42.81452809641,58.776501166463,40.));
#2172 = CARTESIAN_POINT('',(-42.5689696042,58.681016913191,40.));
#2173 = CARTESIAN_POINT('',(-42.33055395917,58.570552689108,40.));
#2174 = CARTESIAN_POINT('',(-42.00572666307,58.394596529382,40.));
#2175 = CARTESIAN_POINT('',(-41.9123651932,58.340851923431,40.));
#2176 = CARTESIAN_POINT('',(-41.82050751218,58.284761836793,40.));
#2177 = CARTESIAN_POINT('',(-41.73023468108,58.226388207061,40.));
#2178 = CARTESIAN_POINT('',(-41.64162404872,58.16579756001,40.));
#2179 = CARTESIAN_POINT('',(-41.43266109207,58.014895163537,40.));
#2180 = CARTESIAN_POINT('',(-41.31400042311,57.922490684329,40.));
#2181 = CARTESIAN_POINT('',(-41.19897197492,57.826045245535,40.));
#2182 = CARTESIAN_POINT('',(-41.08776272077,57.725772015705,40.));
#2183 = CARTESIAN_POINT('',(-40.98054138397,57.6218990151,40.));
#2184 = CARTESIAN_POINT('',(-40.73358440615,57.365006822036,40.));
#2185 = CARTESIAN_POINT('',(-40.59776839288,57.208801481691,40.));
#2186 = CARTESIAN_POINT('',(-40.47041977363,57.046713486509,40.));
#2187 = CARTESIAN_POINT('',(-40.35186424561,56.879444624928,40.));
#2188 = CARTESIAN_POINT('',(-40.24234159814,56.707731515077,40.));
#2189 = CARTESIAN_POINT('',(-40.14200397609,56.532339681168,40.));
#2190 = ORIENTED_EDGE('',*,*,#2191,.F.);
#2191 = EDGE_CURVE('',#2192,#2145,#2194,.T.);
#2192 = VERTEX_POINT('',#2193);
#2193 = CARTESIAN_POINT('',(-73.98097826087,12.321317119722,40.));
#2194 = CIRCLE('',#2195,75.);
#2195 = AXIS2_PLACEMENT_3D('',#2196,#2197,#2198);
#2196 = CARTESIAN_POINT('',(0.,0.,40.));
#2197 = DIRECTION('',(0.,0.,-1.));
#2198 = DIRECTION('',(0.,1.,0.));
#2199 = ORIENTED_EDGE('',*,*,#2200,.T.);
#2200 = EDGE_CURVE('',#2192,#2201,#2203,.T.);
#2201 = VERTEX_POINT('',#2202);
#2202 = CARTESIAN_POINT('',(-69.02764650283,6.499941205186,40.));
#2203 = B_SPLINE_CURVE_WITH_KNOTS('',6,(#2204,#2205,#2206,#2207,#2208,
    #2209,#2210,#2211,#2212,#2213,#2214,#2215,#2216,#2217,#2218,#2219,
    #2220,#2221,#2222,#2223,#2224,#2225,#2226,#2227,#2228,#2229,#2230,
    #2231,#2232,#2233,#2234,#2235,#2236,#2237,#2238,#2239,#2240,#2241,
    #2242,#2243,#2244,#2245),.UNSPECIFIED.,.F.,.F.,(7,5,5,5,5,5,5,5,7),(
    0.,0.144347625826,0.2477732501,0.321369248254,0.5,0.678630751747,
    0.7522267499,0.855652374174,1.),.UNSPECIFIED.);
#2204 = CARTESIAN_POINT('',(-73.98097826087,12.321317119722,40.));
#2205 = CARTESIAN_POINT('',(-74.01417922974,12.121968289338,40.));
#2206 = CARTESIAN_POINT('',(-74.03793587913,11.919659436301,40.));
#2207 = CARTESIAN_POINT('',(-74.05188176425,11.715080093912,40.));
#2208 = CARTESIAN_POINT('',(-74.05573666661,11.508952846375,40.));
#2209 = CARTESIAN_POINT('',(-74.04930899462,11.302027638767,40.));
#2210 = CARTESIAN_POINT('',(-74.02045317455,10.946794511125,40.));
#2211 = CARTESIAN_POINT('',(-74.00307755873,10.798497131113,40.));
#2212 = CARTESIAN_POINT('',(-73.98033431987,10.650466583213,40.));
#2213 = CARTESIAN_POINT('',(-73.95220996122,10.502986349339,40.));
#2214 = CARTESIAN_POINT('',(-73.91871453084,10.356339946577,40.));
#2215 = CARTESIAN_POINT('',(-73.8522487949,10.107253448132,40.));
#2216 = CARTESIAN_POINT('',(-73.82191320707,10.00426171064,40.));
#2217 = CARTESIAN_POINT('',(-73.78888696492,9.901936615681,40.));
#2218 = CARTESIAN_POINT('',(-73.75318793173,9.80037866686,40.));
#2219 = CARTESIAN_POINT('',(-73.71483975193,9.699687159912,40.));
#2220 = CARTESIAN_POINT('',(-73.57443537211,9.357904835179,40.));
#2221 = CARTESIAN_POINT('',(-73.45956158931,9.121521888707,40.));
#2222 = CARTESIAN_POINT('',(-73.32967579875,8.892230269061,40.));
#2223 = CARTESIAN_POINT('',(-73.18539350227,8.671355797362,40.));
#2224 = CARTESIAN_POINT('',(-73.02749521034,8.460134703441,40.));
#2225 = CARTESIAN_POINT('',(-72.68639030271,8.059253036187,40.));
#2226 = CARTESIAN_POINT('',(-72.50317085334,7.86957738017,40.));
#2227 = CARTESIAN_POINT('',(-72.30824278014,7.691796729919,40.));
#2228 = CARTESIAN_POINT('',(-72.10270141936,7.526879434174,40.));
#2229 = CARTESIAN_POINT('',(-71.88775695885,7.375645303587,40.));
#2230 = CARTESIAN_POINT('',(-71.5728595917,7.1823367535,40.));
#2231 = CARTESIAN_POINT('',(-71.47960576959,7.128363731274,40.));
#2232 = CARTESIAN_POINT('',(-71.3850725857,7.076866983003,40.));
#2233 = CARTESIAN_POINT('',(-71.28935426996,7.027885744147,40.));
#2234 = CARTESIAN_POINT('',(-71.19254717007,6.981453736952,40.));
#2235 = CARTESIAN_POINT('',(-70.9573134871,6.875969652102,40.));
#2236 = CARTESIAN_POINT('',(-70.81792059215,6.819430001092,40.));
#2237 = CARTESIAN_POINT('',(-70.67684478015,6.768058664694,40.));
#2238 = CARTESIAN_POINT('',(-70.53436430307,6.721910948856,40.));
#2239 = CARTESIAN_POINT('',(-70.39076114738,6.681018912736,40.));
#2240 = CARTESIAN_POINT('',(-70.04472895481,6.595666964704,40.));
#2241 = CARTESIAN_POINT('',(-69.84150147616,6.556196109242,40.));
#2242 = CARTESIAN_POINT('',(-69.6374155574,6.527002955659,40.));
#2243 = CARTESIAN_POINT('',(-69.43324214286,6.508018439983,40.));
#2244 = CARTESIAN_POINT('',(-69.22973935685,6.499081634233,40.));
#2245 = CARTESIAN_POINT('',(-69.02764650283,6.499941205186,40.));
#2246 = ORIENTED_EDGE('',*,*,#2247,.F.);
#2247 = EDGE_CURVE('',#2248,#2201,#2250,.T.);
#2248 = VERTEX_POINT('',#2249);
#2249 = CARTESIAN_POINT('',(-69.02764650283,-6.499941205186,40.));
#2250 = CIRCLE('',#2251,6.5);
#2251 = AXIS2_PLACEMENT_3D('',#2252,#2253,#2254);
#2252 = CARTESIAN_POINT('',(-69.,-3.308464613383E-14,40.));
#2253 = DIRECTION('',(-2.22044604925E-16,-4.440892098501E-16,1.));
#2254 = DIRECTION('',(-1.,-2.22044604925E-16,-2.22044604925E-16));
#2255 = ORIENTED_EDGE('',*,*,#2256,.T.);
#2256 = EDGE_CURVE('',#2248,#2257,#2259,.T.);
#2257 = VERTEX_POINT('',#2258);
#2258 = CARTESIAN_POINT('',(-73.98097826087,-12.32131711972,40.));
#2259 = B_SPLINE_CURVE_WITH_KNOTS('',6,(#2260,#2261,#2262,#2263,#2264,
    #2265,#2266,#2267,#2268,#2269,#2270,#2271,#2272,#2273,#2274,#2275,
    #2276,#2277,#2278,#2279,#2280,#2281,#2282,#2283,#2284,#2285,#2286,
    #2287,#2288,#2289,#2290,#2291,#2292,#2293,#2294,#2295,#2296,#2297,
    #2298,#2299,#2300,#2301),.UNSPECIFIED.,.F.,.F.,(7,5,5,5,5,5,5,5,7),(
    0.,0.144347625826,0.2477732501,0.321369248254,0.5,0.678630751746,
    0.7522267499,0.855652374174,1.),.UNSPECIFIED.);
#2260 = CARTESIAN_POINT('',(-69.02764650283,-6.499941205186,40.));
#2261 = CARTESIAN_POINT('',(-69.22973935685,-6.499081634233,40.));
#2262 = CARTESIAN_POINT('',(-69.43324214286,-6.508018439983,40.));
#2263 = CARTESIAN_POINT('',(-69.6374155574,-6.527002955659,40.));
#2264 = CARTESIAN_POINT('',(-69.84150147616,-6.556196109242,40.));
#2265 = CARTESIAN_POINT('',(-70.04472895481,-6.595666964704,40.));
#2266 = CARTESIAN_POINT('',(-70.39076114738,-6.681018912736,40.));
#2267 = CARTESIAN_POINT('',(-70.53436430307,-6.721910948856,40.));
#2268 = CARTESIAN_POINT('',(-70.67684478015,-6.768058664694,40.));
#2269 = CARTESIAN_POINT('',(-70.81792059215,-6.819430001092,40.));
#2270 = CARTESIAN_POINT('',(-70.9573134871,-6.875969652102,40.));
#2271 = CARTESIAN_POINT('',(-71.19254717007,-6.981453736952,40.));
#2272 = CARTESIAN_POINT('',(-71.28935426996,-7.027885744147,40.));
#2273 = CARTESIAN_POINT('',(-71.3850725857,-7.076866983003,40.));
#2274 = CARTESIAN_POINT('',(-71.47960576959,-7.128363731274,40.));
#2275 = CARTESIAN_POINT('',(-71.5728595917,-7.1823367535,40.));
#2276 = CARTESIAN_POINT('',(-71.88775695885,-7.375645303587,40.));
#2277 = CARTESIAN_POINT('',(-72.10270141936,-7.526879434174,40.));
#2278 = CARTESIAN_POINT('',(-72.30824278014,-7.691796729919,40.));
#2279 = CARTESIAN_POINT('',(-72.50317085334,-7.86957738017,40.));
#2280 = CARTESIAN_POINT('',(-72.68639030271,-8.059253036187,40.));
#2281 = CARTESIAN_POINT('',(-73.02749521034,-8.460134703441,40.));
#2282 = CARTESIAN_POINT('',(-73.18539350227,-8.671355797363,40.));
#2283 = CARTESIAN_POINT('',(-73.32967579875,-8.89223026906,40.));
#2284 = CARTESIAN_POINT('',(-73.45956158931,-9.121521888707,40.));
#2285 = CARTESIAN_POINT('',(-73.57443537211,-9.357904835179,40.));
#2286 = CARTESIAN_POINT('',(-73.71483975193,-9.699687159912,40.));
#2287 = CARTESIAN_POINT('',(-73.75318793173,-9.80037866686,40.));
#2288 = CARTESIAN_POINT('',(-73.78888696492,-9.901936615681,40.));
#2289 = CARTESIAN_POINT('',(-73.82191320707,-10.00426171064,40.));
#2290 = CARTESIAN_POINT('',(-73.8522487949,-10.10725344813,40.));
#2291 = CARTESIAN_POINT('',(-73.91871453084,-10.35633994657,40.));
#2292 = CARTESIAN_POINT('',(-73.95220996122,-10.50298634933,40.));
#2293 = CARTESIAN_POINT('',(-73.98033431987,-10.65046658321,40.));
#2294 = CARTESIAN_POINT('',(-74.00307755873,-10.79849713111,40.));
#2295 = CARTESIAN_POINT('',(-74.02045317455,-10.94679451112,40.));
#2296 = CARTESIAN_POINT('',(-74.04930899462,-11.30202763876,40.));
#2297 = CARTESIAN_POINT('',(-74.05573666661,-11.50895284637,40.));
#2298 = CARTESIAN_POINT('',(-74.05188176425,-11.71508009391,40.));
#2299 = CARTESIAN_POINT('',(-74.03793587913,-11.9196594363,40.));
#2300 = CARTESIAN_POINT('',(-74.01417922974,-12.12196828933,40.));
#2301 = CARTESIAN_POINT('',(-73.98097826087,-12.32131711972,40.));
#2302 = ORIENTED_EDGE('',*,*,#2303,.F.);
#2303 = EDGE_CURVE('',#2304,#2257,#2306,.T.);
#2304 = VERTEX_POINT('',#2305);
#2305 = CARTESIAN_POINT('',(-47.65929325138,-57.91020434067,40.));
#2306 = CIRCLE('',#2307,75.);
#2307 = AXIS2_PLACEMENT_3D('',#2308,#2309,#2310);
#2308 = CARTESIAN_POINT('',(0.,0.,40.));
#2309 = DIRECTION('',(0.,0.,-1.));
#2310 = DIRECTION('',(0.,1.,0.));
#2311 = ORIENTED_EDGE('',*,*,#2312,.T.);
#2312 = EDGE_CURVE('',#2304,#2313,#2315,.T.);
#2313 = VERTEX_POINT('',#2314);
#2314 = CARTESIAN_POINT('',(-40.14200397609,-56.53233968116,40.));
#2315 = B_SPLINE_CURVE_WITH_KNOTS('',6,(#2316,#2317,#2318,#2319,#2320,
    #2321,#2322,#2323,#2324,#2325,#2326,#2327,#2328,#2329,#2330,#2331,
    #2332,#2333,#2334,#2335,#2336,#2337,#2338,#2339,#2340,#2341,#2342,
    #2343,#2344,#2345,#2346,#2347,#2348,#2349,#2350,#2351,#2352,#2353,
    #2354,#2355,#2356,#2357),.UNSPECIFIED.,.F.,.F.,(7,5,5,5,5,5,5,5,7),(
    0.,0.144351649686,0.247777648907,0.32137293216,0.499999999999,
    0.678627067839,0.752222351092,0.855648350313,1.),.UNSPECIFIED.);
#2316 = CARTESIAN_POINT('',(-47.65929325138,-57.91020434067,40.));
#2317 = CARTESIAN_POINT('',(-47.50327221016,-58.03860748898,40.));
#2318 = CARTESIAN_POINT('',(-47.33996798041,-58.16031340894,40.));
#2319 = CARTESIAN_POINT('',(-47.16979432475,-58.27466030307,40.));
#2320 = CARTESIAN_POINT('',(-46.99323670046,-58.38104448569,40.));
#2321 = CARTESIAN_POINT('',(-46.81084853495,-58.47892530553,40.));
#2322 = CARTESIAN_POINT('',(-46.48883390489,-58.63152912522,40.));
#2323 = CARTESIAN_POINT('',(-46.35174222839,-58.69062132059,40.));
#2324 = CARTESIAN_POINT('',(-46.21219861325,-58.74493336625,40.));
#2325 = CARTESIAN_POINT('',(-46.07044168628,-58.79431190625,40.));
#2326 = CARTESIAN_POINT('',(-45.92672187038,-58.8386239436,40.));
#2327 = CARTESIAN_POINT('',(-45.67782272416,-58.90560353394,40.));
#2328 = CARTESIAN_POINT('',(-45.57348284897,-58.93082775093,40.));
#2329 = CARTESIAN_POINT('',(-45.46837514136,-58.9533895435,40.));
#2330 = CARTESIAN_POINT('',(-45.36259551652,-58.9732541439,40.));
#2331 = CARTESIAN_POINT('',(-45.25624173326,-58.99039239094,40.));
#2332 = CARTESIAN_POINT('',(-44.89012458973,-59.03970344095,40.));
#2333 = CARTESIAN_POINT('',(-44.62802963213,-59.0584276979,40.));
#2334 = CARTESIAN_POINT('',(-44.3645691179,-59.06061245526,40.));
#2335 = CARTESIAN_POINT('',(-44.10119812911,-59.04612778168,40.));
#2336 = CARTESIAN_POINT('',(-43.83937667962,-59.01503131324,40.));
#2337 = CARTESIAN_POINT('',(-43.3217448598,-58.92015315104,40.));
#2338 = CARTESIAN_POINT('',(-43.0659150291,-58.85636789033,40.));
#2339 = CARTESIAN_POINT('',(-42.81452809641,-58.77650116646,40.));
#2340 = CARTESIAN_POINT('',(-42.5689696042,-58.68101691319,40.));
#2341 = CARTESIAN_POINT('',(-42.33055395917,-58.5705526891,40.));
#2342 = CARTESIAN_POINT('',(-42.00572666307,-58.39459652938,40.));
#2343 = CARTESIAN_POINT('',(-41.9123651932,-58.34085192343,40.));
#2344 = CARTESIAN_POINT('',(-41.82050751218,-58.28476183679,40.));
#2345 = CARTESIAN_POINT('',(-41.73023468108,-58.22638820706,40.));
#2346 = CARTESIAN_POINT('',(-41.64162404872,-58.16579756001,40.));
#2347 = CARTESIAN_POINT('',(-41.43266109207,-58.01489516353,40.));
#2348 = CARTESIAN_POINT('',(-41.31400042311,-57.92249068433,40.));
#2349 = CARTESIAN_POINT('',(-41.19897197492,-57.82604524553,40.));
#2350 = CARTESIAN_POINT('',(-41.08776272077,-57.7257720157,40.));
#2351 = CARTESIAN_POINT('',(-40.98054138397,-57.6218990151,40.));
#2352 = CARTESIAN_POINT('',(-40.73358440615,-57.36500682203,40.));
#2353 = CARTESIAN_POINT('',(-40.59776839288,-57.20880148169,40.));
#2354 = CARTESIAN_POINT('',(-40.47041977363,-57.0467134865,40.));
#2355 = CARTESIAN_POINT('',(-40.35186424561,-56.87944462492,40.));
#2356 = CARTESIAN_POINT('',(-40.24234159814,-56.70773151507,40.));
#2357 = CARTESIAN_POINT('',(-40.14200397609,-56.53233968116,40.));
#2358 = ORIENTED_EDGE('',*,*,#2359,.F.);
#2359 = EDGE_CURVE('',#2360,#2313,#2362,.T.);
#2360 = VERTEX_POINT('',#2361);
#2361 = CARTESIAN_POINT('',(-28.88356078411,-63.03194292955,40.));
#2362 = CIRCLE('',#2363,6.5);
#2363 = AXIS2_PLACEMENT_3D('',#2364,#2365,#2366);
#2364 = CARTESIAN_POINT('',(-34.5,-59.76,40.));
#2365 = DIRECTION('',(-2.22044604925E-16,-4.440892098501E-16,1.));
#2366 = DIRECTION('',(-1.,-2.22044604925E-16,-2.22044604925E-16));
#2367 = ORIENTED_EDGE('',*,*,#2368,.F.);
#2368 = EDGE_CURVE('',#2369,#2360,#2371,.T.);
#2369 = VERTEX_POINT('',#2370);
#2370 = CARTESIAN_POINT('',(-26.317738849,-70.23088082799,40.));
#2371 = B_SPLINE_CURVE_WITH_KNOTS('',6,(#2372,#2373,#2374,#2375,#2376,
    #2377,#2378,#2379,#2380,#2381,#2382,#2383,#2384,#2385,#2386,#2387,
    #2388,#2389,#2390,#2391,#2392,#2393,#2394,#2395,#2396,#2397,#2398,
    #2399,#2400,#2401,#2402,#2403,#2404,#2405,#2406,#2407,#2408,#2409,
    #2410,#2411,#2412,#2413),.UNSPECIFIED.,.F.,.F.,(7,5,5,5,5,5,5,5,7),(
    0.,0.144351649687,0.247777648908,0.321372932161,0.5,0.678627067839,
    0.752222351092,0.855648350313,1.),.UNSPECIFIED.);
#2372 = CARTESIAN_POINT('',(-26.317738849,-70.23088082799,40.));
#2373 = CARTESIAN_POINT('',(-26.50695412249,-70.15997586289,40.));
#2374 = CARTESIAN_POINT('',(-26.69401161469,-70.07941472449,40.));
#2375 = CARTESIAN_POINT('',(-26.87813130917,-69.989224795,40.));
#2376 = CARTESIAN_POINT('',(-27.05854766286,-69.88952460277,40.));
#2377 = CARTESIAN_POINT('',(-27.23451573146,-69.78052305855,40.));
#2378 = CARTESIAN_POINT('',(-27.52769429862,-69.57797016297,40.));
#2379 = CARTESIAN_POINT('',(-27.64742096791,-69.48879875511,40.));
#2380 = CARTESIAN_POINT('',(-27.76423415324,-69.39511365189,40.));
#2381 = CARTESIAN_POINT('',(-27.87788172307,-69.29704481674,40.));
#2382 = CARTESIAN_POINT('',(-27.98812327791,-69.19474260893,40.));
#2383 = CARTESIAN_POINT('',(-28.17059008334,-69.01269065088,40.));
#2384 = CARTESIAN_POINT('',(-28.2446096189,-68.93494633255,40.));
#2385 = CARTESIAN_POINT('',(-28.31670746635,-68.85520572134,40.));
#2386 = CARTESIAN_POINT('',(-28.38680555431,-68.77353449357,40.));
#2387 = CARTESIAN_POINT('',(-28.45482974472,-68.6900027257,40.));
#2388 = CARTESIAN_POINT('',(-28.6806109358,-68.3976053998,40.));
#2389 = CARTESIAN_POINT('',(-28.82788749082,-68.17999570116,40.));
#2390 = CARTESIAN_POINT('',(-28.96152377916,-67.95293280644,40.));
#2391 = CARTESIAN_POINT('',(-29.08067966237,-67.71761183627,40.));
#2392 = CARTESIAN_POINT('',(-29.18467496824,-67.47532597593,40.));
#2393 = CARTESIAN_POINT('',(-29.36135449047,-66.97961546266,40.));
#2394 = CARTESIAN_POINT('',(-29.43404534909,-66.72617217347,40.));
#2395 = CARTESIAN_POINT('',(-29.49058806119,-66.46853482133,40.));
#2396 = CARTESIAN_POINT('',(-29.53069154583,-66.20813527018,40.));
#2397 = CARTESIAN_POINT('',(-29.55425065191,-65.94643060243,40.));
#2398 = CARTESIAN_POINT('',(-29.56430452506,-65.57714445041,40.));
#2399 = CARTESIAN_POINT('',(-29.56444769638,-65.46941875141,40.));
#2400 = CARTESIAN_POINT('',(-29.56180771945,-65.3618224601,40.));
#2401 = CARTESIAN_POINT('',(-29.55639769704,-65.25445674704,40.));
#2402 = CARTESIAN_POINT('',(-29.54823656156,-65.14742186233,40.));
#2403 = CARTESIAN_POINT('',(-29.52204851351,-64.89100182284,40.));
#2404 = CARTESIAN_POINT('',(-29.50136339035,-64.74203515605,40.));
#2405 = CARTESIAN_POINT('',(-29.47536251391,-64.59419327774,40.));
#2406 = CARTESIAN_POINT('',(-29.44413699041,-64.4477447014,40.));
#2407 = CARTESIAN_POINT('',(-29.40779991351,-64.3029495628,40.));
#2408 = CARTESIAN_POINT('',(-29.30882430681,-63.96062635729,40.));
#2409 = CARTESIAN_POINT('',(-29.24146656726,-63.76489942319,40.));
#2410 = CARTESIAN_POINT('',(-29.16478033188,-63.57356356583,40.));
#2411 = CARTESIAN_POINT('',(-29.07921047972,-63.38725176888,40.));
#2412 = CARTESIAN_POINT('',(-28.9852750107,-63.20654003694,40.));
#2413 = CARTESIAN_POINT('',(-28.88356078411,-63.03194292955,40.));
#2414 = ORIENTED_EDGE('',*,*,#2415,.F.);
#2415 = EDGE_CURVE('',#2416,#2369,#2418,.T.);
#2416 = VERTEX_POINT('',#2417);
#2417 = CARTESIAN_POINT('',(26.317738849003,-70.23088082799,40.));
#2418 = CIRCLE('',#2419,75.);
#2419 = AXIS2_PLACEMENT_3D('',#2420,#2421,#2422);
#2420 = CARTESIAN_POINT('',(0.,0.,40.));
#2421 = DIRECTION('',(0.,0.,-1.));
#2422 = DIRECTION('',(0.,1.,0.));
#2423 = ORIENTED_EDGE('',*,*,#2424,.T.);
#2424 = EDGE_CURVE('',#2416,#2425,#2427,.T.);
#2425 = VERTEX_POINT('',#2426);
#2426 = CARTESIAN_POINT('',(28.883560784112,-63.03194292955,40.));
#2427 = B_SPLINE_CURVE_WITH_KNOTS('',6,(#2428,#2429,#2430,#2431,#2432,
    #2433,#2434,#2435,#2436,#2437,#2438,#2439,#2440,#2441,#2442,#2443,
    #2444,#2445,#2446,#2447,#2448,#2449,#2450,#2451,#2452,#2453,#2454,
    #2455,#2456,#2457,#2458,#2459,#2460,#2461,#2462,#2463,#2464,#2465,
    #2466,#2467,#2468,#2469),.UNSPECIFIED.,.F.,.F.,(7,5,5,5,5,5,5,5,7),(
    0.,0.144351649687,0.247777648908,0.321372932161,0.5,0.678627067839,
    0.752222351092,0.855648350313,1.),.UNSPECIFIED.);
#2428 = CARTESIAN_POINT('',(26.317738849003,-70.23088082799,40.));
#2429 = CARTESIAN_POINT('',(26.506954122499,-70.15997586289,40.));
#2430 = CARTESIAN_POINT('',(26.694011614693,-70.07941472449,40.));
#2431 = CARTESIAN_POINT('',(26.878131309174,-69.989224795,40.));
#2432 = CARTESIAN_POINT('',(27.058547662863,-69.88952460277,40.));
#2433 = CARTESIAN_POINT('',(27.234515731465,-69.78052305855,40.));
#2434 = CARTESIAN_POINT('',(27.527694298628,-69.57797016297,40.));
#2435 = CARTESIAN_POINT('',(27.647420967918,-69.48879875511,40.));
#2436 = CARTESIAN_POINT('',(27.764234153247,-69.39511365189,40.));
#2437 = CARTESIAN_POINT('',(27.877881723075,-69.29704481674,40.));
#2438 = CARTESIAN_POINT('',(27.988123277913,-69.19474260893,40.));
#2439 = CARTESIAN_POINT('',(28.170590083341,-69.01269065088,40.));
#2440 = CARTESIAN_POINT('',(28.244609618902,-68.93494633255,40.));
#2441 = CARTESIAN_POINT('',(28.316707466353,-68.85520572134,40.));
#2442 = CARTESIAN_POINT('',(28.386805554315,-68.77353449357,40.));
#2443 = CARTESIAN_POINT('',(28.45482974472,-68.6900027257,40.));
#2444 = CARTESIAN_POINT('',(28.680610935802,-68.3976053998,40.));
#2445 = CARTESIAN_POINT('',(28.827887490823,-68.17999570116,40.));
#2446 = CARTESIAN_POINT('',(28.961523779164,-67.95293280644,40.));
#2447 = CARTESIAN_POINT('',(29.080679662375,-67.71761183627,40.));
#2448 = CARTESIAN_POINT('',(29.184674968248,-67.47532597593,40.));
#2449 = CARTESIAN_POINT('',(29.361354490474,-66.97961546266,40.));
#2450 = CARTESIAN_POINT('',(29.434045349098,-66.72617217347,40.));
#2451 = CARTESIAN_POINT('',(29.490588061197,-66.46853482133,40.));
#2452 = CARTESIAN_POINT('',(29.530691545834,-66.20813527018,40.));
#2453 = CARTESIAN_POINT('',(29.554250651911,-65.94643060243,40.));
#2454 = CARTESIAN_POINT('',(29.564304525068,-65.57714445041,40.));
#2455 = CARTESIAN_POINT('',(29.564447696389,-65.46941875141,40.));
#2456 = CARTESIAN_POINT('',(29.561807719458,-65.3618224601,40.));
#2457 = CARTESIAN_POINT('',(29.556397697041,-65.25445674704,40.));
#2458 = CARTESIAN_POINT('',(29.548236561565,-65.14742186233,40.));
#2459 = CARTESIAN_POINT('',(29.522048513517,-64.89100182284,40.));
#2460 = CARTESIAN_POINT('',(29.501363390358,-64.74203515605,40.));
#2461 = CARTESIAN_POINT('',(29.475362513915,-64.59419327774,40.));
#2462 = CARTESIAN_POINT('',(29.444136990411,-64.4477447014,40.));
#2463 = CARTESIAN_POINT('',(29.407799913514,-64.3029495628,40.));
#2464 = CARTESIAN_POINT('',(29.308824306816,-63.96062635729,40.));
#2465 = CARTESIAN_POINT('',(29.241466567261,-63.76489942319,40.));
#2466 = CARTESIAN_POINT('',(29.164780331883,-63.57356356583,40.));
#2467 = CARTESIAN_POINT('',(29.079210479729,-63.38725176888,40.));
#2468 = CARTESIAN_POINT('',(28.985275010704,-63.20654003694,40.));
#2469 = CARTESIAN_POINT('',(28.883560784112,-63.03194292955,40.));
#2470 = ORIENTED_EDGE('',*,*,#2471,.F.);
#2471 = EDGE_CURVE('',#2472,#2425,#2474,.T.);
#2472 = VERTEX_POINT('',#2473);
#2473 = CARTESIAN_POINT('',(40.142003976092,-56.53233968116,40.));
#2474 = CIRCLE('',#2475,6.5);
#2475 = AXIS2_PLACEMENT_3D('',#2476,#2477,#2478);
#2476 = CARTESIAN_POINT('',(34.5,-59.76,40.));
#2477 = DIRECTION('',(0.,-4.440892098501E-16,1.));
#2478 = DIRECTION('',(1.,0.,0.));
#2479 = ORIENTED_EDGE('',*,*,#2480,.F.);
#2480 = EDGE_CURVE('',#2481,#2472,#2483,.T.);
#2481 = VERTEX_POINT('',#2482);
#2482 = CARTESIAN_POINT('',(47.659293251383,-57.91020434067,40.));
#2483 = B_SPLINE_CURVE_WITH_KNOTS('',6,(#2484,#2485,#2486,#2487,#2488,
    #2489,#2490,#2491,#2492,#2493,#2494,#2495,#2496,#2497,#2498,#2499,
    #2500,#2501,#2502,#2503,#2504,#2505,#2506,#2507,#2508,#2509,#2510,
    #2511,#2512,#2513,#2514,#2515,#2516,#2517,#2518,#2519,#2520,#2521,
    #2522,#2523,#2524,#2525),.UNSPECIFIED.,.F.,.F.,(7,5,5,5,5,5,5,5,7),(
    0.,0.144351649686,0.247777648907,0.32137293216,0.499999999999,
    0.678627067839,0.752222351092,0.855648350313,1.),.UNSPECIFIED.);
#2484 = CARTESIAN_POINT('',(47.659293251383,-57.91020434067,40.));
#2485 = CARTESIAN_POINT('',(47.503272210163,-58.03860748898,40.));
#2486 = CARTESIAN_POINT('',(47.339967980418,-58.16031340894,40.));
#2487 = CARTESIAN_POINT('',(47.169794324754,-58.27466030307,40.));
#2488 = CARTESIAN_POINT('',(46.993236700461,-58.38104448569,40.));
#2489 = CARTESIAN_POINT('',(46.810848534953,-58.47892530553,40.));
#2490 = CARTESIAN_POINT('',(46.488833904899,-58.63152912522,40.));
#2491 = CARTESIAN_POINT('',(46.351742228399,-58.69062132059,40.));
#2492 = CARTESIAN_POINT('',(46.212198613255,-58.74493336625,40.));
#2493 = CARTESIAN_POINT('',(46.070441686285,-58.79431190625,40.));
#2494 = CARTESIAN_POINT('',(45.926721870387,-58.8386239436,40.));
#2495 = CARTESIAN_POINT('',(45.677822724163,-58.90560353394,40.));
#2496 = CARTESIAN_POINT('',(45.573482848977,-58.93082775093,40.));
#2497 = CARTESIAN_POINT('',(45.468375141364,-58.9533895435,40.));
#2498 = CARTESIAN_POINT('',(45.362595516521,-58.9732541439,40.));
#2499 = CARTESIAN_POINT('',(45.256241733266,-58.99039239094,40.));
#2500 = CARTESIAN_POINT('',(44.890124589737,-59.03970344095,40.));
#2501 = CARTESIAN_POINT('',(44.628029632135,-59.0584276979,40.));
#2502 = CARTESIAN_POINT('',(44.364569117908,-59.06061245526,40.));
#2503 = CARTESIAN_POINT('',(44.101198129115,-59.04612778168,40.));
#2504 = CARTESIAN_POINT('',(43.839376679623,-59.01503131324,40.));
#2505 = CARTESIAN_POINT('',(43.321744859809,-58.92015315104,40.));
#2506 = CARTESIAN_POINT('',(43.065915029104,-58.85636789033,40.));
#2507 = CARTESIAN_POINT('',(42.814528096417,-58.77650116646,40.));
#2508 = CARTESIAN_POINT('',(42.568969604206,-58.68101691319,40.));
#2509 = CARTESIAN_POINT('',(42.330553959171,-58.5705526891,40.));
#2510 = CARTESIAN_POINT('',(42.00572666307,-58.39459652938,40.));
#2511 = CARTESIAN_POINT('',(41.912365193204,-58.34085192343,40.));
#2512 = CARTESIAN_POINT('',(41.820507512185,-58.28476183679,40.));
#2513 = CARTESIAN_POINT('',(41.730234681082,-58.22638820706,40.));
#2514 = CARTESIAN_POINT('',(41.641624048725,-58.16579756001,40.));
#2515 = CARTESIAN_POINT('',(41.432661092075,-58.01489516353,40.));
#2516 = CARTESIAN_POINT('',(41.314000423115,-57.92249068433,40.));
#2517 = CARTESIAN_POINT('',(41.198971974927,-57.82604524553,40.));
#2518 = CARTESIAN_POINT('',(41.087762720771,-57.7257720157,40.));
#2519 = CARTESIAN_POINT('',(40.98054138397,-57.6218990151,40.));
#2520 = CARTESIAN_POINT('',(40.733584406151,-57.36500682203,40.));
#2521 = CARTESIAN_POINT('',(40.597768392888,-57.20880148169,40.));
#2522 = CARTESIAN_POINT('',(40.470419773636,-57.0467134865,40.));
#2523 = CARTESIAN_POINT('',(40.351864245617,-56.87944462492,40.));
#2524 = CARTESIAN_POINT('',(40.242341598141,-56.70773151507,40.));
#2525 = CARTESIAN_POINT('',(40.142003976092,-56.53233968116,40.));
#2526 = ORIENTED_EDGE('',*,*,#2527,.F.);
#2527 = EDGE_CURVE('',#2528,#2481,#2530,.T.);
#2528 = VERTEX_POINT('',#2529);
#2529 = CARTESIAN_POINT('',(73.98097826087,-12.32131711972,40.));
#2530 = CIRCLE('',#2531,75.);
#2531 = AXIS2_PLACEMENT_3D('',#2532,#2533,#2534);
#2532 = CARTESIAN_POINT('',(0.,0.,40.));
#2533 = DIRECTION('',(0.,0.,-1.));
#2534 = DIRECTION('',(0.,1.,0.));
#2535 = ORIENTED_EDGE('',*,*,#2536,.F.);
#2536 = EDGE_CURVE('',#2537,#2528,#2539,.T.);
#2537 = VERTEX_POINT('',#2538);
#2538 = CARTESIAN_POINT('',(69.027646502836,-6.499941205186,40.));
#2539 = B_SPLINE_CURVE_WITH_KNOTS('',6,(#2540,#2541,#2542,#2543,#2544,
    #2545,#2546,#2547,#2548,#2549,#2550,#2551,#2552,#2553,#2554,#2555,
    #2556,#2557,#2558,#2559,#2560,#2561,#2562,#2563,#2564,#2565,#2566,
    #2567,#2568,#2569,#2570,#2571,#2572,#2573,#2574,#2575,#2576,#2577,
    #2578,#2579,#2580,#2581),.UNSPECIFIED.,.F.,.F.,(7,5,5,5,5,5,5,5,7),(
    0.,0.144347625826,0.2477732501,0.321369248254,0.5,0.678630751746,
    0.7522267499,0.855652374174,1.),.UNSPECIFIED.);
#2540 = CARTESIAN_POINT('',(69.027646502836,-6.499941205186,40.));
#2541 = CARTESIAN_POINT('',(69.229739356859,-6.499081634233,40.));
#2542 = CARTESIAN_POINT('',(69.433242142861,-6.508018439983,40.));
#2543 = CARTESIAN_POINT('',(69.637415557409,-6.527002955659,40.));
#2544 = CARTESIAN_POINT('',(69.841501476162,-6.556196109242,40.));
#2545 = CARTESIAN_POINT('',(70.044728954816,-6.595666964704,40.));
#2546 = CARTESIAN_POINT('',(70.390761147384,-6.681018912736,40.));
#2547 = CARTESIAN_POINT('',(70.534364303078,-6.721910948856,40.));
#2548 = CARTESIAN_POINT('',(70.676844780156,-6.768058664694,40.));
#2549 = CARTESIAN_POINT('',(70.817920592151,-6.819430001092,40.));
#2550 = CARTESIAN_POINT('',(70.957313487101,-6.875969652102,40.));
#2551 = CARTESIAN_POINT('',(71.192547170075,-6.981453736952,40.));
#2552 = CARTESIAN_POINT('',(71.289354269961,-7.027885744147,40.));
#2553 = CARTESIAN_POINT('',(71.385072585707,-7.076866983003,40.));
#2554 = CARTESIAN_POINT('',(71.479605769599,-7.128363731274,40.));
#2555 = CARTESIAN_POINT('',(71.572859591705,-7.1823367535,40.));
#2556 = CARTESIAN_POINT('',(71.887756958854,-7.375645303587,40.));
#2557 = CARTESIAN_POINT('',(72.10270141936,-7.526879434174,40.));
#2558 = CARTESIAN_POINT('',(72.308242780146,-7.691796729919,40.));
#2559 = CARTESIAN_POINT('',(72.503170853348,-7.86957738017,40.));
#2560 = CARTESIAN_POINT('',(72.686390302712,-8.059253036187,40.));
#2561 = CARTESIAN_POINT('',(73.027495210344,-8.460134703441,40.));
#2562 = CARTESIAN_POINT('',(73.185393502271,-8.671355797363,40.));
#2563 = CARTESIAN_POINT('',(73.329675798754,-8.89223026906,40.));
#2564 = CARTESIAN_POINT('',(73.459561589312,-9.121521888707,40.));
#2565 = CARTESIAN_POINT('',(73.574435372111,-9.357904835179,40.));
#2566 = CARTESIAN_POINT('',(73.714839751936,-9.699687159912,40.));
#2567 = CARTESIAN_POINT('',(73.753187931736,-9.80037866686,40.));
#2568 = CARTESIAN_POINT('',(73.788886964926,-9.901936615681,40.));
#2569 = CARTESIAN_POINT('',(73.821913207079,-10.00426171064,40.));
#2570 = CARTESIAN_POINT('',(73.852248794906,-10.10725344813,40.));
#2571 = CARTESIAN_POINT('',(73.918714530847,-10.35633994657,40.));
#2572 = CARTESIAN_POINT('',(73.95220996122,-10.50298634933,40.));
#2573 = CARTESIAN_POINT('',(73.980334319876,-10.65046658321,40.));
#2574 = CARTESIAN_POINT('',(74.003077558739,-10.79849713111,40.));
#2575 = CARTESIAN_POINT('',(74.020453174554,-10.94679451112,40.));
#2576 = CARTESIAN_POINT('',(74.049308994629,-11.30202763876,40.));
#2577 = CARTESIAN_POINT('',(74.05573666661,-11.50895284637,40.));
#2578 = CARTESIAN_POINT('',(74.051881764251,-11.71508009391,40.));
#2579 = CARTESIAN_POINT('',(74.037935879132,-11.9196594363,40.));
#2580 = CARTESIAN_POINT('',(74.014179229745,-12.12196828933,40.));
#2581 = CARTESIAN_POINT('',(73.98097826087,-12.32131711972,40.));
#2582 = ORIENTED_EDGE('',*,*,#2583,.F.);
#2583 = EDGE_CURVE('',#2584,#2537,#2586,.T.);
#2584 = VERTEX_POINT('',#2585);
#2585 = CARTESIAN_POINT('',(69.027646502836,6.499941205186,40.));
#2586 = CIRCLE('',#2587,6.5);
#2587 = AXIS2_PLACEMENT_3D('',#2588,#2589,#2590);
#2588 = CARTESIAN_POINT('',(69.,0.,40.));
#2589 = DIRECTION('',(0.,0.,1.));
#2590 = DIRECTION('',(1.,0.,0.));
#2591 = ORIENTED_EDGE('',*,*,#2592,.F.);
#2592 = EDGE_CURVE('',#2593,#2584,#2595,.T.);
#2593 = VERTEX_POINT('',#2594);
#2594 = CARTESIAN_POINT('',(73.98097826087,12.321317119722,40.));
#2595 = B_SPLINE_CURVE_WITH_KNOTS('',6,(#2596,#2597,#2598,#2599,#2600,
    #2601,#2602,#2603,#2604,#2605,#2606,#2607,#2608,#2609,#2610,#2611,
    #2612,#2613,#2614,#2615,#2616,#2617,#2618,#2619,#2620,#2621,#2622,
    #2623,#2624,#2625,#2626,#2627,#2628,#2629,#2630,#2631,#2632,#2633,
    #2634,#2635,#2636,#2637),.UNSPECIFIED.,.F.,.F.,(7,5,5,5,5,5,5,5,7),(
    0.,0.144347625826,0.2477732501,0.321369248254,0.5,0.678630751747,
    0.7522267499,0.855652374174,1.),.UNSPECIFIED.);
#2596 = CARTESIAN_POINT('',(73.98097826087,12.321317119722,40.));
#2597 = CARTESIAN_POINT('',(74.014179229745,12.121968289338,40.));
#2598 = CARTESIAN_POINT('',(74.037935879132,11.9196594363,40.));
#2599 = CARTESIAN_POINT('',(74.051881764251,11.715080093912,40.));
#2600 = CARTESIAN_POINT('',(74.05573666661,11.508952846375,40.));
#2601 = CARTESIAN_POINT('',(74.049308994629,11.302027638767,40.));
#2602 = CARTESIAN_POINT('',(74.020453174554,10.946794511125,40.));
#2603 = CARTESIAN_POINT('',(74.003077558739,10.798497131113,40.));
#2604 = CARTESIAN_POINT('',(73.980334319876,10.650466583213,40.));
#2605 = CARTESIAN_POINT('',(73.95220996122,10.502986349339,40.));
#2606 = CARTESIAN_POINT('',(73.918714530847,10.356339946577,40.));
#2607 = CARTESIAN_POINT('',(73.852248794906,10.107253448132,40.));
#2608 = CARTESIAN_POINT('',(73.821913207079,10.00426171064,40.));
#2609 = CARTESIAN_POINT('',(73.788886964926,9.901936615681,40.));
#2610 = CARTESIAN_POINT('',(73.753187931736,9.80037866686,40.));
#2611 = CARTESIAN_POINT('',(73.714839751936,9.699687159912,40.));
#2612 = CARTESIAN_POINT('',(73.574435372111,9.357904835179,40.));
#2613 = CARTESIAN_POINT('',(73.459561589312,9.121521888707,40.));
#2614 = CARTESIAN_POINT('',(73.329675798755,8.892230269061,40.));
#2615 = CARTESIAN_POINT('',(73.18539350227,8.671355797362,40.));
#2616 = CARTESIAN_POINT('',(73.027495210345,8.460134703441,40.));
#2617 = CARTESIAN_POINT('',(72.686390302712,8.059253036187,40.));
#2618 = CARTESIAN_POINT('',(72.503170853348,7.86957738017,40.));
#2619 = CARTESIAN_POINT('',(72.308242780146,7.691796729918,40.));
#2620 = CARTESIAN_POINT('',(72.10270141936,7.526879434174,40.));
#2621 = CARTESIAN_POINT('',(71.887756958854,7.375645303587,40.));
#2622 = CARTESIAN_POINT('',(71.572859591704,7.1823367535,40.));
#2623 = CARTESIAN_POINT('',(71.479605769599,7.128363731274,40.));
#2624 = CARTESIAN_POINT('',(71.385072585707,7.076866983003,40.));
#2625 = CARTESIAN_POINT('',(71.289354269961,7.027885744147,40.));
#2626 = CARTESIAN_POINT('',(71.192547170075,6.981453736952,40.));
#2627 = CARTESIAN_POINT('',(70.957313487101,6.875969652102,40.));
#2628 = CARTESIAN_POINT('',(70.817920592151,6.819430001092,40.));
#2629 = CARTESIAN_POINT('',(70.676844780156,6.768058664694,40.));
#2630 = CARTESIAN_POINT('',(70.534364303078,6.721910948856,40.));
#2631 = CARTESIAN_POINT('',(70.390761147384,6.681018912736,40.));
#2632 = CARTESIAN_POINT('',(70.044728954816,6.595666964704,40.));
#2633 = CARTESIAN_POINT('',(69.841501476162,6.556196109242,40.));
#2634 = CARTESIAN_POINT('',(69.637415557409,6.527002955659,40.));
#2635 = CARTESIAN_POINT('',(69.433242142861,6.508018439983,40.));
#2636 = CARTESIAN_POINT('',(69.229739356859,6.499081634233,40.));
#2637 = CARTESIAN_POINT('',(69.027646502836,6.499941205186,40.));
#2638 = ORIENTED_EDGE('',*,*,#2639,.F.);
#2639 = EDGE_CURVE('',#2640,#2593,#2642,.T.);
#2640 = VERTEX_POINT('',#2641);
#2641 = CARTESIAN_POINT('',(47.659293251383,57.910204340675,40.));
#2642 = CIRCLE('',#2643,75.);
#2643 = AXIS2_PLACEMENT_3D('',#2644,#2645,#2646);
#2644 = CARTESIAN_POINT('',(0.,0.,40.));
#2645 = DIRECTION('',(0.,0.,-1.));
#2646 = DIRECTION('',(0.,1.,0.));
#2647 = ORIENTED_EDGE('',*,*,#2648,.T.);
#2648 = EDGE_CURVE('',#2640,#2649,#2651,.T.);
#2649 = VERTEX_POINT('',#2650);
#2650 = CARTESIAN_POINT('',(40.142003976092,56.532339681168,40.));
#2651 = B_SPLINE_CURVE_WITH_KNOTS('',6,(#2652,#2653,#2654,#2655,#2656,
    #2657,#2658,#2659,#2660,#2661,#2662,#2663,#2664,#2665,#2666,#2667,
    #2668,#2669,#2670,#2671,#2672,#2673,#2674,#2675,#2676,#2677,#2678,
    #2679,#2680,#2681,#2682,#2683,#2684,#2685,#2686,#2687,#2688,#2689,
    #2690,#2691,#2692,#2693),.UNSPECIFIED.,.F.,.F.,(7,5,5,5,5,5,5,5,7),(
    0.,0.144351649686,0.247777648907,0.32137293216,0.499999999999,
    0.678627067839,0.752222351092,0.855648350313,1.),.UNSPECIFIED.);
#2652 = CARTESIAN_POINT('',(47.659293251383,57.910204340675,40.));
#2653 = CARTESIAN_POINT('',(47.503272210163,58.038607488989,40.));
#2654 = CARTESIAN_POINT('',(47.339967980418,58.160313408946,40.));
#2655 = CARTESIAN_POINT('',(47.169794324754,58.274660303074,40.));
#2656 = CARTESIAN_POINT('',(46.993236700461,58.381044485691,40.));
#2657 = CARTESIAN_POINT('',(46.810848534953,58.478925305537,40.));
#2658 = CARTESIAN_POINT('',(46.488833904899,58.63152912522,40.));
#2659 = CARTESIAN_POINT('',(46.351742228399,58.690621320596,40.));
#2660 = CARTESIAN_POINT('',(46.212198613255,58.744933366251,40.));
#2661 = CARTESIAN_POINT('',(46.070441686285,58.794311906254,40.));
#2662 = CARTESIAN_POINT('',(45.926721870387,58.8386239436,40.));
#2663 = CARTESIAN_POINT('',(45.677822724163,58.905603533942,40.));
#2664 = CARTESIAN_POINT('',(45.573482848977,58.930827750935,40.));
#2665 = CARTESIAN_POINT('',(45.468375141364,58.953389543502,40.));
#2666 = CARTESIAN_POINT('',(45.362595516521,58.973254143907,40.));
#2667 = CARTESIAN_POINT('',(45.256241733266,58.990392390949,40.));
#2668 = CARTESIAN_POINT('',(44.890124589737,59.039703440957,40.));
#2669 = CARTESIAN_POINT('',(44.628029632135,59.058427697902,40.));
#2670 = CARTESIAN_POINT('',(44.364569117908,59.060612455265,40.));
#2671 = CARTESIAN_POINT('',(44.101198129115,59.046127781681,40.));
#2672 = CARTESIAN_POINT('',(43.839376679623,59.015031313245,40.));
#2673 = CARTESIAN_POINT('',(43.321744859809,58.920153151046,40.));
#2674 = CARTESIAN_POINT('',(43.065915029104,58.856367890335,40.));
#2675 = CARTESIAN_POINT('',(42.814528096417,58.776501166463,40.));
#2676 = CARTESIAN_POINT('',(42.568969604206,58.681016913191,40.));
#2677 = CARTESIAN_POINT('',(42.330553959171,58.570552689108,40.));
#2678 = CARTESIAN_POINT('',(42.00572666307,58.394596529382,40.));
#2679 = CARTESIAN_POINT('',(41.912365193204,58.340851923431,40.));
#2680 = CARTESIAN_POINT('',(41.820507512185,58.284761836793,40.));
#2681 = CARTESIAN_POINT('',(41.730234681082,58.226388207061,40.));
#2682 = CARTESIAN_POINT('',(41.641624048725,58.16579756001,40.));
#2683 = CARTESIAN_POINT('',(41.432661092075,58.014895163537,40.));
#2684 = CARTESIAN_POINT('',(41.314000423115,57.922490684329,40.));
#2685 = CARTESIAN_POINT('',(41.198971974927,57.826045245535,40.));
#2686 = CARTESIAN_POINT('',(41.087762720771,57.725772015705,40.));
#2687 = CARTESIAN_POINT('',(40.98054138397,57.6218990151,40.));
#2688 = CARTESIAN_POINT('',(40.733584406151,57.365006822036,40.));
#2689 = CARTESIAN_POINT('',(40.597768392888,57.208801481691,40.));
#2690 = CARTESIAN_POINT('',(40.470419773636,57.046713486509,40.));
#2691 = CARTESIAN_POINT('',(40.351864245617,56.879444624928,40.));
#2692 = CARTESIAN_POINT('',(40.242341598141,56.707731515077,40.));
#2693 = CARTESIAN_POINT('',(40.142003976092,56.532339681168,40.));
#2694 = ORIENTED_EDGE('',*,*,#2695,.F.);
#2695 = EDGE_CURVE('',#2024,#2649,#2696,.T.);
#2696 = CIRCLE('',#2697,6.5);
#2697 = AXIS2_PLACEMENT_3D('',#2698,#2699,#2700);
#2698 = CARTESIAN_POINT('',(34.5,59.76,40.));
#2699 = DIRECTION('',(0.,0.,1.));
#2700 = DIRECTION('',(1.,0.,0.));
#2701 = FACE_BOUND('',#2702,.F.);
#2702 = EDGE_LOOP('',(#2703));
#2703 = ORIENTED_EDGE('',*,*,#2704,.F.);
#2704 = EDGE_CURVE('',#2705,#2705,#2707,.T.);
#2705 = VERTEX_POINT('',#2706);
#2706 = CARTESIAN_POINT('',(-62.76,34.5,40.));
#2707 = CIRCLE('',#2708,3.);
#2708 = AXIS2_PLACEMENT_3D('',#2709,#2710,#2711);
#2709 = CARTESIAN_POINT('',(-59.76,34.5,40.));
#2710 = DIRECTION('',(-2.22044604925E-16,2.465190328816E-32,1.));
#2711 = DIRECTION('',(-1.,2.22044604925E-16,-2.22044604925E-16));
#2712 = FACE_BOUND('',#2713,.F.);
#2713 = EDGE_LOOP('',(#2714));
#2714 = ORIENTED_EDGE('',*,*,#2715,.F.);
#2715 = EDGE_CURVE('',#2716,#2716,#2718,.T.);
#2716 = VERTEX_POINT('',#2717);
#2717 = CARTESIAN_POINT('',(-62.76,-34.5,40.));
#2718 = CIRCLE('',#2719,3.);
#2719 = AXIS2_PLACEMENT_3D('',#2720,#2721,#2722);
#2720 = CARTESIAN_POINT('',(-59.76,-34.5,40.));
#2721 = DIRECTION('',(-2.22044604925E-16,-4.440892098501E-16,1.));
#2722 = DIRECTION('',(-1.,-2.22044604925E-16,-2.22044604925E-16));
#2723 = FACE_BOUND('',#2724,.F.);
#2724 = EDGE_LOOP('',(#2725,#2736));
#2725 = ORIENTED_EDGE('',*,*,#2726,.F.);
#2726 = EDGE_CURVE('',#2727,#2729,#2731,.T.);
#2727 = VERTEX_POINT('',#2728);
#2728 = CARTESIAN_POINT('',(3.,69.,40.));
#2729 = VERTEX_POINT('',#2730);
#2730 = CARTESIAN_POINT('',(-3.,69.,40.));
#2731 = CIRCLE('',#2732,3.);
#2732 = AXIS2_PLACEMENT_3D('',#2733,#2734,#2735);
#2733 = CARTESIAN_POINT('',(0.,69.,40.));
#2734 = DIRECTION('',(0.,0.,1.));
#2735 = DIRECTION('',(1.,0.,0.));
#2736 = ORIENTED_EDGE('',*,*,#2737,.F.);
#2737 = EDGE_CURVE('',#2729,#2727,#2738,.T.);
#2738 = CIRCLE('',#2739,3.);
#2739 = AXIS2_PLACEMENT_3D('',#2740,#2741,#2742);
#2740 = CARTESIAN_POINT('',(0.,69.,40.));
#2741 = DIRECTION('',(0.,0.,1.));
#2742 = DIRECTION('',(1.,0.,0.));
#2743 = FACE_BOUND('',#2744,.F.);
#2744 = EDGE_LOOP('',(#2745));
#2745 = ORIENTED_EDGE('',*,*,#2746,.F.);
#2746 = EDGE_CURVE('',#2747,#2747,#2749,.T.);
#2747 = VERTEX_POINT('',#2748);
#2748 = CARTESIAN_POINT('',(62.76,34.5,40.));
#2749 = CIRCLE('',#2750,3.);
#2750 = AXIS2_PLACEMENT_3D('',#2751,#2752,#2753);
#2751 = CARTESIAN_POINT('',(59.76,34.5,40.));
#2752 = DIRECTION('',(0.,0.,1.));
#2753 = DIRECTION('',(1.,0.,0.));
#2754 = FACE_BOUND('',#2755,.F.);
#2755 = EDGE_LOOP('',(#2756));
#2756 = ORIENTED_EDGE('',*,*,#2005,.T.);
#2757 = FACE_BOUND('',#2758,.F.);
#2758 = EDGE_LOOP('',(#2759,#2770));
#2759 = ORIENTED_EDGE('',*,*,#2760,.F.);
#2760 = EDGE_CURVE('',#2761,#2763,#2765,.T.);
#2761 = VERTEX_POINT('',#2762);
#2762 = CARTESIAN_POINT('',(-3.,-69.,40.));
#2763 = VERTEX_POINT('',#2764);
#2764 = CARTESIAN_POINT('',(3.,-69.,40.));
#2765 = CIRCLE('',#2766,3.);
#2766 = AXIS2_PLACEMENT_3D('',#2767,#2768,#2769);
#2767 = CARTESIAN_POINT('',(6.439293542826E-15,-69.,40.));
#2768 = DIRECTION('',(-2.22044604925E-16,-4.440892098501E-16,1.));
#2769 = DIRECTION('',(-1.,-2.22044604925E-16,-2.22044604925E-16));
#2770 = ORIENTED_EDGE('',*,*,#2771,.F.);
#2771 = EDGE_CURVE('',#2763,#2761,#2772,.T.);
#2772 = CIRCLE('',#2773,3.);
#2773 = AXIS2_PLACEMENT_3D('',#2774,#2775,#2776);
#2774 = CARTESIAN_POINT('',(6.439293542826E-15,-69.,40.));
#2775 = DIRECTION('',(-2.22044604925E-16,-4.440892098501E-16,1.));
#2776 = DIRECTION('',(-1.,-2.22044604925E-16,-2.22044604925E-16));
#2777 = FACE_BOUND('',#2778,.F.);
#2778 = EDGE_LOOP('',(#2779));
#2779 = ORIENTED_EDGE('',*,*,#2780,.F.);
#2780 = EDGE_CURVE('',#2781,#2781,#2783,.T.);
#2781 = VERTEX_POINT('',#2782);
#2782 = CARTESIAN_POINT('',(62.76,-34.5,40.));
#2783 = CIRCLE('',#2784,3.);
#2784 = AXIS2_PLACEMENT_3D('',#2785,#2786,#2787);
#2785 = CARTESIAN_POINT('',(59.76,-34.5,40.));
#2786 = DIRECTION('',(0.,-4.440892098501E-16,1.));
#2787 = DIRECTION('',(1.,0.,0.));
#2788 = PLANE('',#2789);
#2789 = AXIS2_PLACEMENT_3D('',#2790,#2791,#2792);
#2790 = CARTESIAN_POINT('',(0.,0.,40.));
#2791 = DIRECTION('',(-0.,-0.,-1.));
#2792 = DIRECTION('',(0.,1.,0.));
#2793 = ADVANCED_FACE('',(#2794),#2862,.F.);
#2794 = FACE_BOUND('',#2795,.F.);
#2795 = EDGE_LOOP('',(#2796,#2797,#2807,#2854));
#2796 = ORIENTED_EDGE('',*,*,#2021,.T.);
#2797 = ORIENTED_EDGE('',*,*,#2798,.T.);
#2798 = EDGE_CURVE('',#2024,#2799,#2801,.T.);
#2799 = VERTEX_POINT('',#2800);
#2800 = CARTESIAN_POINT('',(28.883560784112,63.03194292955,45.));
#2801 = B_SPLINE_CURVE_WITH_KNOTS('',2,(#2802,#2803,#2804,#2805,#2806),
  .UNSPECIFIED.,.F.,.F.,(3,1,1,3),(-0.306,4.287618437376E-14,5.,5.306),
  .UNSPECIFIED.);
#2802 = CARTESIAN_POINT('',(28.883560784112,63.03194292955,39.694));
#2803 = CARTESIAN_POINT('',(28.883560784112,63.03194292955,39.847));
#2804 = CARTESIAN_POINT('',(28.883560784112,63.03194292955,42.5));
#2805 = CARTESIAN_POINT('',(28.883560784112,63.03194292955,45.153));
#2806 = CARTESIAN_POINT('',(28.883560784112,63.03194292955,45.306));
#2807 = ORIENTED_EDGE('',*,*,#2808,.F.);
#2808 = EDGE_CURVE('',#2809,#2799,#2811,.T.);
#2809 = VERTEX_POINT('',#2810);
#2810 = CARTESIAN_POINT('',(26.317738849003,70.230880827993,45.));
#2811 = B_SPLINE_CURVE_WITH_KNOTS('',6,(#2812,#2813,#2814,#2815,#2816,
    #2817,#2818,#2819,#2820,#2821,#2822,#2823,#2824,#2825,#2826,#2827,
    #2828,#2829,#2830,#2831,#2832,#2833,#2834,#2835,#2836,#2837,#2838,
    #2839,#2840,#2841,#2842,#2843,#2844,#2845,#2846,#2847,#2848,#2849,
    #2850,#2851,#2852,#2853),.UNSPECIFIED.,.F.,.F.,(7,5,5,5,5,5,5,5,7),(
    0.,0.144351649687,0.247777648908,0.321372932161,0.500000000001,
    0.67862706784,0.752222351093,0.855648350314,1.),.UNSPECIFIED.);
#2812 = CARTESIAN_POINT('',(26.317738849003,70.230880827993,45.));
#2813 = CARTESIAN_POINT('',(26.506954122499,70.159975862891,45.));
#2814 = CARTESIAN_POINT('',(26.694011614693,70.079414724499,45.));
#2815 = CARTESIAN_POINT('',(26.878131309174,69.989224795,45.));
#2816 = CARTESIAN_POINT('',(27.058547662863,69.889524602778,45.));
#2817 = CARTESIAN_POINT('',(27.234515731465,69.780523058554,45.));
#2818 = CARTESIAN_POINT('',(27.527694298628,69.577970162976,45.));
#2819 = CARTESIAN_POINT('',(27.647420967918,69.48879875511,45.));
#2820 = CARTESIAN_POINT('',(27.764234153247,69.395113651899,45.));
#2821 = CARTESIAN_POINT('',(27.877881723075,69.297044816741,45.));
#2822 = CARTESIAN_POINT('',(27.988123277913,69.194742608933,45.));
#2823 = CARTESIAN_POINT('',(28.170590083341,69.012690650882,45.));
#2824 = CARTESIAN_POINT('',(28.244609618902,68.934946332555,45.));
#2825 = CARTESIAN_POINT('',(28.316707466353,68.855205721345,45.));
#2826 = CARTESIAN_POINT('',(28.386805554315,68.773534493575,45.));
#2827 = CARTESIAN_POINT('',(28.45482974472,68.690002725702,45.));
#2828 = CARTESIAN_POINT('',(28.680610935802,68.397605399805,45.));
#2829 = CARTESIAN_POINT('',(28.827887490824,68.179995701168,45.));
#2830 = CARTESIAN_POINT('',(28.961523779164,67.952932806449,45.));
#2831 = CARTESIAN_POINT('',(29.080679662376,67.717611836273,45.));
#2832 = CARTESIAN_POINT('',(29.184674968248,67.475325975937,45.));
#2833 = CARTESIAN_POINT('',(29.361354490473,66.979615462661,45.));
#2834 = CARTESIAN_POINT('',(29.434045349098,66.726172173471,45.));
#2835 = CARTESIAN_POINT('',(29.490588061196,66.468534821336,45.));
#2836 = CARTESIAN_POINT('',(29.530691545834,66.208135270182,45.));
#2837 = CARTESIAN_POINT('',(29.554250651911,65.946430602436,45.));
#2838 = CARTESIAN_POINT('',(29.564304525068,65.577144450417,45.));
#2839 = CARTESIAN_POINT('',(29.564447696389,65.469418751412,45.));
#2840 = CARTESIAN_POINT('',(29.561807719458,65.361822460104,45.));
#2841 = CARTESIAN_POINT('',(29.556397697041,65.254456747045,45.));
#2842 = CARTESIAN_POINT('',(29.548236561565,65.147421862336,45.));
#2843 = CARTESIAN_POINT('',(29.522048513517,64.891001822845,45.));
#2844 = CARTESIAN_POINT('',(29.501363390358,64.742035156052,45.));
#2845 = CARTESIAN_POINT('',(29.475362513915,64.594193277745,45.));
#2846 = CARTESIAN_POINT('',(29.444136990411,64.447744701404,45.));
#2847 = CARTESIAN_POINT('',(29.407799913514,64.302949562803,45.));
#2848 = CARTESIAN_POINT('',(29.308824306816,63.960626357294,45.));
#2849 = CARTESIAN_POINT('',(29.241466567261,63.764899423193,45.));
#2850 = CARTESIAN_POINT('',(29.164780331883,63.573563565834,45.));
#2851 = CARTESIAN_POINT('',(29.079210479729,63.387251768889,45.));
#2852 = CARTESIAN_POINT('',(28.985275010704,63.20654003694,45.));
#2853 = CARTESIAN_POINT('',(28.883560784112,63.03194292955,45.));
#2854 = ORIENTED_EDGE('',*,*,#2855,.F.);
#2855 = EDGE_CURVE('',#2022,#2809,#2856,.T.);
#2856 = B_SPLINE_CURVE_WITH_KNOTS('',2,(#2857,#2858,#2859,#2860,#2861),
  .UNSPECIFIED.,.F.,.F.,(3,1,1,3),(-0.306,4.287618437376E-14,5.,5.306),
  .UNSPECIFIED.);
#2857 = CARTESIAN_POINT('',(26.317738849003,70.230880827993,39.694));
#2858 = CARTESIAN_POINT('',(26.317738849003,70.230880827993,39.847));
#2859 = CARTESIAN_POINT('',(26.317738849003,70.230880827993,42.5));
#2860 = CARTESIAN_POINT('',(26.317738849003,70.230880827993,45.153));
#2861 = CARTESIAN_POINT('',(26.317738849003,70.230880827993,45.306));
#2862 = ( BOUNDED_SURFACE() B_SPLINE_SURFACE(2,2,(
    (#2863,#2864,#2865,#2866,#2867)
    ,(#2868,#2869,#2870,#2871,#2872)
    ,(#2873,#2874,#2875,#2876,#2877
)),.UNSPECIFIED.,.F.,.F.,.F.) B_SPLINE_SURFACE_WITH_KNOTS((3,3),(3,1,1,3
    ),(0.,5.),(-0.306,4.287618437376E-14,5.,5.306),.UNSPECIFIED.) 
GEOMETRIC_REPRESENTATION_ITEM() RATIONAL_B_SPLINE_SURFACE((
    (1.,1.,1.,1.,1.)
    ,(0.644917443799,0.644917443799,0.644917443799,0.644917443799
      ,0.644917443799)
,(1.,1.,1.,1.,1.))) REPRESENTATION_ITEM('') SURFACE() );
#2863 = CARTESIAN_POINT('',(26.317738849003,70.230880827993,39.694));
#2864 = CARTESIAN_POINT('',(26.317738849003,70.230880827993,39.847));
#2865 = CARTESIAN_POINT('',(26.317738849003,70.230880827993,42.5));
#2866 = CARTESIAN_POINT('',(26.317738849003,70.230880827993,45.153));
#2867 = CARTESIAN_POINT('',(26.317738849003,70.230880827993,45.306));
#2868 = CARTESIAN_POINT('',(31.866160455039,68.151711250019,39.694));
#2869 = CARTESIAN_POINT('',(31.866160455039,68.151711250019,39.847));
#2870 = CARTESIAN_POINT('',(31.866160455039,68.151711250019,42.5));
#2871 = CARTESIAN_POINT('',(31.866160455039,68.151711250019,45.153));
#2872 = CARTESIAN_POINT('',(31.866160455039,68.151711250019,45.306));
#2873 = CARTESIAN_POINT('',(28.883560784112,63.03194292955,39.694));
#2874 = CARTESIAN_POINT('',(28.883560784112,63.03194292955,39.847));
#2875 = CARTESIAN_POINT('',(28.883560784112,63.03194292955,42.5));
#2876 = CARTESIAN_POINT('',(28.883560784112,63.03194292955,45.153));
#2877 = CARTESIAN_POINT('',(28.883560784112,63.03194292955,45.306));
#2878 = ADVANCED_FACE('',(#2879),#2900,.F.);
#2879 = FACE_BOUND('',#2880,.F.);
#2880 = EDGE_LOOP('',(#2881,#2890,#2891,#2892));
#2881 = ORIENTED_EDGE('',*,*,#2882,.F.);
#2882 = EDGE_CURVE('',#2799,#2883,#2885,.T.);
#2883 = VERTEX_POINT('',#2884);
#2884 = CARTESIAN_POINT('',(40.142003976092,56.532339681168,45.));
#2885 = CIRCLE('',#2886,6.5);
#2886 = AXIS2_PLACEMENT_3D('',#2887,#2888,#2889);
#2887 = CARTESIAN_POINT('',(34.5,59.76,45.));
#2888 = DIRECTION('',(0.,0.,1.));
#2889 = DIRECTION('',(1.,0.,0.));
#2890 = ORIENTED_EDGE('',*,*,#2798,.F.);
#2891 = ORIENTED_EDGE('',*,*,#2695,.T.);
#2892 = ORIENTED_EDGE('',*,*,#2893,.T.);
#2893 = EDGE_CURVE('',#2649,#2883,#2894,.T.);
#2894 = B_SPLINE_CURVE_WITH_KNOTS('',2,(#2895,#2896,#2897,#2898,#2899),
  .UNSPECIFIED.,.F.,.F.,(3,1,1,3),(-0.306,5.78145387467E-14,5.,5.306),
  .UNSPECIFIED.);
#2895 = CARTESIAN_POINT('',(40.142003976092,56.532339681168,39.694));
#2896 = CARTESIAN_POINT('',(40.142003976092,56.532339681168,39.847));
#2897 = CARTESIAN_POINT('',(40.142003976092,56.532339681168,42.5));
#2898 = CARTESIAN_POINT('',(40.142003976092,56.532339681168,45.153));
#2899 = CARTESIAN_POINT('',(40.142003976092,56.532339681168,45.306));
#2900 = CYLINDRICAL_SURFACE('',#2901,6.5);
#2901 = AXIS2_PLACEMENT_3D('',#2902,#2903,#2904);
#2902 = CARTESIAN_POINT('',(34.5,59.76,45.));
#2903 = DIRECTION('',(0.,0.,1.));
#2904 = DIRECTION('',(1.,0.,0.));
#2905 = ADVANCED_FACE('',(#2906),#2965,.T.);
#2906 = FACE_BOUND('',#2907,.T.);
#2907 = EDGE_LOOP('',(#2908,#2909,#2910,#2957));
#2908 = ORIENTED_EDGE('',*,*,#2648,.T.);
#2909 = ORIENTED_EDGE('',*,*,#2893,.T.);
#2910 = ORIENTED_EDGE('',*,*,#2911,.F.);
#2911 = EDGE_CURVE('',#2912,#2883,#2914,.T.);
#2912 = VERTEX_POINT('',#2913);
#2913 = CARTESIAN_POINT('',(47.659293251383,57.910204340675,45.));
#2914 = B_SPLINE_CURVE_WITH_KNOTS('',6,(#2915,#2916,#2917,#2918,#2919,
    #2920,#2921,#2922,#2923,#2924,#2925,#2926,#2927,#2928,#2929,#2930,
    #2931,#2932,#2933,#2934,#2935,#2936,#2937,#2938,#2939,#2940,#2941,
    #2942,#2943,#2944,#2945,#2946,#2947,#2948,#2949,#2950,#2951,#2952,
    #2953,#2954,#2955,#2956),.UNSPECIFIED.,.F.,.F.,(7,5,5,5,5,5,5,5,7),(
    0.,0.144351649687,0.247777648908,0.321372932161,0.5,0.678627067839,
    0.752222351092,0.855648350313,1.),.UNSPECIFIED.);
#2915 = CARTESIAN_POINT('',(47.659293251383,57.910204340675,45.));
#2916 = CARTESIAN_POINT('',(47.503272210163,58.038607488989,45.));
#2917 = CARTESIAN_POINT('',(47.339967980418,58.160313408945,45.));
#2918 = CARTESIAN_POINT('',(47.169794324754,58.274660303074,45.));
#2919 = CARTESIAN_POINT('',(46.99323670046,58.381044485691,45.));
#2920 = CARTESIAN_POINT('',(46.810848534953,58.478925305537,45.));
#2921 = CARTESIAN_POINT('',(46.488833904899,58.63152912522,45.));
#2922 = CARTESIAN_POINT('',(46.351742228399,58.690621320596,45.));
#2923 = CARTESIAN_POINT('',(46.212198613255,58.744933366251,45.));
#2924 = CARTESIAN_POINT('',(46.070441686285,58.794311906254,45.));
#2925 = CARTESIAN_POINT('',(45.926721870387,58.8386239436,45.));
#2926 = CARTESIAN_POINT('',(45.677822724163,58.905603533942,45.));
#2927 = CARTESIAN_POINT('',(45.573482848977,58.930827750935,45.));
#2928 = CARTESIAN_POINT('',(45.468375141364,58.953389543502,45.));
#2929 = CARTESIAN_POINT('',(45.362595516521,58.973254143907,45.));
#2930 = CARTESIAN_POINT('',(45.256241733266,58.990392390949,45.));
#2931 = CARTESIAN_POINT('',(44.890124589738,59.039703440957,45.));
#2932 = CARTESIAN_POINT('',(44.628029632133,59.058427697902,45.));
#2933 = CARTESIAN_POINT('',(44.36456911791,59.060612455265,45.));
#2934 = CARTESIAN_POINT('',(44.101198129114,59.04612778168,45.));
#2935 = CARTESIAN_POINT('',(43.839376679623,59.015031313246,45.));
#2936 = CARTESIAN_POINT('',(43.321744859809,58.920153151047,45.));
#2937 = CARTESIAN_POINT('',(43.065915029104,58.856367890335,45.));
#2938 = CARTESIAN_POINT('',(42.814528096418,58.776501166463,45.));
#2939 = CARTESIAN_POINT('',(42.568969604206,58.681016913191,45.));
#2940 = CARTESIAN_POINT('',(42.330553959171,58.570552689108,45.));
#2941 = CARTESIAN_POINT('',(42.00572666307,58.394596529382,45.));
#2942 = CARTESIAN_POINT('',(41.912365193204,58.340851923431,45.));
#2943 = CARTESIAN_POINT('',(41.820507512185,58.284761836793,45.));
#2944 = CARTESIAN_POINT('',(41.730234681082,58.226388207061,45.));
#2945 = CARTESIAN_POINT('',(41.641624048725,58.16579756001,45.));
#2946 = CARTESIAN_POINT('',(41.432661092075,58.014895163537,45.));
#2947 = CARTESIAN_POINT('',(41.314000423115,57.922490684329,45.));
#2948 = CARTESIAN_POINT('',(41.198971974927,57.826045245535,45.));
#2949 = CARTESIAN_POINT('',(41.087762720771,57.725772015705,45.));
#2950 = CARTESIAN_POINT('',(40.98054138397,57.6218990151,45.));
#2951 = CARTESIAN_POINT('',(40.733584406151,57.365006822036,45.));
#2952 = CARTESIAN_POINT('',(40.597768392888,57.208801481691,45.));
#2953 = CARTESIAN_POINT('',(40.470419773636,57.046713486509,45.));
#2954 = CARTESIAN_POINT('',(40.351864245617,56.879444624928,45.));
#2955 = CARTESIAN_POINT('',(40.242341598141,56.707731515076,45.));
#2956 = CARTESIAN_POINT('',(40.142003976092,56.532339681168,45.));
#2957 = ORIENTED_EDGE('',*,*,#2958,.F.);
#2958 = EDGE_CURVE('',#2640,#2912,#2959,.T.);
#2959 = B_SPLINE_CURVE_WITH_KNOTS('',2,(#2960,#2961,#2962,#2963,#2964),
  .UNSPECIFIED.,.F.,.F.,(3,1,1,3),(-0.306,5.78145387467E-14,5.,5.306),
  .UNSPECIFIED.);
#2960 = CARTESIAN_POINT('',(47.659293251383,57.910204340675,39.694));
#2961 = CARTESIAN_POINT('',(47.659293251383,57.910204340675,39.847));
#2962 = CARTESIAN_POINT('',(47.659293251383,57.910204340675,42.5));
#2963 = CARTESIAN_POINT('',(47.659293251383,57.910204340675,45.153));
#2964 = CARTESIAN_POINT('',(47.659293251383,57.910204340675,45.306));
#2965 = ( BOUNDED_SURFACE() B_SPLINE_SURFACE(2,2,(
    (#2966,#2967,#2968,#2969,#2970)
    ,(#2971,#2972,#2973,#2974,#2975)
    ,(#2976,#2977,#2978,#2979,#2980
)),.UNSPECIFIED.,.F.,.F.,.F.) B_SPLINE_SURFACE_WITH_KNOTS((3,3),(3,1,1,3
    ),(0.,5.),(-0.306,5.78145387467E-14,5.,5.306),.UNSPECIFIED.) 
GEOMETRIC_REPRESENTATION_ITEM() RATIONAL_B_SPLINE_SURFACE((
    (1.,1.,1.,1.,1.)
    ,(0.644917443799,0.644917443799,0.644917443799,0.644917443799
      ,0.644917443799)
,(1.,1.,1.,1.,1.))) REPRESENTATION_ITEM('') SURFACE() );
#2966 = CARTESIAN_POINT('',(47.659293251383,57.910204340675,39.694));
#2967 = CARTESIAN_POINT('',(47.659293251383,57.910204340675,39.847));
#2968 = CARTESIAN_POINT('',(47.659293251383,57.910204340675,42.5));
#2969 = CARTESIAN_POINT('',(47.659293251383,57.910204340675,45.153));
#2970 = CARTESIAN_POINT('',(47.659293251383,57.910204340675,45.306));
#2971 = CARTESIAN_POINT('',(43.084237019912,61.675412028331,39.694));
#2972 = CARTESIAN_POINT('',(43.084237019912,61.675412028331,39.847));
#2973 = CARTESIAN_POINT('',(43.084237019912,61.675412028331,42.5));
#2974 = CARTESIAN_POINT('',(43.084237019912,61.675412028331,45.153));
#2975 = CARTESIAN_POINT('',(43.084237019912,61.675412028331,45.306));
#2976 = CARTESIAN_POINT('',(40.142003976092,56.532339681168,39.694));
#2977 = CARTESIAN_POINT('',(40.142003976092,56.532339681168,39.847));
#2978 = CARTESIAN_POINT('',(40.142003976092,56.532339681168,42.5));
#2979 = CARTESIAN_POINT('',(40.142003976092,56.532339681168,45.153));
#2980 = CARTESIAN_POINT('',(40.142003976092,56.532339681168,45.306));
#2981 = ADVANCED_FACE('',(#2982),#3003,.T.);
#2982 = FACE_BOUND('',#2983,.F.);
#2983 = EDGE_LOOP('',(#2984,#2993,#2994,#2995));
#2984 = ORIENTED_EDGE('',*,*,#2985,.F.);
#2985 = EDGE_CURVE('',#2912,#2986,#2988,.T.);
#2986 = VERTEX_POINT('',#2987);
#2987 = CARTESIAN_POINT('',(73.98097826087,12.321317119722,45.));
#2988 = CIRCLE('',#2989,75.);
#2989 = AXIS2_PLACEMENT_3D('',#2990,#2991,#2992);
#2990 = CARTESIAN_POINT('',(0.,0.,45.));
#2991 = DIRECTION('',(0.,0.,-1.));
#2992 = DIRECTION('',(0.,1.,0.));
#2993 = ORIENTED_EDGE('',*,*,#2958,.F.);
#2994 = ORIENTED_EDGE('',*,*,#2639,.T.);
#2995 = ORIENTED_EDGE('',*,*,#2996,.T.);
#2996 = EDGE_CURVE('',#2593,#2986,#2997,.T.);
#2997 = B_SPLINE_CURVE_WITH_KNOTS('',2,(#2998,#2999,#3000,#3001,#3002),
  .UNSPECIFIED.,.F.,.F.,(3,1,1,3),(-0.306,6.621894872716E-14,5.,5.306),
  .UNSPECIFIED.);
#2998 = CARTESIAN_POINT('',(73.98097826087,12.321317119722,39.694));
#2999 = CARTESIAN_POINT('',(73.98097826087,12.321317119722,39.847));
#3000 = CARTESIAN_POINT('',(73.98097826087,12.321317119722,42.5));
#3001 = CARTESIAN_POINT('',(73.98097826087,12.321317119722,45.153));
#3002 = CARTESIAN_POINT('',(73.98097826087,12.321317119722,45.306));
#3003 = CYLINDRICAL_SURFACE('',#3004,75.);
#3004 = AXIS2_PLACEMENT_3D('',#3005,#3006,#3007);
#3005 = CARTESIAN_POINT('',(0.,0.,40.));
#3006 = DIRECTION('',(0.,0.,1.));
#3007 = DIRECTION('',(0.,1.,0.));
#3008 = ADVANCED_FACE('',(#3009),#3068,.F.);
#3009 = FACE_BOUND('',#3010,.F.);
#3010 = EDGE_LOOP('',(#3011,#3012,#3022,#3067));
#3011 = ORIENTED_EDGE('',*,*,#2592,.T.);
#3012 = ORIENTED_EDGE('',*,*,#3013,.T.);
#3013 = EDGE_CURVE('',#2584,#3014,#3016,.T.);
#3014 = VERTEX_POINT('',#3015);
#3015 = CARTESIAN_POINT('',(69.027646502836,6.499941205186,45.));
#3016 = B_SPLINE_CURVE_WITH_KNOTS('',2,(#3017,#3018,#3019,#3020,#3021),
  .UNSPECIFIED.,.F.,.F.,(3,1,1,3),(-0.306,6.621894872716E-14,5.,5.306),
  .UNSPECIFIED.);
#3017 = CARTESIAN_POINT('',(69.027646502836,6.499941205186,39.694));
#3018 = CARTESIAN_POINT('',(69.027646502836,6.499941205186,39.847));
#3019 = CARTESIAN_POINT('',(69.027646502836,6.499941205186,42.5));
#3020 = CARTESIAN_POINT('',(69.027646502836,6.499941205186,45.153));
#3021 = CARTESIAN_POINT('',(69.027646502836,6.499941205186,45.306));
#3022 = ORIENTED_EDGE('',*,*,#3023,.F.);
#3023 = EDGE_CURVE('',#2986,#3014,#3024,.T.);
#3024 = B_SPLINE_CURVE_WITH_KNOTS('',6,(#3025,#3026,#3027,#3028,#3029,
    #3030,#3031,#3032,#3033,#3034,#3035,#3036,#3037,#3038,#3039,#3040,
    #3041,#3042,#3043,#3044,#3045,#3046,#3047,#3048,#3049,#3050,#3051,
    #3052,#3053,#3054,#3055,#3056,#3057,#3058,#3059,#3060,#3061,#3062,
    #3063,#3064,#3065,#3066),.UNSPECIFIED.,.F.,.F.,(7,5,5,5,5,5,5,5,7),(
    0.,0.144347625826,0.2477732501,0.321369248254,0.5,0.678630751747,
    0.7522267499,0.855652374174,1.),.UNSPECIFIED.);
#3025 = CARTESIAN_POINT('',(73.98097826087,12.321317119722,45.));
#3026 = CARTESIAN_POINT('',(74.014179229745,12.121968289338,45.));
#3027 = CARTESIAN_POINT('',(74.037935879132,11.9196594363,45.));
#3028 = CARTESIAN_POINT('',(74.051881764251,11.715080093912,45.));
#3029 = CARTESIAN_POINT('',(74.05573666661,11.508952846375,45.));
#3030 = CARTESIAN_POINT('',(74.049308994629,11.302027638767,45.));
#3031 = CARTESIAN_POINT('',(74.020453174554,10.946794511125,45.));
#3032 = CARTESIAN_POINT('',(74.003077558739,10.798497131113,45.));
#3033 = CARTESIAN_POINT('',(73.980334319876,10.650466583213,45.));
#3034 = CARTESIAN_POINT('',(73.95220996122,10.502986349339,45.));
#3035 = CARTESIAN_POINT('',(73.918714530847,10.356339946577,45.));
#3036 = CARTESIAN_POINT('',(73.852248794906,10.107253448132,45.));
#3037 = CARTESIAN_POINT('',(73.821913207079,10.00426171064,45.));
#3038 = CARTESIAN_POINT('',(73.788886964926,9.901936615681,45.));
#3039 = CARTESIAN_POINT('',(73.753187931736,9.80037866686,45.));
#3040 = CARTESIAN_POINT('',(73.714839751936,9.699687159912,45.));
#3041 = CARTESIAN_POINT('',(73.574435372111,9.357904835179,45.));
#3042 = CARTESIAN_POINT('',(73.459561589312,9.121521888706,45.));
#3043 = CARTESIAN_POINT('',(73.329675798755,8.892230269061,45.));
#3044 = CARTESIAN_POINT('',(73.18539350227,8.671355797362,45.));
#3045 = CARTESIAN_POINT('',(73.027495210345,8.460134703441,45.));
#3046 = CARTESIAN_POINT('',(72.686390302712,8.059253036187,45.));
#3047 = CARTESIAN_POINT('',(72.503170853348,7.86957738017,45.));
#3048 = CARTESIAN_POINT('',(72.308242780146,7.691796729919,45.));
#3049 = CARTESIAN_POINT('',(72.10270141936,7.526879434174,45.));
#3050 = CARTESIAN_POINT('',(71.887756958854,7.375645303587,45.));
#3051 = CARTESIAN_POINT('',(71.572859591704,7.1823367535,45.));
#3052 = CARTESIAN_POINT('',(71.479605769599,7.128363731274,45.));
#3053 = CARTESIAN_POINT('',(71.385072585707,7.076866983003,45.));
#3054 = CARTESIAN_POINT('',(71.289354269961,7.027885744147,45.));
#3055 = CARTESIAN_POINT('',(71.192547170075,6.981453736952,45.));
#3056 = CARTESIAN_POINT('',(70.957313487101,6.875969652102,45.));
#3057 = CARTESIAN_POINT('',(70.817920592151,6.819430001092,45.));
#3058 = CARTESIAN_POINT('',(70.676844780156,6.768058664694,45.));
#3059 = CARTESIAN_POINT('',(70.534364303078,6.721910948856,45.));
#3060 = CARTESIAN_POINT('',(70.390761147384,6.681018912736,45.));
#3061 = CARTESIAN_POINT('',(70.044728954816,6.595666964704,45.));
#3062 = CARTESIAN_POINT('',(69.841501476162,6.556196109242,45.));
#3063 = CARTESIAN_POINT('',(69.637415557409,6.527002955659,45.));
#3064 = CARTESIAN_POINT('',(69.433242142861,6.508018439983,45.));
#3065 = CARTESIAN_POINT('',(69.229739356859,6.499081634233,45.));
#3066 = CARTESIAN_POINT('',(69.027646502836,6.499941205186,45.));
#3067 = ORIENTED_EDGE('',*,*,#2996,.F.);
#3068 = ( BOUNDED_SURFACE() B_SPLINE_SURFACE(2,2,(
    (#3069,#3070,#3071,#3072,#3073)
    ,(#3074,#3075,#3076,#3077,#3078)
    ,(#3079,#3080,#3081,#3082,#3083
)),.UNSPECIFIED.,.F.,.F.,.F.) B_SPLINE_SURFACE_WITH_KNOTS((3,3),(3,1,1,3
    ),(0.,5.),(-0.306,6.621894872716E-14,5.,5.306),.UNSPECIFIED.) 
GEOMETRIC_REPRESENTATION_ITEM() RATIONAL_B_SPLINE_SURFACE((
    (1.,1.,1.,1.,1.)
    ,(0.644795215216,0.644795215216,0.644795215216,0.644795215216
      ,0.644795215216)
,(1.,1.,1.,1.,1.))) REPRESENTATION_ITEM('') SURFACE() );
#3069 = CARTESIAN_POINT('',(73.98097826087,12.321317119722,39.694));
#3070 = CARTESIAN_POINT('',(73.98097826087,12.321317119722,39.847));
#3071 = CARTESIAN_POINT('',(73.98097826087,12.321317119722,42.5));
#3072 = CARTESIAN_POINT('',(73.98097826087,12.321317119722,45.153));
#3073 = CARTESIAN_POINT('',(73.98097826087,12.321317119722,45.306));
#3074 = CARTESIAN_POINT('',(74.954710144928,6.474731349187,39.694));
#3075 = CARTESIAN_POINT('',(74.954710144928,6.474731349187,39.847));
#3076 = CARTESIAN_POINT('',(74.954710144928,6.474731349187,42.5));
#3077 = CARTESIAN_POINT('',(74.954710144928,6.474731349187,45.153));
#3078 = CARTESIAN_POINT('',(74.954710144928,6.474731349187,45.306));
#3079 = CARTESIAN_POINT('',(69.027646502836,6.499941205186,39.694));
#3080 = CARTESIAN_POINT('',(69.027646502836,6.499941205186,39.847));
#3081 = CARTESIAN_POINT('',(69.027646502836,6.499941205186,42.5));
#3082 = CARTESIAN_POINT('',(69.027646502836,6.499941205186,45.153));
#3083 = CARTESIAN_POINT('',(69.027646502836,6.499941205186,45.306));
#3084 = ADVANCED_FACE('',(#3085),#3106,.F.);
#3085 = FACE_BOUND('',#3086,.F.);
#3086 = EDGE_LOOP('',(#3087,#3096,#3097,#3098));
#3087 = ORIENTED_EDGE('',*,*,#3088,.F.);
#3088 = EDGE_CURVE('',#3014,#3089,#3091,.T.);
#3089 = VERTEX_POINT('',#3090);
#3090 = CARTESIAN_POINT('',(69.027646502836,-6.499941205186,45.));
#3091 = CIRCLE('',#3092,6.5);
#3092 = AXIS2_PLACEMENT_3D('',#3093,#3094,#3095);
#3093 = CARTESIAN_POINT('',(69.,0.,45.));
#3094 = DIRECTION('',(0.,0.,1.));
#3095 = DIRECTION('',(1.,0.,0.));
#3096 = ORIENTED_EDGE('',*,*,#3013,.F.);
#3097 = ORIENTED_EDGE('',*,*,#2583,.T.);
#3098 = ORIENTED_EDGE('',*,*,#3099,.T.);
#3099 = EDGE_CURVE('',#2537,#3089,#3100,.T.);
#3100 = B_SPLINE_CURVE_WITH_KNOTS('',2,(#3101,#3102,#3103,#3104,#3105),
  .UNSPECIFIED.,.F.,.F.,(3,1,1,3),(-0.306,6.62519084732E-14,5.,5.306),
  .UNSPECIFIED.);
#3101 = CARTESIAN_POINT('',(69.027646502836,-6.499941205186,39.694));
#3102 = CARTESIAN_POINT('',(69.027646502836,-6.499941205186,39.847));
#3103 = CARTESIAN_POINT('',(69.027646502836,-6.499941205186,42.5));
#3104 = CARTESIAN_POINT('',(69.027646502836,-6.499941205186,45.153));
#3105 = CARTESIAN_POINT('',(69.027646502836,-6.499941205186,45.306));
#3106 = CYLINDRICAL_SURFACE('',#3107,6.5);
#3107 = AXIS2_PLACEMENT_3D('',#3108,#3109,#3110);
#3108 = CARTESIAN_POINT('',(69.,0.,45.));
#3109 = DIRECTION('',(0.,0.,1.));
#3110 = DIRECTION('',(1.,0.,0.));
#3111 = ADVANCED_FACE('',(#3112),#3171,.F.);
#3112 = FACE_BOUND('',#3113,.F.);
#3113 = EDGE_LOOP('',(#3114,#3115,#3125,#3170));
#3114 = ORIENTED_EDGE('',*,*,#2536,.T.);
#3115 = ORIENTED_EDGE('',*,*,#3116,.T.);
#3116 = EDGE_CURVE('',#2528,#3117,#3119,.T.);
#3117 = VERTEX_POINT('',#3118);
#3118 = CARTESIAN_POINT('',(73.98097826087,-12.32131711972,45.));
#3119 = B_SPLINE_CURVE_WITH_KNOTS('',2,(#3120,#3121,#3122,#3123,#3124),
  .UNSPECIFIED.,.F.,.F.,(3,1,1,3),(-0.306,6.62519084732E-14,5.,5.306),
  .UNSPECIFIED.);
#3120 = CARTESIAN_POINT('',(73.98097826087,-12.32131711972,39.694));
#3121 = CARTESIAN_POINT('',(73.98097826087,-12.32131711972,39.847));
#3122 = CARTESIAN_POINT('',(73.98097826087,-12.32131711972,42.5));
#3123 = CARTESIAN_POINT('',(73.98097826087,-12.32131711972,45.153));
#3124 = CARTESIAN_POINT('',(73.98097826087,-12.32131711972,45.306));
#3125 = ORIENTED_EDGE('',*,*,#3126,.F.);
#3126 = EDGE_CURVE('',#3089,#3117,#3127,.T.);
#3127 = B_SPLINE_CURVE_WITH_KNOTS('',6,(#3128,#3129,#3130,#3131,#3132,
    #3133,#3134,#3135,#3136,#3137,#3138,#3139,#3140,#3141,#3142,#3143,
    #3144,#3145,#3146,#3147,#3148,#3149,#3150,#3151,#3152,#3153,#3154,
    #3155,#3156,#3157,#3158,#3159,#3160,#3161,#3162,#3163,#3164,#3165,
    #3166,#3167,#3168,#3169),.UNSPECIFIED.,.F.,.F.,(7,5,5,5,5,5,5,5,7),(
    0.,0.144347625826,0.2477732501,0.321369248254,0.5,0.678630751746,
    0.7522267499,0.855652374174,1.),.UNSPECIFIED.);
#3128 = CARTESIAN_POINT('',(69.027646502836,-6.499941205186,45.));
#3129 = CARTESIAN_POINT('',(69.229739356859,-6.499081634233,45.));
#3130 = CARTESIAN_POINT('',(69.433242142861,-6.508018439983,45.));
#3131 = CARTESIAN_POINT('',(69.637415557409,-6.527002955659,45.));
#3132 = CARTESIAN_POINT('',(69.841501476162,-6.556196109242,45.));
#3133 = CARTESIAN_POINT('',(70.044728954816,-6.595666964704,45.));
#3134 = CARTESIAN_POINT('',(70.390761147384,-6.681018912736,45.));
#3135 = CARTESIAN_POINT('',(70.534364303078,-6.721910948856,45.));
#3136 = CARTESIAN_POINT('',(70.676844780156,-6.768058664694,45.));
#3137 = CARTESIAN_POINT('',(70.817920592151,-6.819430001092,45.));
#3138 = CARTESIAN_POINT('',(70.957313487101,-6.875969652102,45.));
#3139 = CARTESIAN_POINT('',(71.192547170075,-6.981453736952,45.));
#3140 = CARTESIAN_POINT('',(71.289354269961,-7.027885744147,45.));
#3141 = CARTESIAN_POINT('',(71.385072585707,-7.076866983003,45.));
#3142 = CARTESIAN_POINT('',(71.479605769599,-7.128363731274,45.));
#3143 = CARTESIAN_POINT('',(71.572859591705,-7.1823367535,45.));
#3144 = CARTESIAN_POINT('',(71.887756958854,-7.375645303587,45.));
#3145 = CARTESIAN_POINT('',(72.102701419361,-7.526879434174,45.));
#3146 = CARTESIAN_POINT('',(72.308242780146,-7.691796729919,45.));
#3147 = CARTESIAN_POINT('',(72.503170853348,-7.86957738017,45.));
#3148 = CARTESIAN_POINT('',(72.686390302712,-8.059253036187,45.));
#3149 = CARTESIAN_POINT('',(73.027495210344,-8.460134703441,45.));
#3150 = CARTESIAN_POINT('',(73.185393502271,-8.671355797363,45.));
#3151 = CARTESIAN_POINT('',(73.329675798754,-8.89223026906,45.));
#3152 = CARTESIAN_POINT('',(73.459561589312,-9.121521888707,45.));
#3153 = CARTESIAN_POINT('',(73.574435372111,-9.357904835179,45.));
#3154 = CARTESIAN_POINT('',(73.714839751936,-9.699687159912,45.));
#3155 = CARTESIAN_POINT('',(73.753187931736,-9.80037866686,45.));
#3156 = CARTESIAN_POINT('',(73.788886964926,-9.901936615681,45.));
#3157 = CARTESIAN_POINT('',(73.821913207079,-10.00426171064,45.));
#3158 = CARTESIAN_POINT('',(73.852248794906,-10.10725344813,45.));
#3159 = CARTESIAN_POINT('',(73.918714530847,-10.35633994657,45.));
#3160 = CARTESIAN_POINT('',(73.95220996122,-10.50298634933,45.));
#3161 = CARTESIAN_POINT('',(73.980334319876,-10.65046658321,45.));
#3162 = CARTESIAN_POINT('',(74.003077558739,-10.79849713111,45.));
#3163 = CARTESIAN_POINT('',(74.020453174554,-10.94679451112,45.));
#3164 = CARTESIAN_POINT('',(74.049308994629,-11.30202763876,45.));
#3165 = CARTESIAN_POINT('',(74.05573666661,-11.50895284637,45.));
#3166 = CARTESIAN_POINT('',(74.051881764251,-11.71508009391,45.));
#3167 = CARTESIAN_POINT('',(74.037935879131,-11.9196594363,45.));
#3168 = CARTESIAN_POINT('',(74.014179229745,-12.12196828933,45.));
#3169 = CARTESIAN_POINT('',(73.98097826087,-12.32131711972,45.));
#3170 = ORIENTED_EDGE('',*,*,#3099,.F.);
#3171 = ( BOUNDED_SURFACE() B_SPLINE_SURFACE(2,2,(
    (#3172,#3173,#3174,#3175,#3176)
    ,(#3177,#3178,#3179,#3180,#3181)
    ,(#3182,#3183,#3184,#3185,#3186
)),.UNSPECIFIED.,.F.,.F.,.F.) B_SPLINE_SURFACE_WITH_KNOTS((3,3),(3,1,1,3
    ),(0.,5.),(-0.306,6.62519084732E-14,5.,5.306),.UNSPECIFIED.) 
GEOMETRIC_REPRESENTATION_ITEM() RATIONAL_B_SPLINE_SURFACE((
    (1.,1.,1.,1.,1.)
    ,(0.644795215216,0.644795215216,0.644795215216,0.644795215216
      ,0.644795215216)
,(1.,1.,1.,1.,1.))) REPRESENTATION_ITEM('') SURFACE() );
#3172 = CARTESIAN_POINT('',(69.027646502836,-6.499941205186,39.694));
#3173 = CARTESIAN_POINT('',(69.027646502836,-6.499941205186,39.847));
#3174 = CARTESIAN_POINT('',(69.027646502836,-6.499941205186,42.5));
#3175 = CARTESIAN_POINT('',(69.027646502836,-6.499941205186,45.153));
#3176 = CARTESIAN_POINT('',(69.027646502836,-6.499941205186,45.306));
#3177 = CARTESIAN_POINT('',(74.954710144928,-6.474731349187,39.694));
#3178 = CARTESIAN_POINT('',(74.954710144928,-6.474731349187,39.847));
#3179 = CARTESIAN_POINT('',(74.954710144928,-6.474731349187,42.5));
#3180 = CARTESIAN_POINT('',(74.954710144928,-6.474731349187,45.153));
#3181 = CARTESIAN_POINT('',(74.954710144928,-6.474731349187,45.306));
#3182 = CARTESIAN_POINT('',(73.98097826087,-12.32131711972,39.694));
#3183 = CARTESIAN_POINT('',(73.98097826087,-12.32131711972,39.847));
#3184 = CARTESIAN_POINT('',(73.98097826087,-12.32131711972,42.5));
#3185 = CARTESIAN_POINT('',(73.98097826087,-12.32131711972,45.153));
#3186 = CARTESIAN_POINT('',(73.98097826087,-12.32131711972,45.306));
#3187 = ADVANCED_FACE('',(#3188),#3209,.T.);
#3188 = FACE_BOUND('',#3189,.F.);
#3189 = EDGE_LOOP('',(#3190,#3191,#3192,#3202));
#3190 = ORIENTED_EDGE('',*,*,#3116,.F.);
#3191 = ORIENTED_EDGE('',*,*,#2527,.T.);
#3192 = ORIENTED_EDGE('',*,*,#3193,.T.);
#3193 = EDGE_CURVE('',#2481,#3194,#3196,.T.);
#3194 = VERTEX_POINT('',#3195);
#3195 = CARTESIAN_POINT('',(47.659293251383,-57.91020434067,45.));
#3196 = B_SPLINE_CURVE_WITH_KNOTS('',2,(#3197,#3198,#3199,#3200,#3201),
  .UNSPECIFIED.,.F.,.F.,(3,1,1,3),(-0.306,5.78145387467E-14,5.,5.306),
  .UNSPECIFIED.);
#3197 = CARTESIAN_POINT('',(47.659293251383,-57.91020434067,39.694));
#3198 = CARTESIAN_POINT('',(47.659293251383,-57.91020434067,39.847));
#3199 = CARTESIAN_POINT('',(47.659293251383,-57.91020434067,42.5));
#3200 = CARTESIAN_POINT('',(47.659293251383,-57.91020434067,45.153));
#3201 = CARTESIAN_POINT('',(47.659293251383,-57.91020434067,45.306));
#3202 = ORIENTED_EDGE('',*,*,#3203,.F.);
#3203 = EDGE_CURVE('',#3117,#3194,#3204,.T.);
#3204 = CIRCLE('',#3205,75.);
#3205 = AXIS2_PLACEMENT_3D('',#3206,#3207,#3208);
#3206 = CARTESIAN_POINT('',(0.,0.,45.));
#3207 = DIRECTION('',(0.,0.,-1.));
#3208 = DIRECTION('',(0.,1.,0.));
#3209 = CYLINDRICAL_SURFACE('',#3210,75.);
#3210 = AXIS2_PLACEMENT_3D('',#3211,#3212,#3213);
#3211 = CARTESIAN_POINT('',(0.,0.,40.));
#3212 = DIRECTION('',(0.,0.,1.));
#3213 = DIRECTION('',(0.,1.,0.));
#3214 = ADVANCED_FACE('',(#3215),#3274,.F.);
#3215 = FACE_BOUND('',#3216,.F.);
#3216 = EDGE_LOOP('',(#3217,#3218,#3228,#3273));
#3217 = ORIENTED_EDGE('',*,*,#2480,.T.);
#3218 = ORIENTED_EDGE('',*,*,#3219,.T.);
#3219 = EDGE_CURVE('',#2472,#3220,#3222,.T.);
#3220 = VERTEX_POINT('',#3221);
#3221 = CARTESIAN_POINT('',(40.142003976092,-56.53233968116,45.));
#3222 = B_SPLINE_CURVE_WITH_KNOTS('',2,(#3223,#3224,#3225,#3226,#3227),
  .UNSPECIFIED.,.F.,.F.,(3,1,1,3),(-0.306,5.78145387467E-14,5.,5.306),
  .UNSPECIFIED.);
#3223 = CARTESIAN_POINT('',(40.142003976092,-56.53233968116,39.694));
#3224 = CARTESIAN_POINT('',(40.142003976092,-56.53233968116,39.847));
#3225 = CARTESIAN_POINT('',(40.142003976092,-56.53233968116,42.5));
#3226 = CARTESIAN_POINT('',(40.142003976092,-56.53233968116,45.153));
#3227 = CARTESIAN_POINT('',(40.142003976092,-56.53233968116,45.306));
#3228 = ORIENTED_EDGE('',*,*,#3229,.F.);
#3229 = EDGE_CURVE('',#3194,#3220,#3230,.T.);
#3230 = B_SPLINE_CURVE_WITH_KNOTS('',6,(#3231,#3232,#3233,#3234,#3235,
    #3236,#3237,#3238,#3239,#3240,#3241,#3242,#3243,#3244,#3245,#3246,
    #3247,#3248,#3249,#3250,#3251,#3252,#3253,#3254,#3255,#3256,#3257,
    #3258,#3259,#3260,#3261,#3262,#3263,#3264,#3265,#3266,#3267,#3268,
    #3269,#3270,#3271,#3272),.UNSPECIFIED.,.F.,.F.,(7,5,5,5,5,5,5,5,7),(
    0.,0.144351649687,0.247777648908,0.321372932161,0.5,0.678627067839,
    0.752222351092,0.855648350313,1.),.UNSPECIFIED.);
#3231 = CARTESIAN_POINT('',(47.659293251383,-57.91020434067,45.));
#3232 = CARTESIAN_POINT('',(47.503272210163,-58.03860748899,45.));
#3233 = CARTESIAN_POINT('',(47.339967980418,-58.16031340894,45.));
#3234 = CARTESIAN_POINT('',(47.169794324754,-58.27466030307,45.));
#3235 = CARTESIAN_POINT('',(46.99323670046,-58.38104448569,45.));
#3236 = CARTESIAN_POINT('',(46.810848534953,-58.47892530553,45.));
#3237 = CARTESIAN_POINT('',(46.488833904899,-58.63152912522,45.));
#3238 = CARTESIAN_POINT('',(46.351742228399,-58.69062132059,45.));
#3239 = CARTESIAN_POINT('',(46.212198613255,-58.74493336625,45.));
#3240 = CARTESIAN_POINT('',(46.070441686285,-58.79431190625,45.));
#3241 = CARTESIAN_POINT('',(45.926721870387,-58.8386239436,45.));
#3242 = CARTESIAN_POINT('',(45.677822724163,-58.90560353394,45.));
#3243 = CARTESIAN_POINT('',(45.573482848977,-58.93082775093,45.));
#3244 = CARTESIAN_POINT('',(45.468375141364,-58.9533895435,45.));
#3245 = CARTESIAN_POINT('',(45.362595516521,-58.9732541439,45.));
#3246 = CARTESIAN_POINT('',(45.256241733266,-58.99039239094,45.));
#3247 = CARTESIAN_POINT('',(44.890124589738,-59.03970344095,45.));
#3248 = CARTESIAN_POINT('',(44.628029632133,-59.0584276979,45.));
#3249 = CARTESIAN_POINT('',(44.36456911791,-59.06061245526,45.));
#3250 = CARTESIAN_POINT('',(44.101198129114,-59.04612778168,45.));
#3251 = CARTESIAN_POINT('',(43.839376679623,-59.01503131324,45.));
#3252 = CARTESIAN_POINT('',(43.321744859809,-58.92015315104,45.));
#3253 = CARTESIAN_POINT('',(43.065915029104,-58.85636789033,45.));
#3254 = CARTESIAN_POINT('',(42.814528096418,-58.77650116646,45.));
#3255 = CARTESIAN_POINT('',(42.568969604206,-58.68101691319,45.));
#3256 = CARTESIAN_POINT('',(42.330553959171,-58.5705526891,45.));
#3257 = CARTESIAN_POINT('',(42.00572666307,-58.39459652938,45.));
#3258 = CARTESIAN_POINT('',(41.912365193204,-58.34085192343,45.));
#3259 = CARTESIAN_POINT('',(41.820507512185,-58.28476183679,45.));
#3260 = CARTESIAN_POINT('',(41.730234681082,-58.22638820706,45.));
#3261 = CARTESIAN_POINT('',(41.641624048725,-58.16579756001,45.));
#3262 = CARTESIAN_POINT('',(41.432661092075,-58.01489516353,45.));
#3263 = CARTESIAN_POINT('',(41.314000423115,-57.92249068432,45.));
#3264 = CARTESIAN_POINT('',(41.198971974927,-57.82604524553,45.));
#3265 = CARTESIAN_POINT('',(41.087762720771,-57.7257720157,45.));
#3266 = CARTESIAN_POINT('',(40.98054138397,-57.6218990151,45.));
#3267 = CARTESIAN_POINT('',(40.733584406151,-57.36500682203,45.));
#3268 = CARTESIAN_POINT('',(40.597768392888,-57.20880148169,45.));
#3269 = CARTESIAN_POINT('',(40.470419773636,-57.0467134865,45.));
#3270 = CARTESIAN_POINT('',(40.351864245617,-56.87944462492,45.));
#3271 = CARTESIAN_POINT('',(40.242341598141,-56.70773151507,45.));
#3272 = CARTESIAN_POINT('',(40.142003976092,-56.53233968116,45.));
#3273 = ORIENTED_EDGE('',*,*,#3193,.F.);
#3274 = ( BOUNDED_SURFACE() B_SPLINE_SURFACE(2,2,(
    (#3275,#3276,#3277,#3278,#3279)
    ,(#3280,#3281,#3282,#3283,#3284)
    ,(#3285,#3286,#3287,#3288,#3289
)),.UNSPECIFIED.,.F.,.F.,.F.) B_SPLINE_SURFACE_WITH_KNOTS((3,3),(3,1,1,3
    ),(0.,5.),(-0.306,5.78145387467E-14,5.,5.306),.UNSPECIFIED.) 
GEOMETRIC_REPRESENTATION_ITEM() RATIONAL_B_SPLINE_SURFACE((
    (1.,1.,1.,1.,1.)
    ,(0.644917443799,0.644917443799,0.644917443799,0.644917443799
      ,0.644917443799)
,(1.,1.,1.,1.,1.))) REPRESENTATION_ITEM('') SURFACE() );
#3275 = CARTESIAN_POINT('',(47.659293251383,-57.91020434067,39.694));
#3276 = CARTESIAN_POINT('',(47.659293251383,-57.91020434067,39.847));
#3277 = CARTESIAN_POINT('',(47.659293251383,-57.91020434067,42.5));
#3278 = CARTESIAN_POINT('',(47.659293251383,-57.91020434067,45.153));
#3279 = CARTESIAN_POINT('',(47.659293251383,-57.91020434067,45.306));
#3280 = CARTESIAN_POINT('',(43.084237019912,-61.67541202833,39.694));
#3281 = CARTESIAN_POINT('',(43.084237019912,-61.67541202833,39.847));
#3282 = CARTESIAN_POINT('',(43.084237019912,-61.67541202833,42.5));
#3283 = CARTESIAN_POINT('',(43.084237019912,-61.67541202833,45.153));
#3284 = CARTESIAN_POINT('',(43.084237019912,-61.67541202833,45.306));
#3285 = CARTESIAN_POINT('',(40.142003976092,-56.53233968116,39.694));
#3286 = CARTESIAN_POINT('',(40.142003976092,-56.53233968116,39.847));
#3287 = CARTESIAN_POINT('',(40.142003976092,-56.53233968116,42.5));
#3288 = CARTESIAN_POINT('',(40.142003976092,-56.53233968116,45.153));
#3289 = CARTESIAN_POINT('',(40.142003976092,-56.53233968116,45.306));
#3290 = ADVANCED_FACE('',(#3291),#3312,.F.);
#3291 = FACE_BOUND('',#3292,.T.);
#3292 = EDGE_LOOP('',(#3293,#3294,#3303,#3311));
#3293 = ORIENTED_EDGE('',*,*,#3219,.T.);
#3294 = ORIENTED_EDGE('',*,*,#3295,.F.);
#3295 = EDGE_CURVE('',#3296,#3220,#3298,.T.);
#3296 = VERTEX_POINT('',#3297);
#3297 = CARTESIAN_POINT('',(28.883560784112,-63.03194292955,45.));
#3298 = CIRCLE('',#3299,6.5);
#3299 = AXIS2_PLACEMENT_3D('',#3300,#3301,#3302);
#3300 = CARTESIAN_POINT('',(34.5,-59.76,45.));
#3301 = DIRECTION('',(0.,4.440892098501E-16,-1.));
#3302 = DIRECTION('',(1.,0.,0.));
#3303 = ORIENTED_EDGE('',*,*,#3304,.F.);
#3304 = EDGE_CURVE('',#2425,#3296,#3305,.T.);
#3305 = B_SPLINE_CURVE_WITH_KNOTS('',2,(#3306,#3307,#3308,#3309,#3310),
  .UNSPECIFIED.,.F.,.F.,(3,1,1,3),(-0.306,4.287618437376E-14,5.,5.306),
  .UNSPECIFIED.);
#3306 = CARTESIAN_POINT('',(28.883560784112,-63.03194292955,39.694));
#3307 = CARTESIAN_POINT('',(28.883560784112,-63.03194292955,39.847));
#3308 = CARTESIAN_POINT('',(28.883560784112,-63.03194292955,42.5));
#3309 = CARTESIAN_POINT('',(28.883560784112,-63.03194292955,45.153));
#3310 = CARTESIAN_POINT('',(28.883560784112,-63.03194292955,45.306));
#3311 = ORIENTED_EDGE('',*,*,#2471,.F.);
#3312 = CYLINDRICAL_SURFACE('',#3313,6.5);
#3313 = AXIS2_PLACEMENT_3D('',#3314,#3315,#3316);
#3314 = CARTESIAN_POINT('',(34.5,-59.76,45.));
#3315 = DIRECTION('',(0.,-4.440892098501E-16,1.));
#3316 = DIRECTION('',(1.,0.,0.));
#3317 = ADVANCED_FACE('',(#3318),#3377,.T.);
#3318 = FACE_BOUND('',#3319,.T.);
#3319 = EDGE_LOOP('',(#3320,#3321,#3322,#3369));
#3320 = ORIENTED_EDGE('',*,*,#2424,.T.);
#3321 = ORIENTED_EDGE('',*,*,#3304,.T.);
#3322 = ORIENTED_EDGE('',*,*,#3323,.F.);
#3323 = EDGE_CURVE('',#3324,#3296,#3326,.T.);
#3324 = VERTEX_POINT('',#3325);
#3325 = CARTESIAN_POINT('',(26.317738849003,-70.23088082799,45.));
#3326 = B_SPLINE_CURVE_WITH_KNOTS('',6,(#3327,#3328,#3329,#3330,#3331,
    #3332,#3333,#3334,#3335,#3336,#3337,#3338,#3339,#3340,#3341,#3342,
    #3343,#3344,#3345,#3346,#3347,#3348,#3349,#3350,#3351,#3352,#3353,
    #3354,#3355,#3356,#3357,#3358,#3359,#3360,#3361,#3362,#3363,#3364,
    #3365,#3366,#3367,#3368),.UNSPECIFIED.,.F.,.F.,(7,5,5,5,5,5,5,5,7),(
    0.,0.144351649687,0.247777648908,0.321372932161,0.500000000001,
    0.67862706784,0.752222351093,0.855648350314,1.),.UNSPECIFIED.);
#3327 = CARTESIAN_POINT('',(26.317738849003,-70.23088082799,45.));
#3328 = CARTESIAN_POINT('',(26.506954122499,-70.15997586289,45.));
#3329 = CARTESIAN_POINT('',(26.694011614693,-70.07941472449,45.));
#3330 = CARTESIAN_POINT('',(26.878131309174,-69.989224795,45.));
#3331 = CARTESIAN_POINT('',(27.058547662863,-69.88952460277,45.));
#3332 = CARTESIAN_POINT('',(27.234515731465,-69.78052305855,45.));
#3333 = CARTESIAN_POINT('',(27.527694298628,-69.57797016297,45.));
#3334 = CARTESIAN_POINT('',(27.647420967918,-69.48879875511,45.));
#3335 = CARTESIAN_POINT('',(27.764234153247,-69.39511365189,45.));
#3336 = CARTESIAN_POINT('',(27.877881723075,-69.29704481674,45.));
#3337 = CARTESIAN_POINT('',(27.988123277913,-69.19474260893,45.));
#3338 = CARTESIAN_POINT('',(28.170590083341,-69.01269065088,45.));
#3339 = CARTESIAN_POINT('',(28.244609618902,-68.93494633255,45.));
#3340 = CARTESIAN_POINT('',(28.316707466353,-68.85520572134,45.));
#3341 = CARTESIAN_POINT('',(28.386805554315,-68.77353449357,45.));
#3342 = CARTESIAN_POINT('',(28.45482974472,-68.6900027257,45.));
#3343 = CARTESIAN_POINT('',(28.680610935802,-68.3976053998,45.));
#3344 = CARTESIAN_POINT('',(28.827887490824,-68.17999570116,45.));
#3345 = CARTESIAN_POINT('',(28.961523779164,-67.95293280644,45.));
#3346 = CARTESIAN_POINT('',(29.080679662376,-67.71761183627,45.));
#3347 = CARTESIAN_POINT('',(29.184674968248,-67.47532597593,45.));
#3348 = CARTESIAN_POINT('',(29.361354490473,-66.97961546266,45.));
#3349 = CARTESIAN_POINT('',(29.434045349098,-66.72617217347,45.));
#3350 = CARTESIAN_POINT('',(29.490588061196,-66.46853482133,45.));
#3351 = CARTESIAN_POINT('',(29.530691545834,-66.20813527018,45.));
#3352 = CARTESIAN_POINT('',(29.554250651911,-65.94643060243,45.));
#3353 = CARTESIAN_POINT('',(29.564304525068,-65.57714445041,45.));
#3354 = CARTESIAN_POINT('',(29.564447696389,-65.46941875141,45.));
#3355 = CARTESIAN_POINT('',(29.561807719458,-65.3618224601,45.));
#3356 = CARTESIAN_POINT('',(29.556397697041,-65.25445674704,45.));
#3357 = CARTESIAN_POINT('',(29.548236561565,-65.14742186233,45.));
#3358 = CARTESIAN_POINT('',(29.522048513517,-64.89100182284,45.));
#3359 = CARTESIAN_POINT('',(29.501363390358,-64.74203515605,45.));
#3360 = CARTESIAN_POINT('',(29.475362513915,-64.59419327774,45.));
#3361 = CARTESIAN_POINT('',(29.444136990411,-64.4477447014,45.));
#3362 = CARTESIAN_POINT('',(29.407799913514,-64.3029495628,45.));
#3363 = CARTESIAN_POINT('',(29.308824306816,-63.96062635729,45.));
#3364 = CARTESIAN_POINT('',(29.241466567261,-63.76489942319,45.));
#3365 = CARTESIAN_POINT('',(29.164780331883,-63.57356356583,45.));
#3366 = CARTESIAN_POINT('',(29.079210479729,-63.38725176888,45.));
#3367 = CARTESIAN_POINT('',(28.985275010704,-63.20654003694,45.));
#3368 = CARTESIAN_POINT('',(28.883560784112,-63.03194292955,45.));
#3369 = ORIENTED_EDGE('',*,*,#3370,.F.);
#3370 = EDGE_CURVE('',#2416,#3324,#3371,.T.);
#3371 = B_SPLINE_CURVE_WITH_KNOTS('',2,(#3372,#3373,#3374,#3375,#3376),
  .UNSPECIFIED.,.F.,.F.,(3,1,1,3),(-0.306,4.287618437376E-14,5.,5.306),
  .UNSPECIFIED.);
#3372 = CARTESIAN_POINT('',(26.317738849003,-70.23088082799,39.694));
#3373 = CARTESIAN_POINT('',(26.317738849003,-70.23088082799,39.847));
#3374 = CARTESIAN_POINT('',(26.317738849003,-70.23088082799,42.5));
#3375 = CARTESIAN_POINT('',(26.317738849003,-70.23088082799,45.153));
#3376 = CARTESIAN_POINT('',(26.317738849003,-70.23088082799,45.306));
#3377 = ( BOUNDED_SURFACE() B_SPLINE_SURFACE(2,2,(
    (#3378,#3379,#3380,#3381,#3382)
    ,(#3383,#3384,#3385,#3386,#3387)
    ,(#3388,#3389,#3390,#3391,#3392
)),.UNSPECIFIED.,.F.,.F.,.F.) B_SPLINE_SURFACE_WITH_KNOTS((3,3),(3,1,1,3
    ),(0.,5.),(-0.306,4.287618437376E-14,5.,5.306),.UNSPECIFIED.) 
GEOMETRIC_REPRESENTATION_ITEM() RATIONAL_B_SPLINE_SURFACE((
    (1.,1.,1.,1.,1.)
    ,(0.644917443799,0.644917443799,0.644917443799,0.644917443799
      ,0.644917443799)
,(1.,1.,1.,1.,1.))) REPRESENTATION_ITEM('') SURFACE() );
#3378 = CARTESIAN_POINT('',(26.317738849003,-70.23088082799,39.694));
#3379 = CARTESIAN_POINT('',(26.317738849003,-70.23088082799,39.847));
#3380 = CARTESIAN_POINT('',(26.317738849003,-70.23088082799,42.5));
#3381 = CARTESIAN_POINT('',(26.317738849003,-70.23088082799,45.153));
#3382 = CARTESIAN_POINT('',(26.317738849003,-70.23088082799,45.306));
#3383 = CARTESIAN_POINT('',(31.866160455039,-68.15171125001,39.694));
#3384 = CARTESIAN_POINT('',(31.866160455039,-68.15171125001,39.847));
#3385 = CARTESIAN_POINT('',(31.866160455039,-68.15171125001,42.5));
#3386 = CARTESIAN_POINT('',(31.866160455039,-68.15171125001,45.153));
#3387 = CARTESIAN_POINT('',(31.866160455039,-68.15171125001,45.306));
#3388 = CARTESIAN_POINT('',(28.883560784112,-63.03194292955,39.694));
#3389 = CARTESIAN_POINT('',(28.883560784112,-63.03194292955,39.847));
#3390 = CARTESIAN_POINT('',(28.883560784112,-63.03194292955,42.5));
#3391 = CARTESIAN_POINT('',(28.883560784112,-63.03194292955,45.153));
#3392 = CARTESIAN_POINT('',(28.883560784112,-63.03194292955,45.306));
#3393 = ADVANCED_FACE('',(#3394),#3415,.T.);
#3394 = FACE_BOUND('',#3395,.F.);
#3395 = EDGE_LOOP('',(#3396,#3397,#3398,#3408));
#3396 = ORIENTED_EDGE('',*,*,#3370,.F.);
#3397 = ORIENTED_EDGE('',*,*,#2415,.T.);
#3398 = ORIENTED_EDGE('',*,*,#3399,.T.);
#3399 = EDGE_CURVE('',#2369,#3400,#3402,.T.);
#3400 = VERTEX_POINT('',#3401);
#3401 = CARTESIAN_POINT('',(-26.317738849,-70.23088082799,45.));
#3402 = B_SPLINE_CURVE_WITH_KNOTS('',2,(#3403,#3404,#3405,#3406,#3407),
  .UNSPECIFIED.,.F.,.F.,(3,1,1,3),(-0.306,4.287618437376E-14,5.,5.306),
  .UNSPECIFIED.);
#3403 = CARTESIAN_POINT('',(-26.317738849,-70.23088082799,39.694));
#3404 = CARTESIAN_POINT('',(-26.317738849,-70.23088082799,39.847));
#3405 = CARTESIAN_POINT('',(-26.317738849,-70.23088082799,42.5));
#3406 = CARTESIAN_POINT('',(-26.317738849,-70.23088082799,45.153));
#3407 = CARTESIAN_POINT('',(-26.317738849,-70.23088082799,45.306));
#3408 = ORIENTED_EDGE('',*,*,#3409,.F.);
#3409 = EDGE_CURVE('',#3324,#3400,#3410,.T.);
#3410 = CIRCLE('',#3411,75.);
#3411 = AXIS2_PLACEMENT_3D('',#3412,#3413,#3414);
#3412 = CARTESIAN_POINT('',(0.,0.,45.));
#3413 = DIRECTION('',(0.,0.,-1.));
#3414 = DIRECTION('',(0.,1.,0.));
#3415 = CYLINDRICAL_SURFACE('',#3416,75.);
#3416 = AXIS2_PLACEMENT_3D('',#3417,#3418,#3419);
#3417 = CARTESIAN_POINT('',(0.,0.,40.));
#3418 = DIRECTION('',(0.,0.,1.));
#3419 = DIRECTION('',(0.,1.,0.));
#3420 = ADVANCED_FACE('',(#3421),#3480,.F.);
#3421 = FACE_BOUND('',#3422,.F.);
#3422 = EDGE_LOOP('',(#3423,#3424,#3434,#3479));
#3423 = ORIENTED_EDGE('',*,*,#2368,.T.);
#3424 = ORIENTED_EDGE('',*,*,#3425,.T.);
#3425 = EDGE_CURVE('',#2360,#3426,#3428,.T.);
#3426 = VERTEX_POINT('',#3427);
#3427 = CARTESIAN_POINT('',(-28.88356078411,-63.03194292955,45.));
#3428 = B_SPLINE_CURVE_WITH_KNOTS('',2,(#3429,#3430,#3431,#3432,#3433),
  .UNSPECIFIED.,.F.,.F.,(3,1,1,3),(-0.306,4.287618437376E-14,5.,5.306),
  .UNSPECIFIED.);
#3429 = CARTESIAN_POINT('',(-28.88356078411,-63.03194292955,39.694));
#3430 = CARTESIAN_POINT('',(-28.88356078411,-63.03194292955,39.847));
#3431 = CARTESIAN_POINT('',(-28.88356078411,-63.03194292955,42.5));
#3432 = CARTESIAN_POINT('',(-28.88356078411,-63.03194292955,45.153));
#3433 = CARTESIAN_POINT('',(-28.88356078411,-63.03194292955,45.306));
#3434 = ORIENTED_EDGE('',*,*,#3435,.F.);
#3435 = EDGE_CURVE('',#3400,#3426,#3436,.T.);
#3436 = B_SPLINE_CURVE_WITH_KNOTS('',6,(#3437,#3438,#3439,#3440,#3441,
    #3442,#3443,#3444,#3445,#3446,#3447,#3448,#3449,#3450,#3451,#3452,
    #3453,#3454,#3455,#3456,#3457,#3458,#3459,#3460,#3461,#3462,#3463,
    #3464,#3465,#3466,#3467,#3468,#3469,#3470,#3471,#3472,#3473,#3474,
    #3475,#3476,#3477,#3478),.UNSPECIFIED.,.F.,.F.,(7,5,5,5,5,5,5,5,7),(
    0.,0.144351649687,0.247777648908,0.321372932161,0.500000000001,
    0.67862706784,0.752222351093,0.855648350314,1.),.UNSPECIFIED.);
#3437 = CARTESIAN_POINT('',(-26.317738849,-70.23088082799,45.));
#3438 = CARTESIAN_POINT('',(-26.50695412249,-70.15997586289,45.));
#3439 = CARTESIAN_POINT('',(-26.69401161469,-70.07941472449,45.));
#3440 = CARTESIAN_POINT('',(-26.87813130917,-69.989224795,45.));
#3441 = CARTESIAN_POINT('',(-27.05854766286,-69.88952460277,45.));
#3442 = CARTESIAN_POINT('',(-27.23451573146,-69.78052305855,45.));
#3443 = CARTESIAN_POINT('',(-27.52769429862,-69.57797016297,45.));
#3444 = CARTESIAN_POINT('',(-27.64742096791,-69.48879875511,45.));
#3445 = CARTESIAN_POINT('',(-27.76423415324,-69.39511365189,45.));
#3446 = CARTESIAN_POINT('',(-27.87788172307,-69.29704481674,45.));
#3447 = CARTESIAN_POINT('',(-27.98812327791,-69.19474260893,45.));
#3448 = CARTESIAN_POINT('',(-28.17059008334,-69.01269065088,45.));
#3449 = CARTESIAN_POINT('',(-28.2446096189,-68.93494633255,45.));
#3450 = CARTESIAN_POINT('',(-28.31670746635,-68.85520572134,45.));
#3451 = CARTESIAN_POINT('',(-28.38680555431,-68.77353449357,45.));
#3452 = CARTESIAN_POINT('',(-28.45482974472,-68.6900027257,45.));
#3453 = CARTESIAN_POINT('',(-28.6806109358,-68.3976053998,45.));
#3454 = CARTESIAN_POINT('',(-28.82788749082,-68.17999570116,45.));
#3455 = CARTESIAN_POINT('',(-28.96152377916,-67.95293280644,45.));
#3456 = CARTESIAN_POINT('',(-29.08067966237,-67.71761183627,45.));
#3457 = CARTESIAN_POINT('',(-29.18467496824,-67.47532597593,45.));
#3458 = CARTESIAN_POINT('',(-29.36135449047,-66.97961546266,45.));
#3459 = CARTESIAN_POINT('',(-29.43404534909,-66.72617217347,45.));
#3460 = CARTESIAN_POINT('',(-29.49058806119,-66.46853482133,45.));
#3461 = CARTESIAN_POINT('',(-29.53069154583,-66.20813527018,45.));
#3462 = CARTESIAN_POINT('',(-29.55425065191,-65.94643060243,45.));
#3463 = CARTESIAN_POINT('',(-29.56430452506,-65.57714445041,45.));
#3464 = CARTESIAN_POINT('',(-29.56444769638,-65.46941875141,45.));
#3465 = CARTESIAN_POINT('',(-29.56180771945,-65.3618224601,45.));
#3466 = CARTESIAN_POINT('',(-29.55639769704,-65.25445674704,45.));
#3467 = CARTESIAN_POINT('',(-29.54823656156,-65.14742186233,45.));
#3468 = CARTESIAN_POINT('',(-29.52204851351,-64.89100182284,45.));
#3469 = CARTESIAN_POINT('',(-29.50136339035,-64.74203515605,45.));
#3470 = CARTESIAN_POINT('',(-29.47536251391,-64.59419327774,45.));
#3471 = CARTESIAN_POINT('',(-29.44413699041,-64.4477447014,45.));
#3472 = CARTESIAN_POINT('',(-29.40779991351,-64.3029495628,45.));
#3473 = CARTESIAN_POINT('',(-29.30882430681,-63.96062635729,45.));
#3474 = CARTESIAN_POINT('',(-29.24146656726,-63.76489942319,45.));
#3475 = CARTESIAN_POINT('',(-29.16478033188,-63.57356356583,45.));
#3476 = CARTESIAN_POINT('',(-29.07921047972,-63.38725176888,45.));
#3477 = CARTESIAN_POINT('',(-28.9852750107,-63.20654003694,45.));
#3478 = CARTESIAN_POINT('',(-28.88356078411,-63.03194292955,45.));
#3479 = ORIENTED_EDGE('',*,*,#3399,.F.);
#3480 = ( BOUNDED_SURFACE() B_SPLINE_SURFACE(2,2,(
    (#3481,#3482,#3483,#3484,#3485)
    ,(#3486,#3487,#3488,#3489,#3490)
    ,(#3491,#3492,#3493,#3494,#3495
)),.UNSPECIFIED.,.F.,.F.,.F.) B_SPLINE_SURFACE_WITH_KNOTS((3,3),(3,1,1,3
    ),(0.,5.),(-0.306,4.287618437376E-14,5.,5.306),.UNSPECIFIED.) 
GEOMETRIC_REPRESENTATION_ITEM() RATIONAL_B_SPLINE_SURFACE((
    (1.,1.,1.,1.,1.)
    ,(0.644917443799,0.644917443799,0.644917443799,0.644917443799
      ,0.644917443799)
,(1.,1.,1.,1.,1.))) REPRESENTATION_ITEM('') SURFACE() );
#3481 = CARTESIAN_POINT('',(-26.317738849,-70.23088082799,39.694));
#3482 = CARTESIAN_POINT('',(-26.317738849,-70.23088082799,39.847));
#3483 = CARTESIAN_POINT('',(-26.317738849,-70.23088082799,42.5));
#3484 = CARTESIAN_POINT('',(-26.317738849,-70.23088082799,45.153));
#3485 = CARTESIAN_POINT('',(-26.317738849,-70.23088082799,45.306));
#3486 = CARTESIAN_POINT('',(-31.86616045503,-68.15171125001,39.694));
#3487 = CARTESIAN_POINT('',(-31.86616045503,-68.15171125001,39.847));
#3488 = CARTESIAN_POINT('',(-31.86616045503,-68.15171125001,42.5));
#3489 = CARTESIAN_POINT('',(-31.86616045503,-68.15171125001,45.153));
#3490 = CARTESIAN_POINT('',(-31.86616045503,-68.15171125001,45.306));
#3491 = CARTESIAN_POINT('',(-28.88356078411,-63.03194292955,39.694));
#3492 = CARTESIAN_POINT('',(-28.88356078411,-63.03194292955,39.847));
#3493 = CARTESIAN_POINT('',(-28.88356078411,-63.03194292955,42.5));
#3494 = CARTESIAN_POINT('',(-28.88356078411,-63.03194292955,45.153));
#3495 = CARTESIAN_POINT('',(-28.88356078411,-63.03194292955,45.306));
#3496 = ADVANCED_FACE('',(#3497),#3518,.F.);
#3497 = FACE_BOUND('',#3498,.F.);
#3498 = EDGE_LOOP('',(#3499,#3509,#3516,#3517));
#3499 = ORIENTED_EDGE('',*,*,#3500,.T.);
#3500 = EDGE_CURVE('',#2313,#3501,#3503,.T.);
#3501 = VERTEX_POINT('',#3502);
#3502 = CARTESIAN_POINT('',(-40.14200397609,-56.53233968116,45.));
#3503 = B_SPLINE_CURVE_WITH_KNOTS('',2,(#3504,#3505,#3506,#3507,#3508),
  .UNSPECIFIED.,.F.,.F.,(3,1,1,3),(-0.306,5.78145387467E-14,5.,5.306),
  .UNSPECIFIED.);
#3504 = CARTESIAN_POINT('',(-40.14200397609,-56.53233968116,39.694));
#3505 = CARTESIAN_POINT('',(-40.14200397609,-56.53233968116,39.847));
#3506 = CARTESIAN_POINT('',(-40.14200397609,-56.53233968116,42.5));
#3507 = CARTESIAN_POINT('',(-40.14200397609,-56.53233968116,45.153));
#3508 = CARTESIAN_POINT('',(-40.14200397609,-56.53233968116,45.306));
#3509 = ORIENTED_EDGE('',*,*,#3510,.F.);
#3510 = EDGE_CURVE('',#3426,#3501,#3511,.T.);
#3511 = CIRCLE('',#3512,6.5);
#3512 = AXIS2_PLACEMENT_3D('',#3513,#3514,#3515);
#3513 = CARTESIAN_POINT('',(-34.5,-59.76,45.));
#3514 = DIRECTION('',(-2.22044604925E-16,-4.440892098501E-16,1.));
#3515 = DIRECTION('',(-1.,-2.22044604925E-16,-2.22044604925E-16));
#3516 = ORIENTED_EDGE('',*,*,#3425,.F.);
#3517 = ORIENTED_EDGE('',*,*,#2359,.T.);
#3518 = CYLINDRICAL_SURFACE('',#3519,6.5);
#3519 = AXIS2_PLACEMENT_3D('',#3520,#3521,#3522);
#3520 = CARTESIAN_POINT('',(-34.5,-59.76,45.));
#3521 = DIRECTION('',(-2.22044604925E-16,-4.440892098501E-16,1.));
#3522 = DIRECTION('',(-1.,-2.22044604925E-16,-2.22044604925E-16));
#3523 = ADVANCED_FACE('',(#3524),#3583,.T.);
#3524 = FACE_BOUND('',#3525,.T.);
#3525 = EDGE_LOOP('',(#3526,#3527,#3528,#3575));
#3526 = ORIENTED_EDGE('',*,*,#2312,.T.);
#3527 = ORIENTED_EDGE('',*,*,#3500,.T.);
#3528 = ORIENTED_EDGE('',*,*,#3529,.F.);
#3529 = EDGE_CURVE('',#3530,#3501,#3532,.T.);
#3530 = VERTEX_POINT('',#3531);
#3531 = CARTESIAN_POINT('',(-47.65929325138,-57.91020434067,45.));
#3532 = B_SPLINE_CURVE_WITH_KNOTS('',6,(#3533,#3534,#3535,#3536,#3537,
    #3538,#3539,#3540,#3541,#3542,#3543,#3544,#3545,#3546,#3547,#3548,
    #3549,#3550,#3551,#3552,#3553,#3554,#3555,#3556,#3557,#3558,#3559,
    #3560,#3561,#3562,#3563,#3564,#3565,#3566,#3567,#3568,#3569,#3570,
    #3571,#3572,#3573,#3574),.UNSPECIFIED.,.F.,.F.,(7,5,5,5,5,5,5,5,7),(
    0.,0.144351649687,0.247777648908,0.321372932161,0.5,0.678627067839,
    0.752222351092,0.855648350313,1.),.UNSPECIFIED.);
#3533 = CARTESIAN_POINT('',(-47.65929325138,-57.91020434067,45.));
#3534 = CARTESIAN_POINT('',(-47.50327221016,-58.03860748899,45.));
#3535 = CARTESIAN_POINT('',(-47.33996798041,-58.16031340894,45.));
#3536 = CARTESIAN_POINT('',(-47.16979432475,-58.27466030307,45.));
#3537 = CARTESIAN_POINT('',(-46.99323670046,-58.38104448569,45.));
#3538 = CARTESIAN_POINT('',(-46.81084853495,-58.47892530553,45.));
#3539 = CARTESIAN_POINT('',(-46.48883390489,-58.63152912522,45.));
#3540 = CARTESIAN_POINT('',(-46.35174222839,-58.69062132059,45.));
#3541 = CARTESIAN_POINT('',(-46.21219861325,-58.74493336625,45.));
#3542 = CARTESIAN_POINT('',(-46.07044168628,-58.79431190625,45.));
#3543 = CARTESIAN_POINT('',(-45.92672187038,-58.8386239436,45.));
#3544 = CARTESIAN_POINT('',(-45.67782272416,-58.90560353394,45.));
#3545 = CARTESIAN_POINT('',(-45.57348284897,-58.93082775093,45.));
#3546 = CARTESIAN_POINT('',(-45.46837514136,-58.9533895435,45.));
#3547 = CARTESIAN_POINT('',(-45.36259551652,-58.9732541439,45.));
#3548 = CARTESIAN_POINT('',(-45.25624173326,-58.99039239094,45.));
#3549 = CARTESIAN_POINT('',(-44.89012458973,-59.03970344095,45.));
#3550 = CARTESIAN_POINT('',(-44.62802963213,-59.0584276979,45.));
#3551 = CARTESIAN_POINT('',(-44.36456911791,-59.06061245526,45.));
#3552 = CARTESIAN_POINT('',(-44.10119812911,-59.04612778168,45.));
#3553 = CARTESIAN_POINT('',(-43.83937667962,-59.01503131324,45.));
#3554 = CARTESIAN_POINT('',(-43.3217448598,-58.92015315104,45.));
#3555 = CARTESIAN_POINT('',(-43.0659150291,-58.85636789033,45.));
#3556 = CARTESIAN_POINT('',(-42.81452809641,-58.77650116646,45.));
#3557 = CARTESIAN_POINT('',(-42.5689696042,-58.68101691319,45.));
#3558 = CARTESIAN_POINT('',(-42.33055395917,-58.5705526891,45.));
#3559 = CARTESIAN_POINT('',(-42.00572666307,-58.39459652938,45.));
#3560 = CARTESIAN_POINT('',(-41.9123651932,-58.34085192343,45.));
#3561 = CARTESIAN_POINT('',(-41.82050751218,-58.28476183679,45.));
#3562 = CARTESIAN_POINT('',(-41.73023468108,-58.22638820706,45.));
#3563 = CARTESIAN_POINT('',(-41.64162404872,-58.16579756001,45.));
#3564 = CARTESIAN_POINT('',(-41.43266109207,-58.01489516353,45.));
#3565 = CARTESIAN_POINT('',(-41.31400042311,-57.92249068432,45.));
#3566 = CARTESIAN_POINT('',(-41.19897197492,-57.82604524553,45.));
#3567 = CARTESIAN_POINT('',(-41.08776272077,-57.7257720157,45.));
#3568 = CARTESIAN_POINT('',(-40.98054138397,-57.6218990151,45.));
#3569 = CARTESIAN_POINT('',(-40.73358440615,-57.36500682203,45.));
#3570 = CARTESIAN_POINT('',(-40.59776839288,-57.20880148169,45.));
#3571 = CARTESIAN_POINT('',(-40.47041977363,-57.0467134865,45.));
#3572 = CARTESIAN_POINT('',(-40.35186424561,-56.87944462492,45.));
#3573 = CARTESIAN_POINT('',(-40.24234159814,-56.70773151507,45.));
#3574 = CARTESIAN_POINT('',(-40.14200397609,-56.53233968116,45.));
#3575 = ORIENTED_EDGE('',*,*,#3576,.F.);
#3576 = EDGE_CURVE('',#2304,#3530,#3577,.T.);
#3577 = B_SPLINE_CURVE_WITH_KNOTS('',2,(#3578,#3579,#3580,#3581,#3582),
  .UNSPECIFIED.,.F.,.F.,(3,1,1,3),(-0.306,5.78145387467E-14,5.,5.306),
  .UNSPECIFIED.);
#3578 = CARTESIAN_POINT('',(-47.65929325138,-57.91020434067,39.694));
#3579 = CARTESIAN_POINT('',(-47.65929325138,-57.91020434067,39.847));
#3580 = CARTESIAN_POINT('',(-47.65929325138,-57.91020434067,42.5));
#3581 = CARTESIAN_POINT('',(-47.65929325138,-57.91020434067,45.153));
#3582 = CARTESIAN_POINT('',(-47.65929325138,-57.91020434067,45.306));
#3583 = ( BOUNDED_SURFACE() B_SPLINE_SURFACE(2,2,(
    (#3584,#3585,#3586,#3587,#3588)
    ,(#3589,#3590,#3591,#3592,#3593)
    ,(#3594,#3595,#3596,#3597,#3598
)),.UNSPECIFIED.,.F.,.F.,.F.) B_SPLINE_SURFACE_WITH_KNOTS((3,3),(3,1,1,3
    ),(0.,5.),(-0.306,5.78145387467E-14,5.,5.306),.UNSPECIFIED.) 
GEOMETRIC_REPRESENTATION_ITEM() RATIONAL_B_SPLINE_SURFACE((
    (1.,1.,1.,1.,1.)
    ,(0.644917443799,0.644917443799,0.644917443799,0.644917443799
      ,0.644917443799)
,(1.,1.,1.,1.,1.))) REPRESENTATION_ITEM('') SURFACE() );
#3584 = CARTESIAN_POINT('',(-47.65929325138,-57.91020434067,39.694));
#3585 = CARTESIAN_POINT('',(-47.65929325138,-57.91020434067,39.847));
#3586 = CARTESIAN_POINT('',(-47.65929325138,-57.91020434067,42.5));
#3587 = CARTESIAN_POINT('',(-47.65929325138,-57.91020434067,45.153));
#3588 = CARTESIAN_POINT('',(-47.65929325138,-57.91020434067,45.306));
#3589 = CARTESIAN_POINT('',(-43.08423701991,-61.67541202833,39.694));
#3590 = CARTESIAN_POINT('',(-43.08423701991,-61.67541202833,39.847));
#3591 = CARTESIAN_POINT('',(-43.08423701991,-61.67541202833,42.5));
#3592 = CARTESIAN_POINT('',(-43.08423701991,-61.67541202833,45.153));
#3593 = CARTESIAN_POINT('',(-43.08423701991,-61.67541202833,45.306));
#3594 = CARTESIAN_POINT('',(-40.14200397609,-56.53233968116,39.694));
#3595 = CARTESIAN_POINT('',(-40.14200397609,-56.53233968116,39.847));
#3596 = CARTESIAN_POINT('',(-40.14200397609,-56.53233968116,42.5));
#3597 = CARTESIAN_POINT('',(-40.14200397609,-56.53233968116,45.153));
#3598 = CARTESIAN_POINT('',(-40.14200397609,-56.53233968116,45.306));
#3599 = ADVANCED_FACE('',(#3600),#3621,.T.);
#3600 = FACE_BOUND('',#3601,.F.);
#3601 = EDGE_LOOP('',(#3602,#3603,#3604,#3614));
#3602 = ORIENTED_EDGE('',*,*,#3576,.F.);
#3603 = ORIENTED_EDGE('',*,*,#2303,.T.);
#3604 = ORIENTED_EDGE('',*,*,#3605,.T.);
#3605 = EDGE_CURVE('',#2257,#3606,#3608,.T.);
#3606 = VERTEX_POINT('',#3607);
#3607 = CARTESIAN_POINT('',(-73.98097826087,-12.32131711972,45.));
#3608 = B_SPLINE_CURVE_WITH_KNOTS('',2,(#3609,#3610,#3611,#3612,#3613),
  .UNSPECIFIED.,.F.,.F.,(3,1,1,3),(-0.306,6.62519084732E-14,5.,5.306),
  .UNSPECIFIED.);
#3609 = CARTESIAN_POINT('',(-73.98097826087,-12.32131711972,39.694));
#3610 = CARTESIAN_POINT('',(-73.98097826087,-12.32131711972,39.847));
#3611 = CARTESIAN_POINT('',(-73.98097826087,-12.32131711972,42.5));
#3612 = CARTESIAN_POINT('',(-73.98097826087,-12.32131711972,45.153));
#3613 = CARTESIAN_POINT('',(-73.98097826087,-12.32131711972,45.306));
#3614 = ORIENTED_EDGE('',*,*,#3615,.F.);
#3615 = EDGE_CURVE('',#3530,#3606,#3616,.T.);
#3616 = CIRCLE('',#3617,75.);
#3617 = AXIS2_PLACEMENT_3D('',#3618,#3619,#3620);
#3618 = CARTESIAN_POINT('',(0.,0.,45.));
#3619 = DIRECTION('',(0.,0.,-1.));
#3620 = DIRECTION('',(0.,1.,0.));
#3621 = CYLINDRICAL_SURFACE('',#3622,75.);
#3622 = AXIS2_PLACEMENT_3D('',#3623,#3624,#3625);
#3623 = CARTESIAN_POINT('',(0.,0.,40.));
#3624 = DIRECTION('',(0.,0.,1.));
#3625 = DIRECTION('',(0.,1.,0.));
#3626 = ADVANCED_FACE('',(#3627),#3686,.T.);
#3627 = FACE_BOUND('',#3628,.T.);
#3628 = EDGE_LOOP('',(#3629,#3630,#3631,#3678));
#3629 = ORIENTED_EDGE('',*,*,#2256,.T.);
#3630 = ORIENTED_EDGE('',*,*,#3605,.T.);
#3631 = ORIENTED_EDGE('',*,*,#3632,.F.);
#3632 = EDGE_CURVE('',#3633,#3606,#3635,.T.);
#3633 = VERTEX_POINT('',#3634);
#3634 = CARTESIAN_POINT('',(-69.02764650283,-6.499941205186,45.));
#3635 = B_SPLINE_CURVE_WITH_KNOTS('',6,(#3636,#3637,#3638,#3639,#3640,
    #3641,#3642,#3643,#3644,#3645,#3646,#3647,#3648,#3649,#3650,#3651,
    #3652,#3653,#3654,#3655,#3656,#3657,#3658,#3659,#3660,#3661,#3662,
    #3663,#3664,#3665,#3666,#3667,#3668,#3669,#3670,#3671,#3672,#3673,
    #3674,#3675,#3676,#3677),.UNSPECIFIED.,.F.,.F.,(7,5,5,5,5,5,5,5,7),(
    0.,0.144347625826,0.2477732501,0.321369248254,0.5,0.678630751746,
    0.7522267499,0.855652374174,1.),.UNSPECIFIED.);
#3636 = CARTESIAN_POINT('',(-69.02764650283,-6.499941205186,45.));
#3637 = CARTESIAN_POINT('',(-69.22973935685,-6.499081634233,45.));
#3638 = CARTESIAN_POINT('',(-69.43324214286,-6.508018439983,45.));
#3639 = CARTESIAN_POINT('',(-69.6374155574,-6.527002955659,45.));
#3640 = CARTESIAN_POINT('',(-69.84150147616,-6.556196109242,45.));
#3641 = CARTESIAN_POINT('',(-70.04472895481,-6.595666964704,45.));
#3642 = CARTESIAN_POINT('',(-70.39076114738,-6.681018912736,45.));
#3643 = CARTESIAN_POINT('',(-70.53436430307,-6.721910948856,45.));
#3644 = CARTESIAN_POINT('',(-70.67684478015,-6.768058664694,45.));
#3645 = CARTESIAN_POINT('',(-70.81792059215,-6.819430001092,45.));
#3646 = CARTESIAN_POINT('',(-70.9573134871,-6.875969652102,45.));
#3647 = CARTESIAN_POINT('',(-71.19254717007,-6.981453736952,45.));
#3648 = CARTESIAN_POINT('',(-71.28935426996,-7.027885744147,45.));
#3649 = CARTESIAN_POINT('',(-71.3850725857,-7.076866983003,45.));
#3650 = CARTESIAN_POINT('',(-71.47960576959,-7.128363731274,45.));
#3651 = CARTESIAN_POINT('',(-71.5728595917,-7.1823367535,45.));
#3652 = CARTESIAN_POINT('',(-71.88775695885,-7.375645303587,45.));
#3653 = CARTESIAN_POINT('',(-72.10270141936,-7.526879434174,45.));
#3654 = CARTESIAN_POINT('',(-72.30824278014,-7.691796729919,45.));
#3655 = CARTESIAN_POINT('',(-72.50317085334,-7.86957738017,45.));
#3656 = CARTESIAN_POINT('',(-72.68639030271,-8.059253036187,45.));
#3657 = CARTESIAN_POINT('',(-73.02749521034,-8.460134703441,45.));
#3658 = CARTESIAN_POINT('',(-73.18539350227,-8.671355797363,45.));
#3659 = CARTESIAN_POINT('',(-73.32967579875,-8.89223026906,45.));
#3660 = CARTESIAN_POINT('',(-73.45956158931,-9.121521888707,45.));
#3661 = CARTESIAN_POINT('',(-73.57443537211,-9.357904835179,45.));
#3662 = CARTESIAN_POINT('',(-73.71483975193,-9.699687159912,45.));
#3663 = CARTESIAN_POINT('',(-73.75318793173,-9.80037866686,45.));
#3664 = CARTESIAN_POINT('',(-73.78888696492,-9.901936615681,45.));
#3665 = CARTESIAN_POINT('',(-73.82191320707,-10.00426171064,45.));
#3666 = CARTESIAN_POINT('',(-73.8522487949,-10.10725344813,45.));
#3667 = CARTESIAN_POINT('',(-73.91871453084,-10.35633994657,45.));
#3668 = CARTESIAN_POINT('',(-73.95220996122,-10.50298634933,45.));
#3669 = CARTESIAN_POINT('',(-73.98033431987,-10.65046658321,45.));
#3670 = CARTESIAN_POINT('',(-74.00307755873,-10.79849713111,45.));
#3671 = CARTESIAN_POINT('',(-74.02045317455,-10.94679451112,45.));
#3672 = CARTESIAN_POINT('',(-74.04930899462,-11.30202763876,45.));
#3673 = CARTESIAN_POINT('',(-74.05573666661,-11.50895284637,45.));
#3674 = CARTESIAN_POINT('',(-74.05188176425,-11.71508009391,45.));
#3675 = CARTESIAN_POINT('',(-74.03793587913,-11.9196594363,45.));
#3676 = CARTESIAN_POINT('',(-74.01417922974,-12.12196828933,45.));
#3677 = CARTESIAN_POINT('',(-73.98097826087,-12.32131711972,45.));
#3678 = ORIENTED_EDGE('',*,*,#3679,.F.);
#3679 = EDGE_CURVE('',#2248,#3633,#3680,.T.);
#3680 = B_SPLINE_CURVE_WITH_KNOTS('',2,(#3681,#3682,#3683,#3684,#3685),
  .UNSPECIFIED.,.F.,.F.,(3,1,1,3),(-0.306,6.62519084732E-14,5.,5.306),
  .UNSPECIFIED.);
#3681 = CARTESIAN_POINT('',(-69.02764650283,-6.499941205186,39.694));
#3682 = CARTESIAN_POINT('',(-69.02764650283,-6.499941205186,39.847));
#3683 = CARTESIAN_POINT('',(-69.02764650283,-6.499941205186,42.5));
#3684 = CARTESIAN_POINT('',(-69.02764650283,-6.499941205186,45.153));
#3685 = CARTESIAN_POINT('',(-69.02764650283,-6.499941205186,45.306));
#3686 = ( BOUNDED_SURFACE() B_SPLINE_SURFACE(2,2,(
    (#3687,#3688,#3689,#3690,#3691)
    ,(#3692,#3693,#3694,#3695,#3696)
    ,(#3697,#3698,#3699,#3700,#3701
)),.UNSPECIFIED.,.F.,.F.,.F.) B_SPLINE_SURFACE_WITH_KNOTS((3,3),(3,1,1,3
    ),(0.,5.),(-0.306,6.62519084732E-14,5.,5.306),.UNSPECIFIED.) 
GEOMETRIC_REPRESENTATION_ITEM() RATIONAL_B_SPLINE_SURFACE((
    (1.,1.,1.,1.,1.)
    ,(0.644795215216,0.644795215216,0.644795215216,0.644795215216
      ,0.644795215216)
,(1.,1.,1.,1.,1.))) REPRESENTATION_ITEM('') SURFACE() );
#3687 = CARTESIAN_POINT('',(-69.02764650283,-6.499941205186,39.694));
#3688 = CARTESIAN_POINT('',(-69.02764650283,-6.499941205186,39.847));
#3689 = CARTESIAN_POINT('',(-69.02764650283,-6.499941205186,42.5));
#3690 = CARTESIAN_POINT('',(-69.02764650283,-6.499941205186,45.153));
#3691 = CARTESIAN_POINT('',(-69.02764650283,-6.499941205186,45.306));
#3692 = CARTESIAN_POINT('',(-74.95471014492,-6.474731349187,39.694));
#3693 = CARTESIAN_POINT('',(-74.95471014492,-6.474731349187,39.847));
#3694 = CARTESIAN_POINT('',(-74.95471014492,-6.474731349187,42.5));
#3695 = CARTESIAN_POINT('',(-74.95471014492,-6.474731349187,45.153));
#3696 = CARTESIAN_POINT('',(-74.95471014492,-6.474731349187,45.306));
#3697 = CARTESIAN_POINT('',(-73.98097826087,-12.32131711972,39.694));
#3698 = CARTESIAN_POINT('',(-73.98097826087,-12.32131711972,39.847));
#3699 = CARTESIAN_POINT('',(-73.98097826087,-12.32131711972,42.5));
#3700 = CARTESIAN_POINT('',(-73.98097826087,-12.32131711972,45.153));
#3701 = CARTESIAN_POINT('',(-73.98097826087,-12.32131711972,45.306));
#3702 = ADVANCED_FACE('',(#3703),#3724,.F.);
#3703 = FACE_BOUND('',#3704,.T.);
#3704 = EDGE_LOOP('',(#3705,#3714,#3722,#3723));
#3705 = ORIENTED_EDGE('',*,*,#3706,.F.);
#3706 = EDGE_CURVE('',#3707,#3633,#3709,.T.);
#3707 = VERTEX_POINT('',#3708);
#3708 = CARTESIAN_POINT('',(-69.02764650283,6.499941205186,45.));
#3709 = CIRCLE('',#3710,6.5);
#3710 = AXIS2_PLACEMENT_3D('',#3711,#3712,#3713);
#3711 = CARTESIAN_POINT('',(-69.,1.532107773983E-14,45.));
#3712 = DIRECTION('',(2.22044604925E-16,-2.465190328816E-32,-1.));
#3713 = DIRECTION('',(-1.,2.22044604925E-16,-2.22044604925E-16));
#3714 = ORIENTED_EDGE('',*,*,#3715,.F.);
#3715 = EDGE_CURVE('',#2201,#3707,#3716,.T.);
#3716 = B_SPLINE_CURVE_WITH_KNOTS('',2,(#3717,#3718,#3719,#3720,#3721),
  .UNSPECIFIED.,.F.,.F.,(3,1,1,3),(-0.306,6.621894872716E-14,5.,5.306),
  .UNSPECIFIED.);
#3717 = CARTESIAN_POINT('',(-69.02764650283,6.499941205186,39.694));
#3718 = CARTESIAN_POINT('',(-69.02764650283,6.499941205186,39.847));
#3719 = CARTESIAN_POINT('',(-69.02764650283,6.499941205186,42.5));
#3720 = CARTESIAN_POINT('',(-69.02764650283,6.499941205186,45.153));
#3721 = CARTESIAN_POINT('',(-69.02764650283,6.499941205186,45.306));
#3722 = ORIENTED_EDGE('',*,*,#2247,.F.);
#3723 = ORIENTED_EDGE('',*,*,#3679,.T.);
#3724 = CYLINDRICAL_SURFACE('',#3725,6.5);
#3725 = AXIS2_PLACEMENT_3D('',#3726,#3727,#3728);
#3726 = CARTESIAN_POINT('',(-69.,1.532107773983E-14,45.));
#3727 = DIRECTION('',(-2.22044604925E-16,2.465190328816E-32,1.));
#3728 = DIRECTION('',(-1.,2.22044604925E-16,-2.22044604925E-16));
#3729 = ADVANCED_FACE('',(#3730),#3789,.T.);
#3730 = FACE_BOUND('',#3731,.T.);
#3731 = EDGE_LOOP('',(#3732,#3733,#3734,#3781));
#3732 = ORIENTED_EDGE('',*,*,#2200,.T.);
#3733 = ORIENTED_EDGE('',*,*,#3715,.T.);
#3734 = ORIENTED_EDGE('',*,*,#3735,.F.);
#3735 = EDGE_CURVE('',#3736,#3707,#3738,.T.);
#3736 = VERTEX_POINT('',#3737);
#3737 = CARTESIAN_POINT('',(-73.98097826087,12.321317119722,45.));
#3738 = B_SPLINE_CURVE_WITH_KNOTS('',6,(#3739,#3740,#3741,#3742,#3743,
    #3744,#3745,#3746,#3747,#3748,#3749,#3750,#3751,#3752,#3753,#3754,
    #3755,#3756,#3757,#3758,#3759,#3760,#3761,#3762,#3763,#3764,#3765,
    #3766,#3767,#3768,#3769,#3770,#3771,#3772,#3773,#3774,#3775,#3776,
    #3777,#3778,#3779,#3780),.UNSPECIFIED.,.F.,.F.,(7,5,5,5,5,5,5,5,7),(
    0.,0.144347625826,0.2477732501,0.321369248254,0.5,0.678630751747,
    0.7522267499,0.855652374174,1.),.UNSPECIFIED.);
#3739 = CARTESIAN_POINT('',(-73.98097826087,12.321317119722,45.));
#3740 = CARTESIAN_POINT('',(-74.01417922974,12.121968289338,45.));
#3741 = CARTESIAN_POINT('',(-74.03793587913,11.9196594363,45.));
#3742 = CARTESIAN_POINT('',(-74.05188176425,11.715080093912,45.));
#3743 = CARTESIAN_POINT('',(-74.05573666661,11.508952846375,45.));
#3744 = CARTESIAN_POINT('',(-74.04930899462,11.302027638767,45.));
#3745 = CARTESIAN_POINT('',(-74.02045317455,10.946794511125,45.));
#3746 = CARTESIAN_POINT('',(-74.00307755873,10.798497131113,45.));
#3747 = CARTESIAN_POINT('',(-73.98033431987,10.650466583213,45.));
#3748 = CARTESIAN_POINT('',(-73.95220996122,10.502986349339,45.));
#3749 = CARTESIAN_POINT('',(-73.91871453084,10.356339946577,45.));
#3750 = CARTESIAN_POINT('',(-73.8522487949,10.107253448132,45.));
#3751 = CARTESIAN_POINT('',(-73.82191320707,10.00426171064,45.));
#3752 = CARTESIAN_POINT('',(-73.78888696492,9.901936615681,45.));
#3753 = CARTESIAN_POINT('',(-73.75318793173,9.80037866686,45.));
#3754 = CARTESIAN_POINT('',(-73.71483975193,9.699687159912,45.));
#3755 = CARTESIAN_POINT('',(-73.57443537211,9.357904835179,45.));
#3756 = CARTESIAN_POINT('',(-73.45956158931,9.121521888706,45.));
#3757 = CARTESIAN_POINT('',(-73.32967579875,8.892230269061,45.));
#3758 = CARTESIAN_POINT('',(-73.18539350227,8.671355797362,45.));
#3759 = CARTESIAN_POINT('',(-73.02749521034,8.460134703441,45.));
#3760 = CARTESIAN_POINT('',(-72.68639030271,8.059253036187,45.));
#3761 = CARTESIAN_POINT('',(-72.50317085334,7.86957738017,45.));
#3762 = CARTESIAN_POINT('',(-72.30824278014,7.691796729919,45.));
#3763 = CARTESIAN_POINT('',(-72.10270141936,7.526879434174,45.));
#3764 = CARTESIAN_POINT('',(-71.88775695885,7.375645303587,45.));
#3765 = CARTESIAN_POINT('',(-71.5728595917,7.1823367535,45.));
#3766 = CARTESIAN_POINT('',(-71.47960576959,7.128363731274,45.));
#3767 = CARTESIAN_POINT('',(-71.3850725857,7.076866983003,45.));
#3768 = CARTESIAN_POINT('',(-71.28935426996,7.027885744147,45.));
#3769 = CARTESIAN_POINT('',(-71.19254717007,6.981453736952,45.));
#3770 = CARTESIAN_POINT('',(-70.9573134871,6.875969652102,45.));
#3771 = CARTESIAN_POINT('',(-70.81792059215,6.819430001092,45.));
#3772 = CARTESIAN_POINT('',(-70.67684478015,6.768058664694,45.));
#3773 = CARTESIAN_POINT('',(-70.53436430307,6.721910948856,45.));
#3774 = CARTESIAN_POINT('',(-70.39076114738,6.681018912736,45.));
#3775 = CARTESIAN_POINT('',(-70.04472895481,6.595666964704,45.));
#3776 = CARTESIAN_POINT('',(-69.84150147616,6.556196109242,45.));
#3777 = CARTESIAN_POINT('',(-69.6374155574,6.527002955659,45.));
#3778 = CARTESIAN_POINT('',(-69.43324214286,6.508018439983,45.));
#3779 = CARTESIAN_POINT('',(-69.22973935685,6.499081634233,45.));
#3780 = CARTESIAN_POINT('',(-69.02764650283,6.499941205186,45.));
#3781 = ORIENTED_EDGE('',*,*,#3782,.F.);
#3782 = EDGE_CURVE('',#2192,#3736,#3783,.T.);
#3783 = B_SPLINE_CURVE_WITH_KNOTS('',2,(#3784,#3785,#3786,#3787,#3788),
  .UNSPECIFIED.,.F.,.F.,(3,1,1,3),(-0.306,6.621894872716E-14,5.,5.306),
  .UNSPECIFIED.);
#3784 = CARTESIAN_POINT('',(-73.98097826087,12.321317119722,39.694));
#3785 = CARTESIAN_POINT('',(-73.98097826087,12.321317119722,39.847));
#3786 = CARTESIAN_POINT('',(-73.98097826087,12.321317119722,42.5));
#3787 = CARTESIAN_POINT('',(-73.98097826087,12.321317119722,45.153));
#3788 = CARTESIAN_POINT('',(-73.98097826087,12.321317119722,45.306));
#3789 = ( BOUNDED_SURFACE() B_SPLINE_SURFACE(2,2,(
    (#3790,#3791,#3792,#3793,#3794)
    ,(#3795,#3796,#3797,#3798,#3799)
    ,(#3800,#3801,#3802,#3803,#3804
)),.UNSPECIFIED.,.F.,.F.,.F.) B_SPLINE_SURFACE_WITH_KNOTS((3,3),(3,1,1,3
    ),(0.,5.),(-0.306,6.621894872716E-14,5.,5.306),.UNSPECIFIED.) 
GEOMETRIC_REPRESENTATION_ITEM() RATIONAL_B_SPLINE_SURFACE((
    (1.,1.,1.,1.,1.)
    ,(0.644795215216,0.644795215216,0.644795215216,0.644795215216
      ,0.644795215216)
,(1.,1.,1.,1.,1.))) REPRESENTATION_ITEM('') SURFACE() );
#3790 = CARTESIAN_POINT('',(-73.98097826087,12.321317119722,39.694));
#3791 = CARTESIAN_POINT('',(-73.98097826087,12.321317119722,39.847));
#3792 = CARTESIAN_POINT('',(-73.98097826087,12.321317119722,42.5));
#3793 = CARTESIAN_POINT('',(-73.98097826087,12.321317119722,45.153));
#3794 = CARTESIAN_POINT('',(-73.98097826087,12.321317119722,45.306));
#3795 = CARTESIAN_POINT('',(-74.95471014492,6.474731349187,39.694));
#3796 = CARTESIAN_POINT('',(-74.95471014492,6.474731349187,39.847));
#3797 = CARTESIAN_POINT('',(-74.95471014492,6.474731349187,42.5));
#3798 = CARTESIAN_POINT('',(-74.95471014492,6.474731349187,45.153));
#3799 = CARTESIAN_POINT('',(-74.95471014492,6.474731349187,45.306));
#3800 = CARTESIAN_POINT('',(-69.02764650283,6.499941205186,39.694));
#3801 = CARTESIAN_POINT('',(-69.02764650283,6.499941205186,39.847));
#3802 = CARTESIAN_POINT('',(-69.02764650283,6.499941205186,42.5));
#3803 = CARTESIAN_POINT('',(-69.02764650283,6.499941205186,45.153));
#3804 = CARTESIAN_POINT('',(-69.02764650283,6.499941205186,45.306));
#3805 = ADVANCED_FACE('',(#3806),#3827,.T.);
#3806 = FACE_BOUND('',#3807,.F.);
#3807 = EDGE_LOOP('',(#3808,#3809,#3810,#3820));
#3808 = ORIENTED_EDGE('',*,*,#3782,.F.);
#3809 = ORIENTED_EDGE('',*,*,#2191,.T.);
#3810 = ORIENTED_EDGE('',*,*,#3811,.T.);
#3811 = EDGE_CURVE('',#2145,#3812,#3814,.T.);
#3812 = VERTEX_POINT('',#3813);
#3813 = CARTESIAN_POINT('',(-47.65929325138,57.910204340675,45.));
#3814 = B_SPLINE_CURVE_WITH_KNOTS('',2,(#3815,#3816,#3817,#3818,#3819),
  .UNSPECIFIED.,.F.,.F.,(3,1,1,3),(-0.306,5.78145387467E-14,5.,5.306),
  .UNSPECIFIED.);
#3815 = CARTESIAN_POINT('',(-47.65929325138,57.910204340675,39.694));
#3816 = CARTESIAN_POINT('',(-47.65929325138,57.910204340675,39.847));
#3817 = CARTESIAN_POINT('',(-47.65929325138,57.910204340675,42.5));
#3818 = CARTESIAN_POINT('',(-47.65929325138,57.910204340675,45.153));
#3819 = CARTESIAN_POINT('',(-47.65929325138,57.910204340675,45.306));
#3820 = ORIENTED_EDGE('',*,*,#3821,.F.);
#3821 = EDGE_CURVE('',#3736,#3812,#3822,.T.);
#3822 = CIRCLE('',#3823,75.);
#3823 = AXIS2_PLACEMENT_3D('',#3824,#3825,#3826);
#3824 = CARTESIAN_POINT('',(0.,0.,45.));
#3825 = DIRECTION('',(0.,0.,-1.));
#3826 = DIRECTION('',(0.,1.,0.));
#3827 = CYLINDRICAL_SURFACE('',#3828,75.);
#3828 = AXIS2_PLACEMENT_3D('',#3829,#3830,#3831);
#3829 = CARTESIAN_POINT('',(0.,0.,40.));
#3830 = DIRECTION('',(0.,0.,1.));
#3831 = DIRECTION('',(0.,1.,0.));
#3832 = ADVANCED_FACE('',(#3833),#3892,.F.);
#3833 = FACE_BOUND('',#3834,.F.);
#3834 = EDGE_LOOP('',(#3835,#3836,#3846,#3891));
#3835 = ORIENTED_EDGE('',*,*,#2144,.T.);
#3836 = ORIENTED_EDGE('',*,*,#3837,.T.);
#3837 = EDGE_CURVE('',#2136,#3838,#3840,.T.);
#3838 = VERTEX_POINT('',#3839);
#3839 = CARTESIAN_POINT('',(-40.14200397609,56.532339681168,45.));
#3840 = B_SPLINE_CURVE_WITH_KNOTS('',2,(#3841,#3842,#3843,#3844,#3845),
  .UNSPECIFIED.,.F.,.F.,(3,1,1,3),(-0.306,5.78145387467E-14,5.,5.306),
  .UNSPECIFIED.);
#3841 = CARTESIAN_POINT('',(-40.14200397609,56.532339681168,39.694));
#3842 = CARTESIAN_POINT('',(-40.14200397609,56.532339681168,39.847));
#3843 = CARTESIAN_POINT('',(-40.14200397609,56.532339681168,42.5));
#3844 = CARTESIAN_POINT('',(-40.14200397609,56.532339681168,45.153));
#3845 = CARTESIAN_POINT('',(-40.14200397609,56.532339681168,45.306));
#3846 = ORIENTED_EDGE('',*,*,#3847,.F.);
#3847 = EDGE_CURVE('',#3812,#3838,#3848,.T.);
#3848 = B_SPLINE_CURVE_WITH_KNOTS('',6,(#3849,#3850,#3851,#3852,#3853,
    #3854,#3855,#3856,#3857,#3858,#3859,#3860,#3861,#3862,#3863,#3864,
    #3865,#3866,#3867,#3868,#3869,#3870,#3871,#3872,#3873,#3874,#3875,
    #3876,#3877,#3878,#3879,#3880,#3881,#3882,#3883,#3884,#3885,#3886,
    #3887,#3888,#3889,#3890),.UNSPECIFIED.,.F.,.F.,(7,5,5,5,5,5,5,5,7),(
    0.,0.144351649687,0.247777648908,0.321372932161,0.5,0.678627067839,
    0.752222351092,0.855648350313,1.),.UNSPECIFIED.);
#3849 = CARTESIAN_POINT('',(-47.65929325138,57.910204340675,45.));
#3850 = CARTESIAN_POINT('',(-47.50327221016,58.03860748899,45.));
#3851 = CARTESIAN_POINT('',(-47.33996798041,58.160313408945,45.));
#3852 = CARTESIAN_POINT('',(-47.16979432475,58.274660303074,45.));
#3853 = CARTESIAN_POINT('',(-46.99323670046,58.381044485691,45.));
#3854 = CARTESIAN_POINT('',(-46.81084853495,58.478925305537,45.));
#3855 = CARTESIAN_POINT('',(-46.48883390489,58.63152912522,45.));
#3856 = CARTESIAN_POINT('',(-46.35174222839,58.690621320596,45.));
#3857 = CARTESIAN_POINT('',(-46.21219861325,58.744933366251,45.));
#3858 = CARTESIAN_POINT('',(-46.07044168628,58.794311906254,45.));
#3859 = CARTESIAN_POINT('',(-45.92672187038,58.8386239436,45.));
#3860 = CARTESIAN_POINT('',(-45.67782272416,58.905603533942,45.));
#3861 = CARTESIAN_POINT('',(-45.57348284897,58.930827750935,45.));
#3862 = CARTESIAN_POINT('',(-45.46837514136,58.953389543502,45.));
#3863 = CARTESIAN_POINT('',(-45.36259551652,58.973254143907,45.));
#3864 = CARTESIAN_POINT('',(-45.25624173326,58.990392390949,45.));
#3865 = CARTESIAN_POINT('',(-44.89012458973,59.039703440957,45.));
#3866 = CARTESIAN_POINT('',(-44.62802963213,59.058427697902,45.));
#3867 = CARTESIAN_POINT('',(-44.36456911791,59.060612455265,45.));
#3868 = CARTESIAN_POINT('',(-44.10119812911,59.04612778168,45.));
#3869 = CARTESIAN_POINT('',(-43.83937667962,59.015031313246,45.));
#3870 = CARTESIAN_POINT('',(-43.3217448598,58.920153151047,45.));
#3871 = CARTESIAN_POINT('',(-43.0659150291,58.856367890335,45.));
#3872 = CARTESIAN_POINT('',(-42.81452809641,58.776501166463,45.));
#3873 = CARTESIAN_POINT('',(-42.5689696042,58.681016913191,45.));
#3874 = CARTESIAN_POINT('',(-42.33055395917,58.570552689108,45.));
#3875 = CARTESIAN_POINT('',(-42.00572666307,58.394596529382,45.));
#3876 = CARTESIAN_POINT('',(-41.9123651932,58.340851923431,45.));
#3877 = CARTESIAN_POINT('',(-41.82050751218,58.284761836793,45.));
#3878 = CARTESIAN_POINT('',(-41.73023468108,58.226388207061,45.));
#3879 = CARTESIAN_POINT('',(-41.64162404872,58.16579756001,45.));
#3880 = CARTESIAN_POINT('',(-41.43266109207,58.014895163537,45.));
#3881 = CARTESIAN_POINT('',(-41.31400042311,57.922490684329,45.));
#3882 = CARTESIAN_POINT('',(-41.19897197492,57.826045245535,45.));
#3883 = CARTESIAN_POINT('',(-41.08776272077,57.725772015705,45.));
#3884 = CARTESIAN_POINT('',(-40.98054138397,57.6218990151,45.));
#3885 = CARTESIAN_POINT('',(-40.73358440615,57.365006822036,45.));
#3886 = CARTESIAN_POINT('',(-40.59776839288,57.208801481691,45.));
#3887 = CARTESIAN_POINT('',(-40.47041977363,57.046713486509,45.));
#3888 = CARTESIAN_POINT('',(-40.35186424561,56.879444624928,45.));
#3889 = CARTESIAN_POINT('',(-40.24234159814,56.707731515076,45.));
#3890 = CARTESIAN_POINT('',(-40.14200397609,56.532339681168,45.));
#3891 = ORIENTED_EDGE('',*,*,#3811,.F.);
#3892 = ( BOUNDED_SURFACE() B_SPLINE_SURFACE(2,2,(
    (#3893,#3894,#3895,#3896,#3897)
    ,(#3898,#3899,#3900,#3901,#3902)
    ,(#3903,#3904,#3905,#3906,#3907
)),.UNSPECIFIED.,.F.,.F.,.F.) B_SPLINE_SURFACE_WITH_KNOTS((3,3),(3,1,1,3
    ),(0.,5.),(-0.306,5.78145387467E-14,5.,5.306),.UNSPECIFIED.) 
GEOMETRIC_REPRESENTATION_ITEM() RATIONAL_B_SPLINE_SURFACE((
    (1.,1.,1.,1.,1.)
    ,(0.644917443799,0.644917443799,0.644917443799,0.644917443799
      ,0.644917443799)
,(1.,1.,1.,1.,1.))) REPRESENTATION_ITEM('') SURFACE() );
#3893 = CARTESIAN_POINT('',(-47.65929325138,57.910204340675,39.694));
#3894 = CARTESIAN_POINT('',(-47.65929325138,57.910204340675,39.847));
#3895 = CARTESIAN_POINT('',(-47.65929325138,57.910204340675,42.5));
#3896 = CARTESIAN_POINT('',(-47.65929325138,57.910204340675,45.153));
#3897 = CARTESIAN_POINT('',(-47.65929325138,57.910204340675,45.306));
#3898 = CARTESIAN_POINT('',(-43.08423701991,61.675412028331,39.694));
#3899 = CARTESIAN_POINT('',(-43.08423701991,61.675412028331,39.847));
#3900 = CARTESIAN_POINT('',(-43.08423701991,61.675412028331,42.5));
#3901 = CARTESIAN_POINT('',(-43.08423701991,61.675412028331,45.153));
#3902 = CARTESIAN_POINT('',(-43.08423701991,61.675412028331,45.306));
#3903 = CARTESIAN_POINT('',(-40.14200397609,56.532339681168,39.694));
#3904 = CARTESIAN_POINT('',(-40.14200397609,56.532339681168,39.847));
#3905 = CARTESIAN_POINT('',(-40.14200397609,56.532339681168,42.5));
#3906 = CARTESIAN_POINT('',(-40.14200397609,56.532339681168,45.153));
#3907 = CARTESIAN_POINT('',(-40.14200397609,56.532339681168,45.306));
#3908 = ADVANCED_FACE('',(#3909),#3930,.F.);
#3909 = FACE_BOUND('',#3910,.T.);
#3910 = EDGE_LOOP('',(#3911,#3912,#3921,#3929));
#3911 = ORIENTED_EDGE('',*,*,#3837,.T.);
#3912 = ORIENTED_EDGE('',*,*,#3913,.F.);
#3913 = EDGE_CURVE('',#3914,#3838,#3916,.T.);
#3914 = VERTEX_POINT('',#3915);
#3915 = CARTESIAN_POINT('',(-28.88356078411,63.03194292955,45.));
#3916 = CIRCLE('',#3917,6.5);
#3917 = AXIS2_PLACEMENT_3D('',#3918,#3919,#3920);
#3918 = CARTESIAN_POINT('',(-34.5,59.76,45.));
#3919 = DIRECTION('',(2.22044604925E-16,-2.465190328816E-32,-1.));
#3920 = DIRECTION('',(-1.,2.22044604925E-16,-2.22044604925E-16));
#3921 = ORIENTED_EDGE('',*,*,#3922,.F.);
#3922 = EDGE_CURVE('',#2089,#3914,#3923,.T.);
#3923 = B_SPLINE_CURVE_WITH_KNOTS('',2,(#3924,#3925,#3926,#3927,#3928),
  .UNSPECIFIED.,.F.,.F.,(3,1,1,3),(-0.306,4.287618437376E-14,5.,5.306),
  .UNSPECIFIED.);
#3924 = CARTESIAN_POINT('',(-28.88356078411,63.03194292955,39.694));
#3925 = CARTESIAN_POINT('',(-28.88356078411,63.03194292955,39.847));
#3926 = CARTESIAN_POINT('',(-28.88356078411,63.03194292955,42.5));
#3927 = CARTESIAN_POINT('',(-28.88356078411,63.03194292955,45.153));
#3928 = CARTESIAN_POINT('',(-28.88356078411,63.03194292955,45.306));
#3929 = ORIENTED_EDGE('',*,*,#2135,.F.);
#3930 = CYLINDRICAL_SURFACE('',#3931,6.5);
#3931 = AXIS2_PLACEMENT_3D('',#3932,#3933,#3934);
#3932 = CARTESIAN_POINT('',(-34.5,59.76,45.));
#3933 = DIRECTION('',(-2.22044604925E-16,2.465190328816E-32,1.));
#3934 = DIRECTION('',(-1.,2.22044604925E-16,-2.22044604925E-16));
#3935 = ADVANCED_FACE('',(#3936),#3995,.T.);
#3936 = FACE_BOUND('',#3937,.T.);
#3937 = EDGE_LOOP('',(#3938,#3939,#3940,#3987));
#3938 = ORIENTED_EDGE('',*,*,#2088,.T.);
#3939 = ORIENTED_EDGE('',*,*,#3922,.T.);
#3940 = ORIENTED_EDGE('',*,*,#3941,.F.);
#3941 = EDGE_CURVE('',#3942,#3914,#3944,.T.);
#3942 = VERTEX_POINT('',#3943);
#3943 = CARTESIAN_POINT('',(-26.317738849,70.230880827993,45.));
#3944 = B_SPLINE_CURVE_WITH_KNOTS('',6,(#3945,#3946,#3947,#3948,#3949,
    #3950,#3951,#3952,#3953,#3954,#3955,#3956,#3957,#3958,#3959,#3960,
    #3961,#3962,#3963,#3964,#3965,#3966,#3967,#3968,#3969,#3970,#3971,
    #3972,#3973,#3974,#3975,#3976,#3977,#3978,#3979,#3980,#3981,#3982,
    #3983,#3984,#3985,#3986),.UNSPECIFIED.,.F.,.F.,(7,5,5,5,5,5,5,5,7),(
    0.,0.144351649687,0.247777648908,0.321372932161,0.500000000001,
    0.67862706784,0.752222351093,0.855648350314,1.),.UNSPECIFIED.);
#3945 = CARTESIAN_POINT('',(-26.317738849,70.230880827993,45.));
#3946 = CARTESIAN_POINT('',(-26.50695412249,70.159975862891,45.));
#3947 = CARTESIAN_POINT('',(-26.69401161469,70.079414724499,45.));
#3948 = CARTESIAN_POINT('',(-26.87813130917,69.989224795,45.));
#3949 = CARTESIAN_POINT('',(-27.05854766286,69.889524602778,45.));
#3950 = CARTESIAN_POINT('',(-27.23451573146,69.780523058554,45.));
#3951 = CARTESIAN_POINT('',(-27.52769429862,69.577970162976,45.));
#3952 = CARTESIAN_POINT('',(-27.64742096791,69.48879875511,45.));
#3953 = CARTESIAN_POINT('',(-27.76423415324,69.395113651899,45.));
#3954 = CARTESIAN_POINT('',(-27.87788172307,69.297044816741,45.));
#3955 = CARTESIAN_POINT('',(-27.98812327791,69.194742608933,45.));
#3956 = CARTESIAN_POINT('',(-28.17059008334,69.012690650882,45.));
#3957 = CARTESIAN_POINT('',(-28.2446096189,68.934946332555,45.));
#3958 = CARTESIAN_POINT('',(-28.31670746635,68.855205721345,45.));
#3959 = CARTESIAN_POINT('',(-28.38680555431,68.773534493575,45.));
#3960 = CARTESIAN_POINT('',(-28.45482974472,68.690002725702,45.));
#3961 = CARTESIAN_POINT('',(-28.6806109358,68.397605399805,45.));
#3962 = CARTESIAN_POINT('',(-28.82788749082,68.179995701168,45.));
#3963 = CARTESIAN_POINT('',(-28.96152377916,67.952932806449,45.));
#3964 = CARTESIAN_POINT('',(-29.08067966237,67.717611836273,45.));
#3965 = CARTESIAN_POINT('',(-29.18467496824,67.475325975937,45.));
#3966 = CARTESIAN_POINT('',(-29.36135449047,66.979615462661,45.));
#3967 = CARTESIAN_POINT('',(-29.43404534909,66.726172173471,45.));
#3968 = CARTESIAN_POINT('',(-29.49058806119,66.468534821336,45.));
#3969 = CARTESIAN_POINT('',(-29.53069154583,66.208135270182,45.));
#3970 = CARTESIAN_POINT('',(-29.55425065191,65.946430602436,45.));
#3971 = CARTESIAN_POINT('',(-29.56430452506,65.577144450417,45.));
#3972 = CARTESIAN_POINT('',(-29.56444769638,65.469418751412,45.));
#3973 = CARTESIAN_POINT('',(-29.56180771945,65.361822460104,45.));
#3974 = CARTESIAN_POINT('',(-29.55639769704,65.254456747045,45.));
#3975 = CARTESIAN_POINT('',(-29.54823656156,65.147421862336,45.));
#3976 = CARTESIAN_POINT('',(-29.52204851351,64.891001822845,45.));
#3977 = CARTESIAN_POINT('',(-29.50136339035,64.742035156052,45.));
#3978 = CARTESIAN_POINT('',(-29.47536251391,64.594193277745,45.));
#3979 = CARTESIAN_POINT('',(-29.44413699041,64.447744701404,45.));
#3980 = CARTESIAN_POINT('',(-29.40779991351,64.302949562803,45.));
#3981 = CARTESIAN_POINT('',(-29.30882430681,63.960626357294,45.));
#3982 = CARTESIAN_POINT('',(-29.24146656726,63.764899423193,45.));
#3983 = CARTESIAN_POINT('',(-29.16478033188,63.573563565834,45.));
#3984 = CARTESIAN_POINT('',(-29.07921047972,63.387251768889,45.));
#3985 = CARTESIAN_POINT('',(-28.9852750107,63.20654003694,45.));
#3986 = CARTESIAN_POINT('',(-28.88356078411,63.03194292955,45.));
#3987 = ORIENTED_EDGE('',*,*,#3988,.F.);
#3988 = EDGE_CURVE('',#2080,#3942,#3989,.T.);
#3989 = B_SPLINE_CURVE_WITH_KNOTS('',2,(#3990,#3991,#3992,#3993,#3994),
  .UNSPECIFIED.,.F.,.F.,(3,1,1,3),(-0.306,4.287618437376E-14,5.,5.306),
  .UNSPECIFIED.);
#3990 = CARTESIAN_POINT('',(-26.317738849,70.230880827993,39.694));
#3991 = CARTESIAN_POINT('',(-26.317738849,70.230880827993,39.847));
#3992 = CARTESIAN_POINT('',(-26.317738849,70.230880827993,42.5));
#3993 = CARTESIAN_POINT('',(-26.317738849,70.230880827993,45.153));
#3994 = CARTESIAN_POINT('',(-26.317738849,70.230880827993,45.306));
#3995 = ( BOUNDED_SURFACE() B_SPLINE_SURFACE(2,2,(
    (#3996,#3997,#3998,#3999,#4000)
    ,(#4001,#4002,#4003,#4004,#4005)
    ,(#4006,#4007,#4008,#4009,#4010
)),.UNSPECIFIED.,.F.,.F.,.F.) B_SPLINE_SURFACE_WITH_KNOTS((3,3),(3,1,1,3
    ),(0.,5.),(-0.306,4.287618437376E-14,5.,5.306),.UNSPECIFIED.) 
GEOMETRIC_REPRESENTATION_ITEM() RATIONAL_B_SPLINE_SURFACE((
    (1.,1.,1.,1.,1.)
    ,(0.644917443799,0.644917443799,0.644917443799,0.644917443799
      ,0.644917443799)
,(1.,1.,1.,1.,1.))) REPRESENTATION_ITEM('') SURFACE() );
#3996 = CARTESIAN_POINT('',(-26.317738849,70.230880827993,39.694));
#3997 = CARTESIAN_POINT('',(-26.317738849,70.230880827993,39.847));
#3998 = CARTESIAN_POINT('',(-26.317738849,70.230880827993,42.5));
#3999 = CARTESIAN_POINT('',(-26.317738849,70.230880827993,45.153));
#4000 = CARTESIAN_POINT('',(-26.317738849,70.230880827993,45.306));
#4001 = CARTESIAN_POINT('',(-31.86616045503,68.151711250019,39.694));
#4002 = CARTESIAN_POINT('',(-31.86616045503,68.151711250019,39.847));
#4003 = CARTESIAN_POINT('',(-31.86616045503,68.151711250019,42.5));
#4004 = CARTESIAN_POINT('',(-31.86616045503,68.151711250019,45.153));
#4005 = CARTESIAN_POINT('',(-31.86616045503,68.151711250019,45.306));
#4006 = CARTESIAN_POINT('',(-28.88356078411,63.03194292955,39.694));
#4007 = CARTESIAN_POINT('',(-28.88356078411,63.03194292955,39.847));
#4008 = CARTESIAN_POINT('',(-28.88356078411,63.03194292955,42.5));
#4009 = CARTESIAN_POINT('',(-28.88356078411,63.03194292955,45.153));
#4010 = CARTESIAN_POINT('',(-28.88356078411,63.03194292955,45.306));
#4011 = ADVANCED_FACE('',(#4012),#4034,.T.);
#4012 = FACE_BOUND('',#4013,.F.);
#4013 = EDGE_LOOP('',(#4014,#4015,#4016,#4017,#4018,#4027));
#4014 = ORIENTED_EDGE('',*,*,#3988,.F.);
#4015 = ORIENTED_EDGE('',*,*,#2079,.T.);
#4016 = ORIENTED_EDGE('',*,*,#2070,.T.);
#4017 = ORIENTED_EDGE('',*,*,#2855,.T.);
#4018 = ORIENTED_EDGE('',*,*,#4019,.F.);
#4019 = EDGE_CURVE('',#4020,#2809,#4022,.T.);
#4020 = VERTEX_POINT('',#4021);
#4021 = CARTESIAN_POINT('',(0.,75.,45.));
#4022 = CIRCLE('',#4023,75.);
#4023 = AXIS2_PLACEMENT_3D('',#4024,#4025,#4026);
#4024 = CARTESIAN_POINT('',(0.,0.,45.));
#4025 = DIRECTION('',(0.,0.,-1.));
#4026 = DIRECTION('',(0.,1.,0.));
#4027 = ORIENTED_EDGE('',*,*,#4028,.F.);
#4028 = EDGE_CURVE('',#3942,#4020,#4029,.T.);
#4029 = CIRCLE('',#4030,75.);
#4030 = AXIS2_PLACEMENT_3D('',#4031,#4032,#4033);
#4031 = CARTESIAN_POINT('',(0.,0.,45.));
#4032 = DIRECTION('',(0.,0.,-1.));
#4033 = DIRECTION('',(0.,1.,0.));
#4034 = CYLINDRICAL_SURFACE('',#4035,75.);
#4035 = AXIS2_PLACEMENT_3D('',#4036,#4037,#4038);
#4036 = CARTESIAN_POINT('',(0.,0.,40.));
#4037 = DIRECTION('',(0.,0.,1.));
#4038 = DIRECTION('',(0.,1.,0.));
#4039 = ADVANCED_FACE('',(#4040),#4059,.F.);
#4040 = FACE_BOUND('',#4041,.T.);
#4041 = EDGE_LOOP('',(#4042,#4051,#4057,#4058));
#4042 = ORIENTED_EDGE('',*,*,#4043,.F.);
#4043 = EDGE_CURVE('',#4044,#4044,#4046,.T.);
#4044 = VERTEX_POINT('',#4045);
#4045 = CARTESIAN_POINT('',(-62.76,34.5,45.));
#4046 = CIRCLE('',#4047,3.);
#4047 = AXIS2_PLACEMENT_3D('',#4048,#4049,#4050);
#4048 = CARTESIAN_POINT('',(-59.76,34.5,45.));
#4049 = DIRECTION('',(2.22044604925E-16,-2.465190328816E-32,-1.));
#4050 = DIRECTION('',(-1.,2.22044604925E-16,-2.22044604925E-16));
#4051 = ORIENTED_EDGE('',*,*,#4052,.T.);
#4052 = EDGE_CURVE('',#4044,#2705,#4053,.T.);
#4053 = LINE('',#4054,#4055);
#4054 = CARTESIAN_POINT('',(-62.76,34.5,45.));
#4055 = VECTOR('',#4056,1.);
#4056 = DIRECTION('',(2.22044604925E-16,-2.465190328816E-32,-1.));
#4057 = ORIENTED_EDGE('',*,*,#2704,.F.);
#4058 = ORIENTED_EDGE('',*,*,#4052,.F.);
#4059 = CYLINDRICAL_SURFACE('',#4060,3.);
#4060 = AXIS2_PLACEMENT_3D('',#4061,#4062,#4063);
#4061 = CARTESIAN_POINT('',(-59.76,34.5,45.));
#4062 = DIRECTION('',(-2.22044604925E-16,2.465190328816E-32,1.));
#4063 = DIRECTION('',(-1.,2.22044604925E-16,-2.22044604925E-16));
#4064 = ADVANCED_FACE('',(#4065),#4084,.F.);
#4065 = FACE_BOUND('',#4066,.F.);
#4066 = EDGE_LOOP('',(#4067,#4076,#4082,#4083));
#4067 = ORIENTED_EDGE('',*,*,#4068,.F.);
#4068 = EDGE_CURVE('',#4069,#4069,#4071,.T.);
#4069 = VERTEX_POINT('',#4070);
#4070 = CARTESIAN_POINT('',(-62.76,-34.5,45.));
#4071 = CIRCLE('',#4072,3.);
#4072 = AXIS2_PLACEMENT_3D('',#4073,#4074,#4075);
#4073 = CARTESIAN_POINT('',(-59.76,-34.5,45.));
#4074 = DIRECTION('',(-2.22044604925E-16,-4.440892098501E-16,1.));
#4075 = DIRECTION('',(-1.,-2.22044604925E-16,-2.22044604925E-16));
#4076 = ORIENTED_EDGE('',*,*,#4077,.T.);
#4077 = EDGE_CURVE('',#4069,#2716,#4078,.T.);
#4078 = LINE('',#4079,#4080);
#4079 = CARTESIAN_POINT('',(-62.76,-34.5,45.));
#4080 = VECTOR('',#4081,1.);
#4081 = DIRECTION('',(2.22044604925E-16,4.440892098501E-16,-1.));
#4082 = ORIENTED_EDGE('',*,*,#2715,.T.);
#4083 = ORIENTED_EDGE('',*,*,#4077,.F.);
#4084 = CYLINDRICAL_SURFACE('',#4085,3.);
#4085 = AXIS2_PLACEMENT_3D('',#4086,#4087,#4088);
#4086 = CARTESIAN_POINT('',(-59.76,-34.5,45.));
#4087 = DIRECTION('',(-2.22044604925E-16,-4.440892098501E-16,1.));
#4088 = DIRECTION('',(-1.,-2.22044604925E-16,-2.22044604925E-16));
#4089 = ADVANCED_FACE('',(#4090),#4109,.F.);
#4090 = FACE_BOUND('',#4091,.F.);
#4091 = EDGE_LOOP('',(#4092,#4101,#4107,#4108));
#4092 = ORIENTED_EDGE('',*,*,#4093,.F.);
#4093 = EDGE_CURVE('',#4094,#4094,#4096,.T.);
#4094 = VERTEX_POINT('',#4095);
#4095 = CARTESIAN_POINT('',(62.76,34.5,45.));
#4096 = CIRCLE('',#4097,3.);
#4097 = AXIS2_PLACEMENT_3D('',#4098,#4099,#4100);
#4098 = CARTESIAN_POINT('',(59.76,34.5,45.));
#4099 = DIRECTION('',(0.,0.,1.));
#4100 = DIRECTION('',(1.,0.,0.));
#4101 = ORIENTED_EDGE('',*,*,#4102,.T.);
#4102 = EDGE_CURVE('',#4094,#2747,#4103,.T.);
#4103 = LINE('',#4104,#4105);
#4104 = CARTESIAN_POINT('',(62.76,34.5,45.));
#4105 = VECTOR('',#4106,1.);
#4106 = DIRECTION('',(-0.,-0.,-1.));
#4107 = ORIENTED_EDGE('',*,*,#2746,.T.);
#4108 = ORIENTED_EDGE('',*,*,#4102,.F.);
#4109 = CYLINDRICAL_SURFACE('',#4110,3.);
#4110 = AXIS2_PLACEMENT_3D('',#4111,#4112,#4113);
#4111 = CARTESIAN_POINT('',(59.76,34.5,45.));
#4112 = DIRECTION('',(0.,0.,1.));
#4113 = DIRECTION('',(1.,0.,0.));
#4114 = ADVANCED_FACE('',(#4115),#4134,.F.);
#4115 = FACE_BOUND('',#4116,.T.);
#4116 = EDGE_LOOP('',(#4117,#4126,#4132,#4133));
#4117 = ORIENTED_EDGE('',*,*,#4118,.F.);
#4118 = EDGE_CURVE('',#4119,#4119,#4121,.T.);
#4119 = VERTEX_POINT('',#4120);
#4120 = CARTESIAN_POINT('',(62.76,-34.5,45.));
#4121 = CIRCLE('',#4122,3.);
#4122 = AXIS2_PLACEMENT_3D('',#4123,#4124,#4125);
#4123 = CARTESIAN_POINT('',(59.76,-34.5,45.));
#4124 = DIRECTION('',(0.,4.440892098501E-16,-1.));
#4125 = DIRECTION('',(1.,0.,0.));
#4126 = ORIENTED_EDGE('',*,*,#4127,.T.);
#4127 = EDGE_CURVE('',#4119,#2781,#4128,.T.);
#4128 = LINE('',#4129,#4130);
#4129 = CARTESIAN_POINT('',(62.76,-34.5,45.));
#4130 = VECTOR('',#4131,1.);
#4131 = DIRECTION('',(0.,4.440892098501E-16,-1.));
#4132 = ORIENTED_EDGE('',*,*,#2780,.F.);
#4133 = ORIENTED_EDGE('',*,*,#4127,.F.);
#4134 = CYLINDRICAL_SURFACE('',#4135,3.);
#4135 = AXIS2_PLACEMENT_3D('',#4136,#4137,#4138);
#4136 = CARTESIAN_POINT('',(59.76,-34.5,45.));
#4137 = DIRECTION('',(0.,-4.440892098501E-16,1.));
#4138 = DIRECTION('',(1.,0.,0.));
#4139 = ADVANCED_FACE('',(#4140,#4167,#4170,#4173,#4193,#4196,#4207,
    #4227),#4230,.F.);
#4140 = FACE_BOUND('',#4141,.F.);
#4141 = EDGE_LOOP('',(#4142,#4143,#4144,#4145,#4146,#4147,#4148,#4149,
    #4150,#4151,#4152,#4153,#4154,#4155,#4156,#4157,#4158,#4159,#4160,
    #4161,#4162,#4163,#4164,#4165,#4166));
#4142 = ORIENTED_EDGE('',*,*,#3088,.T.);
#4143 = ORIENTED_EDGE('',*,*,#3126,.T.);
#4144 = ORIENTED_EDGE('',*,*,#3203,.T.);
#4145 = ORIENTED_EDGE('',*,*,#3229,.T.);
#4146 = ORIENTED_EDGE('',*,*,#3295,.F.);
#4147 = ORIENTED_EDGE('',*,*,#3323,.F.);
#4148 = ORIENTED_EDGE('',*,*,#3409,.T.);
#4149 = ORIENTED_EDGE('',*,*,#3435,.T.);
#4150 = ORIENTED_EDGE('',*,*,#3510,.T.);
#4151 = ORIENTED_EDGE('',*,*,#3529,.F.);
#4152 = ORIENTED_EDGE('',*,*,#3615,.T.);
#4153 = ORIENTED_EDGE('',*,*,#3632,.F.);
#4154 = ORIENTED_EDGE('',*,*,#3706,.F.);
#4155 = ORIENTED_EDGE('',*,*,#3735,.F.);
#4156 = ORIENTED_EDGE('',*,*,#3821,.T.);
#4157 = ORIENTED_EDGE('',*,*,#3847,.T.);
#4158 = ORIENTED_EDGE('',*,*,#3913,.F.);
#4159 = ORIENTED_EDGE('',*,*,#3941,.F.);
#4160 = ORIENTED_EDGE('',*,*,#4028,.T.);
#4161 = ORIENTED_EDGE('',*,*,#4019,.T.);
#4162 = ORIENTED_EDGE('',*,*,#2808,.T.);
#4163 = ORIENTED_EDGE('',*,*,#2882,.T.);
#4164 = ORIENTED_EDGE('',*,*,#2911,.F.);
#4165 = ORIENTED_EDGE('',*,*,#2985,.T.);
#4166 = ORIENTED_EDGE('',*,*,#3023,.T.);
#4167 = FACE_BOUND('',#4168,.F.);
#4168 = EDGE_LOOP('',(#4169));
#4169 = ORIENTED_EDGE('',*,*,#4068,.T.);
#4170 = FACE_BOUND('',#4171,.F.);
#4171 = EDGE_LOOP('',(#4172));
#4172 = ORIENTED_EDGE('',*,*,#4043,.F.);
#4173 = FACE_BOUND('',#4174,.F.);
#4174 = EDGE_LOOP('',(#4175,#4186));
#4175 = ORIENTED_EDGE('',*,*,#4176,.F.);
#4176 = EDGE_CURVE('',#4177,#4179,#4181,.T.);
#4177 = VERTEX_POINT('',#4178);
#4178 = CARTESIAN_POINT('',(3.,-69.,45.));
#4179 = VERTEX_POINT('',#4180);
#4180 = CARTESIAN_POINT('',(-3.,-69.,45.));
#4181 = CIRCLE('',#4182,3.);
#4182 = AXIS2_PLACEMENT_3D('',#4183,#4184,#4185);
#4183 = CARTESIAN_POINT('',(0.,-69.,45.));
#4184 = DIRECTION('',(0.,4.440892098501E-16,-1.));
#4185 = DIRECTION('',(1.,0.,0.));
#4186 = ORIENTED_EDGE('',*,*,#4187,.F.);
#4187 = EDGE_CURVE('',#4179,#4177,#4188,.T.);
#4188 = CIRCLE('',#4189,3.);
#4189 = AXIS2_PLACEMENT_3D('',#4190,#4191,#4192);
#4190 = CARTESIAN_POINT('',(0.,-69.,45.));
#4191 = DIRECTION('',(0.,4.440892098501E-16,-1.));
#4192 = DIRECTION('',(1.,0.,0.));
#4193 = FACE_BOUND('',#4194,.F.);
#4194 = EDGE_LOOP('',(#4195));
#4195 = ORIENTED_EDGE('',*,*,#4118,.F.);
#4196 = FACE_BOUND('',#4197,.F.);
#4197 = EDGE_LOOP('',(#4198));
#4198 = ORIENTED_EDGE('',*,*,#4199,.F.);
#4199 = EDGE_CURVE('',#4200,#4200,#4202,.T.);
#4200 = VERTEX_POINT('',#4201);
#4201 = CARTESIAN_POINT('',(0.,53.,45.));
#4202 = CIRCLE('',#4203,53.);
#4203 = AXIS2_PLACEMENT_3D('',#4204,#4205,#4206);
#4204 = CARTESIAN_POINT('',(0.,0.,45.));
#4205 = DIRECTION('',(0.,0.,-1.));
#4206 = DIRECTION('',(0.,1.,0.));
#4207 = FACE_BOUND('',#4208,.F.);
#4208 = EDGE_LOOP('',(#4209,#4220));
#4209 = ORIENTED_EDGE('',*,*,#4210,.T.);
#4210 = EDGE_CURVE('',#4211,#4213,#4215,.T.);
#4211 = VERTEX_POINT('',#4212);
#4212 = CARTESIAN_POINT('',(3.,69.,45.));
#4213 = VERTEX_POINT('',#4214);
#4214 = CARTESIAN_POINT('',(-3.,69.,45.));
#4215 = CIRCLE('',#4216,3.);
#4216 = AXIS2_PLACEMENT_3D('',#4217,#4218,#4219);
#4217 = CARTESIAN_POINT('',(0.,69.,45.));
#4218 = DIRECTION('',(0.,0.,1.));
#4219 = DIRECTION('',(1.,0.,0.));
#4220 = ORIENTED_EDGE('',*,*,#4221,.T.);
#4221 = EDGE_CURVE('',#4213,#4211,#4222,.T.);
#4222 = CIRCLE('',#4223,3.);
#4223 = AXIS2_PLACEMENT_3D('',#4224,#4225,#4226);
#4224 = CARTESIAN_POINT('',(0.,69.,45.));
#4225 = DIRECTION('',(0.,0.,1.));
#4226 = DIRECTION('',(1.,0.,0.));
#4227 = FACE_BOUND('',#4228,.F.);
#4228 = EDGE_LOOP('',(#4229));
#4229 = ORIENTED_EDGE('',*,*,#4093,.T.);
#4230 = PLANE('',#4231);
#4231 = AXIS2_PLACEMENT_3D('',#4232,#4233,#4234);
#4232 = CARTESIAN_POINT('',(0.,0.,45.));
#4233 = DIRECTION('',(-0.,-0.,-1.));
#4234 = DIRECTION('',(0.,1.,0.));
#4235 = ADVANCED_FACE('',(#4236),#4255,.F.);
#4236 = FACE_BOUND('',#4237,.F.);
#4237 = EDGE_LOOP('',(#4238,#4239,#4247,#4254));
#4238 = ORIENTED_EDGE('',*,*,#4199,.T.);
#4239 = ORIENTED_EDGE('',*,*,#4240,.T.);
#4240 = EDGE_CURVE('',#4200,#4241,#4243,.T.);
#4241 = VERTEX_POINT('',#4242);
#4242 = CARTESIAN_POINT('',(0.,53.,43.5));
#4243 = LINE('',#4244,#4245);
#4244 = CARTESIAN_POINT('',(0.,53.,45.));
#4245 = VECTOR('',#4246,1.);
#4246 = DIRECTION('',(0.,0.,-1.));
#4247 = ORIENTED_EDGE('',*,*,#4248,.F.);
#4248 = EDGE_CURVE('',#4241,#4241,#4249,.T.);
#4249 = CIRCLE('',#4250,53.);
#4250 = AXIS2_PLACEMENT_3D('',#4251,#4252,#4253);
#4251 = CARTESIAN_POINT('',(0.,0.,43.5));
#4252 = DIRECTION('',(0.,0.,-1.));
#4253 = DIRECTION('',(0.,1.,0.));
#4254 = ORIENTED_EDGE('',*,*,#4240,.F.);
#4255 = CYLINDRICAL_SURFACE('',#4256,53.);
#4256 = AXIS2_PLACEMENT_3D('',#4257,#4258,#4259);
#4257 = CARTESIAN_POINT('',(0.,0.,45.));
#4258 = DIRECTION('',(-0.,-0.,-1.));
#4259 = DIRECTION('',(0.,1.,0.));
#4260 = ADVANCED_FACE('',(#4261,#4264),#4275,.F.);
#4261 = FACE_BOUND('',#4262,.F.);
#4262 = EDGE_LOOP('',(#4263));
#4263 = ORIENTED_EDGE('',*,*,#4248,.T.);
#4264 = FACE_BOUND('',#4265,.F.);
#4265 = EDGE_LOOP('',(#4266));
#4266 = ORIENTED_EDGE('',*,*,#4267,.F.);
#4267 = EDGE_CURVE('',#4268,#4268,#4270,.T.);
#4268 = VERTEX_POINT('',#4269);
#4269 = CARTESIAN_POINT('',(0.,50.,43.5));
#4270 = CIRCLE('',#4271,50.);
#4271 = AXIS2_PLACEMENT_3D('',#4272,#4273,#4274);
#4272 = CARTESIAN_POINT('',(0.,0.,43.5));
#4273 = DIRECTION('',(0.,0.,-1.));
#4274 = DIRECTION('',(0.,1.,0.));
#4275 = PLANE('',#4276);
#4276 = AXIS2_PLACEMENT_3D('',#4277,#4278,#4279);
#4277 = CARTESIAN_POINT('',(0.,0.,43.5));
#4278 = DIRECTION('',(-0.,-0.,-1.));
#4279 = DIRECTION('',(0.,1.,0.));
#4280 = ADVANCED_FACE('',(#4281),#4300,.T.);
#4281 = FACE_BOUND('',#4282,.F.);
#4282 = EDGE_LOOP('',(#4283,#4284,#4292,#4299));
#4283 = ORIENTED_EDGE('',*,*,#4267,.T.);
#4284 = ORIENTED_EDGE('',*,*,#4285,.T.);
#4285 = EDGE_CURVE('',#4268,#4286,#4288,.T.);
#4286 = VERTEX_POINT('',#4287);
#4287 = CARTESIAN_POINT('',(0.,50.,45.));
#4288 = LINE('',#4289,#4290);
#4289 = CARTESIAN_POINT('',(0.,50.,43.5));
#4290 = VECTOR('',#4291,1.);
#4291 = DIRECTION('',(0.,0.,1.));
#4292 = ORIENTED_EDGE('',*,*,#4293,.F.);
#4293 = EDGE_CURVE('',#4286,#4286,#4294,.T.);
#4294 = CIRCLE('',#4295,50.);
#4295 = AXIS2_PLACEMENT_3D('',#4296,#4297,#4298);
#4296 = CARTESIAN_POINT('',(0.,0.,45.));
#4297 = DIRECTION('',(0.,0.,-1.));
#4298 = DIRECTION('',(0.,1.,0.));
#4299 = ORIENTED_EDGE('',*,*,#4285,.F.);
#4300 = CYLINDRICAL_SURFACE('',#4301,50.);
#4301 = AXIS2_PLACEMENT_3D('',#4302,#4303,#4304);
#4302 = CARTESIAN_POINT('',(0.,0.,43.5));
#4303 = DIRECTION('',(0.,0.,1.));
#4304 = DIRECTION('',(0.,1.,0.));
#4305 = ADVANCED_FACE('',(#4306,#4309),#4320,.F.);
#4306 = FACE_BOUND('',#4307,.F.);
#4307 = EDGE_LOOP('',(#4308));
#4308 = ORIENTED_EDGE('',*,*,#4293,.T.);
#4309 = FACE_BOUND('',#4310,.F.);
#4310 = EDGE_LOOP('',(#4311));
#4311 = ORIENTED_EDGE('',*,*,#4312,.F.);
#4312 = EDGE_CURVE('',#4313,#4313,#4315,.T.);
#4313 = VERTEX_POINT('',#4314);
#4314 = CARTESIAN_POINT('',(0.,47.,45.));
#4315 = CIRCLE('',#4316,47.);
#4316 = AXIS2_PLACEMENT_3D('',#4317,#4318,#4319);
#4317 = CARTESIAN_POINT('',(0.,0.,45.));
#4318 = DIRECTION('',(0.,0.,-1.));
#4319 = DIRECTION('',(0.,1.,0.));
#4320 = PLANE('',#4321);
#4321 = AXIS2_PLACEMENT_3D('',#4322,#4323,#4324);
#4322 = CARTESIAN_POINT('',(0.,0.,45.));
#4323 = DIRECTION('',(-0.,-0.,-1.));
#4324 = DIRECTION('',(0.,1.,0.));
#4325 = ADVANCED_FACE('',(#4326),#4345,.F.);
#4326 = FACE_BOUND('',#4327,.F.);
#4327 = EDGE_LOOP('',(#4328,#4329,#4337,#4344));
#4328 = ORIENTED_EDGE('',*,*,#4312,.T.);
#4329 = ORIENTED_EDGE('',*,*,#4330,.T.);
#4330 = EDGE_CURVE('',#4313,#4331,#4333,.T.);
#4331 = VERTEX_POINT('',#4332);
#4332 = CARTESIAN_POINT('',(0.,47.,15.));
#4333 = LINE('',#4334,#4335);
#4334 = CARTESIAN_POINT('',(0.,47.,45.));
#4335 = VECTOR('',#4336,1.);
#4336 = DIRECTION('',(0.,0.,-1.));
#4337 = ORIENTED_EDGE('',*,*,#4338,.F.);
#4338 = EDGE_CURVE('',#4331,#4331,#4339,.T.);
#4339 = CIRCLE('',#4340,47.);
#4340 = AXIS2_PLACEMENT_3D('',#4341,#4342,#4343);
#4341 = CARTESIAN_POINT('',(0.,0.,15.));
#4342 = DIRECTION('',(0.,0.,-1.));
#4343 = DIRECTION('',(0.,1.,0.));
#4344 = ORIENTED_EDGE('',*,*,#4330,.F.);
#4345 = CYLINDRICAL_SURFACE('',#4346,47.);
#4346 = AXIS2_PLACEMENT_3D('',#4347,#4348,#4349);
#4347 = CARTESIAN_POINT('',(0.,0.,45.));
#4348 = DIRECTION('',(-0.,-0.,-1.));
#4349 = DIRECTION('',(0.,1.,0.));
#4350 = ADVANCED_FACE('',(#4351,#4354),#4365,.F.);
#4351 = FACE_BOUND('',#4352,.F.);
#4352 = EDGE_LOOP('',(#4353));
#4353 = ORIENTED_EDGE('',*,*,#4338,.T.);
#4354 = FACE_BOUND('',#4355,.F.);
#4355 = EDGE_LOOP('',(#4356));
#4356 = ORIENTED_EDGE('',*,*,#4357,.F.);
#4357 = EDGE_CURVE('',#4358,#4358,#4360,.T.);
#4358 = VERTEX_POINT('',#4359);
#4359 = CARTESIAN_POINT('',(0.,35.,15.));
#4360 = CIRCLE('',#4361,35.);
#4361 = AXIS2_PLACEMENT_3D('',#4362,#4363,#4364);
#4362 = CARTESIAN_POINT('',(0.,0.,15.));
#4363 = DIRECTION('',(0.,0.,-1.));
#4364 = DIRECTION('',(0.,1.,0.));
#4365 = PLANE('',#4366);
#4366 = AXIS2_PLACEMENT_3D('',#4367,#4368,#4369);
#4367 = CARTESIAN_POINT('',(0.,0.,15.));
#4368 = DIRECTION('',(-0.,-0.,-1.));
#4369 = DIRECTION('',(0.,1.,0.));
#4370 = ADVANCED_FACE('',(#4371),#4390,.F.);
#4371 = FACE_BOUND('',#4372,.F.);
#4372 = EDGE_LOOP('',(#4373,#4374,#4382,#4389));
#4373 = ORIENTED_EDGE('',*,*,#4357,.T.);
#4374 = ORIENTED_EDGE('',*,*,#4375,.T.);
#4375 = EDGE_CURVE('',#4358,#4376,#4378,.T.);
#4376 = VERTEX_POINT('',#4377);
#4377 = CARTESIAN_POINT('',(0.,35.,5.));
#4378 = LINE('',#4379,#4380);
#4379 = CARTESIAN_POINT('',(0.,35.,15.));
#4380 = VECTOR('',#4381,1.);
#4381 = DIRECTION('',(0.,0.,-1.));
#4382 = ORIENTED_EDGE('',*,*,#4383,.F.);
#4383 = EDGE_CURVE('',#4376,#4376,#4384,.T.);
#4384 = CIRCLE('',#4385,35.);
#4385 = AXIS2_PLACEMENT_3D('',#4386,#4387,#4388);
#4386 = CARTESIAN_POINT('',(0.,0.,5.));
#4387 = DIRECTION('',(0.,0.,-1.));
#4388 = DIRECTION('',(0.,1.,0.));
#4389 = ORIENTED_EDGE('',*,*,#4375,.F.);
#4390 = CYLINDRICAL_SURFACE('',#4391,35.);
#4391 = AXIS2_PLACEMENT_3D('',#4392,#4393,#4394);
#4392 = CARTESIAN_POINT('',(0.,0.,15.));
#4393 = DIRECTION('',(-0.,-0.,-1.));
#4394 = DIRECTION('',(0.,1.,0.));
#4395 = ADVANCED_FACE('',(#4396),#4399,.F.);
#4396 = FACE_BOUND('',#4397,.F.);
#4397 = EDGE_LOOP('',(#4398));
#4398 = ORIENTED_EDGE('',*,*,#4383,.T.);
#4399 = PLANE('',#4400);
#4400 = AXIS2_PLACEMENT_3D('',#4401,#4402,#4403);
#4401 = CARTESIAN_POINT('',(0.,0.,5.));
#4402 = DIRECTION('',(-0.,-0.,-1.));
#4403 = DIRECTION('',(0.,1.,0.));
#4404 = ADVANCED_FACE('',(#4405),#4417,.F.);
#4405 = FACE_BOUND('',#4406,.F.);
#4406 = EDGE_LOOP('',(#4407,#4408,#4409,#4414,#4415,#4416));
#4407 = ORIENTED_EDGE('',*,*,#595,.T.);
#4408 = ORIENTED_EDGE('',*,*,#606,.T.);
#4409 = ORIENTED_EDGE('',*,*,#4410,.T.);
#4410 = EDGE_CURVE('',#596,#1945,#4411,.T.);
#4411 = B_SPLINE_CURVE_WITH_KNOTS('',1,(#4412,#4413),.UNSPECIFIED.,.F.,
  .F.,(2,2),(-45.,-35.),.PIECEWISE_BEZIER_KNOTS.);
#4412 = CARTESIAN_POINT('',(3.,69.,0.));
#4413 = CARTESIAN_POINT('',(3.,69.,10.));
#4414 = ORIENTED_EDGE('',*,*,#1955,.F.);
#4415 = ORIENTED_EDGE('',*,*,#1944,.F.);
#4416 = ORIENTED_EDGE('',*,*,#4410,.F.);
#4417 = CYLINDRICAL_SURFACE('',#4418,3.);
#4418 = AXIS2_PLACEMENT_3D('',#4419,#4420,#4421);
#4419 = CARTESIAN_POINT('',(0.,69.,45.));
#4420 = DIRECTION('',(0.,0.,1.));
#4421 = DIRECTION('',(1.,0.,0.));
#4422 = ADVANCED_FACE('',(#4423),#4435,.F.);
#4423 = FACE_BOUND('',#4424,.F.);
#4424 = EDGE_LOOP('',(#4425,#4426,#4431,#4432,#4433,#4434));
#4425 = ORIENTED_EDGE('',*,*,#4210,.F.);
#4426 = ORIENTED_EDGE('',*,*,#4427,.F.);
#4427 = EDGE_CURVE('',#2727,#4211,#4428,.T.);
#4428 = B_SPLINE_CURVE_WITH_KNOTS('',1,(#4429,#4430),.UNSPECIFIED.,.F.,
  .F.,(2,2),(-5.,0.),.PIECEWISE_BEZIER_KNOTS.);
#4429 = CARTESIAN_POINT('',(3.,69.,40.));
#4430 = CARTESIAN_POINT('',(3.,69.,45.));
#4431 = ORIENTED_EDGE('',*,*,#2726,.T.);
#4432 = ORIENTED_EDGE('',*,*,#2737,.T.);
#4433 = ORIENTED_EDGE('',*,*,#4427,.T.);
#4434 = ORIENTED_EDGE('',*,*,#4221,.F.);
#4435 = CYLINDRICAL_SURFACE('',#4436,3.);
#4436 = AXIS2_PLACEMENT_3D('',#4437,#4438,#4439);
#4437 = CARTESIAN_POINT('',(0.,69.,45.));
#4438 = DIRECTION('',(0.,0.,1.));
#4439 = DIRECTION('',(1.,0.,0.));
#4440 = ADVANCED_FACE('',(#4441),#4453,.F.);
#4441 = FACE_BOUND('',#4442,.T.);
#4442 = EDGE_LOOP('',(#4443,#4444,#4449,#4450,#4451,#4452));
#4443 = ORIENTED_EDGE('',*,*,#648,.F.);
#4444 = ORIENTED_EDGE('',*,*,#4445,.T.);
#4445 = EDGE_CURVE('',#640,#1965,#4446,.T.);
#4446 = B_SPLINE_CURVE_WITH_KNOTS('',1,(#4447,#4448),.UNSPECIFIED.,.F.,
  .F.,(2,2),(-45.,-35.),.PIECEWISE_BEZIER_KNOTS.);
#4447 = CARTESIAN_POINT('',(3.,-69.,0.));
#4448 = CARTESIAN_POINT('',(3.,-69.,10.));
#4449 = ORIENTED_EDGE('',*,*,#1964,.T.);
#4450 = ORIENTED_EDGE('',*,*,#1975,.T.);
#4451 = ORIENTED_EDGE('',*,*,#4445,.F.);
#4452 = ORIENTED_EDGE('',*,*,#637,.F.);
#4453 = CYLINDRICAL_SURFACE('',#4454,3.);
#4454 = AXIS2_PLACEMENT_3D('',#4455,#4456,#4457);
#4455 = CARTESIAN_POINT('',(0.,-69.,45.));
#4456 = DIRECTION('',(0.,-4.440892098501E-16,1.));
#4457 = DIRECTION('',(1.,0.,0.));
#4458 = ADVANCED_FACE('',(#4459),#4471,.F.);
#4459 = FACE_BOUND('',#4460,.T.);
#4460 = EDGE_LOOP('',(#4461,#4462,#4467,#4468,#4469,#4470));
#4461 = ORIENTED_EDGE('',*,*,#2771,.F.);
#4462 = ORIENTED_EDGE('',*,*,#4463,.T.);
#4463 = EDGE_CURVE('',#2763,#4177,#4464,.T.);
#4464 = B_SPLINE_CURVE_WITH_KNOTS('',1,(#4465,#4466),.UNSPECIFIED.,.F.,
  .F.,(2,2),(-5.,0.),.PIECEWISE_BEZIER_KNOTS.);
#4465 = CARTESIAN_POINT('',(3.,-69.,40.));
#4466 = CARTESIAN_POINT('',(3.,-69.,45.));
#4467 = ORIENTED_EDGE('',*,*,#4187,.F.);
#4468 = ORIENTED_EDGE('',*,*,#4176,.F.);
#4469 = ORIENTED_EDGE('',*,*,#4463,.F.);
#4470 = ORIENTED_EDGE('',*,*,#2760,.F.);
#4471 = CYLINDRICAL_SURFACE('',#4472,3.);
#4472 = AXIS2_PLACEMENT_3D('',#4473,#4474,#4475);
#4473 = CARTESIAN_POINT('',(0.,-69.,45.));
#4474 = DIRECTION('',(0.,-4.440892098501E-16,1.));
#4475 = DIRECTION('',(1.,0.,0.));
#4476 = ( GEOMETRIC_REPRESENTATION_CONTEXT(3) 
GLOBAL_UNCERTAINTY_ASSIGNED_CONTEXT((#4480)) 
GLOBAL_UNIT_ASSIGNED_CONTEXT((#4477,#4478,#4479)) REPRESENTATION_CONTEXT
('Context #1','3D Context with UNIT and UNCERTAINTY') );
#4477 = ( LENGTH_UNIT() NAMED_UNIT(*) SI_UNIT(.MILLI.,.METRE.) );
#4478 = ( NAMED_UNIT(*) PLANE_ANGLE_UNIT() SI_UNIT($,.RADIAN.) );
#4479 = ( NAMED_UNIT(*) SI_UNIT($,.STERADIAN.) SOLID_ANGLE_UNIT() );
#4480 = UNCERTAINTY_MEASURE_WITH_UNIT(LENGTH_MEASURE(5.E-06),#4477,
  'distance_accuracy_value','confusion accuracy');
#4481 = PRODUCT_RELATED_PRODUCT_CATEGORY('part',$,(#7));
#4482 = MECHANICAL_DESIGN_GEOMETRIC_PRESENTATION_REPRESENTATION('',(
    #4483),#4476);
#4483 = STYLED_ITEM('color',(#4484),#15);
#4484 = PRESENTATION_STYLE_ASSIGNMENT((#4485,#4491));
#4485 = SURFACE_STYLE_USAGE(.BOTH.,#4486);
#4486 = SURFACE_SIDE_STYLE('',(#4487));
#4487 = SURFACE_STYLE_FILL_AREA(#4488);
#4488 = FILL_AREA_STYLE('',(#4489));
#4489 = FILL_AREA_STYLE_COLOUR('',#4490);
#4490 = COLOUR_RGB('',0.678431390124,0.709803936702,0.741176476869);
#4491 = CURVE_STYLE('',#4492,POSITIVE_LENGTH_MEASURE(0.1),#4493);
#4492 = DRAUGHTING_PRE_DEFINED_CURVE_FONT('continuous');
#4493 = COLOUR_RGB('',9.803921802644E-02,9.803921802644E-02,
  9.803921802644E-02);
ENDSEC;
END-ISO-10303-21;
