ISO-10303-21;
HEADER;
FILE_DESCRIPTION(('FreeCAD Model'),'2;1');
FILE_NAME('Open CASCADE Shape Model','2026-09-29T01:17:46',(''),(''),
  'Open CASCADE STEP processor 7.8','FreeCAD','Unknown');
FILE_SCHEMA(('AUTOMOTIVE_DESIGN { 1 0 10303 214 1 1 1 1 }'));
ENDSEC;
DATA;
#1 = APPLICATION_PROTOCOL_DEFINITION('international standard',
  'automotive_design',2000,#2);
#2 = APPLICATION_CONTEXT(
  'core data for automotive mechanical design processes');
#3 = SHAPE_DEFINITION_REPRESENTATION(#4,#10);
#4 = PRODUCT_DEFINITION_SHAPE('','',#5);
#5 = PRODUCT_DEFINITION('design','',#6,#9);
#6 = PRODUCT_DEFINITION_FORMATION('','',#7);
#7 = PRODUCT('Assembly','Assembly','',(#8));
#8 = PRODUCT_CONTEXT('',#2,'mechanical');
#9 = PRODUCT_DEFINITION_CONTEXT('part definition',#2,'design');
#10 = SHAPE_REPRESENTATION('',(#11,#15,#19,#23,#27,#31,#35,#39),#43);
#11 = AXIS2_PLACEMENT_3D('',#12,#13,#14);
#12 = CARTESIAN_POINT('',(0.,0.,0.));
#13 = DIRECTION('',(0.,0.,1.));
#14 = DIRECTION('',(1.,0.,-0.));
#15 = AXIS2_PLACEMENT_3D('',#16,#17,#18);
#16 = CARTESIAN_POINT('',(34.64,-20.,0.));
#17 = DIRECTION('',(0.,0.,-1.));
#18 = DIRECTION('',(1.,0.,0.));
#19 = AXIS2_PLACEMENT_3D('',#20,#21,#22);
#20 = CARTESIAN_POINT('',(34.64,20.,-4.235164736272E-22));
#21 = DIRECTION('',(-1.654361126498E-24,-2.481542034874E-24,1.));
#22 = DIRECTION('',(1.,-1.868800406745E-48,1.654361126498E-24));
#23 = AXIS2_PLACEMENT_3D('',#24,#25,#26);
#24 = CARTESIAN_POINT('',(69.28,0.,0.));
#25 = DIRECTION('',(0.,0.,1.));
#26 = DIRECTION('',(1.,0.,0.));
#27 = AXIS2_PLACEMENT_3D('',#28,#29,#30);
#28 = CARTESIAN_POINT('',(69.28,-40.,0.));
#29 = DIRECTION('',(0.,0.,1.));
#30 = DIRECTION('',(1.,0.,0.));
#31 = AXIS2_PLACEMENT_3D('',#32,#33,#34);
#32 = CARTESIAN_POINT('',(34.64,-60.,0.));
#33 = DIRECTION('',(0.,0.,1.));
#34 = DIRECTION('',(1.,0.,0.));
#35 = AXIS2_PLACEMENT_3D('',#36,#37,#38);
#36 = CARTESIAN_POINT('',(0.,-40.,0.));
#37 = DIRECTION('',(0.,0.,1.));
#38 = DIRECTION('',(1.,0.,0.));
#39 = AXIS2_PLACEMENT_3D('',#40,#41,#42);
#40 = CARTESIAN_POINT('',(0.,0.,0.));
#41 = DIRECTION('',(0.,0.,1.));
#42 = DIRECTION('',(1.,0.,0.));
#43 = ( GEOMETRIC_REPRESENTATION_CONTEXT(3) 
GLOBAL_UNCERTAINTY_ASSIGNED_CONTEXT((#47)) GLOBAL_UNIT_ASSIGNED_CONTEXT(
(#44,#45,#46)) REPRESENTATION_CONTEXT('Context #1',
  '3D Context with UNIT and UNCERTAINTY') );
#44 = ( LENGTH_UNIT() NAMED_UNIT(*) SI_UNIT(.MILLI.,.METRE.) );
#45 = ( NAMED_UNIT(*) PLANE_ANGLE_UNIT() SI_UNIT($,.RADIAN.) );
#46 = ( NAMED_UNIT(*) SI_UNIT($,.STERADIAN.) SOLID_ANGLE_UNIT() );
#47 = UNCERTAINTY_MEASURE_WITH_UNIT(LENGTH_MEASURE(1.E-07),#44,
  'distance_accuracy_value','confusion accuracy');
#48 = PRODUCT_RELATED_PRODUCT_CATEGORY('part',$,(#7));
#49 = SHAPE_DEFINITION_REPRESENTATION(#50,#56);
#50 = PRODUCT_DEFINITION_SHAPE('','',#51);
#51 = PRODUCT_DEFINITION('design','',#52,#55);
#52 = PRODUCT_DEFINITION_FORMATION('','',#53);
#53 = PRODUCT('Assembly001','Assembly001','',(#54));
#54 = PRODUCT_CONTEXT('',#2,'mechanical');
#55 = PRODUCT_DEFINITION_CONTEXT('part definition',#2,'design');
#56 = SHAPE_REPRESENTATION('',(#11,#57,#61,#65,#69,#73,#77,#81,#85,#89,
    #93,#97,#101,#105,#109,#113),#117);
#57 = AXIS2_PLACEMENT_3D('',#58,#59,#60);
#58 = CARTESIAN_POINT('',(0.,0.,0.));
#59 = DIRECTION('',(0.,0.,1.));
#60 = DIRECTION('',(1.,0.,0.));
#61 = AXIS2_PLACEMENT_3D('',#62,#63,#64);
#62 = CARTESIAN_POINT('',(8.881784197001E-16,-2.520767909294E-16,20.));
#63 = DIRECTION('',(0.,0.,1.));
#64 = DIRECTION('',(1.,0.,0.));
#65 = AXIS2_PLACEMENT_3D('',#66,#67,#68);
#66 = CARTESIAN_POINT('',(25.98,-15.,-6.));
#67 = DIRECTION('',(0.,0.,-1.));
#68 = DIRECTION('',(1.,0.,0.));
#69 = AXIS2_PLACEMENT_3D('',#70,#71,#72);
#70 = CARTESIAN_POINT('',(-5.329070518201E-15,30.,-6.));
#71 = DIRECTION('',(0.,0.,-1.));
#72 = DIRECTION('',(1.,0.,0.));
#73 = AXIS2_PLACEMENT_3D('',#74,#75,#76);
#74 = CARTESIAN_POINT('',(-5.329070518201E-15,-30.,-6.));
#75 = DIRECTION('',(0.,0.,-1.));
#76 = DIRECTION('',(1.,0.,0.));
#77 = AXIS2_PLACEMENT_3D('',#78,#79,#80);
#78 = CARTESIAN_POINT('',(25.98,15.,-6.));
#79 = DIRECTION('',(0.,0.,-1.));
#80 = DIRECTION('',(1.,0.,0.));
#81 = AXIS2_PLACEMENT_3D('',#82,#83,#84);
#82 = CARTESIAN_POINT('',(-25.98,-15.,-6.));
#83 = DIRECTION('',(0.,0.,-1.));
#84 = DIRECTION('',(1.,0.,0.));
#85 = AXIS2_PLACEMENT_3D('',#86,#87,#88);
#86 = CARTESIAN_POINT('',(-25.98,15.,-6.));
#87 = DIRECTION('',(0.,0.,-1.));
#88 = DIRECTION('',(1.,0.,0.));
#89 = AXIS2_PLACEMENT_3D('',#90,#91,#92);
#90 = CARTESIAN_POINT('',(25.98,-15.,26.));
#91 = DIRECTION('',(0.,0.,1.));
#92 = DIRECTION('',(1.,0.,0.));
#93 = AXIS2_PLACEMENT_3D('',#94,#95,#96);
#94 = CARTESIAN_POINT('',(25.98,15.,26.));
#95 = DIRECTION('',(0.,0.,1.));
#96 = DIRECTION('',(1.,0.,0.));
#97 = AXIS2_PLACEMENT_3D('',#98,#99,#100);
#98 = CARTESIAN_POINT('',(8.881784197001E-16,30.,26.));
#99 = DIRECTION('',(0.,0.,1.));
#100 = DIRECTION('',(1.,0.,0.));
#101 = AXIS2_PLACEMENT_3D('',#102,#103,#104);
#102 = CARTESIAN_POINT('',(-25.98,15.,26.));
#103 = DIRECTION('',(0.,0.,1.));
#104 = DIRECTION('',(1.,0.,0.));
#105 = AXIS2_PLACEMENT_3D('',#106,#107,#108);
#106 = CARTESIAN_POINT('',(8.881784197001E-16,-30.,26.));
#107 = DIRECTION('',(0.,0.,1.));
#108 = DIRECTION('',(1.,0.,0.));
#109 = AXIS2_PLACEMENT_3D('',#110,#111,#112);
#110 = CARTESIAN_POINT('',(-25.98,-15.,26.));
#111 = DIRECTION('',(0.,0.,1.));
#112 = DIRECTION('',(1.,0.,0.));
#113 = AXIS2_PLACEMENT_3D('',#114,#115,#116);
#114 = CARTESIAN_POINT('',(-5.329070518201E-15,-1.709324876758E-15,0.));
#115 = DIRECTION('',(0.,0.,-1.));
#116 = DIRECTION('',(1.,0.,0.));
#117 = ( GEOMETRIC_REPRESENTATION_CONTEXT(3) 
GLOBAL_UNCERTAINTY_ASSIGNED_CONTEXT((#121)) GLOBAL_UNIT_ASSIGNED_CONTEXT
((#118,#119,#120)) REPRESENTATION_CONTEXT('Context #1',
  '3D Context with UNIT and UNCERTAINTY') );
#118 = ( LENGTH_UNIT() NAMED_UNIT(*) SI_UNIT(.MILLI.,.METRE.) );
#119 = ( NAMED_UNIT(*) PLANE_ANGLE_UNIT() SI_UNIT($,.RADIAN.) );
#120 = ( NAMED_UNIT(*) SI_UNIT($,.STERADIAN.) SOLID_ANGLE_UNIT() );
#121 = UNCERTAINTY_MEASURE_WITH_UNIT(LENGTH_MEASURE(1.E-07),#118,
  'distance_accuracy_value','confusion accuracy');
#122 = CONTEXT_DEPENDENT_SHAPE_REPRESENTATION(#123,#125);
#123 = ( REPRESENTATION_RELATIONSHIP('','',#56,#10) 
REPRESENTATION_RELATIONSHIP_WITH_TRANSFORMATION(#124) 
SHAPE_REPRESENTATION_RELATIONSHIP() );
#124 = ITEM_DEFINED_TRANSFORMATION('','',#11,#15);
#125 = PRODUCT_DEFINITION_SHAPE('Placement','Placement of an item',#126
  );
#126 = NEXT_ASSEMBLY_USAGE_OCCURRENCE('16','Assembly001','',#5,#51,$);
#127 = PRODUCT_RELATED_PRODUCT_CATEGORY('part',$,(#53));
#128 = SHAPE_DEFINITION_REPRESENTATION(#129,#135);
#129 = PRODUCT_DEFINITION_SHAPE('','',#130);
#130 = PRODUCT_DEFINITION('design','',#131,#134);
#131 = PRODUCT_DEFINITION_FORMATION('','',#132);
#132 = PRODUCT('cavity_casette','cavity_casette','',(#133));
#133 = PRODUCT_CONTEXT('',#2,'mechanical');
#134 = PRODUCT_DEFINITION_CONTEXT('part definition',#2,'design');
#135 = ADVANCED_BREP_SHAPE_REPRESENTATION('',(#11,#136),#1315);
#136 = MANIFOLD_SOLID_BREP('',#137);
#137 = CLOSED_SHELL('',(#138,#180,#495,#520,#552,#577,#595,#878,#900,
    #917,#929,#946,#963,#980,#992,#1009,#1026,#1043,#1060,#1077,#1094,
    #1111,#1128,#1145,#1162,#1179,#1196,#1213,#1230,#1247,#1264,#1281,
    #1298));
#138 = ADVANCED_FACE('',(#139),#175,.F.);
#139 = FACE_BOUND('',#140,.F.);
#140 = EDGE_LOOP('',(#141,#152,#160,#169));
#141 = ORIENTED_EDGE('',*,*,#142,.F.);
#142 = EDGE_CURVE('',#143,#145,#147,.T.);
#143 = VERTEX_POINT('',#144);
#144 = CARTESIAN_POINT('',(-19.06861265204,42.410352645624,0.));
#145 = VERTEX_POINT('',#146);
#146 = CARTESIAN_POINT('',(-27.19669981116,37.717231067262,0.));
#147 = CIRCLE('',#148,4.75);
#148 = AXIS2_PLACEMENT_3D('',#149,#150,#151);
#149 = CARTESIAN_POINT('',(-23.5,40.7,0.));
#150 = DIRECTION('',(0.,0.,-1.));
#151 = DIRECTION('',(-1.,0.,0.));
#152 = ORIENTED_EDGE('',*,*,#153,.F.);
#153 = EDGE_CURVE('',#154,#143,#156,.T.);
#154 = VERTEX_POINT('',#155);
#155 = CARTESIAN_POINT('',(-19.06861265204,42.410352645624,20.));
#156 = LINE('',#157,#158);
#157 = CARTESIAN_POINT('',(-19.06861265204,42.410352645624,7.5));
#158 = VECTOR('',#159,1.);
#159 = DIRECTION('',(0.,0.,-1.));
#160 = ORIENTED_EDGE('',*,*,#161,.F.);
#161 = EDGE_CURVE('',#162,#154,#164,.T.);
#162 = VERTEX_POINT('',#163);
#163 = CARTESIAN_POINT('',(-27.19669981116,37.717231067262,20.));
#164 = CIRCLE('',#165,4.75);
#165 = AXIS2_PLACEMENT_3D('',#166,#167,#168);
#166 = CARTESIAN_POINT('',(-23.5,40.7,20.));
#167 = DIRECTION('',(0.,0.,1.));
#168 = DIRECTION('',(-1.,0.,0.));
#169 = ORIENTED_EDGE('',*,*,#170,.F.);
#170 = EDGE_CURVE('',#145,#162,#171,.T.);
#171 = LINE('',#172,#173);
#172 = CARTESIAN_POINT('',(-27.19669981116,37.717231067262,7.5));
#173 = VECTOR('',#174,1.);
#174 = DIRECTION('',(0.,0.,1.));
#175 = CYLINDRICAL_SURFACE('',#176,4.75);
#176 = AXIS2_PLACEMENT_3D('',#177,#178,#179);
#177 = CARTESIAN_POINT('',(-23.5,40.7,7.5));
#178 = DIRECTION('',(0.,0.,-1.));
#179 = DIRECTION('',(0.500029427677,-0.866008413041,0.));
#180 = ADVANCED_FACE('',(#181,#281,#292,#303,#314,#325,#336,#347,#358,
    #369,#380,#391,#402,#413,#424,#435,#446,#457,#468,#479),#490,.T.);
#181 = FACE_BOUND('',#182,.T.);
#182 = EDGE_LOOP('',(#183,#184,#193,#202,#211,#220,#229,#238,#247,#256,
    #265,#274));
#183 = ORIENTED_EDGE('',*,*,#161,.F.);
#184 = ORIENTED_EDGE('',*,*,#185,.T.);
#185 = EDGE_CURVE('',#162,#186,#188,.T.);
#186 = VERTEX_POINT('',#187);
#187 = CARTESIAN_POINT('',(-46.26263297872,4.692418339826,20.));
#188 = CIRCLE('',#189,46.5);
#189 = AXIS2_PLACEMENT_3D('',#190,#191,#192);
#190 = CARTESIAN_POINT('',(0.,0.,20.));
#191 = DIRECTION('',(0.,0.,1.));
#192 = DIRECTION('',(1.,0.,-0.));
#193 = ORIENTED_EDGE('',*,*,#194,.F.);
#194 = EDGE_CURVE('',#195,#186,#197,.T.);
#195 = VERTEX_POINT('',#196);
#196 = CARTESIAN_POINT('',(-46.26263297872,-4.692418339826,20.));
#197 = CIRCLE('',#198,4.75);
#198 = AXIS2_PLACEMENT_3D('',#199,#200,#201);
#199 = CARTESIAN_POINT('',(-47.,0.,20.));
#200 = DIRECTION('',(0.,0.,1.));
#201 = DIRECTION('',(-1.,0.,0.));
#202 = ORIENTED_EDGE('',*,*,#203,.T.);
#203 = EDGE_CURVE('',#195,#204,#206,.T.);
#204 = VERTEX_POINT('',#205);
#205 = CARTESIAN_POINT('',(-27.19669981116,-37.71723106726,20.));
#206 = CIRCLE('',#207,46.5);
#207 = AXIS2_PLACEMENT_3D('',#208,#209,#210);
#208 = CARTESIAN_POINT('',(0.,0.,20.));
#209 = DIRECTION('',(0.,0.,1.));
#210 = DIRECTION('',(1.,0.,-0.));
#211 = ORIENTED_EDGE('',*,*,#212,.F.);
#212 = EDGE_CURVE('',#213,#204,#215,.T.);
#213 = VERTEX_POINT('',#214);
#214 = CARTESIAN_POINT('',(-19.06861265204,-42.41035264562,20.));
#215 = CIRCLE('',#216,4.75);
#216 = AXIS2_PLACEMENT_3D('',#217,#218,#219);
#217 = CARTESIAN_POINT('',(-23.5,-40.7,20.));
#218 = DIRECTION('',(0.,0.,1.));
#219 = DIRECTION('',(-1.,0.,0.));
#220 = ORIENTED_EDGE('',*,*,#221,.T.);
#221 = EDGE_CURVE('',#213,#222,#224,.T.);
#222 = VERTEX_POINT('',#223);
#223 = CARTESIAN_POINT('',(19.068612652046,-42.41035264562,20.));
#224 = CIRCLE('',#225,46.5);
#225 = AXIS2_PLACEMENT_3D('',#226,#227,#228);
#226 = CARTESIAN_POINT('',(0.,0.,20.));
#227 = DIRECTION('',(0.,0.,1.));
#228 = DIRECTION('',(1.,0.,-0.));
#229 = ORIENTED_EDGE('',*,*,#230,.T.);
#230 = EDGE_CURVE('',#222,#231,#233,.T.);
#231 = VERTEX_POINT('',#232);
#232 = CARTESIAN_POINT('',(27.196699811168,-37.71723106726,20.));
#233 = CIRCLE('',#234,4.75);
#234 = AXIS2_PLACEMENT_3D('',#235,#236,#237);
#235 = CARTESIAN_POINT('',(23.5,-40.7,20.));
#236 = DIRECTION('',(0.,0.,-1.));
#237 = DIRECTION('',(1.,0.,0.));
#238 = ORIENTED_EDGE('',*,*,#239,.T.);
#239 = EDGE_CURVE('',#231,#240,#242,.T.);
#240 = VERTEX_POINT('',#241);
#241 = CARTESIAN_POINT('',(46.262632978723,-4.692418339826,20.));
#242 = CIRCLE('',#243,46.5);
#243 = AXIS2_PLACEMENT_3D('',#244,#245,#246);
#244 = CARTESIAN_POINT('',(0.,0.,20.));
#245 = DIRECTION('',(0.,0.,1.));
#246 = DIRECTION('',(1.,0.,-0.));
#247 = ORIENTED_EDGE('',*,*,#248,.T.);
#248 = EDGE_CURVE('',#240,#249,#251,.T.);
#249 = VERTEX_POINT('',#250);
#250 = CARTESIAN_POINT('',(46.262632978723,4.692418339826,20.));
#251 = CIRCLE('',#252,4.75);
#252 = AXIS2_PLACEMENT_3D('',#253,#254,#255);
#253 = CARTESIAN_POINT('',(47.,0.,20.));
#254 = DIRECTION('',(0.,0.,-1.));
#255 = DIRECTION('',(1.,0.,0.));
#256 = ORIENTED_EDGE('',*,*,#257,.T.);
#257 = EDGE_CURVE('',#249,#258,#260,.T.);
#258 = VERTEX_POINT('',#259);
#259 = CARTESIAN_POINT('',(27.196699811168,37.717231067262,20.));
#260 = CIRCLE('',#261,46.5);
#261 = AXIS2_PLACEMENT_3D('',#262,#263,#264);
#262 = CARTESIAN_POINT('',(0.,0.,20.));
#263 = DIRECTION('',(0.,0.,1.));
#264 = DIRECTION('',(1.,0.,-0.));
#265 = ORIENTED_EDGE('',*,*,#266,.F.);
#266 = EDGE_CURVE('',#267,#258,#269,.T.);
#267 = VERTEX_POINT('',#268);
#268 = CARTESIAN_POINT('',(19.068612652046,42.410352645624,20.));
#269 = CIRCLE('',#270,4.75);
#270 = AXIS2_PLACEMENT_3D('',#271,#272,#273);
#271 = CARTESIAN_POINT('',(23.5,40.7,20.));
#272 = DIRECTION('',(0.,0.,1.));
#273 = DIRECTION('',(1.,0.,-0.));
#274 = ORIENTED_EDGE('',*,*,#275,.T.);
#275 = EDGE_CURVE('',#267,#154,#276,.T.);
#276 = CIRCLE('',#277,46.5);
#277 = AXIS2_PLACEMENT_3D('',#278,#279,#280);
#278 = CARTESIAN_POINT('',(0.,0.,20.));
#279 = DIRECTION('',(0.,0.,1.));
#280 = DIRECTION('',(1.,0.,-0.));
#281 = FACE_BOUND('',#282,.T.);
#282 = EDGE_LOOP('',(#283));
#283 = ORIENTED_EDGE('',*,*,#284,.T.);
#284 = EDGE_CURVE('',#285,#285,#287,.T.);
#285 = VERTEX_POINT('',#286);
#286 = CARTESIAN_POINT('',(5.,17.32,20.));
#287 = CIRCLE('',#288,5.);
#288 = AXIS2_PLACEMENT_3D('',#289,#290,#291);
#289 = CARTESIAN_POINT('',(10.,17.32,20.));
#290 = DIRECTION('',(0.,0.,-1.));
#291 = DIRECTION('',(1.,0.,0.));
#292 = FACE_BOUND('',#293,.T.);
#293 = EDGE_LOOP('',(#294));
#294 = ORIENTED_EDGE('',*,*,#295,.T.);
#295 = EDGE_CURVE('',#296,#296,#298,.T.);
#296 = VERTEX_POINT('',#297);
#297 = CARTESIAN_POINT('',(15.,0.,20.));
#298 = CIRCLE('',#299,5.);
#299 = AXIS2_PLACEMENT_3D('',#300,#301,#302);
#300 = CARTESIAN_POINT('',(20.,0.,20.));
#301 = DIRECTION('',(0.,0.,-1.));
#302 = DIRECTION('',(1.,0.,0.));
#303 = FACE_BOUND('',#304,.T.);
#304 = EDGE_LOOP('',(#305));
#305 = ORIENTED_EDGE('',*,*,#306,.T.);
#306 = EDGE_CURVE('',#307,#307,#309,.T.);
#307 = VERTEX_POINT('',#308);
#308 = CARTESIAN_POINT('',(32.64,-20.,20.));
#309 = CIRCLE('',#310,2.);
#310 = AXIS2_PLACEMENT_3D('',#311,#312,#313);
#311 = CARTESIAN_POINT('',(34.64,-20.,20.));
#312 = DIRECTION('',(0.,0.,-1.));
#313 = DIRECTION('',(1.,0.,0.));
#314 = FACE_BOUND('',#315,.T.);
#315 = EDGE_LOOP('',(#316));
#316 = ORIENTED_EDGE('',*,*,#317,.T.);
#317 = EDGE_CURVE('',#318,#318,#320,.T.);
#318 = VERTEX_POINT('',#319);
#319 = CARTESIAN_POINT('',(-2.,40.,20.));
#320 = CIRCLE('',#321,2.);
#321 = AXIS2_PLACEMENT_3D('',#322,#323,#324);
#322 = CARTESIAN_POINT('',(0.,40.,20.));
#323 = DIRECTION('',(0.,0.,-1.));
#324 = DIRECTION('',(1.,0.,0.));
#325 = FACE_BOUND('',#326,.T.);
#326 = EDGE_LOOP('',(#327));
#327 = ORIENTED_EDGE('',*,*,#328,.T.);
#328 = EDGE_CURVE('',#329,#329,#331,.T.);
#329 = VERTEX_POINT('',#330);
#330 = CARTESIAN_POINT('',(32.64,20.,20.));
#331 = CIRCLE('',#332,2.);
#332 = AXIS2_PLACEMENT_3D('',#333,#334,#335);
#333 = CARTESIAN_POINT('',(34.64,20.,20.));
#334 = DIRECTION('',(0.,0.,-1.));
#335 = DIRECTION('',(1.,0.,0.));
#336 = FACE_BOUND('',#337,.T.);
#337 = EDGE_LOOP('',(#338));
#338 = ORIENTED_EDGE('',*,*,#339,.T.);
#339 = EDGE_CURVE('',#340,#340,#342,.T.);
#340 = VERTEX_POINT('',#341);
#341 = CARTESIAN_POINT('',(-2.,-40.,20.));
#342 = CIRCLE('',#343,2.);
#343 = AXIS2_PLACEMENT_3D('',#344,#345,#346);
#344 = CARTESIAN_POINT('',(0.,-40.,20.));
#345 = DIRECTION('',(0.,0.,-1.));
#346 = DIRECTION('',(1.,0.,0.));
#347 = FACE_BOUND('',#348,.T.);
#348 = EDGE_LOOP('',(#349));
#349 = ORIENTED_EDGE('',*,*,#350,.T.);
#350 = EDGE_CURVE('',#351,#351,#353,.T.);
#351 = VERTEX_POINT('',#352);
#352 = CARTESIAN_POINT('',(23.98,-15.,20.));
#353 = CIRCLE('',#354,2.);
#354 = AXIS2_PLACEMENT_3D('',#355,#356,#357);
#355 = CARTESIAN_POINT('',(25.98,-15.,20.));
#356 = DIRECTION('',(0.,0.,-1.));
#357 = DIRECTION('',(1.,0.,0.));
#358 = FACE_BOUND('',#359,.T.);
#359 = EDGE_LOOP('',(#360));
#360 = ORIENTED_EDGE('',*,*,#361,.T.);
#361 = EDGE_CURVE('',#362,#362,#364,.T.);
#362 = VERTEX_POINT('',#363);
#363 = CARTESIAN_POINT('',(-27.98,15.,20.));
#364 = CIRCLE('',#365,2.);
#365 = AXIS2_PLACEMENT_3D('',#366,#367,#368);
#366 = CARTESIAN_POINT('',(-25.98,15.,20.));
#367 = DIRECTION('',(0.,0.,-1.));
#368 = DIRECTION('',(1.,0.,0.));
#369 = FACE_BOUND('',#370,.T.);
#370 = EDGE_LOOP('',(#371));
#371 = ORIENTED_EDGE('',*,*,#372,.T.);
#372 = EDGE_CURVE('',#373,#373,#375,.T.);
#373 = VERTEX_POINT('',#374);
#374 = CARTESIAN_POINT('',(5.,-17.32,20.));
#375 = CIRCLE('',#376,5.);
#376 = AXIS2_PLACEMENT_3D('',#377,#378,#379);
#377 = CARTESIAN_POINT('',(10.,-17.32,20.));
#378 = DIRECTION('',(0.,0.,-1.));
#379 = DIRECTION('',(1.,0.,0.));
#380 = FACE_BOUND('',#381,.T.);
#381 = EDGE_LOOP('',(#382));
#382 = ORIENTED_EDGE('',*,*,#383,.T.);
#383 = EDGE_CURVE('',#384,#384,#386,.T.);
#384 = VERTEX_POINT('',#385);
#385 = CARTESIAN_POINT('',(-36.64,-20.,20.));
#386 = CIRCLE('',#387,2.);
#387 = AXIS2_PLACEMENT_3D('',#388,#389,#390);
#388 = CARTESIAN_POINT('',(-34.64,-20.,20.));
#389 = DIRECTION('',(0.,0.,-1.));
#390 = DIRECTION('',(1.,0.,0.));
#391 = FACE_BOUND('',#392,.T.);
#392 = EDGE_LOOP('',(#393));
#393 = ORIENTED_EDGE('',*,*,#394,.T.);
#394 = EDGE_CURVE('',#395,#395,#397,.T.);
#395 = VERTEX_POINT('',#396);
#396 = CARTESIAN_POINT('',(-2.,-30.,20.));
#397 = CIRCLE('',#398,2.);
#398 = AXIS2_PLACEMENT_3D('',#399,#400,#401);
#399 = CARTESIAN_POINT('',(0.,-30.,20.));
#400 = DIRECTION('',(0.,0.,-1.));
#401 = DIRECTION('',(1.,0.,0.));
#402 = FACE_BOUND('',#403,.T.);
#403 = EDGE_LOOP('',(#404));
#404 = ORIENTED_EDGE('',*,*,#405,.T.);
#405 = EDGE_CURVE('',#406,#406,#408,.T.);
#406 = VERTEX_POINT('',#407);
#407 = CARTESIAN_POINT('',(-27.98,-15.,20.));
#408 = CIRCLE('',#409,2.);
#409 = AXIS2_PLACEMENT_3D('',#410,#411,#412);
#410 = CARTESIAN_POINT('',(-25.98,-15.,20.));
#411 = DIRECTION('',(0.,0.,-1.));
#412 = DIRECTION('',(1.,0.,0.));
#413 = FACE_BOUND('',#414,.T.);
#414 = EDGE_LOOP('',(#415));
#415 = ORIENTED_EDGE('',*,*,#416,.T.);
#416 = EDGE_CURVE('',#417,#417,#419,.T.);
#417 = VERTEX_POINT('',#418);
#418 = CARTESIAN_POINT('',(-36.64,20.,20.));
#419 = CIRCLE('',#420,2.);
#420 = AXIS2_PLACEMENT_3D('',#421,#422,#423);
#421 = CARTESIAN_POINT('',(-34.64,20.,20.));
#422 = DIRECTION('',(0.,0.,-1.));
#423 = DIRECTION('',(1.,0.,0.));
#424 = FACE_BOUND('',#425,.T.);
#425 = EDGE_LOOP('',(#426));
#426 = ORIENTED_EDGE('',*,*,#427,.T.);
#427 = EDGE_CURVE('',#428,#428,#430,.T.);
#428 = VERTEX_POINT('',#429);
#429 = CARTESIAN_POINT('',(-25.,0.,20.));
#430 = CIRCLE('',#431,5.);
#431 = AXIS2_PLACEMENT_3D('',#432,#433,#434);
#432 = CARTESIAN_POINT('',(-20.,0.,20.));
#433 = DIRECTION('',(0.,0.,-1.));
#434 = DIRECTION('',(1.,0.,0.));
#435 = FACE_BOUND('',#436,.T.);
#436 = EDGE_LOOP('',(#437));
#437 = ORIENTED_EDGE('',*,*,#438,.T.);
#438 = EDGE_CURVE('',#439,#439,#441,.T.);
#439 = VERTEX_POINT('',#440);
#440 = CARTESIAN_POINT('',(-2.,30.,20.));
#441 = CIRCLE('',#442,2.);
#442 = AXIS2_PLACEMENT_3D('',#443,#444,#445);
#443 = CARTESIAN_POINT('',(0.,30.,20.));
#444 = DIRECTION('',(0.,0.,-1.));
#445 = DIRECTION('',(1.,0.,0.));
#446 = FACE_BOUND('',#447,.T.);
#447 = EDGE_LOOP('',(#448));
#448 = ORIENTED_EDGE('',*,*,#449,.T.);
#449 = EDGE_CURVE('',#450,#450,#452,.T.);
#450 = VERTEX_POINT('',#451);
#451 = CARTESIAN_POINT('',(-5.,0.,20.));
#452 = CIRCLE('',#453,5.);
#453 = AXIS2_PLACEMENT_3D('',#454,#455,#456);
#454 = CARTESIAN_POINT('',(0.,0.,20.));
#455 = DIRECTION('',(0.,0.,-1.));
#456 = DIRECTION('',(1.,0.,0.));
#457 = FACE_BOUND('',#458,.T.);
#458 = EDGE_LOOP('',(#459));
#459 = ORIENTED_EDGE('',*,*,#460,.T.);
#460 = EDGE_CURVE('',#461,#461,#463,.T.);
#461 = VERTEX_POINT('',#462);
#462 = CARTESIAN_POINT('',(-15.,17.32,20.));
#463 = CIRCLE('',#464,5.);
#464 = AXIS2_PLACEMENT_3D('',#465,#466,#467);
#465 = CARTESIAN_POINT('',(-10.,17.32,20.));
#466 = DIRECTION('',(0.,0.,-1.));
#467 = DIRECTION('',(1.,0.,0.));
#468 = FACE_BOUND('',#469,.T.);
#469 = EDGE_LOOP('',(#470));
#470 = ORIENTED_EDGE('',*,*,#471,.T.);
#471 = EDGE_CURVE('',#472,#472,#474,.T.);
#472 = VERTEX_POINT('',#473);
#473 = CARTESIAN_POINT('',(-15.,-17.32,20.));
#474 = CIRCLE('',#475,5.);
#475 = AXIS2_PLACEMENT_3D('',#476,#477,#478);
#476 = CARTESIAN_POINT('',(-10.,-17.32,20.));
#477 = DIRECTION('',(0.,0.,-1.));
#478 = DIRECTION('',(1.,0.,0.));
#479 = FACE_BOUND('',#480,.T.);
#480 = EDGE_LOOP('',(#481));
#481 = ORIENTED_EDGE('',*,*,#482,.T.);
#482 = EDGE_CURVE('',#483,#483,#485,.T.);
#483 = VERTEX_POINT('',#484);
#484 = CARTESIAN_POINT('',(23.98,15.,20.));
#485 = CIRCLE('',#486,2.);
#486 = AXIS2_PLACEMENT_3D('',#487,#488,#489);
#487 = CARTESIAN_POINT('',(25.98,15.,20.));
#488 = DIRECTION('',(0.,0.,-1.));
#489 = DIRECTION('',(1.,0.,0.));
#490 = PLANE('',#491);
#491 = AXIS2_PLACEMENT_3D('',#492,#493,#494);
#492 = CARTESIAN_POINT('',(0.,0.,20.));
#493 = DIRECTION('',(0.,0.,1.));
#494 = DIRECTION('',(1.,0.,-0.));
#495 = ADVANCED_FACE('',(#496),#515,.T.);
#496 = FACE_BOUND('',#497,.T.);
#497 = EDGE_LOOP('',(#498,#499,#508,#514));
#498 = ORIENTED_EDGE('',*,*,#170,.F.);
#499 = ORIENTED_EDGE('',*,*,#500,.T.);
#500 = EDGE_CURVE('',#145,#501,#503,.T.);
#501 = VERTEX_POINT('',#502);
#502 = CARTESIAN_POINT('',(-46.26263297872,4.692418339826,0.));
#503 = CIRCLE('',#504,46.5);
#504 = AXIS2_PLACEMENT_3D('',#505,#506,#507);
#505 = CARTESIAN_POINT('',(0.,0.,0.));
#506 = DIRECTION('',(0.,0.,1.));
#507 = DIRECTION('',(1.,0.,-0.));
#508 = ORIENTED_EDGE('',*,*,#509,.F.);
#509 = EDGE_CURVE('',#186,#501,#510,.T.);
#510 = LINE('',#511,#512);
#511 = CARTESIAN_POINT('',(-46.26263297872,4.692418339826,7.5));
#512 = VECTOR('',#513,1.);
#513 = DIRECTION('',(0.,0.,-1.));
#514 = ORIENTED_EDGE('',*,*,#185,.F.);
#515 = CYLINDRICAL_SURFACE('',#516,46.5);
#516 = AXIS2_PLACEMENT_3D('',#517,#518,#519);
#517 = CARTESIAN_POINT('',(0.,0.,0.));
#518 = DIRECTION('',(0.,0.,1.));
#519 = DIRECTION('',(1.,0.,-0.));
#520 = ADVANCED_FACE('',(#521),#547,.F.);
#521 = FACE_BOUND('',#522,.F.);
#522 = EDGE_LOOP('',(#523,#524,#532,#541));
#523 = ORIENTED_EDGE('',*,*,#266,.F.);
#524 = ORIENTED_EDGE('',*,*,#525,.F.);
#525 = EDGE_CURVE('',#526,#267,#528,.T.);
#526 = VERTEX_POINT('',#527);
#527 = CARTESIAN_POINT('',(19.068612652046,42.410352645624,0.));
#528 = LINE('',#529,#530);
#529 = CARTESIAN_POINT('',(19.068612652046,42.410352645624,7.5));
#530 = VECTOR('',#531,1.);
#531 = DIRECTION('',(0.,0.,1.));
#532 = ORIENTED_EDGE('',*,*,#533,.F.);
#533 = EDGE_CURVE('',#534,#526,#536,.T.);
#534 = VERTEX_POINT('',#535);
#535 = CARTESIAN_POINT('',(27.196699811168,37.717231067262,0.));
#536 = CIRCLE('',#537,4.75);
#537 = AXIS2_PLACEMENT_3D('',#538,#539,#540);
#538 = CARTESIAN_POINT('',(23.5,40.7,0.));
#539 = DIRECTION('',(0.,0.,-1.));
#540 = DIRECTION('',(1.,0.,0.));
#541 = ORIENTED_EDGE('',*,*,#542,.F.);
#542 = EDGE_CURVE('',#258,#534,#543,.T.);
#543 = LINE('',#544,#545);
#544 = CARTESIAN_POINT('',(27.196699811168,37.717231067262,7.5));
#545 = VECTOR('',#546,1.);
#546 = DIRECTION('',(0.,0.,-1.));
#547 = CYLINDRICAL_SURFACE('',#548,4.75);
#548 = AXIS2_PLACEMENT_3D('',#549,#550,#551);
#549 = CARTESIAN_POINT('',(23.5,40.7,7.5));
#550 = DIRECTION('',(0.,0.,1.));
#551 = DIRECTION('',(-0.500029427677,-0.866008413041,0.));
#552 = ADVANCED_FACE('',(#553),#572,.T.);
#553 = FACE_BOUND('',#554,.T.);
#554 = EDGE_LOOP('',(#555,#556,#557,#565));
#555 = ORIENTED_EDGE('',*,*,#542,.F.);
#556 = ORIENTED_EDGE('',*,*,#257,.F.);
#557 = ORIENTED_EDGE('',*,*,#558,.T.);
#558 = EDGE_CURVE('',#249,#559,#561,.T.);
#559 = VERTEX_POINT('',#560);
#560 = CARTESIAN_POINT('',(46.262632978723,4.692418339826,0.));
#561 = LINE('',#562,#563);
#562 = CARTESIAN_POINT('',(46.262632978723,4.692418339826,7.5));
#563 = VECTOR('',#564,1.);
#564 = DIRECTION('',(0.,0.,-1.));
#565 = ORIENTED_EDGE('',*,*,#566,.T.);
#566 = EDGE_CURVE('',#559,#534,#567,.T.);
#567 = CIRCLE('',#568,46.5);
#568 = AXIS2_PLACEMENT_3D('',#569,#570,#571);
#569 = CARTESIAN_POINT('',(0.,0.,0.));
#570 = DIRECTION('',(0.,0.,1.));
#571 = DIRECTION('',(1.,0.,-0.));
#572 = CYLINDRICAL_SURFACE('',#573,46.5);
#573 = AXIS2_PLACEMENT_3D('',#574,#575,#576);
#574 = CARTESIAN_POINT('',(0.,0.,0.));
#575 = DIRECTION('',(0.,0.,1.));
#576 = DIRECTION('',(1.,0.,-0.));
#577 = ADVANCED_FACE('',(#578),#590,.T.);
#578 = FACE_BOUND('',#579,.T.);
#579 = EDGE_LOOP('',(#580,#581,#582,#583));
#580 = ORIENTED_EDGE('',*,*,#153,.F.);
#581 = ORIENTED_EDGE('',*,*,#275,.F.);
#582 = ORIENTED_EDGE('',*,*,#525,.F.);
#583 = ORIENTED_EDGE('',*,*,#584,.T.);
#584 = EDGE_CURVE('',#526,#143,#585,.T.);
#585 = CIRCLE('',#586,46.5);
#586 = AXIS2_PLACEMENT_3D('',#587,#588,#589);
#587 = CARTESIAN_POINT('',(0.,0.,0.));
#588 = DIRECTION('',(0.,0.,1.));
#589 = DIRECTION('',(1.,0.,-0.));
#590 = CYLINDRICAL_SURFACE('',#591,46.5);
#591 = AXIS2_PLACEMENT_3D('',#592,#593,#594);
#592 = CARTESIAN_POINT('',(0.,0.,0.));
#593 = DIRECTION('',(0.,0.,1.));
#594 = DIRECTION('',(1.,0.,-0.));
#595 = ADVANCED_FACE('',(#596,#664,#675,#686,#697,#708,#719,#730,#741,
    #752,#763,#774,#785,#796,#807,#818,#829,#840,#851,#862),#873,.F.);
#596 = FACE_BOUND('',#597,.T.);
#597 = EDGE_LOOP('',(#598,#599,#600,#601,#602,#611,#620,#629,#638,#647,
    #656,#663));
#598 = ORIENTED_EDGE('',*,*,#142,.F.);
#599 = ORIENTED_EDGE('',*,*,#584,.F.);
#600 = ORIENTED_EDGE('',*,*,#533,.F.);
#601 = ORIENTED_EDGE('',*,*,#566,.F.);
#602 = ORIENTED_EDGE('',*,*,#603,.T.);
#603 = EDGE_CURVE('',#559,#604,#606,.T.);
#604 = VERTEX_POINT('',#605);
#605 = CARTESIAN_POINT('',(46.262632978723,-4.692418339826,0.));
#606 = CIRCLE('',#607,4.75);
#607 = AXIS2_PLACEMENT_3D('',#608,#609,#610);
#608 = CARTESIAN_POINT('',(47.,0.,0.));
#609 = DIRECTION('',(0.,0.,1.));
#610 = DIRECTION('',(1.,0.,-0.));
#611 = ORIENTED_EDGE('',*,*,#612,.F.);
#612 = EDGE_CURVE('',#613,#604,#615,.T.);
#613 = VERTEX_POINT('',#614);
#614 = CARTESIAN_POINT('',(27.196699811168,-37.71723106726,0.));
#615 = CIRCLE('',#616,46.5);
#616 = AXIS2_PLACEMENT_3D('',#617,#618,#619);
#617 = CARTESIAN_POINT('',(0.,0.,0.));
#618 = DIRECTION('',(0.,0.,1.));
#619 = DIRECTION('',(1.,0.,-0.));
#620 = ORIENTED_EDGE('',*,*,#621,.T.);
#621 = EDGE_CURVE('',#613,#622,#624,.T.);
#622 = VERTEX_POINT('',#623);
#623 = CARTESIAN_POINT('',(19.068612652046,-42.41035264562,0.));
#624 = CIRCLE('',#625,4.75);
#625 = AXIS2_PLACEMENT_3D('',#626,#627,#628);
#626 = CARTESIAN_POINT('',(23.5,-40.7,0.));
#627 = DIRECTION('',(0.,0.,1.));
#628 = DIRECTION('',(1.,0.,-0.));
#629 = ORIENTED_EDGE('',*,*,#630,.F.);
#630 = EDGE_CURVE('',#631,#622,#633,.T.);
#631 = VERTEX_POINT('',#632);
#632 = CARTESIAN_POINT('',(-19.06861265204,-42.41035264562,0.));
#633 = CIRCLE('',#634,46.5);
#634 = AXIS2_PLACEMENT_3D('',#635,#636,#637);
#635 = CARTESIAN_POINT('',(0.,0.,0.));
#636 = DIRECTION('',(0.,0.,1.));
#637 = DIRECTION('',(1.,0.,-0.));
#638 = ORIENTED_EDGE('',*,*,#639,.F.);
#639 = EDGE_CURVE('',#640,#631,#642,.T.);
#640 = VERTEX_POINT('',#641);
#641 = CARTESIAN_POINT('',(-27.19669981116,-37.71723106726,0.));
#642 = CIRCLE('',#643,4.75);
#643 = AXIS2_PLACEMENT_3D('',#644,#645,#646);
#644 = CARTESIAN_POINT('',(-23.5,-40.7,0.));
#645 = DIRECTION('',(0.,0.,-1.));
#646 = DIRECTION('',(-1.,0.,0.));
#647 = ORIENTED_EDGE('',*,*,#648,.F.);
#648 = EDGE_CURVE('',#649,#640,#651,.T.);
#649 = VERTEX_POINT('',#650);
#650 = CARTESIAN_POINT('',(-46.26263297872,-4.692418339826,0.));
#651 = CIRCLE('',#652,46.5);
#652 = AXIS2_PLACEMENT_3D('',#653,#654,#655);
#653 = CARTESIAN_POINT('',(0.,0.,0.));
#654 = DIRECTION('',(0.,0.,1.));
#655 = DIRECTION('',(1.,0.,-0.));
#656 = ORIENTED_EDGE('',*,*,#657,.F.);
#657 = EDGE_CURVE('',#501,#649,#658,.T.);
#658 = CIRCLE('',#659,4.75);
#659 = AXIS2_PLACEMENT_3D('',#660,#661,#662);
#660 = CARTESIAN_POINT('',(-47.,0.,0.));
#661 = DIRECTION('',(0.,0.,-1.));
#662 = DIRECTION('',(-1.,0.,0.));
#663 = ORIENTED_EDGE('',*,*,#500,.F.);
#664 = FACE_BOUND('',#665,.T.);
#665 = EDGE_LOOP('',(#666));
#666 = ORIENTED_EDGE('',*,*,#667,.F.);
#667 = EDGE_CURVE('',#668,#668,#670,.T.);
#668 = VERTEX_POINT('',#669);
#669 = CARTESIAN_POINT('',(5.,17.32,0.));
#670 = CIRCLE('',#671,5.);
#671 = AXIS2_PLACEMENT_3D('',#672,#673,#674);
#672 = CARTESIAN_POINT('',(10.,17.32,0.));
#673 = DIRECTION('',(0.,0.,-1.));
#674 = DIRECTION('',(1.,0.,0.));
#675 = FACE_BOUND('',#676,.T.);
#676 = EDGE_LOOP('',(#677));
#677 = ORIENTED_EDGE('',*,*,#678,.F.);
#678 = EDGE_CURVE('',#679,#679,#681,.T.);
#679 = VERTEX_POINT('',#680);
#680 = CARTESIAN_POINT('',(15.,-6.123233995737E-16,0.));
#681 = CIRCLE('',#682,5.);
#682 = AXIS2_PLACEMENT_3D('',#683,#684,#685);
#683 = CARTESIAN_POINT('',(20.,0.,0.));
#684 = DIRECTION('',(0.,0.,-1.));
#685 = DIRECTION('',(1.,0.,0.));
#686 = FACE_BOUND('',#687,.T.);
#687 = EDGE_LOOP('',(#688));
#688 = ORIENTED_EDGE('',*,*,#689,.F.);
#689 = EDGE_CURVE('',#690,#690,#692,.T.);
#690 = VERTEX_POINT('',#691);
#691 = CARTESIAN_POINT('',(32.64,-20.,0.));
#692 = CIRCLE('',#693,2.);
#693 = AXIS2_PLACEMENT_3D('',#694,#695,#696);
#694 = CARTESIAN_POINT('',(34.64,-20.,0.));
#695 = DIRECTION('',(0.,0.,-1.));
#696 = DIRECTION('',(1.,0.,0.));
#697 = FACE_BOUND('',#698,.T.);
#698 = EDGE_LOOP('',(#699));
#699 = ORIENTED_EDGE('',*,*,#700,.F.);
#700 = EDGE_CURVE('',#701,#701,#703,.T.);
#701 = VERTEX_POINT('',#702);
#702 = CARTESIAN_POINT('',(-2.,40.,0.));
#703 = CIRCLE('',#704,2.);
#704 = AXIS2_PLACEMENT_3D('',#705,#706,#707);
#705 = CARTESIAN_POINT('',(0.,40.,0.));
#706 = DIRECTION('',(0.,0.,-1.));
#707 = DIRECTION('',(1.,0.,0.));
#708 = FACE_BOUND('',#709,.T.);
#709 = EDGE_LOOP('',(#710));
#710 = ORIENTED_EDGE('',*,*,#711,.F.);
#711 = EDGE_CURVE('',#712,#712,#714,.T.);
#712 = VERTEX_POINT('',#713);
#713 = CARTESIAN_POINT('',(32.64,20.,0.));
#714 = CIRCLE('',#715,2.);
#715 = AXIS2_PLACEMENT_3D('',#716,#717,#718);
#716 = CARTESIAN_POINT('',(34.64,20.,0.));
#717 = DIRECTION('',(0.,0.,-1.));
#718 = DIRECTION('',(1.,0.,0.));
#719 = FACE_BOUND('',#720,.T.);
#720 = EDGE_LOOP('',(#721));
#721 = ORIENTED_EDGE('',*,*,#722,.F.);
#722 = EDGE_CURVE('',#723,#723,#725,.T.);
#723 = VERTEX_POINT('',#724);
#724 = CARTESIAN_POINT('',(-2.,-40.,0.));
#725 = CIRCLE('',#726,2.);
#726 = AXIS2_PLACEMENT_3D('',#727,#728,#729);
#727 = CARTESIAN_POINT('',(0.,-40.,0.));
#728 = DIRECTION('',(0.,0.,-1.));
#729 = DIRECTION('',(1.,0.,0.));
#730 = FACE_BOUND('',#731,.T.);
#731 = EDGE_LOOP('',(#732));
#732 = ORIENTED_EDGE('',*,*,#733,.F.);
#733 = EDGE_CURVE('',#734,#734,#736,.T.);
#734 = VERTEX_POINT('',#735);
#735 = CARTESIAN_POINT('',(23.98,-15.,0.));
#736 = CIRCLE('',#737,2.);
#737 = AXIS2_PLACEMENT_3D('',#738,#739,#740);
#738 = CARTESIAN_POINT('',(25.98,-15.,0.));
#739 = DIRECTION('',(0.,0.,-1.));
#740 = DIRECTION('',(1.,0.,0.));
#741 = FACE_BOUND('',#742,.T.);
#742 = EDGE_LOOP('',(#743));
#743 = ORIENTED_EDGE('',*,*,#744,.F.);
#744 = EDGE_CURVE('',#745,#745,#747,.T.);
#745 = VERTEX_POINT('',#746);
#746 = CARTESIAN_POINT('',(-27.98,15.,0.));
#747 = CIRCLE('',#748,2.);
#748 = AXIS2_PLACEMENT_3D('',#749,#750,#751);
#749 = CARTESIAN_POINT('',(-25.98,15.,0.));
#750 = DIRECTION('',(0.,0.,-1.));
#751 = DIRECTION('',(1.,0.,0.));
#752 = FACE_BOUND('',#753,.T.);
#753 = EDGE_LOOP('',(#754));
#754 = ORIENTED_EDGE('',*,*,#755,.F.);
#755 = EDGE_CURVE('',#756,#756,#758,.T.);
#756 = VERTEX_POINT('',#757);
#757 = CARTESIAN_POINT('',(5.,-17.32,0.));
#758 = CIRCLE('',#759,5.);
#759 = AXIS2_PLACEMENT_3D('',#760,#761,#762);
#760 = CARTESIAN_POINT('',(10.,-17.32,0.));
#761 = DIRECTION('',(0.,0.,-1.));
#762 = DIRECTION('',(1.,0.,0.));
#763 = FACE_BOUND('',#764,.T.);
#764 = EDGE_LOOP('',(#765));
#765 = ORIENTED_EDGE('',*,*,#766,.F.);
#766 = EDGE_CURVE('',#767,#767,#769,.T.);
#767 = VERTEX_POINT('',#768);
#768 = CARTESIAN_POINT('',(-36.64,-20.,0.));
#769 = CIRCLE('',#770,2.);
#770 = AXIS2_PLACEMENT_3D('',#771,#772,#773);
#771 = CARTESIAN_POINT('',(-34.64,-20.,0.));
#772 = DIRECTION('',(0.,0.,-1.));
#773 = DIRECTION('',(1.,0.,0.));
#774 = FACE_BOUND('',#775,.T.);
#775 = EDGE_LOOP('',(#776));
#776 = ORIENTED_EDGE('',*,*,#777,.F.);
#777 = EDGE_CURVE('',#778,#778,#780,.T.);
#778 = VERTEX_POINT('',#779);
#779 = CARTESIAN_POINT('',(-2.,-30.,0.));
#780 = CIRCLE('',#781,2.);
#781 = AXIS2_PLACEMENT_3D('',#782,#783,#784);
#782 = CARTESIAN_POINT('',(0.,-30.,0.));
#783 = DIRECTION('',(0.,0.,-1.));
#784 = DIRECTION('',(1.,0.,0.));
#785 = FACE_BOUND('',#786,.T.);
#786 = EDGE_LOOP('',(#787));
#787 = ORIENTED_EDGE('',*,*,#788,.F.);
#788 = EDGE_CURVE('',#789,#789,#791,.T.);
#789 = VERTEX_POINT('',#790);
#790 = CARTESIAN_POINT('',(-27.98,-15.,0.));
#791 = CIRCLE('',#792,2.);
#792 = AXIS2_PLACEMENT_3D('',#793,#794,#795);
#793 = CARTESIAN_POINT('',(-25.98,-15.,0.));
#794 = DIRECTION('',(0.,0.,-1.));
#795 = DIRECTION('',(1.,0.,0.));
#796 = FACE_BOUND('',#797,.T.);
#797 = EDGE_LOOP('',(#798));
#798 = ORIENTED_EDGE('',*,*,#799,.F.);
#799 = EDGE_CURVE('',#800,#800,#802,.T.);
#800 = VERTEX_POINT('',#801);
#801 = CARTESIAN_POINT('',(-36.64,20.,0.));
#802 = CIRCLE('',#803,2.);
#803 = AXIS2_PLACEMENT_3D('',#804,#805,#806);
#804 = CARTESIAN_POINT('',(-34.64,20.,0.));
#805 = DIRECTION('',(0.,0.,-1.));
#806 = DIRECTION('',(1.,0.,0.));
#807 = FACE_BOUND('',#808,.T.);
#808 = EDGE_LOOP('',(#809));
#809 = ORIENTED_EDGE('',*,*,#810,.F.);
#810 = EDGE_CURVE('',#811,#811,#813,.T.);
#811 = VERTEX_POINT('',#812);
#812 = CARTESIAN_POINT('',(-25.,-6.123233995737E-16,0.));
#813 = CIRCLE('',#814,5.);
#814 = AXIS2_PLACEMENT_3D('',#815,#816,#817);
#815 = CARTESIAN_POINT('',(-20.,0.,0.));
#816 = DIRECTION('',(0.,0.,-1.));
#817 = DIRECTION('',(1.,0.,0.));
#818 = FACE_BOUND('',#819,.T.);
#819 = EDGE_LOOP('',(#820));
#820 = ORIENTED_EDGE('',*,*,#821,.F.);
#821 = EDGE_CURVE('',#822,#822,#824,.T.);
#822 = VERTEX_POINT('',#823);
#823 = CARTESIAN_POINT('',(-2.,30.,0.));
#824 = CIRCLE('',#825,2.);
#825 = AXIS2_PLACEMENT_3D('',#826,#827,#828);
#826 = CARTESIAN_POINT('',(0.,30.,0.));
#827 = DIRECTION('',(0.,0.,-1.));
#828 = DIRECTION('',(1.,0.,0.));
#829 = FACE_BOUND('',#830,.T.);
#830 = EDGE_LOOP('',(#831));
#831 = ORIENTED_EDGE('',*,*,#832,.F.);
#832 = EDGE_CURVE('',#833,#833,#835,.T.);
#833 = VERTEX_POINT('',#834);
#834 = CARTESIAN_POINT('',(-5.,-6.123233995737E-16,0.));
#835 = CIRCLE('',#836,5.);
#836 = AXIS2_PLACEMENT_3D('',#837,#838,#839);
#837 = CARTESIAN_POINT('',(0.,0.,0.));
#838 = DIRECTION('',(0.,0.,-1.));
#839 = DIRECTION('',(1.,0.,0.));
#840 = FACE_BOUND('',#841,.T.);
#841 = EDGE_LOOP('',(#842));
#842 = ORIENTED_EDGE('',*,*,#843,.F.);
#843 = EDGE_CURVE('',#844,#844,#846,.T.);
#844 = VERTEX_POINT('',#845);
#845 = CARTESIAN_POINT('',(-15.,17.32,0.));
#846 = CIRCLE('',#847,5.);
#847 = AXIS2_PLACEMENT_3D('',#848,#849,#850);
#848 = CARTESIAN_POINT('',(-10.,17.32,0.));
#849 = DIRECTION('',(0.,0.,-1.));
#850 = DIRECTION('',(1.,0.,0.));
#851 = FACE_BOUND('',#852,.T.);
#852 = EDGE_LOOP('',(#853));
#853 = ORIENTED_EDGE('',*,*,#854,.F.);
#854 = EDGE_CURVE('',#855,#855,#857,.T.);
#855 = VERTEX_POINT('',#856);
#856 = CARTESIAN_POINT('',(-15.,-17.32,0.));
#857 = CIRCLE('',#858,5.);
#858 = AXIS2_PLACEMENT_3D('',#859,#860,#861);
#859 = CARTESIAN_POINT('',(-10.,-17.32,0.));
#860 = DIRECTION('',(0.,0.,-1.));
#861 = DIRECTION('',(1.,0.,0.));
#862 = FACE_BOUND('',#863,.T.);
#863 = EDGE_LOOP('',(#864));
#864 = ORIENTED_EDGE('',*,*,#865,.F.);
#865 = EDGE_CURVE('',#866,#866,#868,.T.);
#866 = VERTEX_POINT('',#867);
#867 = CARTESIAN_POINT('',(23.98,15.,0.));
#868 = CIRCLE('',#869,2.);
#869 = AXIS2_PLACEMENT_3D('',#870,#871,#872);
#870 = CARTESIAN_POINT('',(25.98,15.,0.));
#871 = DIRECTION('',(0.,0.,-1.));
#872 = DIRECTION('',(1.,0.,0.));
#873 = PLANE('',#874);
#874 = AXIS2_PLACEMENT_3D('',#875,#876,#877);
#875 = CARTESIAN_POINT('',(0.,0.,0.));
#876 = DIRECTION('',(0.,0.,1.));
#877 = DIRECTION('',(1.,0.,-0.));
#878 = ADVANCED_FACE('',(#879),#895,.F.);
#879 = FACE_BOUND('',#880,.F.);
#880 = EDGE_LOOP('',(#881,#882,#888,#889));
#881 = ORIENTED_EDGE('',*,*,#212,.F.);
#882 = ORIENTED_EDGE('',*,*,#883,.F.);
#883 = EDGE_CURVE('',#631,#213,#884,.T.);
#884 = LINE('',#885,#886);
#885 = CARTESIAN_POINT('',(-19.06861265204,-42.41035264562,7.5));
#886 = VECTOR('',#887,1.);
#887 = DIRECTION('',(0.,0.,1.));
#888 = ORIENTED_EDGE('',*,*,#639,.F.);
#889 = ORIENTED_EDGE('',*,*,#890,.F.);
#890 = EDGE_CURVE('',#204,#640,#891,.T.);
#891 = LINE('',#892,#893);
#892 = CARTESIAN_POINT('',(-27.19669981116,-37.71723106726,7.5));
#893 = VECTOR('',#894,1.);
#894 = DIRECTION('',(0.,0.,-1.));
#895 = CYLINDRICAL_SURFACE('',#896,4.75);
#896 = AXIS2_PLACEMENT_3D('',#897,#898,#899);
#897 = CARTESIAN_POINT('',(-23.5,-40.7,7.5));
#898 = DIRECTION('',(0.,0.,1.));
#899 = DIRECTION('',(0.500029427677,0.866008413041,-0.));
#900 = ADVANCED_FACE('',(#901),#912,.T.);
#901 = FACE_BOUND('',#902,.T.);
#902 = EDGE_LOOP('',(#903,#904,#905,#911));
#903 = ORIENTED_EDGE('',*,*,#890,.F.);
#904 = ORIENTED_EDGE('',*,*,#203,.F.);
#905 = ORIENTED_EDGE('',*,*,#906,.F.);
#906 = EDGE_CURVE('',#649,#195,#907,.T.);
#907 = LINE('',#908,#909);
#908 = CARTESIAN_POINT('',(-46.26263297872,-4.692418339826,7.5));
#909 = VECTOR('',#910,1.);
#910 = DIRECTION('',(0.,0.,1.));
#911 = ORIENTED_EDGE('',*,*,#648,.T.);
#912 = CYLINDRICAL_SURFACE('',#913,46.5);
#913 = AXIS2_PLACEMENT_3D('',#914,#915,#916);
#914 = CARTESIAN_POINT('',(0.,0.,0.));
#915 = DIRECTION('',(0.,0.,1.));
#916 = DIRECTION('',(1.,0.,-0.));
#917 = ADVANCED_FACE('',(#918),#924,.F.);
#918 = FACE_BOUND('',#919,.F.);
#919 = EDGE_LOOP('',(#920,#921,#922,#923));
#920 = ORIENTED_EDGE('',*,*,#657,.F.);
#921 = ORIENTED_EDGE('',*,*,#509,.F.);
#922 = ORIENTED_EDGE('',*,*,#194,.F.);
#923 = ORIENTED_EDGE('',*,*,#906,.F.);
#924 = CYLINDRICAL_SURFACE('',#925,4.75);
#925 = AXIS2_PLACEMENT_3D('',#926,#927,#928);
#926 = CARTESIAN_POINT('',(-47.,0.,7.5));
#927 = DIRECTION('',(0.,0.,1.));
#928 = DIRECTION('',(1.,7.657137397854E-16,-0.));
#929 = ADVANCED_FACE('',(#930),#941,.T.);
#930 = FACE_BOUND('',#931,.T.);
#931 = EDGE_LOOP('',(#932,#933,#934,#940));
#932 = ORIENTED_EDGE('',*,*,#883,.F.);
#933 = ORIENTED_EDGE('',*,*,#630,.T.);
#934 = ORIENTED_EDGE('',*,*,#935,.T.);
#935 = EDGE_CURVE('',#622,#222,#936,.T.);
#936 = LINE('',#937,#938);
#937 = CARTESIAN_POINT('',(19.068612652046,-42.41035264562,7.5));
#938 = VECTOR('',#939,1.);
#939 = DIRECTION('',(0.,0.,1.));
#940 = ORIENTED_EDGE('',*,*,#221,.F.);
#941 = CYLINDRICAL_SURFACE('',#942,46.5);
#942 = AXIS2_PLACEMENT_3D('',#943,#944,#945);
#943 = CARTESIAN_POINT('',(0.,0.,0.));
#944 = DIRECTION('',(0.,0.,1.));
#945 = DIRECTION('',(1.,0.,-0.));
#946 = ADVANCED_FACE('',(#947),#958,.F.);
#947 = FACE_BOUND('',#948,.F.);
#948 = EDGE_LOOP('',(#949,#950,#951,#952));
#949 = ORIENTED_EDGE('',*,*,#621,.T.);
#950 = ORIENTED_EDGE('',*,*,#935,.T.);
#951 = ORIENTED_EDGE('',*,*,#230,.T.);
#952 = ORIENTED_EDGE('',*,*,#953,.T.);
#953 = EDGE_CURVE('',#231,#613,#954,.T.);
#954 = LINE('',#955,#956);
#955 = CARTESIAN_POINT('',(27.196699811168,-37.71723106726,7.5));
#956 = VECTOR('',#957,1.);
#957 = DIRECTION('',(0.,0.,-1.));
#958 = CYLINDRICAL_SURFACE('',#959,4.75);
#959 = AXIS2_PLACEMENT_3D('',#960,#961,#962);
#960 = CARTESIAN_POINT('',(23.5,-40.7,7.5));
#961 = DIRECTION('',(0.,0.,-1.));
#962 = DIRECTION('',(-0.500029427677,0.866008413041,0.));
#963 = ADVANCED_FACE('',(#964),#975,.F.);
#964 = FACE_BOUND('',#965,.F.);
#965 = EDGE_LOOP('',(#966,#967,#968,#969));
#966 = ORIENTED_EDGE('',*,*,#248,.T.);
#967 = ORIENTED_EDGE('',*,*,#558,.T.);
#968 = ORIENTED_EDGE('',*,*,#603,.T.);
#969 = ORIENTED_EDGE('',*,*,#970,.T.);
#970 = EDGE_CURVE('',#604,#240,#971,.T.);
#971 = LINE('',#972,#973);
#972 = CARTESIAN_POINT('',(46.262632978723,-4.692418339826,7.5));
#973 = VECTOR('',#974,1.);
#974 = DIRECTION('',(0.,0.,1.));
#975 = CYLINDRICAL_SURFACE('',#976,4.75);
#976 = AXIS2_PLACEMENT_3D('',#977,#978,#979);
#977 = CARTESIAN_POINT('',(47.,0.,7.5));
#978 = DIRECTION('',(0.,0.,-1.));
#979 = DIRECTION('',(-1.,7.657137397854E-16,0.));
#980 = ADVANCED_FACE('',(#981),#987,.T.);
#981 = FACE_BOUND('',#982,.T.);
#982 = EDGE_LOOP('',(#983,#984,#985,#986));
#983 = ORIENTED_EDGE('',*,*,#953,.T.);
#984 = ORIENTED_EDGE('',*,*,#612,.T.);
#985 = ORIENTED_EDGE('',*,*,#970,.T.);
#986 = ORIENTED_EDGE('',*,*,#239,.F.);
#987 = CYLINDRICAL_SURFACE('',#988,46.5);
#988 = AXIS2_PLACEMENT_3D('',#989,#990,#991);
#989 = CARTESIAN_POINT('',(0.,0.,0.));
#990 = DIRECTION('',(0.,0.,1.));
#991 = DIRECTION('',(1.,0.,-0.));
#992 = ADVANCED_FACE('',(#993),#1004,.F.);
#993 = FACE_BOUND('',#994,.F.);
#994 = EDGE_LOOP('',(#995,#1001,#1002,#1003));
#995 = ORIENTED_EDGE('',*,*,#996,.T.);
#996 = EDGE_CURVE('',#285,#668,#997,.T.);
#997 = LINE('',#998,#999);
#998 = CARTESIAN_POINT('',(5.,17.32,0.));
#999 = VECTOR('',#1000,1.);
#1000 = DIRECTION('',(0.,0.,-1.));
#1001 = ORIENTED_EDGE('',*,*,#667,.F.);
#1002 = ORIENTED_EDGE('',*,*,#996,.F.);
#1003 = ORIENTED_EDGE('',*,*,#284,.T.);
#1004 = CYLINDRICAL_SURFACE('',#1005,5.);
#1005 = AXIS2_PLACEMENT_3D('',#1006,#1007,#1008);
#1006 = CARTESIAN_POINT('',(10.,17.32,0.));
#1007 = DIRECTION('',(0.,0.,1.));
#1008 = DIRECTION('',(1.,0.,-0.));
#1009 = ADVANCED_FACE('',(#1010),#1021,.F.);
#1010 = FACE_BOUND('',#1011,.F.);
#1011 = EDGE_LOOP('',(#1012,#1018,#1019,#1020));
#1012 = ORIENTED_EDGE('',*,*,#1013,.T.);
#1013 = EDGE_CURVE('',#296,#679,#1014,.T.);
#1014 = LINE('',#1015,#1016);
#1015 = CARTESIAN_POINT('',(15.,-6.123233995737E-16,0.));
#1016 = VECTOR('',#1017,1.);
#1017 = DIRECTION('',(0.,0.,-1.));
#1018 = ORIENTED_EDGE('',*,*,#678,.F.);
#1019 = ORIENTED_EDGE('',*,*,#1013,.F.);
#1020 = ORIENTED_EDGE('',*,*,#295,.T.);
#1021 = CYLINDRICAL_SURFACE('',#1022,5.);
#1022 = AXIS2_PLACEMENT_3D('',#1023,#1024,#1025);
#1023 = CARTESIAN_POINT('',(20.,0.,0.));
#1024 = DIRECTION('',(0.,0.,1.));
#1025 = DIRECTION('',(1.,0.,-0.));
#1026 = ADVANCED_FACE('',(#1027),#1038,.F.);
#1027 = FACE_BOUND('',#1028,.F.);
#1028 = EDGE_LOOP('',(#1029,#1035,#1036,#1037));
#1029 = ORIENTED_EDGE('',*,*,#1030,.T.);
#1030 = EDGE_CURVE('',#307,#690,#1031,.T.);
#1031 = LINE('',#1032,#1033);
#1032 = CARTESIAN_POINT('',(32.64,-20.,0.));
#1033 = VECTOR('',#1034,1.);
#1034 = DIRECTION('',(0.,0.,-1.));
#1035 = ORIENTED_EDGE('',*,*,#689,.F.);
#1036 = ORIENTED_EDGE('',*,*,#1030,.F.);
#1037 = ORIENTED_EDGE('',*,*,#306,.T.);
#1038 = CYLINDRICAL_SURFACE('',#1039,2.);
#1039 = AXIS2_PLACEMENT_3D('',#1040,#1041,#1042);
#1040 = CARTESIAN_POINT('',(34.64,-20.,0.));
#1041 = DIRECTION('',(0.,0.,1.));
#1042 = DIRECTION('',(1.,0.,-0.));
#1043 = ADVANCED_FACE('',(#1044),#1055,.F.);
#1044 = FACE_BOUND('',#1045,.F.);
#1045 = EDGE_LOOP('',(#1046,#1052,#1053,#1054));
#1046 = ORIENTED_EDGE('',*,*,#1047,.T.);
#1047 = EDGE_CURVE('',#318,#701,#1048,.T.);
#1048 = LINE('',#1049,#1050);
#1049 = CARTESIAN_POINT('',(-2.,40.,0.));
#1050 = VECTOR('',#1051,1.);
#1051 = DIRECTION('',(0.,0.,-1.));
#1052 = ORIENTED_EDGE('',*,*,#700,.F.);
#1053 = ORIENTED_EDGE('',*,*,#1047,.F.);
#1054 = ORIENTED_EDGE('',*,*,#317,.T.);
#1055 = CYLINDRICAL_SURFACE('',#1056,2.);
#1056 = AXIS2_PLACEMENT_3D('',#1057,#1058,#1059);
#1057 = CARTESIAN_POINT('',(0.,40.,0.));
#1058 = DIRECTION('',(0.,0.,1.));
#1059 = DIRECTION('',(1.,0.,-0.));
#1060 = ADVANCED_FACE('',(#1061),#1072,.F.);
#1061 = FACE_BOUND('',#1062,.F.);
#1062 = EDGE_LOOP('',(#1063,#1069,#1070,#1071));
#1063 = ORIENTED_EDGE('',*,*,#1064,.T.);
#1064 = EDGE_CURVE('',#329,#712,#1065,.T.);
#1065 = LINE('',#1066,#1067);
#1066 = CARTESIAN_POINT('',(32.64,20.,0.));
#1067 = VECTOR('',#1068,1.);
#1068 = DIRECTION('',(0.,0.,-1.));
#1069 = ORIENTED_EDGE('',*,*,#711,.F.);
#1070 = ORIENTED_EDGE('',*,*,#1064,.F.);
#1071 = ORIENTED_EDGE('',*,*,#328,.T.);
#1072 = CYLINDRICAL_SURFACE('',#1073,2.);
#1073 = AXIS2_PLACEMENT_3D('',#1074,#1075,#1076);
#1074 = CARTESIAN_POINT('',(34.64,20.,0.));
#1075 = DIRECTION('',(0.,0.,1.));
#1076 = DIRECTION('',(1.,0.,-0.));
#1077 = ADVANCED_FACE('',(#1078),#1089,.F.);
#1078 = FACE_BOUND('',#1079,.F.);
#1079 = EDGE_LOOP('',(#1080,#1086,#1087,#1088));
#1080 = ORIENTED_EDGE('',*,*,#1081,.T.);
#1081 = EDGE_CURVE('',#340,#723,#1082,.T.);
#1082 = LINE('',#1083,#1084);
#1083 = CARTESIAN_POINT('',(-2.,-40.,0.));
#1084 = VECTOR('',#1085,1.);
#1085 = DIRECTION('',(0.,0.,-1.));
#1086 = ORIENTED_EDGE('',*,*,#722,.F.);
#1087 = ORIENTED_EDGE('',*,*,#1081,.F.);
#1088 = ORIENTED_EDGE('',*,*,#339,.T.);
#1089 = CYLINDRICAL_SURFACE('',#1090,2.);
#1090 = AXIS2_PLACEMENT_3D('',#1091,#1092,#1093);
#1091 = CARTESIAN_POINT('',(0.,-40.,0.));
#1092 = DIRECTION('',(0.,0.,1.));
#1093 = DIRECTION('',(1.,0.,-0.));
#1094 = ADVANCED_FACE('',(#1095),#1106,.F.);
#1095 = FACE_BOUND('',#1096,.F.);
#1096 = EDGE_LOOP('',(#1097,#1103,#1104,#1105));
#1097 = ORIENTED_EDGE('',*,*,#1098,.T.);
#1098 = EDGE_CURVE('',#351,#734,#1099,.T.);
#1099 = LINE('',#1100,#1101);
#1100 = CARTESIAN_POINT('',(23.98,-15.,0.));
#1101 = VECTOR('',#1102,1.);
#1102 = DIRECTION('',(0.,0.,-1.));
#1103 = ORIENTED_EDGE('',*,*,#733,.F.);
#1104 = ORIENTED_EDGE('',*,*,#1098,.F.);
#1105 = ORIENTED_EDGE('',*,*,#350,.T.);
#1106 = CYLINDRICAL_SURFACE('',#1107,2.);
#1107 = AXIS2_PLACEMENT_3D('',#1108,#1109,#1110);
#1108 = CARTESIAN_POINT('',(25.98,-15.,0.));
#1109 = DIRECTION('',(0.,0.,1.));
#1110 = DIRECTION('',(1.,0.,-0.));
#1111 = ADVANCED_FACE('',(#1112),#1123,.F.);
#1112 = FACE_BOUND('',#1113,.F.);
#1113 = EDGE_LOOP('',(#1114,#1120,#1121,#1122));
#1114 = ORIENTED_EDGE('',*,*,#1115,.T.);
#1115 = EDGE_CURVE('',#362,#745,#1116,.T.);
#1116 = LINE('',#1117,#1118);
#1117 = CARTESIAN_POINT('',(-27.98,15.,0.));
#1118 = VECTOR('',#1119,1.);
#1119 = DIRECTION('',(0.,0.,-1.));
#1120 = ORIENTED_EDGE('',*,*,#744,.F.);
#1121 = ORIENTED_EDGE('',*,*,#1115,.F.);
#1122 = ORIENTED_EDGE('',*,*,#361,.T.);
#1123 = CYLINDRICAL_SURFACE('',#1124,2.);
#1124 = AXIS2_PLACEMENT_3D('',#1125,#1126,#1127);
#1125 = CARTESIAN_POINT('',(-25.98,15.,0.));
#1126 = DIRECTION('',(0.,0.,1.));
#1127 = DIRECTION('',(1.,0.,-0.));
#1128 = ADVANCED_FACE('',(#1129),#1140,.F.);
#1129 = FACE_BOUND('',#1130,.F.);
#1130 = EDGE_LOOP('',(#1131,#1137,#1138,#1139));
#1131 = ORIENTED_EDGE('',*,*,#1132,.T.);
#1132 = EDGE_CURVE('',#373,#756,#1133,.T.);
#1133 = LINE('',#1134,#1135);
#1134 = CARTESIAN_POINT('',(5.,-17.32,0.));
#1135 = VECTOR('',#1136,1.);
#1136 = DIRECTION('',(0.,0.,-1.));
#1137 = ORIENTED_EDGE('',*,*,#755,.F.);
#1138 = ORIENTED_EDGE('',*,*,#1132,.F.);
#1139 = ORIENTED_EDGE('',*,*,#372,.T.);
#1140 = CYLINDRICAL_SURFACE('',#1141,5.);
#1141 = AXIS2_PLACEMENT_3D('',#1142,#1143,#1144);
#1142 = CARTESIAN_POINT('',(10.,-17.32,0.));
#1143 = DIRECTION('',(0.,0.,1.));
#1144 = DIRECTION('',(1.,0.,-0.));
#1145 = ADVANCED_FACE('',(#1146),#1157,.F.);
#1146 = FACE_BOUND('',#1147,.F.);
#1147 = EDGE_LOOP('',(#1148,#1154,#1155,#1156));
#1148 = ORIENTED_EDGE('',*,*,#1149,.T.);
#1149 = EDGE_CURVE('',#384,#767,#1150,.T.);
#1150 = LINE('',#1151,#1152);
#1151 = CARTESIAN_POINT('',(-36.64,-20.,0.));
#1152 = VECTOR('',#1153,1.);
#1153 = DIRECTION('',(0.,0.,-1.));
#1154 = ORIENTED_EDGE('',*,*,#766,.F.);
#1155 = ORIENTED_EDGE('',*,*,#1149,.F.);
#1156 = ORIENTED_EDGE('',*,*,#383,.T.);
#1157 = CYLINDRICAL_SURFACE('',#1158,2.);
#1158 = AXIS2_PLACEMENT_3D('',#1159,#1160,#1161);
#1159 = CARTESIAN_POINT('',(-34.64,-20.,0.));
#1160 = DIRECTION('',(0.,0.,1.));
#1161 = DIRECTION('',(1.,0.,-0.));
#1162 = ADVANCED_FACE('',(#1163),#1174,.F.);
#1163 = FACE_BOUND('',#1164,.F.);
#1164 = EDGE_LOOP('',(#1165,#1171,#1172,#1173));
#1165 = ORIENTED_EDGE('',*,*,#1166,.T.);
#1166 = EDGE_CURVE('',#395,#778,#1167,.T.);
#1167 = LINE('',#1168,#1169);
#1168 = CARTESIAN_POINT('',(-2.,-30.,0.));
#1169 = VECTOR('',#1170,1.);
#1170 = DIRECTION('',(0.,0.,-1.));
#1171 = ORIENTED_EDGE('',*,*,#777,.F.);
#1172 = ORIENTED_EDGE('',*,*,#1166,.F.);
#1173 = ORIENTED_EDGE('',*,*,#394,.T.);
#1174 = CYLINDRICAL_SURFACE('',#1175,2.);
#1175 = AXIS2_PLACEMENT_3D('',#1176,#1177,#1178);
#1176 = CARTESIAN_POINT('',(0.,-30.,0.));
#1177 = DIRECTION('',(0.,0.,1.));
#1178 = DIRECTION('',(1.,0.,-0.));
#1179 = ADVANCED_FACE('',(#1180),#1191,.F.);
#1180 = FACE_BOUND('',#1181,.F.);
#1181 = EDGE_LOOP('',(#1182,#1188,#1189,#1190));
#1182 = ORIENTED_EDGE('',*,*,#1183,.T.);
#1183 = EDGE_CURVE('',#406,#789,#1184,.T.);
#1184 = LINE('',#1185,#1186);
#1185 = CARTESIAN_POINT('',(-27.98,-15.,0.));
#1186 = VECTOR('',#1187,1.);
#1187 = DIRECTION('',(0.,0.,-1.));
#1188 = ORIENTED_EDGE('',*,*,#788,.F.);
#1189 = ORIENTED_EDGE('',*,*,#1183,.F.);
#1190 = ORIENTED_EDGE('',*,*,#405,.T.);
#1191 = CYLINDRICAL_SURFACE('',#1192,2.);
#1192 = AXIS2_PLACEMENT_3D('',#1193,#1194,#1195);
#1193 = CARTESIAN_POINT('',(-25.98,-15.,0.));
#1194 = DIRECTION('',(0.,0.,1.));
#1195 = DIRECTION('',(1.,0.,-0.));
#1196 = ADVANCED_FACE('',(#1197),#1208,.F.);
#1197 = FACE_BOUND('',#1198,.F.);
#1198 = EDGE_LOOP('',(#1199,#1205,#1206,#1207));
#1199 = ORIENTED_EDGE('',*,*,#1200,.T.);
#1200 = EDGE_CURVE('',#417,#800,#1201,.T.);
#1201 = LINE('',#1202,#1203);
#1202 = CARTESIAN_POINT('',(-36.64,20.,0.));
#1203 = VECTOR('',#1204,1.);
#1204 = DIRECTION('',(0.,0.,-1.));
#1205 = ORIENTED_EDGE('',*,*,#799,.F.);
#1206 = ORIENTED_EDGE('',*,*,#1200,.F.);
#1207 = ORIENTED_EDGE('',*,*,#416,.T.);
#1208 = CYLINDRICAL_SURFACE('',#1209,2.);
#1209 = AXIS2_PLACEMENT_3D('',#1210,#1211,#1212);
#1210 = CARTESIAN_POINT('',(-34.64,20.,0.));
#1211 = DIRECTION('',(0.,0.,1.));
#1212 = DIRECTION('',(1.,0.,-0.));
#1213 = ADVANCED_FACE('',(#1214),#1225,.F.);
#1214 = FACE_BOUND('',#1215,.F.);
#1215 = EDGE_LOOP('',(#1216,#1222,#1223,#1224));
#1216 = ORIENTED_EDGE('',*,*,#1217,.T.);
#1217 = EDGE_CURVE('',#428,#811,#1218,.T.);
#1218 = LINE('',#1219,#1220);
#1219 = CARTESIAN_POINT('',(-25.,-6.123233995737E-16,0.));
#1220 = VECTOR('',#1221,1.);
#1221 = DIRECTION('',(0.,0.,-1.));
#1222 = ORIENTED_EDGE('',*,*,#810,.F.);
#1223 = ORIENTED_EDGE('',*,*,#1217,.F.);
#1224 = ORIENTED_EDGE('',*,*,#427,.T.);
#1225 = CYLINDRICAL_SURFACE('',#1226,5.);
#1226 = AXIS2_PLACEMENT_3D('',#1227,#1228,#1229);
#1227 = CARTESIAN_POINT('',(-20.,0.,0.));
#1228 = DIRECTION('',(0.,0.,1.));
#1229 = DIRECTION('',(1.,0.,-0.));
#1230 = ADVANCED_FACE('',(#1231),#1242,.F.);
#1231 = FACE_BOUND('',#1232,.F.);
#1232 = EDGE_LOOP('',(#1233,#1239,#1240,#1241));
#1233 = ORIENTED_EDGE('',*,*,#1234,.T.);
#1234 = EDGE_CURVE('',#439,#822,#1235,.T.);
#1235 = LINE('',#1236,#1237);
#1236 = CARTESIAN_POINT('',(-2.,30.,0.));
#1237 = VECTOR('',#1238,1.);
#1238 = DIRECTION('',(0.,0.,-1.));
#1239 = ORIENTED_EDGE('',*,*,#821,.F.);
#1240 = ORIENTED_EDGE('',*,*,#1234,.F.);
#1241 = ORIENTED_EDGE('',*,*,#438,.T.);
#1242 = CYLINDRICAL_SURFACE('',#1243,2.);
#1243 = AXIS2_PLACEMENT_3D('',#1244,#1245,#1246);
#1244 = CARTESIAN_POINT('',(0.,30.,0.));
#1245 = DIRECTION('',(0.,0.,1.));
#1246 = DIRECTION('',(1.,0.,-0.));
#1247 = ADVANCED_FACE('',(#1248),#1259,.F.);
#1248 = FACE_BOUND('',#1249,.F.);
#1249 = EDGE_LOOP('',(#1250,#1256,#1257,#1258));
#1250 = ORIENTED_EDGE('',*,*,#1251,.T.);
#1251 = EDGE_CURVE('',#450,#833,#1252,.T.);
#1252 = LINE('',#1253,#1254);
#1253 = CARTESIAN_POINT('',(-5.,-6.123233995737E-16,0.));
#1254 = VECTOR('',#1255,1.);
#1255 = DIRECTION('',(0.,0.,-1.));
#1256 = ORIENTED_EDGE('',*,*,#832,.F.);
#1257 = ORIENTED_EDGE('',*,*,#1251,.F.);
#1258 = ORIENTED_EDGE('',*,*,#449,.T.);
#1259 = CYLINDRICAL_SURFACE('',#1260,5.);
#1260 = AXIS2_PLACEMENT_3D('',#1261,#1262,#1263);
#1261 = CARTESIAN_POINT('',(0.,0.,0.));
#1262 = DIRECTION('',(0.,0.,1.));
#1263 = DIRECTION('',(1.,0.,-0.));
#1264 = ADVANCED_FACE('',(#1265),#1276,.F.);
#1265 = FACE_BOUND('',#1266,.F.);
#1266 = EDGE_LOOP('',(#1267,#1273,#1274,#1275));
#1267 = ORIENTED_EDGE('',*,*,#1268,.T.);
#1268 = EDGE_CURVE('',#461,#844,#1269,.T.);
#1269 = LINE('',#1270,#1271);
#1270 = CARTESIAN_POINT('',(-15.,17.32,0.));
#1271 = VECTOR('',#1272,1.);
#1272 = DIRECTION('',(0.,0.,-1.));
#1273 = ORIENTED_EDGE('',*,*,#843,.F.);
#1274 = ORIENTED_EDGE('',*,*,#1268,.F.);
#1275 = ORIENTED_EDGE('',*,*,#460,.T.);
#1276 = CYLINDRICAL_SURFACE('',#1277,5.);
#1277 = AXIS2_PLACEMENT_3D('',#1278,#1279,#1280);
#1278 = CARTESIAN_POINT('',(-10.,17.32,0.));
#1279 = DIRECTION('',(0.,0.,1.));
#1280 = DIRECTION('',(1.,0.,-0.));
#1281 = ADVANCED_FACE('',(#1282),#1293,.F.);
#1282 = FACE_BOUND('',#1283,.F.);
#1283 = EDGE_LOOP('',(#1284,#1290,#1291,#1292));
#1284 = ORIENTED_EDGE('',*,*,#1285,.T.);
#1285 = EDGE_CURVE('',#472,#855,#1286,.T.);
#1286 = LINE('',#1287,#1288);
#1287 = CARTESIAN_POINT('',(-15.,-17.32,0.));
#1288 = VECTOR('',#1289,1.);
#1289 = DIRECTION('',(0.,0.,-1.));
#1290 = ORIENTED_EDGE('',*,*,#854,.F.);
#1291 = ORIENTED_EDGE('',*,*,#1285,.F.);
#1292 = ORIENTED_EDGE('',*,*,#471,.T.);
#1293 = CYLINDRICAL_SURFACE('',#1294,5.);
#1294 = AXIS2_PLACEMENT_3D('',#1295,#1296,#1297);
#1295 = CARTESIAN_POINT('',(-10.,-17.32,0.));
#1296 = DIRECTION('',(0.,0.,1.));
#1297 = DIRECTION('',(1.,0.,-0.));
#1298 = ADVANCED_FACE('',(#1299),#1310,.F.);
#1299 = FACE_BOUND('',#1300,.F.);
#1300 = EDGE_LOOP('',(#1301,#1307,#1308,#1309));
#1301 = ORIENTED_EDGE('',*,*,#1302,.T.);
#1302 = EDGE_CURVE('',#483,#866,#1303,.T.);
#1303 = LINE('',#1304,#1305);
#1304 = CARTESIAN_POINT('',(23.98,15.,0.));
#1305 = VECTOR('',#1306,1.);
#1306 = DIRECTION('',(0.,0.,-1.));
#1307 = ORIENTED_EDGE('',*,*,#865,.F.);
#1308 = ORIENTED_EDGE('',*,*,#1302,.F.);
#1309 = ORIENTED_EDGE('',*,*,#482,.T.);
#1310 = CYLINDRICAL_SURFACE('',#1311,2.);
#1311 = AXIS2_PLACEMENT_3D('',#1312,#1313,#1314);
#1312 = CARTESIAN_POINT('',(25.98,15.,0.));
#1313 = DIRECTION('',(0.,0.,1.));
#1314 = DIRECTION('',(1.,0.,-0.));
#1315 = ( GEOMETRIC_REPRESENTATION_CONTEXT(3) 
GLOBAL_UNCERTAINTY_ASSIGNED_CONTEXT((#1319)) 
GLOBAL_UNIT_ASSIGNED_CONTEXT((#1316,#1317,#1318)) REPRESENTATION_CONTEXT
('Context #1','3D Context with UNIT and UNCERTAINTY') );
#1316 = ( LENGTH_UNIT() NAMED_UNIT(*) SI_UNIT(.MILLI.,.METRE.) );
#1317 = ( NAMED_UNIT(*) PLANE_ANGLE_UNIT() SI_UNIT($,.RADIAN.) );
#1318 = ( NAMED_UNIT(*) SI_UNIT($,.STERADIAN.) SOLID_ANGLE_UNIT() );
#1319 = UNCERTAINTY_MEASURE_WITH_UNIT(LENGTH_MEASURE(1.E-07),#1316,
  'distance_accuracy_value','confusion accuracy');
#1320 = CONTEXT_DEPENDENT_SHAPE_REPRESENTATION(#1321,#1323);
#1321 = ( REPRESENTATION_RELATIONSHIP('','',#135,#56) 
REPRESENTATION_RELATIONSHIP_WITH_TRANSFORMATION(#1322) 
SHAPE_REPRESENTATION_RELATIONSHIP() );
#1322 = ITEM_DEFINED_TRANSFORMATION('','',#11,#57);
#1323 = PRODUCT_DEFINITION_SHAPE('Placement','Placement of an item',
  #1324);
#1324 = NEXT_ASSEMBLY_USAGE_OCCURRENCE('1','cavity_casette','',#51,#130,
  $);
#1325 = PRODUCT_RELATED_PRODUCT_CATEGORY('part',$,(#132));
#1326 = SHAPE_DEFINITION_REPRESENTATION(#1327,#1333);
#1327 = PRODUCT_DEFINITION_SHAPE('','',#1328);
#1328 = PRODUCT_DEFINITION('design','',#1329,#1332);
#1329 = PRODUCT_DEFINITION_FORMATION('','',#1330);
#1330 = PRODUCT('cover_casette','cover_casette','',(#1331));
#1331 = PRODUCT_CONTEXT('',#2,'mechanical');
#1332 = PRODUCT_DEFINITION_CONTEXT('part definition',#2,'design');
#1333 = ADVANCED_BREP_SHAPE_REPRESENTATION('',(#11,#1334),#1943);
#1334 = MANIFOLD_SOLID_BREP('',#1335);
#1335 = CLOSED_SHELL('',(#1336,#1370,#1379,#1531,#1557,#1566,#1592,#1601
    ,#1627,#1636,#1662,#1671,#1697,#1706,#1732,#1741,#1824,#1841,#1858,
    #1875,#1892,#1909,#1926));
#1336 = ADVANCED_FACE('',(#1337),#1365,.F.);
#1337 = FACE_BOUND('',#1338,.F.);
#1338 = EDGE_LOOP('',(#1339,#1350,#1357,#1358));
#1339 = ORIENTED_EDGE('',*,*,#1340,.T.);
#1340 = EDGE_CURVE('',#1341,#1343,#1345,.T.);
#1341 = VERTEX_POINT('',#1342);
#1342 = CARTESIAN_POINT('',(4.,-17.32,0.));
#1343 = VERTEX_POINT('',#1344);
#1344 = CARTESIAN_POINT('',(2.,-17.32,0.));
#1345 = CIRCLE('',#1346,1.);
#1346 = AXIS2_PLACEMENT_3D('',#1347,#1348,#1349);
#1347 = CARTESIAN_POINT('',(3.,-17.32,0.));
#1348 = DIRECTION('',(0.,-1.,0.));
#1349 = DIRECTION('',(-1.,0.,0.));
#1350 = ORIENTED_EDGE('',*,*,#1351,.F.);
#1351 = EDGE_CURVE('',#1343,#1343,#1352,.T.);
#1352 = CIRCLE('',#1353,8.);
#1353 = AXIS2_PLACEMENT_3D('',#1354,#1355,#1356);
#1354 = CARTESIAN_POINT('',(10.,-17.32,0.));
#1355 = DIRECTION('',(0.,0.,-1.));
#1356 = DIRECTION('',(-1.,0.,0.));
#1357 = ORIENTED_EDGE('',*,*,#1340,.F.);
#1358 = ORIENTED_EDGE('',*,*,#1359,.F.);
#1359 = EDGE_CURVE('',#1341,#1341,#1360,.T.);
#1360 = CIRCLE('',#1361,6.);
#1361 = AXIS2_PLACEMENT_3D('',#1362,#1363,#1364);
#1362 = CARTESIAN_POINT('',(10.,-17.32,0.));
#1363 = DIRECTION('',(0.,0.,1.));
#1364 = DIRECTION('',(-1.,0.,0.));
#1365 = TOROIDAL_SURFACE('',#1366,7.,1.);
#1366 = AXIS2_PLACEMENT_3D('',#1367,#1368,#1369);
#1367 = CARTESIAN_POINT('',(10.,-17.32,0.));
#1368 = DIRECTION('',(0.,0.,-1.));
#1369 = DIRECTION('',(1.,0.,0.));
#1370 = ADVANCED_FACE('',(#1371),#1374,.F.);
#1371 = FACE_BOUND('',#1372,.T.);
#1372 = EDGE_LOOP('',(#1373));
#1373 = ORIENTED_EDGE('',*,*,#1359,.F.);
#1374 = PLANE('',#1375);
#1375 = AXIS2_PLACEMENT_3D('',#1376,#1377,#1378);
#1376 = CARTESIAN_POINT('',(0.,0.,0.));
#1377 = DIRECTION('',(0.,0.,1.));
#1378 = DIRECTION('',(1.,0.,-0.));
#1379 = ADVANCED_FACE('',(#1380,#1391,#1402,#1413,#1424,#1435,#1446,
    #1457,#1468,#1479,#1490,#1501,#1512,#1523),#1526,.F.);
#1380 = FACE_BOUND('',#1381,.T.);
#1381 = EDGE_LOOP('',(#1382));
#1382 = ORIENTED_EDGE('',*,*,#1383,.F.);
#1383 = EDGE_CURVE('',#1384,#1384,#1386,.T.);
#1384 = VERTEX_POINT('',#1385);
#1385 = CARTESIAN_POINT('',(-34.5,-4.225031457058E-15,0.));
#1386 = CIRCLE('',#1387,34.5);
#1387 = AXIS2_PLACEMENT_3D('',#1388,#1389,#1390);
#1388 = CARTESIAN_POINT('',(0.,0.,0.));
#1389 = DIRECTION('',(0.,0.,1.));
#1390 = DIRECTION('',(1.,0.,-0.));
#1391 = FACE_BOUND('',#1392,.T.);
#1392 = EDGE_LOOP('',(#1393));
#1393 = ORIENTED_EDGE('',*,*,#1394,.F.);
#1394 = EDGE_CURVE('',#1395,#1395,#1397,.T.);
#1395 = VERTEX_POINT('',#1396);
#1396 = CARTESIAN_POINT('',(-2.,-17.32,0.));
#1397 = CIRCLE('',#1398,8.);
#1398 = AXIS2_PLACEMENT_3D('',#1399,#1400,#1401);
#1399 = CARTESIAN_POINT('',(-10.,-17.32,0.));
#1400 = DIRECTION('',(0.,0.,-1.));
#1401 = DIRECTION('',(-1.,0.,0.));
#1402 = FACE_BOUND('',#1403,.T.);
#1403 = EDGE_LOOP('',(#1404));
#1404 = ORIENTED_EDGE('',*,*,#1405,.T.);
#1405 = EDGE_CURVE('',#1406,#1406,#1408,.T.);
#1406 = VERTEX_POINT('',#1407);
#1407 = CARTESIAN_POINT('',(-2.,17.32,0.));
#1408 = CIRCLE('',#1409,8.);
#1409 = AXIS2_PLACEMENT_3D('',#1410,#1411,#1412);
#1410 = CARTESIAN_POINT('',(-10.,17.32,0.));
#1411 = DIRECTION('',(0.,0.,1.));
#1412 = DIRECTION('',(-1.,0.,0.));
#1413 = FACE_BOUND('',#1414,.T.);
#1414 = EDGE_LOOP('',(#1415));
#1415 = ORIENTED_EDGE('',*,*,#1416,.T.);
#1416 = EDGE_CURVE('',#1417,#1417,#1419,.T.);
#1417 = VERTEX_POINT('',#1418);
#1418 = CARTESIAN_POINT('',(-28.00000080466,-9.797175013633E-16,0.));
#1419 = CIRCLE('',#1420,8.000000506639);
#1420 = AXIS2_PLACEMENT_3D('',#1421,#1422,#1423);
#1421 = CARTESIAN_POINT('',(-20.00000029802,0.,0.));
#1422 = DIRECTION('',(0.,0.,1.));
#1423 = DIRECTION('',(1.,0.,-0.));
#1424 = FACE_BOUND('',#1425,.T.);
#1425 = EDGE_LOOP('',(#1426));
#1426 = ORIENTED_EDGE('',*,*,#1427,.F.);
#1427 = EDGE_CURVE('',#1428,#1428,#1430,.T.);
#1428 = VERTEX_POINT('',#1429);
#1429 = CARTESIAN_POINT('',(23.98,15.,0.));
#1430 = CIRCLE('',#1431,2.);
#1431 = AXIS2_PLACEMENT_3D('',#1432,#1433,#1434);
#1432 = CARTESIAN_POINT('',(25.98,15.,0.));
#1433 = DIRECTION('',(0.,0.,-1.));
#1434 = DIRECTION('',(1.,0.,0.));
#1435 = FACE_BOUND('',#1436,.T.);
#1436 = EDGE_LOOP('',(#1437));
#1437 = ORIENTED_EDGE('',*,*,#1438,.F.);
#1438 = EDGE_CURVE('',#1439,#1439,#1441,.T.);
#1439 = VERTEX_POINT('',#1440);
#1440 = CARTESIAN_POINT('',(23.98,-15.,0.));
#1441 = CIRCLE('',#1442,2.);
#1442 = AXIS2_PLACEMENT_3D('',#1443,#1444,#1445);
#1443 = CARTESIAN_POINT('',(25.98,-15.,0.));
#1444 = DIRECTION('',(0.,0.,-1.));
#1445 = DIRECTION('',(1.,0.,0.));
#1446 = FACE_BOUND('',#1447,.T.);
#1447 = EDGE_LOOP('',(#1448));
#1448 = ORIENTED_EDGE('',*,*,#1449,.F.);
#1449 = EDGE_CURVE('',#1450,#1450,#1452,.T.);
#1450 = VERTEX_POINT('',#1451);
#1451 = CARTESIAN_POINT('',(-2.,-30.,0.));
#1452 = CIRCLE('',#1453,2.);
#1453 = AXIS2_PLACEMENT_3D('',#1454,#1455,#1456);
#1454 = CARTESIAN_POINT('',(0.,-30.,0.));
#1455 = DIRECTION('',(0.,0.,-1.));
#1456 = DIRECTION('',(1.,0.,0.));
#1457 = FACE_BOUND('',#1458,.T.);
#1458 = EDGE_LOOP('',(#1459));
#1459 = ORIENTED_EDGE('',*,*,#1460,.F.);
#1460 = EDGE_CURVE('',#1461,#1461,#1463,.T.);
#1461 = VERTEX_POINT('',#1462);
#1462 = CARTESIAN_POINT('',(-27.98,-15.,0.));
#1463 = CIRCLE('',#1464,2.);
#1464 = AXIS2_PLACEMENT_3D('',#1465,#1466,#1467);
#1465 = CARTESIAN_POINT('',(-25.98,-15.,0.));
#1466 = DIRECTION('',(0.,0.,-1.));
#1467 = DIRECTION('',(1.,0.,0.));
#1468 = FACE_BOUND('',#1469,.T.);
#1469 = EDGE_LOOP('',(#1470));
#1470 = ORIENTED_EDGE('',*,*,#1471,.F.);
#1471 = EDGE_CURVE('',#1472,#1472,#1474,.T.);
#1472 = VERTEX_POINT('',#1473);
#1473 = CARTESIAN_POINT('',(-27.98,15.,0.));
#1474 = CIRCLE('',#1475,2.);
#1475 = AXIS2_PLACEMENT_3D('',#1476,#1477,#1478);
#1476 = CARTESIAN_POINT('',(-25.98,15.,0.));
#1477 = DIRECTION('',(0.,0.,-1.));
#1478 = DIRECTION('',(1.,0.,0.));
#1479 = FACE_BOUND('',#1480,.T.);
#1480 = EDGE_LOOP('',(#1481));
#1481 = ORIENTED_EDGE('',*,*,#1482,.F.);
#1482 = EDGE_CURVE('',#1483,#1483,#1485,.T.);
#1483 = VERTEX_POINT('',#1484);
#1484 = CARTESIAN_POINT('',(-2.,30.,0.));
#1485 = CIRCLE('',#1486,2.);
#1486 = AXIS2_PLACEMENT_3D('',#1487,#1488,#1489);
#1487 = CARTESIAN_POINT('',(0.,30.,0.));
#1488 = DIRECTION('',(0.,0.,-1.));
#1489 = DIRECTION('',(1.,0.,0.));
#1490 = FACE_BOUND('',#1491,.T.);
#1491 = EDGE_LOOP('',(#1492));
#1492 = ORIENTED_EDGE('',*,*,#1493,.T.);
#1493 = EDGE_CURVE('',#1494,#1494,#1496,.T.);
#1494 = VERTEX_POINT('',#1495);
#1495 = CARTESIAN_POINT('',(-8.000000119209,-9.797174539168E-16,0.));
#1496 = CIRCLE('',#1497,8.000000119209);
#1497 = AXIS2_PLACEMENT_3D('',#1498,#1499,#1500);
#1498 = CARTESIAN_POINT('',(0.,0.,0.));
#1499 = DIRECTION('',(0.,0.,1.));
#1500 = DIRECTION('',(1.,0.,-0.));
#1501 = FACE_BOUND('',#1502,.T.);
#1502 = EDGE_LOOP('',(#1503));
#1503 = ORIENTED_EDGE('',*,*,#1504,.F.);
#1504 = EDGE_CURVE('',#1505,#1505,#1507,.T.);
#1505 = VERTEX_POINT('',#1506);
#1506 = CARTESIAN_POINT('',(28.000000804663,-9.797175013633E-16,0.));
#1507 = CIRCLE('',#1508,8.000000506639);
#1508 = AXIS2_PLACEMENT_3D('',#1509,#1510,#1511);
#1509 = CARTESIAN_POINT('',(20.000000298023,0.,0.));
#1510 = DIRECTION('',(0.,0.,-1.));
#1511 = DIRECTION('',(1.,0.,0.));
#1512 = FACE_BOUND('',#1513,.T.);
#1513 = EDGE_LOOP('',(#1514));
#1514 = ORIENTED_EDGE('',*,*,#1515,.F.);
#1515 = EDGE_CURVE('',#1516,#1516,#1518,.T.);
#1516 = VERTEX_POINT('',#1517);
#1517 = CARTESIAN_POINT('',(2.,17.32,0.));
#1518 = CIRCLE('',#1519,8.);
#1519 = AXIS2_PLACEMENT_3D('',#1520,#1521,#1522);
#1520 = CARTESIAN_POINT('',(10.,17.32,0.));
#1521 = DIRECTION('',(0.,0.,-1.));
#1522 = DIRECTION('',(-1.,0.,0.));
#1523 = FACE_BOUND('',#1524,.T.);
#1524 = EDGE_LOOP('',(#1525));
#1525 = ORIENTED_EDGE('',*,*,#1351,.F.);
#1526 = PLANE('',#1527);
#1527 = AXIS2_PLACEMENT_3D('',#1528,#1529,#1530);
#1528 = CARTESIAN_POINT('',(0.,0.,0.));
#1529 = DIRECTION('',(0.,0.,1.));
#1530 = DIRECTION('',(1.,0.,-0.));
#1531 = ADVANCED_FACE('',(#1532),#1552,.F.);
#1532 = FACE_BOUND('',#1533,.F.);
#1533 = EDGE_LOOP('',(#1534,#1543,#1544,#1545));
#1534 = ORIENTED_EDGE('',*,*,#1535,.T.);
#1535 = EDGE_CURVE('',#1536,#1395,#1538,.T.);
#1536 = VERTEX_POINT('',#1537);
#1537 = CARTESIAN_POINT('',(-4.,-17.32,0.));
#1538 = CIRCLE('',#1539,1.);
#1539 = AXIS2_PLACEMENT_3D('',#1540,#1541,#1542);
#1540 = CARTESIAN_POINT('',(-3.,-17.32,0.));
#1541 = DIRECTION('',(-0.,1.,0.));
#1542 = DIRECTION('',(1.,0.,0.));
#1543 = ORIENTED_EDGE('',*,*,#1394,.F.);
#1544 = ORIENTED_EDGE('',*,*,#1535,.F.);
#1545 = ORIENTED_EDGE('',*,*,#1546,.F.);
#1546 = EDGE_CURVE('',#1536,#1536,#1547,.T.);
#1547 = CIRCLE('',#1548,6.);
#1548 = AXIS2_PLACEMENT_3D('',#1549,#1550,#1551);
#1549 = CARTESIAN_POINT('',(-10.,-17.32,0.));
#1550 = DIRECTION('',(0.,0.,1.));
#1551 = DIRECTION('',(-1.,0.,0.));
#1552 = TOROIDAL_SURFACE('',#1553,7.,1.);
#1553 = AXIS2_PLACEMENT_3D('',#1554,#1555,#1556);
#1554 = CARTESIAN_POINT('',(-10.,-17.32,0.));
#1555 = DIRECTION('',(0.,0.,-1.));
#1556 = DIRECTION('',(-1.,0.,0.));
#1557 = ADVANCED_FACE('',(#1558),#1561,.F.);
#1558 = FACE_BOUND('',#1559,.T.);
#1559 = EDGE_LOOP('',(#1560));
#1560 = ORIENTED_EDGE('',*,*,#1546,.F.);
#1561 = PLANE('',#1562);
#1562 = AXIS2_PLACEMENT_3D('',#1563,#1564,#1565);
#1563 = CARTESIAN_POINT('',(0.,0.,0.));
#1564 = DIRECTION('',(0.,0.,1.));
#1565 = DIRECTION('',(1.,0.,-0.));
#1566 = ADVANCED_FACE('',(#1567),#1587,.F.);
#1567 = FACE_BOUND('',#1568,.F.);
#1568 = EDGE_LOOP('',(#1569,#1578,#1579,#1580));
#1569 = ORIENTED_EDGE('',*,*,#1570,.T.);
#1570 = EDGE_CURVE('',#1571,#1516,#1573,.T.);
#1571 = VERTEX_POINT('',#1572);
#1572 = CARTESIAN_POINT('',(4.,17.32,0.));
#1573 = CIRCLE('',#1574,1.);
#1574 = AXIS2_PLACEMENT_3D('',#1575,#1576,#1577);
#1575 = CARTESIAN_POINT('',(3.,17.32,0.));
#1576 = DIRECTION('',(0.,-1.,0.));
#1577 = DIRECTION('',(-1.,0.,0.));
#1578 = ORIENTED_EDGE('',*,*,#1515,.F.);
#1579 = ORIENTED_EDGE('',*,*,#1570,.F.);
#1580 = ORIENTED_EDGE('',*,*,#1581,.F.);
#1581 = EDGE_CURVE('',#1571,#1571,#1582,.T.);
#1582 = CIRCLE('',#1583,6.);
#1583 = AXIS2_PLACEMENT_3D('',#1584,#1585,#1586);
#1584 = CARTESIAN_POINT('',(10.,17.32,0.));
#1585 = DIRECTION('',(0.,0.,1.));
#1586 = DIRECTION('',(-1.,0.,0.));
#1587 = TOROIDAL_SURFACE('',#1588,7.,1.);
#1588 = AXIS2_PLACEMENT_3D('',#1589,#1590,#1591);
#1589 = CARTESIAN_POINT('',(10.,17.32,0.));
#1590 = DIRECTION('',(0.,0.,-1.));
#1591 = DIRECTION('',(1.,0.,0.));
#1592 = ADVANCED_FACE('',(#1593),#1596,.F.);
#1593 = FACE_BOUND('',#1594,.T.);
#1594 = EDGE_LOOP('',(#1595));
#1595 = ORIENTED_EDGE('',*,*,#1581,.F.);
#1596 = PLANE('',#1597);
#1597 = AXIS2_PLACEMENT_3D('',#1598,#1599,#1600);
#1598 = CARTESIAN_POINT('',(0.,0.,0.));
#1599 = DIRECTION('',(0.,0.,1.));
#1600 = DIRECTION('',(1.,0.,-0.));
#1601 = ADVANCED_FACE('',(#1602),#1622,.F.);
#1602 = FACE_BOUND('',#1603,.F.);
#1603 = EDGE_LOOP('',(#1604,#1613,#1614,#1615));
#1604 = ORIENTED_EDGE('',*,*,#1605,.T.);
#1605 = EDGE_CURVE('',#1606,#1406,#1608,.T.);
#1606 = VERTEX_POINT('',#1607);
#1607 = CARTESIAN_POINT('',(-4.,17.32,0.));
#1608 = CIRCLE('',#1609,1.);
#1609 = AXIS2_PLACEMENT_3D('',#1610,#1611,#1612);
#1610 = CARTESIAN_POINT('',(-3.,17.32,0.));
#1611 = DIRECTION('',(-0.,1.,0.));
#1612 = DIRECTION('',(1.,0.,0.));
#1613 = ORIENTED_EDGE('',*,*,#1405,.T.);
#1614 = ORIENTED_EDGE('',*,*,#1605,.F.);
#1615 = ORIENTED_EDGE('',*,*,#1616,.T.);
#1616 = EDGE_CURVE('',#1606,#1606,#1617,.T.);
#1617 = CIRCLE('',#1618,6.);
#1618 = AXIS2_PLACEMENT_3D('',#1619,#1620,#1621);
#1619 = CARTESIAN_POINT('',(-10.,17.32,0.));
#1620 = DIRECTION('',(0.,0.,-1.));
#1621 = DIRECTION('',(-1.,0.,0.));
#1622 = TOROIDAL_SURFACE('',#1623,7.,1.);
#1623 = AXIS2_PLACEMENT_3D('',#1624,#1625,#1626);
#1624 = CARTESIAN_POINT('',(-10.,17.32,0.));
#1625 = DIRECTION('',(0.,0.,-1.));
#1626 = DIRECTION('',(-1.,0.,0.));
#1627 = ADVANCED_FACE('',(#1628),#1631,.F.);
#1628 = FACE_BOUND('',#1629,.T.);
#1629 = EDGE_LOOP('',(#1630));
#1630 = ORIENTED_EDGE('',*,*,#1616,.T.);
#1631 = PLANE('',#1632);
#1632 = AXIS2_PLACEMENT_3D('',#1633,#1634,#1635);
#1633 = CARTESIAN_POINT('',(0.,0.,0.));
#1634 = DIRECTION('',(0.,0.,1.));
#1635 = DIRECTION('',(1.,0.,-0.));
#1636 = ADVANCED_FACE('',(#1637),#1657,.F.);
#1637 = FACE_BOUND('',#1638,.F.);
#1638 = EDGE_LOOP('',(#1639,#1648,#1655,#1656));
#1639 = ORIENTED_EDGE('',*,*,#1640,.T.);
#1640 = EDGE_CURVE('',#1505,#1641,#1643,.T.);
#1641 = VERTEX_POINT('',#1642);
#1642 = CARTESIAN_POINT('',(26.00000038743,-7.347880904376E-16,0.));
#1643 = CIRCLE('',#1644,1.000000208616);
#1644 = AXIS2_PLACEMENT_3D('',#1645,#1646,#1647);
#1645 = CARTESIAN_POINT('',(27.000000596046,-8.572527959005E-16,0.));
#1646 = DIRECTION('',(-1.224646799147E-16,-1.,0.));
#1647 = DIRECTION('',(1.,-1.224646799147E-16,0.));
#1648 = ORIENTED_EDGE('',*,*,#1649,.F.);
#1649 = EDGE_CURVE('',#1641,#1641,#1650,.T.);
#1650 = CIRCLE('',#1651,6.000000089407);
#1651 = AXIS2_PLACEMENT_3D('',#1652,#1653,#1654);
#1652 = CARTESIAN_POINT('',(20.000000298023,0.,0.));
#1653 = DIRECTION('',(0.,0.,1.));
#1654 = DIRECTION('',(1.,0.,-0.));
#1655 = ORIENTED_EDGE('',*,*,#1640,.F.);
#1656 = ORIENTED_EDGE('',*,*,#1504,.F.);
#1657 = TOROIDAL_SURFACE('',#1658,7.000000298023,1.000000208616);
#1658 = AXIS2_PLACEMENT_3D('',#1659,#1660,#1661);
#1659 = CARTESIAN_POINT('',(20.000000298023,0.,0.));
#1660 = DIRECTION('',(0.,0.,1.));
#1661 = DIRECTION('',(-1.,0.,0.));
#1662 = ADVANCED_FACE('',(#1663),#1666,.F.);
#1663 = FACE_BOUND('',#1664,.T.);
#1664 = EDGE_LOOP('',(#1665));
#1665 = ORIENTED_EDGE('',*,*,#1649,.F.);
#1666 = PLANE('',#1667);
#1667 = AXIS2_PLACEMENT_3D('',#1668,#1669,#1670);
#1668 = CARTESIAN_POINT('',(0.,0.,0.));
#1669 = DIRECTION('',(0.,0.,1.));
#1670 = DIRECTION('',(1.,0.,-0.));
#1671 = ADVANCED_FACE('',(#1672),#1692,.F.);
#1672 = FACE_BOUND('',#1673,.F.);
#1673 = EDGE_LOOP('',(#1674,#1683,#1690,#1691));
#1674 = ORIENTED_EDGE('',*,*,#1675,.T.);
#1675 = EDGE_CURVE('',#1417,#1676,#1678,.T.);
#1676 = VERTEX_POINT('',#1677);
#1677 = CARTESIAN_POINT('',(-26.00000038743,-7.347880904376E-16,0.));
#1678 = CIRCLE('',#1679,1.000000208616);
#1679 = AXIS2_PLACEMENT_3D('',#1680,#1681,#1682);
#1680 = CARTESIAN_POINT('',(-27.00000059604,-8.572527959005E-16,0.));
#1681 = DIRECTION('',(-1.224646799147E-16,1.,0.));
#1682 = DIRECTION('',(-1.,-1.224646799147E-16,0.));
#1683 = ORIENTED_EDGE('',*,*,#1684,.T.);
#1684 = EDGE_CURVE('',#1676,#1676,#1685,.T.);
#1685 = CIRCLE('',#1686,6.000000089407);
#1686 = AXIS2_PLACEMENT_3D('',#1687,#1688,#1689);
#1687 = CARTESIAN_POINT('',(-20.00000029802,0.,0.));
#1688 = DIRECTION('',(0.,0.,-1.));
#1689 = DIRECTION('',(1.,0.,0.));
#1690 = ORIENTED_EDGE('',*,*,#1675,.F.);
#1691 = ORIENTED_EDGE('',*,*,#1416,.T.);
#1692 = TOROIDAL_SURFACE('',#1693,7.000000298023,1.000000208616);
#1693 = AXIS2_PLACEMENT_3D('',#1694,#1695,#1696);
#1694 = CARTESIAN_POINT('',(-20.00000029802,0.,0.));
#1695 = DIRECTION('',(0.,0.,1.));
#1696 = DIRECTION('',(1.,0.,-0.));
#1697 = ADVANCED_FACE('',(#1698),#1701,.F.);
#1698 = FACE_BOUND('',#1699,.T.);
#1699 = EDGE_LOOP('',(#1700));
#1700 = ORIENTED_EDGE('',*,*,#1684,.T.);
#1701 = PLANE('',#1702);
#1702 = AXIS2_PLACEMENT_3D('',#1703,#1704,#1705);
#1703 = CARTESIAN_POINT('',(0.,0.,0.));
#1704 = DIRECTION('',(0.,0.,1.));
#1705 = DIRECTION('',(1.,0.,-0.));
#1706 = ADVANCED_FACE('',(#1707),#1727,.F.);
#1707 = FACE_BOUND('',#1708,.F.);
#1708 = EDGE_LOOP('',(#1709,#1718,#1725,#1726));
#1709 = ORIENTED_EDGE('',*,*,#1710,.T.);
#1710 = EDGE_CURVE('',#1494,#1711,#1713,.T.);
#1711 = VERTEX_POINT('',#1712);
#1712 = CARTESIAN_POINT('',(-6.000000089407,-7.347880904376E-16,0.));
#1713 = CIRCLE('',#1714,1.000000014901);
#1714 = AXIS2_PLACEMENT_3D('',#1715,#1716,#1717);
#1715 = CARTESIAN_POINT('',(-7.000000104308,-8.572527721772E-16,0.));
#1716 = DIRECTION('',(-1.224646799147E-16,1.,0.));
#1717 = DIRECTION('',(-1.,-1.224646799147E-16,0.));
#1718 = ORIENTED_EDGE('',*,*,#1719,.T.);
#1719 = EDGE_CURVE('',#1711,#1711,#1720,.T.);
#1720 = CIRCLE('',#1721,6.000000089407);
#1721 = AXIS2_PLACEMENT_3D('',#1722,#1723,#1724);
#1722 = CARTESIAN_POINT('',(0.,0.,0.));
#1723 = DIRECTION('',(0.,0.,-1.));
#1724 = DIRECTION('',(1.,0.,0.));
#1725 = ORIENTED_EDGE('',*,*,#1710,.F.);
#1726 = ORIENTED_EDGE('',*,*,#1493,.T.);
#1727 = TOROIDAL_SURFACE('',#1728,7.000000104308,1.000000014901);
#1728 = AXIS2_PLACEMENT_3D('',#1729,#1730,#1731);
#1729 = CARTESIAN_POINT('',(0.,0.,0.));
#1730 = DIRECTION('',(0.,0.,1.));
#1731 = DIRECTION('',(1.,0.,-0.));
#1732 = ADVANCED_FACE('',(#1733),#1736,.F.);
#1733 = FACE_BOUND('',#1734,.T.);
#1734 = EDGE_LOOP('',(#1735));
#1735 = ORIENTED_EDGE('',*,*,#1719,.T.);
#1736 = PLANE('',#1737);
#1737 = AXIS2_PLACEMENT_3D('',#1738,#1739,#1740);
#1738 = CARTESIAN_POINT('',(0.,0.,0.));
#1739 = DIRECTION('',(0.,0.,1.));
#1740 = DIRECTION('',(1.,0.,-0.));
#1741 = ADVANCED_FACE('',(#1742,#1753,#1764,#1775,#1786,#1797,#1808),
  #1819,.T.);
#1742 = FACE_BOUND('',#1743,.T.);
#1743 = EDGE_LOOP('',(#1744));
#1744 = ORIENTED_EDGE('',*,*,#1745,.T.);
#1745 = EDGE_CURVE('',#1746,#1746,#1748,.T.);
#1746 = VERTEX_POINT('',#1747);
#1747 = CARTESIAN_POINT('',(-34.5,-4.440892098501E-15,6.));
#1748 = CIRCLE('',#1749,34.5);
#1749 = AXIS2_PLACEMENT_3D('',#1750,#1751,#1752);
#1750 = CARTESIAN_POINT('',(0.,0.,6.));
#1751 = DIRECTION('',(0.,0.,1.));
#1752 = DIRECTION('',(1.,0.,-0.));
#1753 = FACE_BOUND('',#1754,.T.);
#1754 = EDGE_LOOP('',(#1755));
#1755 = ORIENTED_EDGE('',*,*,#1756,.T.);
#1756 = EDGE_CURVE('',#1757,#1757,#1759,.T.);
#1757 = VERTEX_POINT('',#1758);
#1758 = CARTESIAN_POINT('',(-2.,30.,6.));
#1759 = CIRCLE('',#1760,2.);
#1760 = AXIS2_PLACEMENT_3D('',#1761,#1762,#1763);
#1761 = CARTESIAN_POINT('',(0.,30.,6.));
#1762 = DIRECTION('',(0.,0.,-1.));
#1763 = DIRECTION('',(1.,0.,0.));
#1764 = FACE_BOUND('',#1765,.T.);
#1765 = EDGE_LOOP('',(#1766));
#1766 = ORIENTED_EDGE('',*,*,#1767,.T.);
#1767 = EDGE_CURVE('',#1768,#1768,#1770,.T.);
#1768 = VERTEX_POINT('',#1769);
#1769 = CARTESIAN_POINT('',(-27.98,15.,6.));
#1770 = CIRCLE('',#1771,2.);
#1771 = AXIS2_PLACEMENT_3D('',#1772,#1773,#1774);
#1772 = CARTESIAN_POINT('',(-25.98,15.,6.));
#1773 = DIRECTION('',(0.,0.,-1.));
#1774 = DIRECTION('',(1.,0.,0.));
#1775 = FACE_BOUND('',#1776,.T.);
#1776 = EDGE_LOOP('',(#1777));
#1777 = ORIENTED_EDGE('',*,*,#1778,.T.);
#1778 = EDGE_CURVE('',#1779,#1779,#1781,.T.);
#1779 = VERTEX_POINT('',#1780);
#1780 = CARTESIAN_POINT('',(-27.98,-15.,6.));
#1781 = CIRCLE('',#1782,2.);
#1782 = AXIS2_PLACEMENT_3D('',#1783,#1784,#1785);
#1783 = CARTESIAN_POINT('',(-25.98,-15.,6.));
#1784 = DIRECTION('',(0.,0.,-1.));
#1785 = DIRECTION('',(1.,0.,0.));
#1786 = FACE_BOUND('',#1787,.T.);
#1787 = EDGE_LOOP('',(#1788));
#1788 = ORIENTED_EDGE('',*,*,#1789,.T.);
#1789 = EDGE_CURVE('',#1790,#1790,#1792,.T.);
#1790 = VERTEX_POINT('',#1791);
#1791 = CARTESIAN_POINT('',(-2.,-30.,6.));
#1792 = CIRCLE('',#1793,2.);
#1793 = AXIS2_PLACEMENT_3D('',#1794,#1795,#1796);
#1794 = CARTESIAN_POINT('',(0.,-30.,6.));
#1795 = DIRECTION('',(0.,0.,-1.));
#1796 = DIRECTION('',(1.,0.,0.));
#1797 = FACE_BOUND('',#1798,.T.);
#1798 = EDGE_LOOP('',(#1799));
#1799 = ORIENTED_EDGE('',*,*,#1800,.T.);
#1800 = EDGE_CURVE('',#1801,#1801,#1803,.T.);
#1801 = VERTEX_POINT('',#1802);
#1802 = CARTESIAN_POINT('',(23.98,-15.,6.));
#1803 = CIRCLE('',#1804,2.);
#1804 = AXIS2_PLACEMENT_3D('',#1805,#1806,#1807);
#1805 = CARTESIAN_POINT('',(25.98,-15.,6.));
#1806 = DIRECTION('',(0.,0.,-1.));
#1807 = DIRECTION('',(1.,0.,0.));
#1808 = FACE_BOUND('',#1809,.T.);
#1809 = EDGE_LOOP('',(#1810));
#1810 = ORIENTED_EDGE('',*,*,#1811,.T.);
#1811 = EDGE_CURVE('',#1812,#1812,#1814,.T.);
#1812 = VERTEX_POINT('',#1813);
#1813 = CARTESIAN_POINT('',(23.98,15.,6.));
#1814 = CIRCLE('',#1815,2.);
#1815 = AXIS2_PLACEMENT_3D('',#1816,#1817,#1818);
#1816 = CARTESIAN_POINT('',(25.98,15.,6.));
#1817 = DIRECTION('',(0.,0.,-1.));
#1818 = DIRECTION('',(1.,0.,0.));
#1819 = PLANE('',#1820);
#1820 = AXIS2_PLACEMENT_3D('',#1821,#1822,#1823);
#1821 = CARTESIAN_POINT('',(0.,0.,6.));
#1822 = DIRECTION('',(0.,0.,1.));
#1823 = DIRECTION('',(1.,0.,-0.));
#1824 = ADVANCED_FACE('',(#1825),#1836,.F.);
#1825 = FACE_BOUND('',#1826,.F.);
#1826 = EDGE_LOOP('',(#1827,#1833,#1834,#1835));
#1827 = ORIENTED_EDGE('',*,*,#1828,.T.);
#1828 = EDGE_CURVE('',#1812,#1428,#1829,.T.);
#1829 = LINE('',#1830,#1831);
#1830 = CARTESIAN_POINT('',(23.98,15.,0.));
#1831 = VECTOR('',#1832,1.);
#1832 = DIRECTION('',(0.,0.,-1.));
#1833 = ORIENTED_EDGE('',*,*,#1427,.F.);
#1834 = ORIENTED_EDGE('',*,*,#1828,.F.);
#1835 = ORIENTED_EDGE('',*,*,#1811,.T.);
#1836 = CYLINDRICAL_SURFACE('',#1837,2.);
#1837 = AXIS2_PLACEMENT_3D('',#1838,#1839,#1840);
#1838 = CARTESIAN_POINT('',(25.98,15.,0.));
#1839 = DIRECTION('',(0.,0.,1.));
#1840 = DIRECTION('',(1.,0.,-0.));
#1841 = ADVANCED_FACE('',(#1842),#1853,.F.);
#1842 = FACE_BOUND('',#1843,.F.);
#1843 = EDGE_LOOP('',(#1844,#1850,#1851,#1852));
#1844 = ORIENTED_EDGE('',*,*,#1845,.T.);
#1845 = EDGE_CURVE('',#1801,#1439,#1846,.T.);
#1846 = LINE('',#1847,#1848);
#1847 = CARTESIAN_POINT('',(23.98,-15.,0.));
#1848 = VECTOR('',#1849,1.);
#1849 = DIRECTION('',(0.,0.,-1.));
#1850 = ORIENTED_EDGE('',*,*,#1438,.F.);
#1851 = ORIENTED_EDGE('',*,*,#1845,.F.);
#1852 = ORIENTED_EDGE('',*,*,#1800,.T.);
#1853 = CYLINDRICAL_SURFACE('',#1854,2.);
#1854 = AXIS2_PLACEMENT_3D('',#1855,#1856,#1857);
#1855 = CARTESIAN_POINT('',(25.98,-15.,0.));
#1856 = DIRECTION('',(0.,0.,1.));
#1857 = DIRECTION('',(1.,0.,-0.));
#1858 = ADVANCED_FACE('',(#1859),#1870,.F.);
#1859 = FACE_BOUND('',#1860,.F.);
#1860 = EDGE_LOOP('',(#1861,#1867,#1868,#1869));
#1861 = ORIENTED_EDGE('',*,*,#1862,.T.);
#1862 = EDGE_CURVE('',#1790,#1450,#1863,.T.);
#1863 = LINE('',#1864,#1865);
#1864 = CARTESIAN_POINT('',(-2.,-30.,0.));
#1865 = VECTOR('',#1866,1.);
#1866 = DIRECTION('',(0.,0.,-1.));
#1867 = ORIENTED_EDGE('',*,*,#1449,.F.);
#1868 = ORIENTED_EDGE('',*,*,#1862,.F.);
#1869 = ORIENTED_EDGE('',*,*,#1789,.T.);
#1870 = CYLINDRICAL_SURFACE('',#1871,2.);
#1871 = AXIS2_PLACEMENT_3D('',#1872,#1873,#1874);
#1872 = CARTESIAN_POINT('',(0.,-30.,0.));
#1873 = DIRECTION('',(0.,0.,1.));
#1874 = DIRECTION('',(1.,0.,-0.));
#1875 = ADVANCED_FACE('',(#1876),#1887,.F.);
#1876 = FACE_BOUND('',#1877,.F.);
#1877 = EDGE_LOOP('',(#1878,#1884,#1885,#1886));
#1878 = ORIENTED_EDGE('',*,*,#1879,.T.);
#1879 = EDGE_CURVE('',#1779,#1461,#1880,.T.);
#1880 = LINE('',#1881,#1882);
#1881 = CARTESIAN_POINT('',(-27.98,-15.,0.));
#1882 = VECTOR('',#1883,1.);
#1883 = DIRECTION('',(0.,0.,-1.));
#1884 = ORIENTED_EDGE('',*,*,#1460,.F.);
#1885 = ORIENTED_EDGE('',*,*,#1879,.F.);
#1886 = ORIENTED_EDGE('',*,*,#1778,.T.);
#1887 = CYLINDRICAL_SURFACE('',#1888,2.);
#1888 = AXIS2_PLACEMENT_3D('',#1889,#1890,#1891);
#1889 = CARTESIAN_POINT('',(-25.98,-15.,0.));
#1890 = DIRECTION('',(0.,0.,1.));
#1891 = DIRECTION('',(1.,0.,-0.));
#1892 = ADVANCED_FACE('',(#1893),#1904,.F.);
#1893 = FACE_BOUND('',#1894,.F.);
#1894 = EDGE_LOOP('',(#1895,#1901,#1902,#1903));
#1895 = ORIENTED_EDGE('',*,*,#1896,.T.);
#1896 = EDGE_CURVE('',#1768,#1472,#1897,.T.);
#1897 = LINE('',#1898,#1899);
#1898 = CARTESIAN_POINT('',(-27.98,15.,0.));
#1899 = VECTOR('',#1900,1.);
#1900 = DIRECTION('',(0.,0.,-1.));
#1901 = ORIENTED_EDGE('',*,*,#1471,.F.);
#1902 = ORIENTED_EDGE('',*,*,#1896,.F.);
#1903 = ORIENTED_EDGE('',*,*,#1767,.T.);
#1904 = CYLINDRICAL_SURFACE('',#1905,2.);
#1905 = AXIS2_PLACEMENT_3D('',#1906,#1907,#1908);
#1906 = CARTESIAN_POINT('',(-25.98,15.,0.));
#1907 = DIRECTION('',(0.,0.,1.));
#1908 = DIRECTION('',(1.,0.,-0.));
#1909 = ADVANCED_FACE('',(#1910),#1921,.F.);
#1910 = FACE_BOUND('',#1911,.F.);
#1911 = EDGE_LOOP('',(#1912,#1918,#1919,#1920));
#1912 = ORIENTED_EDGE('',*,*,#1913,.T.);
#1913 = EDGE_CURVE('',#1757,#1483,#1914,.T.);
#1914 = LINE('',#1915,#1916);
#1915 = CARTESIAN_POINT('',(-2.,30.,0.));
#1916 = VECTOR('',#1917,1.);
#1917 = DIRECTION('',(0.,0.,-1.));
#1918 = ORIENTED_EDGE('',*,*,#1482,.F.);
#1919 = ORIENTED_EDGE('',*,*,#1913,.F.);
#1920 = ORIENTED_EDGE('',*,*,#1756,.T.);
#1921 = CYLINDRICAL_SURFACE('',#1922,2.);
#1922 = AXIS2_PLACEMENT_3D('',#1923,#1924,#1925);
#1923 = CARTESIAN_POINT('',(0.,30.,0.));
#1924 = DIRECTION('',(0.,0.,1.));
#1925 = DIRECTION('',(1.,0.,-0.));
#1926 = ADVANCED_FACE('',(#1927),#1938,.T.);
#1927 = FACE_BOUND('',#1928,.T.);
#1928 = EDGE_LOOP('',(#1929,#1930,#1936,#1937));
#1929 = ORIENTED_EDGE('',*,*,#1745,.F.);
#1930 = ORIENTED_EDGE('',*,*,#1931,.T.);
#1931 = EDGE_CURVE('',#1746,#1384,#1932,.T.);
#1932 = LINE('',#1933,#1934);
#1933 = CARTESIAN_POINT('',(-34.5,-4.225031457058E-15,0.));
#1934 = VECTOR('',#1935,1.);
#1935 = DIRECTION('',(0.,0.,-1.));
#1936 = ORIENTED_EDGE('',*,*,#1383,.T.);
#1937 = ORIENTED_EDGE('',*,*,#1931,.F.);
#1938 = CYLINDRICAL_SURFACE('',#1939,34.5);
#1939 = AXIS2_PLACEMENT_3D('',#1940,#1941,#1942);
#1940 = CARTESIAN_POINT('',(0.,0.,0.));
#1941 = DIRECTION('',(0.,0.,1.));
#1942 = DIRECTION('',(1.,0.,-0.));
#1943 = ( GEOMETRIC_REPRESENTATION_CONTEXT(3) 
GLOBAL_UNCERTAINTY_ASSIGNED_CONTEXT((#1947)) 
GLOBAL_UNIT_ASSIGNED_CONTEXT((#1944,#1945,#1946)) REPRESENTATION_CONTEXT
('Context #1','3D Context with UNIT and UNCERTAINTY') );
#1944 = ( LENGTH_UNIT() NAMED_UNIT(*) SI_UNIT(.MILLI.,.METRE.) );
#1945 = ( NAMED_UNIT(*) PLANE_ANGLE_UNIT() SI_UNIT($,.RADIAN.) );
#1946 = ( NAMED_UNIT(*) SI_UNIT($,.STERADIAN.) SOLID_ANGLE_UNIT() );
#1947 = UNCERTAINTY_MEASURE_WITH_UNIT(LENGTH_MEASURE(1.E-07),#1944,
  'distance_accuracy_value','confusion accuracy');
#1948 = CONTEXT_DEPENDENT_SHAPE_REPRESENTATION(#1949,#1951);
#1949 = ( REPRESENTATION_RELATIONSHIP('','',#1333,#56) 
REPRESENTATION_RELATIONSHIP_WITH_TRANSFORMATION(#1950) 
SHAPE_REPRESENTATION_RELATIONSHIP() );
#1950 = ITEM_DEFINED_TRANSFORMATION('','',#11,#61);
#1951 = PRODUCT_DEFINITION_SHAPE('Placement','Placement of an item',
  #1952);
#1952 = NEXT_ASSEMBLY_USAGE_OCCURRENCE('2','cover_casette','',#51,#1328,
  $);
#1953 = PRODUCT_RELATED_PRODUCT_CATEGORY('part',$,(#1330));
#1954 = SHAPE_DEFINITION_REPRESENTATION(#1955,#1961);
#1955 = PRODUCT_DEFINITION_SHAPE('','',#1956);
#1956 = PRODUCT_DEFINITION('design','',#1957,#1960);
#1957 = PRODUCT_DEFINITION_FORMATION('','',#1958);
#1958 = PRODUCT('m4_35_1','m4_35_1','',(#1959));
#1959 = PRODUCT_CONTEXT('',#2,'mechanical');
#1960 = PRODUCT_DEFINITION_CONTEXT('part definition',#2,'design');
#1961 = ADVANCED_BREP_SHAPE_REPRESENTATION('',(#11,#1962),#2319);
#1962 = MANIFOLD_SOLID_BREP('',#1963);
#1963 = CLOSED_SHELL('',(#1964,#1997,#2022,#2042,#2051,#2076,#2102,#2161
    ,#2192,#2216,#2240,#2264,#2288,#2305));
#1964 = ADVANCED_FACE('',(#1965),#1992,.T.);
#1965 = FACE_BOUND('',#1966,.T.);
#1966 = EDGE_LOOP('',(#1967,#1977,#1984,#1985));
#1967 = ORIENTED_EDGE('',*,*,#1968,.T.);
#1968 = EDGE_CURVE('',#1969,#1971,#1973,.T.);
#1969 = VERTEX_POINT('',#1970);
#1970 = CARTESIAN_POINT('',(2.,0.,0.));
#1971 = VERTEX_POINT('',#1972);
#1972 = CARTESIAN_POINT('',(2.,0.,-34.685));
#1973 = LINE('',#1974,#1975);
#1974 = CARTESIAN_POINT('',(2.,0.,0.));
#1975 = VECTOR('',#1976,1.);
#1976 = DIRECTION('',(-0.,-0.,-1.));
#1977 = ORIENTED_EDGE('',*,*,#1978,.T.);
#1978 = EDGE_CURVE('',#1971,#1971,#1979,.T.);
#1979 = CIRCLE('',#1980,2.);
#1980 = AXIS2_PLACEMENT_3D('',#1981,#1982,#1983);
#1981 = CARTESIAN_POINT('',(0.,0.,-34.685));
#1982 = DIRECTION('',(0.,0.,1.));
#1983 = DIRECTION('',(1.,0.,-0.));
#1984 = ORIENTED_EDGE('',*,*,#1968,.F.);
#1985 = ORIENTED_EDGE('',*,*,#1986,.F.);
#1986 = EDGE_CURVE('',#1969,#1969,#1987,.T.);
#1987 = CIRCLE('',#1988,2.);
#1988 = AXIS2_PLACEMENT_3D('',#1989,#1990,#1991);
#1989 = CARTESIAN_POINT('',(0.,0.,0.));
#1990 = DIRECTION('',(0.,0.,1.));
#1991 = DIRECTION('',(1.,0.,-0.));
#1992 = CYLINDRICAL_SURFACE('',#1993,2.);
#1993 = AXIS2_PLACEMENT_3D('',#1994,#1995,#1996);
#1994 = CARTESIAN_POINT('',(0.,0.,0.));
#1995 = DIRECTION('',(0.,0.,1.));
#1996 = DIRECTION('',(1.,0.,-0.));
#1997 = ADVANCED_FACE('',(#1998),#2017,.T.);
#1998 = FACE_BOUND('',#1999,.T.);
#1999 = EDGE_LOOP('',(#2000,#2009,#2015,#2016));
#2000 = ORIENTED_EDGE('',*,*,#2001,.T.);
#2001 = EDGE_CURVE('',#2002,#2002,#2004,.T.);
#2002 = VERTEX_POINT('',#2003);
#2003 = CARTESIAN_POINT('',(1.685,0.,-35.));
#2004 = CIRCLE('',#2005,1.685);
#2005 = AXIS2_PLACEMENT_3D('',#2006,#2007,#2008);
#2006 = CARTESIAN_POINT('',(0.,0.,-35.));
#2007 = DIRECTION('',(0.,0.,1.));
#2008 = DIRECTION('',(1.,0.,-0.));
#2009 = ORIENTED_EDGE('',*,*,#2010,.F.);
#2010 = EDGE_CURVE('',#1971,#2002,#2011,.T.);
#2011 = LINE('',#2012,#2013);
#2012 = CARTESIAN_POINT('',(2.,0.,-34.685));
#2013 = VECTOR('',#2014,1.);
#2014 = DIRECTION('',(-0.707106781187,-0.,-0.707106781187));
#2015 = ORIENTED_EDGE('',*,*,#1978,.F.);
#2016 = ORIENTED_EDGE('',*,*,#2010,.T.);
#2017 = CONICAL_SURFACE('',#2018,2.,0.785398163397);
#2018 = AXIS2_PLACEMENT_3D('',#2019,#2020,#2021);
#2019 = CARTESIAN_POINT('',(0.,0.,-34.685));
#2020 = DIRECTION('',(0.,0.,1.));
#2021 = DIRECTION('',(1.,0.,-0.));
#2022 = ADVANCED_FACE('',(#2023,#2034),#2037,.F.);
#2023 = FACE_BOUND('',#2024,.F.);
#2024 = EDGE_LOOP('',(#2025));
#2025 = ORIENTED_EDGE('',*,*,#2026,.T.);
#2026 = EDGE_CURVE('',#2027,#2027,#2029,.T.);
#2027 = VERTEX_POINT('',#2028);
#2028 = CARTESIAN_POINT('',(3.5,0.,0.));
#2029 = CIRCLE('',#2030,3.5);
#2030 = AXIS2_PLACEMENT_3D('',#2031,#2032,#2033);
#2031 = CARTESIAN_POINT('',(0.,0.,0.));
#2032 = DIRECTION('',(0.,0.,1.));
#2033 = DIRECTION('',(1.,0.,-0.));
#2034 = FACE_BOUND('',#2035,.F.);
#2035 = EDGE_LOOP('',(#2036));
#2036 = ORIENTED_EDGE('',*,*,#1986,.F.);
#2037 = PLANE('',#2038);
#2038 = AXIS2_PLACEMENT_3D('',#2039,#2040,#2041);
#2039 = CARTESIAN_POINT('',(-2.E-16,-1.4E-16,0.));
#2040 = DIRECTION('',(0.,0.,1.));
#2041 = DIRECTION('',(1.,0.,-0.));
#2042 = ADVANCED_FACE('',(#2043),#2046,.F.);
#2043 = FACE_BOUND('',#2044,.F.);
#2044 = EDGE_LOOP('',(#2045));
#2045 = ORIENTED_EDGE('',*,*,#2001,.T.);
#2046 = PLANE('',#2047);
#2047 = AXIS2_PLACEMENT_3D('',#2048,#2049,#2050);
#2048 = CARTESIAN_POINT('',(-1.3E-16,0.,-35.));
#2049 = DIRECTION('',(0.,0.,1.));
#2050 = DIRECTION('',(1.,0.,-0.));
#2051 = ADVANCED_FACE('',(#2052),#2071,.T.);
#2052 = FACE_BOUND('',#2053,.T.);
#2053 = EDGE_LOOP('',(#2054,#2055,#2063,#2070));
#2054 = ORIENTED_EDGE('',*,*,#2026,.T.);
#2055 = ORIENTED_EDGE('',*,*,#2056,.T.);
#2056 = EDGE_CURVE('',#2027,#2057,#2059,.T.);
#2057 = VERTEX_POINT('',#2058);
#2058 = CARTESIAN_POINT('',(3.5,0.,3.6));
#2059 = LINE('',#2060,#2061);
#2060 = CARTESIAN_POINT('',(3.5,0.,0.));
#2061 = VECTOR('',#2062,1.);
#2062 = DIRECTION('',(0.,0.,1.));
#2063 = ORIENTED_EDGE('',*,*,#2064,.F.);
#2064 = EDGE_CURVE('',#2057,#2057,#2065,.T.);
#2065 = CIRCLE('',#2066,3.5);
#2066 = AXIS2_PLACEMENT_3D('',#2067,#2068,#2069);
#2067 = CARTESIAN_POINT('',(0.,0.,3.6));
#2068 = DIRECTION('',(0.,0.,1.));
#2069 = DIRECTION('',(1.,0.,-0.));
#2070 = ORIENTED_EDGE('',*,*,#2056,.F.);
#2071 = CYLINDRICAL_SURFACE('',#2072,3.5);
#2072 = AXIS2_PLACEMENT_3D('',#2073,#2074,#2075);
#2073 = CARTESIAN_POINT('',(0.,0.,0.));
#2074 = DIRECTION('',(-0.,-0.,-1.));
#2075 = DIRECTION('',(1.,0.,0.));
#2076 = ADVANCED_FACE('',(#2077),#2097,.T.);
#2077 = FACE_BOUND('',#2078,.T.);
#2078 = EDGE_LOOP('',(#2079,#2088,#2089,#2090));
#2079 = ORIENTED_EDGE('',*,*,#2080,.F.);
#2080 = EDGE_CURVE('',#2057,#2081,#2083,.T.);
#2081 = VERTEX_POINT('',#2082);
#2082 = CARTESIAN_POINT('',(3.1,0.,4.));
#2083 = CIRCLE('',#2084,0.4);
#2084 = AXIS2_PLACEMENT_3D('',#2085,#2086,#2087);
#2085 = CARTESIAN_POINT('',(3.1,0.,3.6));
#2086 = DIRECTION('',(0.,-1.,0.));
#2087 = DIRECTION('',(1.,0.,0.));
#2088 = ORIENTED_EDGE('',*,*,#2064,.T.);
#2089 = ORIENTED_EDGE('',*,*,#2080,.T.);
#2090 = ORIENTED_EDGE('',*,*,#2091,.F.);
#2091 = EDGE_CURVE('',#2081,#2081,#2092,.T.);
#2092 = CIRCLE('',#2093,3.1);
#2093 = AXIS2_PLACEMENT_3D('',#2094,#2095,#2096);
#2094 = CARTESIAN_POINT('',(0.,0.,4.));
#2095 = DIRECTION('',(0.,0.,1.));
#2096 = DIRECTION('',(1.,0.,-0.));
#2097 = TOROIDAL_SURFACE('',#2098,3.1,0.4);
#2098 = AXIS2_PLACEMENT_3D('',#2099,#2100,#2101);
#2099 = CARTESIAN_POINT('',(0.,0.,3.6));
#2100 = DIRECTION('',(0.,0.,1.));
#2101 = DIRECTION('',(1.,0.,-0.));
#2102 = ADVANCED_FACE('',(#2103,#2106),#2156,.T.);
#2103 = FACE_BOUND('',#2104,.T.);
#2104 = EDGE_LOOP('',(#2105));
#2105 = ORIENTED_EDGE('',*,*,#2091,.T.);
#2106 = FACE_BOUND('',#2107,.T.);
#2107 = EDGE_LOOP('',(#2108,#2118,#2126,#2134,#2142,#2150));
#2108 = ORIENTED_EDGE('',*,*,#2109,.F.);
#2109 = EDGE_CURVE('',#2110,#2112,#2114,.T.);
#2110 = VERTEX_POINT('',#2111);
#2111 = CARTESIAN_POINT('',(1.73,0.,4.));
#2112 = VERTEX_POINT('',#2113);
#2113 = CARTESIAN_POINT('',(0.865,1.498223948547,4.));
#2114 = LINE('',#2115,#2116);
#2115 = CARTESIAN_POINT('',(1.73,0.,4.));
#2116 = VECTOR('',#2117,1.);
#2117 = DIRECTION('',(-0.5,0.866025403784,0.));
#2118 = ORIENTED_EDGE('',*,*,#2119,.F.);
#2119 = EDGE_CURVE('',#2120,#2110,#2122,.T.);
#2120 = VERTEX_POINT('',#2121);
#2121 = CARTESIAN_POINT('',(0.865,-1.498223948547,4.));
#2122 = LINE('',#2123,#2124);
#2123 = CARTESIAN_POINT('',(0.865,-1.498223948547,4.));
#2124 = VECTOR('',#2125,1.);
#2125 = DIRECTION('',(0.5,0.866025403784,0.));
#2126 = ORIENTED_EDGE('',*,*,#2127,.F.);
#2127 = EDGE_CURVE('',#2128,#2120,#2130,.T.);
#2128 = VERTEX_POINT('',#2129);
#2129 = CARTESIAN_POINT('',(-0.865,-1.498223948547,4.));
#2130 = LINE('',#2131,#2132);
#2131 = CARTESIAN_POINT('',(-0.865,-1.498223948547,4.));
#2132 = VECTOR('',#2133,1.);
#2133 = DIRECTION('',(1.,0.,0.));
#2134 = ORIENTED_EDGE('',*,*,#2135,.F.);
#2135 = EDGE_CURVE('',#2136,#2128,#2138,.T.);
#2136 = VERTEX_POINT('',#2137);
#2137 = CARTESIAN_POINT('',(-1.73,0.,4.));
#2138 = LINE('',#2139,#2140);
#2139 = CARTESIAN_POINT('',(-1.73,0.,4.));
#2140 = VECTOR('',#2141,1.);
#2141 = DIRECTION('',(0.5,-0.866025403784,0.));
#2142 = ORIENTED_EDGE('',*,*,#2143,.F.);
#2143 = EDGE_CURVE('',#2144,#2136,#2146,.T.);
#2144 = VERTEX_POINT('',#2145);
#2145 = CARTESIAN_POINT('',(-0.865,1.498223948547,4.));
#2146 = LINE('',#2147,#2148);
#2147 = CARTESIAN_POINT('',(-0.865,1.498223948547,4.));
#2148 = VECTOR('',#2149,1.);
#2149 = DIRECTION('',(-0.5,-0.866025403784,0.));
#2150 = ORIENTED_EDGE('',*,*,#2151,.F.);
#2151 = EDGE_CURVE('',#2112,#2144,#2152,.T.);
#2152 = LINE('',#2153,#2154);
#2153 = CARTESIAN_POINT('',(0.865,1.498223948547,4.));
#2154 = VECTOR('',#2155,1.);
#2155 = DIRECTION('',(-1.,0.,0.));
#2156 = PLANE('',#2157);
#2157 = AXIS2_PLACEMENT_3D('',#2158,#2159,#2160);
#2158 = CARTESIAN_POINT('',(-2.E-16,-1.4E-16,4.));
#2159 = DIRECTION('',(0.,0.,1.));
#2160 = DIRECTION('',(1.,0.,-0.));
#2161 = ADVANCED_FACE('',(#2162),#2187,.F.);
#2162 = FACE_BOUND('',#2163,.F.);
#2163 = EDGE_LOOP('',(#2164,#2172,#2180,#2186));
#2164 = ORIENTED_EDGE('',*,*,#2165,.T.);
#2165 = EDGE_CURVE('',#2110,#2166,#2168,.T.);
#2166 = VERTEX_POINT('',#2167);
#2167 = CARTESIAN_POINT('',(1.73,0.,2.));
#2168 = LINE('',#2169,#2170);
#2169 = CARTESIAN_POINT('',(1.73,0.,4.));
#2170 = VECTOR('',#2171,1.);
#2171 = DIRECTION('',(-0.,-0.,-1.));
#2172 = ORIENTED_EDGE('',*,*,#2173,.T.);
#2173 = EDGE_CURVE('',#2166,#2174,#2176,.T.);
#2174 = VERTEX_POINT('',#2175);
#2175 = CARTESIAN_POINT('',(0.865,1.498223948547,2.));
#2176 = LINE('',#2177,#2178);
#2177 = CARTESIAN_POINT('',(1.73,0.,2.));
#2178 = VECTOR('',#2179,1.);
#2179 = DIRECTION('',(-0.5,0.866025403784,0.));
#2180 = ORIENTED_EDGE('',*,*,#2181,.F.);
#2181 = EDGE_CURVE('',#2112,#2174,#2182,.T.);
#2182 = LINE('',#2183,#2184);
#2183 = CARTESIAN_POINT('',(0.865,1.498223948547,4.));
#2184 = VECTOR('',#2185,1.);
#2185 = DIRECTION('',(-0.,-0.,-1.));
#2186 = ORIENTED_EDGE('',*,*,#2109,.F.);
#2187 = PLANE('',#2188);
#2188 = AXIS2_PLACEMENT_3D('',#2189,#2190,#2191);
#2189 = CARTESIAN_POINT('',(1.73,0.,4.));
#2190 = DIRECTION('',(0.866025403784,0.5,0.));
#2191 = DIRECTION('',(-0.5,0.866025403784,0.));
#2192 = ADVANCED_FACE('',(#2193),#2211,.F.);
#2193 = FACE_BOUND('',#2194,.F.);
#2194 = EDGE_LOOP('',(#2195,#2196,#2204,#2210));
#2195 = ORIENTED_EDGE('',*,*,#2181,.T.);
#2196 = ORIENTED_EDGE('',*,*,#2197,.T.);
#2197 = EDGE_CURVE('',#2174,#2198,#2200,.T.);
#2198 = VERTEX_POINT('',#2199);
#2199 = CARTESIAN_POINT('',(-0.865,1.498223948547,2.));
#2200 = LINE('',#2201,#2202);
#2201 = CARTESIAN_POINT('',(0.865,1.498223948547,2.));
#2202 = VECTOR('',#2203,1.);
#2203 = DIRECTION('',(-1.,0.,0.));
#2204 = ORIENTED_EDGE('',*,*,#2205,.F.);
#2205 = EDGE_CURVE('',#2144,#2198,#2206,.T.);
#2206 = LINE('',#2207,#2208);
#2207 = CARTESIAN_POINT('',(-0.865,1.498223948547,4.));
#2208 = VECTOR('',#2209,1.);
#2209 = DIRECTION('',(-0.,-0.,-1.));
#2210 = ORIENTED_EDGE('',*,*,#2151,.F.);
#2211 = PLANE('',#2212);
#2212 = AXIS2_PLACEMENT_3D('',#2213,#2214,#2215);
#2213 = CARTESIAN_POINT('',(0.865,1.498223948547,4.));
#2214 = DIRECTION('',(0.,1.,0.));
#2215 = DIRECTION('',(-1.,0.,0.));
#2216 = ADVANCED_FACE('',(#2217),#2235,.F.);
#2217 = FACE_BOUND('',#2218,.F.);
#2218 = EDGE_LOOP('',(#2219,#2220,#2228,#2234));
#2219 = ORIENTED_EDGE('',*,*,#2205,.T.);
#2220 = ORIENTED_EDGE('',*,*,#2221,.T.);
#2221 = EDGE_CURVE('',#2198,#2222,#2224,.T.);
#2222 = VERTEX_POINT('',#2223);
#2223 = CARTESIAN_POINT('',(-1.73,0.,2.));
#2224 = LINE('',#2225,#2226);
#2225 = CARTESIAN_POINT('',(-0.865,1.498223948547,2.));
#2226 = VECTOR('',#2227,1.);
#2227 = DIRECTION('',(-0.5,-0.866025403784,0.));
#2228 = ORIENTED_EDGE('',*,*,#2229,.F.);
#2229 = EDGE_CURVE('',#2136,#2222,#2230,.T.);
#2230 = LINE('',#2231,#2232);
#2231 = CARTESIAN_POINT('',(-1.73,0.,4.));
#2232 = VECTOR('',#2233,1.);
#2233 = DIRECTION('',(-0.,-0.,-1.));
#2234 = ORIENTED_EDGE('',*,*,#2143,.F.);
#2235 = PLANE('',#2236);
#2236 = AXIS2_PLACEMENT_3D('',#2237,#2238,#2239);
#2237 = CARTESIAN_POINT('',(-0.865,1.498223948547,4.));
#2238 = DIRECTION('',(-0.866025403784,0.5,0.));
#2239 = DIRECTION('',(-0.5,-0.866025403784,0.));
#2240 = ADVANCED_FACE('',(#2241),#2259,.F.);
#2241 = FACE_BOUND('',#2242,.F.);
#2242 = EDGE_LOOP('',(#2243,#2244,#2252,#2258));
#2243 = ORIENTED_EDGE('',*,*,#2229,.T.);
#2244 = ORIENTED_EDGE('',*,*,#2245,.T.);
#2245 = EDGE_CURVE('',#2222,#2246,#2248,.T.);
#2246 = VERTEX_POINT('',#2247);
#2247 = CARTESIAN_POINT('',(-0.865,-1.498223948547,2.));
#2248 = LINE('',#2249,#2250);
#2249 = CARTESIAN_POINT('',(-1.73,0.,2.));
#2250 = VECTOR('',#2251,1.);
#2251 = DIRECTION('',(0.5,-0.866025403784,0.));
#2252 = ORIENTED_EDGE('',*,*,#2253,.F.);
#2253 = EDGE_CURVE('',#2128,#2246,#2254,.T.);
#2254 = LINE('',#2255,#2256);
#2255 = CARTESIAN_POINT('',(-0.865,-1.498223948547,4.));
#2256 = VECTOR('',#2257,1.);
#2257 = DIRECTION('',(-0.,-0.,-1.));
#2258 = ORIENTED_EDGE('',*,*,#2135,.F.);
#2259 = PLANE('',#2260);
#2260 = AXIS2_PLACEMENT_3D('',#2261,#2262,#2263);
#2261 = CARTESIAN_POINT('',(-1.73,0.,4.));
#2262 = DIRECTION('',(-0.866025403784,-0.5,0.));
#2263 = DIRECTION('',(0.5,-0.866025403784,0.));
#2264 = ADVANCED_FACE('',(#2265),#2283,.F.);
#2265 = FACE_BOUND('',#2266,.F.);
#2266 = EDGE_LOOP('',(#2267,#2268,#2276,#2282));
#2267 = ORIENTED_EDGE('',*,*,#2253,.T.);
#2268 = ORIENTED_EDGE('',*,*,#2269,.T.);
#2269 = EDGE_CURVE('',#2246,#2270,#2272,.T.);
#2270 = VERTEX_POINT('',#2271);
#2271 = CARTESIAN_POINT('',(0.865,-1.498223948547,2.));
#2272 = LINE('',#2273,#2274);
#2273 = CARTESIAN_POINT('',(-0.865,-1.498223948547,2.));
#2274 = VECTOR('',#2275,1.);
#2275 = DIRECTION('',(1.,0.,0.));
#2276 = ORIENTED_EDGE('',*,*,#2277,.F.);
#2277 = EDGE_CURVE('',#2120,#2270,#2278,.T.);
#2278 = LINE('',#2279,#2280);
#2279 = CARTESIAN_POINT('',(0.865,-1.498223948547,4.));
#2280 = VECTOR('',#2281,1.);
#2281 = DIRECTION('',(-0.,-0.,-1.));
#2282 = ORIENTED_EDGE('',*,*,#2127,.F.);
#2283 = PLANE('',#2284);
#2284 = AXIS2_PLACEMENT_3D('',#2285,#2286,#2287);
#2285 = CARTESIAN_POINT('',(-0.865,-1.498223948547,4.));
#2286 = DIRECTION('',(0.,-1.,0.));
#2287 = DIRECTION('',(1.,0.,0.));
#2288 = ADVANCED_FACE('',(#2289),#2300,.F.);
#2289 = FACE_BOUND('',#2290,.F.);
#2290 = EDGE_LOOP('',(#2291,#2292,#2298,#2299));
#2291 = ORIENTED_EDGE('',*,*,#2277,.T.);
#2292 = ORIENTED_EDGE('',*,*,#2293,.T.);
#2293 = EDGE_CURVE('',#2270,#2166,#2294,.T.);
#2294 = LINE('',#2295,#2296);
#2295 = CARTESIAN_POINT('',(0.865,-1.498223948547,2.));
#2296 = VECTOR('',#2297,1.);
#2297 = DIRECTION('',(0.5,0.866025403784,0.));
#2298 = ORIENTED_EDGE('',*,*,#2165,.F.);
#2299 = ORIENTED_EDGE('',*,*,#2119,.F.);
#2300 = PLANE('',#2301);
#2301 = AXIS2_PLACEMENT_3D('',#2302,#2303,#2304);
#2302 = CARTESIAN_POINT('',(0.865,-1.498223948547,4.));
#2303 = DIRECTION('',(0.866025403784,-0.5,0.));
#2304 = DIRECTION('',(0.5,0.866025403784,0.));
#2305 = ADVANCED_FACE('',(#2306),#2314,.T.);
#2306 = FACE_BOUND('',#2307,.T.);
#2307 = EDGE_LOOP('',(#2308,#2309,#2310,#2311,#2312,#2313));
#2308 = ORIENTED_EDGE('',*,*,#2173,.T.);
#2309 = ORIENTED_EDGE('',*,*,#2197,.T.);
#2310 = ORIENTED_EDGE('',*,*,#2221,.T.);
#2311 = ORIENTED_EDGE('',*,*,#2245,.T.);
#2312 = ORIENTED_EDGE('',*,*,#2269,.T.);
#2313 = ORIENTED_EDGE('',*,*,#2293,.T.);
#2314 = PLANE('',#2315);
#2315 = AXIS2_PLACEMENT_3D('',#2316,#2317,#2318);
#2316 = CARTESIAN_POINT('',(-2.E-17,2.E-17,2.));
#2317 = DIRECTION('',(0.,0.,1.));
#2318 = DIRECTION('',(1.,0.,-0.));
#2319 = ( GEOMETRIC_REPRESENTATION_CONTEXT(3) 
GLOBAL_UNCERTAINTY_ASSIGNED_CONTEXT((#2323)) 
GLOBAL_UNIT_ASSIGNED_CONTEXT((#2320,#2321,#2322)) REPRESENTATION_CONTEXT
('Context #1','3D Context with UNIT and UNCERTAINTY') );
#2320 = ( LENGTH_UNIT() NAMED_UNIT(*) SI_UNIT(.MILLI.,.METRE.) );
#2321 = ( NAMED_UNIT(*) PLANE_ANGLE_UNIT() SI_UNIT($,.RADIAN.) );
#2322 = ( NAMED_UNIT(*) SI_UNIT($,.STERADIAN.) SOLID_ANGLE_UNIT() );
#2323 = UNCERTAINTY_MEASURE_WITH_UNIT(LENGTH_MEASURE(1.E-07),#2320,
  'distance_accuracy_value','confusion accuracy');
#2324 = CONTEXT_DEPENDENT_SHAPE_REPRESENTATION(#2325,#2327);
#2325 = ( REPRESENTATION_RELATIONSHIP('','',#1961,#56) 
REPRESENTATION_RELATIONSHIP_WITH_TRANSFORMATION(#2326) 
SHAPE_REPRESENTATION_RELATIONSHIP() );
#2326 = ITEM_DEFINED_TRANSFORMATION('','',#11,#65);
#2327 = PRODUCT_DEFINITION_SHAPE('Placement','Placement of an item',
  #2328);
#2328 = NEXT_ASSEMBLY_USAGE_OCCURRENCE('3','m4_35_1','',#51,#1956,$);
#2329 = PRODUCT_RELATED_PRODUCT_CATEGORY('part',$,(#1958));
#2330 = SHAPE_DEFINITION_REPRESENTATION(#2331,#2337);
#2331 = PRODUCT_DEFINITION_SHAPE('','',#2332);
#2332 = PRODUCT_DEFINITION('design','',#2333,#2336);
#2333 = PRODUCT_DEFINITION_FORMATION('','',#2334);
#2334 = PRODUCT('m4_35_2','m4_35_2','',(#2335));
#2335 = PRODUCT_CONTEXT('',#2,'mechanical');
#2336 = PRODUCT_DEFINITION_CONTEXT('part definition',#2,'design');
#2337 = ADVANCED_BREP_SHAPE_REPRESENTATION('',(#11,#2338),#2695);
#2338 = MANIFOLD_SOLID_BREP('',#2339);
#2339 = CLOSED_SHELL('',(#2340,#2373,#2398,#2418,#2427,#2452,#2478,#2537
    ,#2568,#2592,#2616,#2640,#2664,#2681));
#2340 = ADVANCED_FACE('',(#2341),#2368,.T.);
#2341 = FACE_BOUND('',#2342,.T.);
#2342 = EDGE_LOOP('',(#2343,#2353,#2360,#2361));
#2343 = ORIENTED_EDGE('',*,*,#2344,.T.);
#2344 = EDGE_CURVE('',#2345,#2347,#2349,.T.);
#2345 = VERTEX_POINT('',#2346);
#2346 = CARTESIAN_POINT('',(2.,0.,0.));
#2347 = VERTEX_POINT('',#2348);
#2348 = CARTESIAN_POINT('',(2.,0.,-34.685));
#2349 = LINE('',#2350,#2351);
#2350 = CARTESIAN_POINT('',(2.,0.,0.));
#2351 = VECTOR('',#2352,1.);
#2352 = DIRECTION('',(-0.,-0.,-1.));
#2353 = ORIENTED_EDGE('',*,*,#2354,.T.);
#2354 = EDGE_CURVE('',#2347,#2347,#2355,.T.);
#2355 = CIRCLE('',#2356,2.);
#2356 = AXIS2_PLACEMENT_3D('',#2357,#2358,#2359);
#2357 = CARTESIAN_POINT('',(0.,0.,-34.685));
#2358 = DIRECTION('',(0.,0.,1.));
#2359 = DIRECTION('',(1.,0.,-0.));
#2360 = ORIENTED_EDGE('',*,*,#2344,.F.);
#2361 = ORIENTED_EDGE('',*,*,#2362,.F.);
#2362 = EDGE_CURVE('',#2345,#2345,#2363,.T.);
#2363 = CIRCLE('',#2364,2.);
#2364 = AXIS2_PLACEMENT_3D('',#2365,#2366,#2367);
#2365 = CARTESIAN_POINT('',(0.,0.,0.));
#2366 = DIRECTION('',(0.,0.,1.));
#2367 = DIRECTION('',(1.,0.,-0.));
#2368 = CYLINDRICAL_SURFACE('',#2369,2.);
#2369 = AXIS2_PLACEMENT_3D('',#2370,#2371,#2372);
#2370 = CARTESIAN_POINT('',(0.,0.,0.));
#2371 = DIRECTION('',(0.,0.,1.));
#2372 = DIRECTION('',(1.,0.,-0.));
#2373 = ADVANCED_FACE('',(#2374),#2393,.T.);
#2374 = FACE_BOUND('',#2375,.T.);
#2375 = EDGE_LOOP('',(#2376,#2385,#2391,#2392));
#2376 = ORIENTED_EDGE('',*,*,#2377,.T.);
#2377 = EDGE_CURVE('',#2378,#2378,#2380,.T.);
#2378 = VERTEX_POINT('',#2379);
#2379 = CARTESIAN_POINT('',(1.685,0.,-35.));
#2380 = CIRCLE('',#2381,1.685);
#2381 = AXIS2_PLACEMENT_3D('',#2382,#2383,#2384);
#2382 = CARTESIAN_POINT('',(0.,0.,-35.));
#2383 = DIRECTION('',(0.,0.,1.));
#2384 = DIRECTION('',(1.,0.,-0.));
#2385 = ORIENTED_EDGE('',*,*,#2386,.F.);
#2386 = EDGE_CURVE('',#2347,#2378,#2387,.T.);
#2387 = LINE('',#2388,#2389);
#2388 = CARTESIAN_POINT('',(2.,0.,-34.685));
#2389 = VECTOR('',#2390,1.);
#2390 = DIRECTION('',(-0.707106781187,-0.,-0.707106781187));
#2391 = ORIENTED_EDGE('',*,*,#2354,.F.);
#2392 = ORIENTED_EDGE('',*,*,#2386,.T.);
#2393 = CONICAL_SURFACE('',#2394,2.,0.785398163397);
#2394 = AXIS2_PLACEMENT_3D('',#2395,#2396,#2397);
#2395 = CARTESIAN_POINT('',(0.,0.,-34.685));
#2396 = DIRECTION('',(0.,0.,1.));
#2397 = DIRECTION('',(1.,0.,-0.));
#2398 = ADVANCED_FACE('',(#2399,#2410),#2413,.F.);
#2399 = FACE_BOUND('',#2400,.F.);
#2400 = EDGE_LOOP('',(#2401));
#2401 = ORIENTED_EDGE('',*,*,#2402,.T.);
#2402 = EDGE_CURVE('',#2403,#2403,#2405,.T.);
#2403 = VERTEX_POINT('',#2404);
#2404 = CARTESIAN_POINT('',(3.5,0.,0.));
#2405 = CIRCLE('',#2406,3.5);
#2406 = AXIS2_PLACEMENT_3D('',#2407,#2408,#2409);
#2407 = CARTESIAN_POINT('',(0.,0.,0.));
#2408 = DIRECTION('',(0.,0.,1.));
#2409 = DIRECTION('',(1.,0.,-0.));
#2410 = FACE_BOUND('',#2411,.F.);
#2411 = EDGE_LOOP('',(#2412));
#2412 = ORIENTED_EDGE('',*,*,#2362,.F.);
#2413 = PLANE('',#2414);
#2414 = AXIS2_PLACEMENT_3D('',#2415,#2416,#2417);
#2415 = CARTESIAN_POINT('',(-1.953485903628E-16,-1.428754599005E-16,0.)
  );
#2416 = DIRECTION('',(0.,0.,1.));
#2417 = DIRECTION('',(1.,0.,-0.));
#2418 = ADVANCED_FACE('',(#2419),#2422,.F.);
#2419 = FACE_BOUND('',#2420,.F.);
#2420 = EDGE_LOOP('',(#2421));
#2421 = ORIENTED_EDGE('',*,*,#2377,.T.);
#2422 = PLANE('',#2423);
#2423 = AXIS2_PLACEMENT_3D('',#2424,#2425,#2426);
#2424 = CARTESIAN_POINT('',(-1.281975124256E-16,3.821888340557E-18,-35.)
  );
#2425 = DIRECTION('',(0.,0.,1.));
#2426 = DIRECTION('',(1.,0.,-0.));
#2427 = ADVANCED_FACE('',(#2428),#2447,.T.);
#2428 = FACE_BOUND('',#2429,.T.);
#2429 = EDGE_LOOP('',(#2430,#2431,#2439,#2446));
#2430 = ORIENTED_EDGE('',*,*,#2402,.T.);
#2431 = ORIENTED_EDGE('',*,*,#2432,.T.);
#2432 = EDGE_CURVE('',#2403,#2433,#2435,.T.);
#2433 = VERTEX_POINT('',#2434);
#2434 = CARTESIAN_POINT('',(3.5,0.,3.6));
#2435 = LINE('',#2436,#2437);
#2436 = CARTESIAN_POINT('',(3.5,0.,0.));
#2437 = VECTOR('',#2438,1.);
#2438 = DIRECTION('',(0.,0.,1.));
#2439 = ORIENTED_EDGE('',*,*,#2440,.F.);
#2440 = EDGE_CURVE('',#2433,#2433,#2441,.T.);
#2441 = CIRCLE('',#2442,3.5);
#2442 = AXIS2_PLACEMENT_3D('',#2443,#2444,#2445);
#2443 = CARTESIAN_POINT('',(0.,0.,3.6));
#2444 = DIRECTION('',(0.,0.,1.));
#2445 = DIRECTION('',(1.,0.,-0.));
#2446 = ORIENTED_EDGE('',*,*,#2432,.F.);
#2447 = CYLINDRICAL_SURFACE('',#2448,3.5);
#2448 = AXIS2_PLACEMENT_3D('',#2449,#2450,#2451);
#2449 = CARTESIAN_POINT('',(0.,0.,0.));
#2450 = DIRECTION('',(-0.,-0.,-1.));
#2451 = DIRECTION('',(1.,0.,0.));
#2452 = ADVANCED_FACE('',(#2453),#2473,.T.);
#2453 = FACE_BOUND('',#2454,.T.);
#2454 = EDGE_LOOP('',(#2455,#2464,#2465,#2466));
#2455 = ORIENTED_EDGE('',*,*,#2456,.F.);
#2456 = EDGE_CURVE('',#2433,#2457,#2459,.T.);
#2457 = VERTEX_POINT('',#2458);
#2458 = CARTESIAN_POINT('',(3.1,0.,4.));
#2459 = CIRCLE('',#2460,0.4);
#2460 = AXIS2_PLACEMENT_3D('',#2461,#2462,#2463);
#2461 = CARTESIAN_POINT('',(3.1,0.,3.6));
#2462 = DIRECTION('',(0.,-1.,0.));
#2463 = DIRECTION('',(1.,0.,0.));
#2464 = ORIENTED_EDGE('',*,*,#2440,.T.);
#2465 = ORIENTED_EDGE('',*,*,#2456,.T.);
#2466 = ORIENTED_EDGE('',*,*,#2467,.F.);
#2467 = EDGE_CURVE('',#2457,#2457,#2468,.T.);
#2468 = CIRCLE('',#2469,3.1);
#2469 = AXIS2_PLACEMENT_3D('',#2470,#2471,#2472);
#2470 = CARTESIAN_POINT('',(0.,0.,4.));
#2471 = DIRECTION('',(0.,0.,1.));
#2472 = DIRECTION('',(1.,0.,-0.));
#2473 = TOROIDAL_SURFACE('',#2474,3.1,0.4);
#2474 = AXIS2_PLACEMENT_3D('',#2475,#2476,#2477);
#2475 = CARTESIAN_POINT('',(0.,0.,3.6));
#2476 = DIRECTION('',(0.,0.,1.));
#2477 = DIRECTION('',(1.,0.,-0.));
#2478 = ADVANCED_FACE('',(#2479,#2482),#2532,.T.);
#2479 = FACE_BOUND('',#2480,.T.);
#2480 = EDGE_LOOP('',(#2481));
#2481 = ORIENTED_EDGE('',*,*,#2467,.T.);
#2482 = FACE_BOUND('',#2483,.T.);
#2483 = EDGE_LOOP('',(#2484,#2494,#2502,#2510,#2518,#2526));
#2484 = ORIENTED_EDGE('',*,*,#2485,.F.);
#2485 = EDGE_CURVE('',#2486,#2488,#2490,.T.);
#2486 = VERTEX_POINT('',#2487);
#2487 = CARTESIAN_POINT('',(1.73,1.184610418071E-23,4.));
#2488 = VERTEX_POINT('',#2489);
#2489 = CARTESIAN_POINT('',(0.865,1.498223948547,4.));
#2490 = LINE('',#2491,#2492);
#2491 = CARTESIAN_POINT('',(1.73,1.184610418071E-23,4.));
#2492 = VECTOR('',#2493,1.);
#2493 = DIRECTION('',(-0.5,0.866025403784,0.));
#2494 = ORIENTED_EDGE('',*,*,#2495,.F.);
#2495 = EDGE_CURVE('',#2496,#2486,#2498,.T.);
#2496 = VERTEX_POINT('',#2497);
#2497 = CARTESIAN_POINT('',(0.865,-1.498223948547,4.));
#2498 = LINE('',#2499,#2500);
#2499 = CARTESIAN_POINT('',(0.865,-1.498223948547,4.));
#2500 = VECTOR('',#2501,1.);
#2501 = DIRECTION('',(0.5,0.866025403784,0.));
#2502 = ORIENTED_EDGE('',*,*,#2503,.F.);
#2503 = EDGE_CURVE('',#2504,#2496,#2506,.T.);
#2504 = VERTEX_POINT('',#2505);
#2505 = CARTESIAN_POINT('',(-0.865,-1.498223948547,4.));
#2506 = LINE('',#2507,#2508);
#2507 = CARTESIAN_POINT('',(-0.865,-1.498223948547,4.));
#2508 = VECTOR('',#2509,1.);
#2509 = DIRECTION('',(1.,0.,0.));
#2510 = ORIENTED_EDGE('',*,*,#2511,.F.);
#2511 = EDGE_CURVE('',#2512,#2504,#2514,.T.);
#2512 = VERTEX_POINT('',#2513);
#2513 = CARTESIAN_POINT('',(-1.73,0.,4.));
#2514 = LINE('',#2515,#2516);
#2515 = CARTESIAN_POINT('',(-1.73,0.,4.));
#2516 = VECTOR('',#2517,1.);
#2517 = DIRECTION('',(0.5,-0.866025403784,0.));
#2518 = ORIENTED_EDGE('',*,*,#2519,.F.);
#2519 = EDGE_CURVE('',#2520,#2512,#2522,.T.);
#2520 = VERTEX_POINT('',#2521);
#2521 = CARTESIAN_POINT('',(-0.865,1.498223948547,4.));
#2522 = LINE('',#2523,#2524);
#2523 = CARTESIAN_POINT('',(-0.865,1.498223948547,4.));
#2524 = VECTOR('',#2525,1.);
#2525 = DIRECTION('',(-0.5,-0.866025403784,0.));
#2526 = ORIENTED_EDGE('',*,*,#2527,.F.);
#2527 = EDGE_CURVE('',#2488,#2520,#2528,.T.);
#2528 = LINE('',#2529,#2530);
#2529 = CARTESIAN_POINT('',(0.865,1.498223948547,4.));
#2530 = VECTOR('',#2531,1.);
#2531 = DIRECTION('',(-1.,0.,0.));
#2532 = PLANE('',#2533);
#2533 = AXIS2_PLACEMENT_3D('',#2534,#2535,#2536);
#2534 = CARTESIAN_POINT('',(-1.953485903628E-16,-1.428754599005E-16,4.)
  );
#2535 = DIRECTION('',(0.,0.,1.));
#2536 = DIRECTION('',(1.,0.,-0.));
#2537 = ADVANCED_FACE('',(#2538),#2563,.F.);
#2538 = FACE_BOUND('',#2539,.F.);
#2539 = EDGE_LOOP('',(#2540,#2548,#2556,#2562));
#2540 = ORIENTED_EDGE('',*,*,#2541,.T.);
#2541 = EDGE_CURVE('',#2486,#2542,#2544,.T.);
#2542 = VERTEX_POINT('',#2543);
#2543 = CARTESIAN_POINT('',(1.73,1.184610418071E-23,2.));
#2544 = LINE('',#2545,#2546);
#2545 = CARTESIAN_POINT('',(1.73,1.184610418071E-23,4.));
#2546 = VECTOR('',#2547,1.);
#2547 = DIRECTION('',(-0.,-0.,-1.));
#2548 = ORIENTED_EDGE('',*,*,#2549,.T.);
#2549 = EDGE_CURVE('',#2542,#2550,#2552,.T.);
#2550 = VERTEX_POINT('',#2551);
#2551 = CARTESIAN_POINT('',(0.865,1.498223948547,2.));
#2552 = LINE('',#2553,#2554);
#2553 = CARTESIAN_POINT('',(1.73,1.184610418071E-23,2.));
#2554 = VECTOR('',#2555,1.);
#2555 = DIRECTION('',(-0.5,0.866025403784,0.));
#2556 = ORIENTED_EDGE('',*,*,#2557,.F.);
#2557 = EDGE_CURVE('',#2488,#2550,#2558,.T.);
#2558 = LINE('',#2559,#2560);
#2559 = CARTESIAN_POINT('',(0.865,1.498223948547,4.));
#2560 = VECTOR('',#2561,1.);
#2561 = DIRECTION('',(-0.,-0.,-1.));
#2562 = ORIENTED_EDGE('',*,*,#2485,.F.);
#2563 = PLANE('',#2564);
#2564 = AXIS2_PLACEMENT_3D('',#2565,#2566,#2567);
#2565 = CARTESIAN_POINT('',(1.73,1.184610418071E-23,4.));
#2566 = DIRECTION('',(0.866025403784,0.5,0.));
#2567 = DIRECTION('',(-0.5,0.866025403784,0.));
#2568 = ADVANCED_FACE('',(#2569),#2587,.F.);
#2569 = FACE_BOUND('',#2570,.F.);
#2570 = EDGE_LOOP('',(#2571,#2572,#2580,#2586));
#2571 = ORIENTED_EDGE('',*,*,#2557,.T.);
#2572 = ORIENTED_EDGE('',*,*,#2573,.T.);
#2573 = EDGE_CURVE('',#2550,#2574,#2576,.T.);
#2574 = VERTEX_POINT('',#2575);
#2575 = CARTESIAN_POINT('',(-0.865,1.498223948547,2.));
#2576 = LINE('',#2577,#2578);
#2577 = CARTESIAN_POINT('',(0.865,1.498223948547,2.));
#2578 = VECTOR('',#2579,1.);
#2579 = DIRECTION('',(-1.,0.,0.));
#2580 = ORIENTED_EDGE('',*,*,#2581,.F.);
#2581 = EDGE_CURVE('',#2520,#2574,#2582,.T.);
#2582 = LINE('',#2583,#2584);
#2583 = CARTESIAN_POINT('',(-0.865,1.498223948547,4.));
#2584 = VECTOR('',#2585,1.);
#2585 = DIRECTION('',(-0.,-0.,-1.));
#2586 = ORIENTED_EDGE('',*,*,#2527,.F.);
#2587 = PLANE('',#2588);
#2588 = AXIS2_PLACEMENT_3D('',#2589,#2590,#2591);
#2589 = CARTESIAN_POINT('',(0.865,1.498223948547,4.));
#2590 = DIRECTION('',(0.,1.,0.));
#2591 = DIRECTION('',(-1.,0.,0.));
#2592 = ADVANCED_FACE('',(#2593),#2611,.F.);
#2593 = FACE_BOUND('',#2594,.F.);
#2594 = EDGE_LOOP('',(#2595,#2596,#2604,#2610));
#2595 = ORIENTED_EDGE('',*,*,#2581,.T.);
#2596 = ORIENTED_EDGE('',*,*,#2597,.T.);
#2597 = EDGE_CURVE('',#2574,#2598,#2600,.T.);
#2598 = VERTEX_POINT('',#2599);
#2599 = CARTESIAN_POINT('',(-1.73,0.,2.));
#2600 = LINE('',#2601,#2602);
#2601 = CARTESIAN_POINT('',(-0.865,1.498223948547,2.));
#2602 = VECTOR('',#2603,1.);
#2603 = DIRECTION('',(-0.5,-0.866025403784,0.));
#2604 = ORIENTED_EDGE('',*,*,#2605,.F.);
#2605 = EDGE_CURVE('',#2512,#2598,#2606,.T.);
#2606 = LINE('',#2607,#2608);
#2607 = CARTESIAN_POINT('',(-1.73,0.,4.));
#2608 = VECTOR('',#2609,1.);
#2609 = DIRECTION('',(-0.,-0.,-1.));
#2610 = ORIENTED_EDGE('',*,*,#2519,.F.);
#2611 = PLANE('',#2612);
#2612 = AXIS2_PLACEMENT_3D('',#2613,#2614,#2615);
#2613 = CARTESIAN_POINT('',(-0.865,1.498223948547,4.));
#2614 = DIRECTION('',(-0.866025403784,0.5,0.));
#2615 = DIRECTION('',(-0.5,-0.866025403784,0.));
#2616 = ADVANCED_FACE('',(#2617),#2635,.F.);
#2617 = FACE_BOUND('',#2618,.F.);
#2618 = EDGE_LOOP('',(#2619,#2620,#2628,#2634));
#2619 = ORIENTED_EDGE('',*,*,#2605,.T.);
#2620 = ORIENTED_EDGE('',*,*,#2621,.T.);
#2621 = EDGE_CURVE('',#2598,#2622,#2624,.T.);
#2622 = VERTEX_POINT('',#2623);
#2623 = CARTESIAN_POINT('',(-0.865,-1.498223948547,2.));
#2624 = LINE('',#2625,#2626);
#2625 = CARTESIAN_POINT('',(-1.73,0.,2.));
#2626 = VECTOR('',#2627,1.);
#2627 = DIRECTION('',(0.5,-0.866025403784,0.));
#2628 = ORIENTED_EDGE('',*,*,#2629,.F.);
#2629 = EDGE_CURVE('',#2504,#2622,#2630,.T.);
#2630 = LINE('',#2631,#2632);
#2631 = CARTESIAN_POINT('',(-0.865,-1.498223948547,4.));
#2632 = VECTOR('',#2633,1.);
#2633 = DIRECTION('',(-0.,-0.,-1.));
#2634 = ORIENTED_EDGE('',*,*,#2511,.F.);
#2635 = PLANE('',#2636);
#2636 = AXIS2_PLACEMENT_3D('',#2637,#2638,#2639);
#2637 = CARTESIAN_POINT('',(-1.73,0.,4.));
#2638 = DIRECTION('',(-0.866025403784,-0.5,0.));
#2639 = DIRECTION('',(0.5,-0.866025403784,0.));
#2640 = ADVANCED_FACE('',(#2641),#2659,.F.);
#2641 = FACE_BOUND('',#2642,.F.);
#2642 = EDGE_LOOP('',(#2643,#2644,#2652,#2658));
#2643 = ORIENTED_EDGE('',*,*,#2629,.T.);
#2644 = ORIENTED_EDGE('',*,*,#2645,.T.);
#2645 = EDGE_CURVE('',#2622,#2646,#2648,.T.);
#2646 = VERTEX_POINT('',#2647);
#2647 = CARTESIAN_POINT('',(0.865,-1.498223948547,2.));
#2648 = LINE('',#2649,#2650);
#2649 = CARTESIAN_POINT('',(-0.865,-1.498223948547,2.));
#2650 = VECTOR('',#2651,1.);
#2651 = DIRECTION('',(1.,0.,0.));
#2652 = ORIENTED_EDGE('',*,*,#2653,.F.);
#2653 = EDGE_CURVE('',#2496,#2646,#2654,.T.);
#2654 = LINE('',#2655,#2656);
#2655 = CARTESIAN_POINT('',(0.865,-1.498223948547,4.));
#2656 = VECTOR('',#2657,1.);
#2657 = DIRECTION('',(-0.,-0.,-1.));
#2658 = ORIENTED_EDGE('',*,*,#2503,.F.);
#2659 = PLANE('',#2660);
#2660 = AXIS2_PLACEMENT_3D('',#2661,#2662,#2663);
#2661 = CARTESIAN_POINT('',(-0.865,-1.498223948547,4.));
#2662 = DIRECTION('',(0.,-1.,0.));
#2663 = DIRECTION('',(1.,0.,0.));
#2664 = ADVANCED_FACE('',(#2665),#2676,.F.);
#2665 = FACE_BOUND('',#2666,.F.);
#2666 = EDGE_LOOP('',(#2667,#2668,#2674,#2675));
#2667 = ORIENTED_EDGE('',*,*,#2653,.T.);
#2668 = ORIENTED_EDGE('',*,*,#2669,.T.);
#2669 = EDGE_CURVE('',#2646,#2542,#2670,.T.);
#2670 = LINE('',#2671,#2672);
#2671 = CARTESIAN_POINT('',(0.865,-1.498223948547,2.));
#2672 = VECTOR('',#2673,1.);
#2673 = DIRECTION('',(0.5,0.866025403784,0.));
#2674 = ORIENTED_EDGE('',*,*,#2541,.F.);
#2675 = ORIENTED_EDGE('',*,*,#2495,.F.);
#2676 = PLANE('',#2677);
#2677 = AXIS2_PLACEMENT_3D('',#2678,#2679,#2680);
#2678 = CARTESIAN_POINT('',(0.865,-1.498223948547,4.));
#2679 = DIRECTION('',(0.866025403784,-0.5,0.));
#2680 = DIRECTION('',(0.5,0.866025403784,0.));
#2681 = ADVANCED_FACE('',(#2682),#2690,.T.);
#2682 = FACE_BOUND('',#2683,.T.);
#2683 = EDGE_LOOP('',(#2684,#2685,#2686,#2687,#2688,#2689));
#2684 = ORIENTED_EDGE('',*,*,#2549,.T.);
#2685 = ORIENTED_EDGE('',*,*,#2573,.T.);
#2686 = ORIENTED_EDGE('',*,*,#2597,.T.);
#2687 = ORIENTED_EDGE('',*,*,#2621,.T.);
#2688 = ORIENTED_EDGE('',*,*,#2645,.T.);
#2689 = ORIENTED_EDGE('',*,*,#2669,.T.);
#2690 = PLANE('',#2691);
#2691 = AXIS2_PLACEMENT_3D('',#2692,#2693,#2694);
#2692 = CARTESIAN_POINT('',(-2.139158043594E-17,2.139158043594E-17,2.));
#2693 = DIRECTION('',(0.,0.,1.));
#2694 = DIRECTION('',(1.,0.,-0.));
#2695 = ( GEOMETRIC_REPRESENTATION_CONTEXT(3) 
GLOBAL_UNCERTAINTY_ASSIGNED_CONTEXT((#2699)) 
GLOBAL_UNIT_ASSIGNED_CONTEXT((#2696,#2697,#2698)) REPRESENTATION_CONTEXT
('Context #1','3D Context with UNIT and UNCERTAINTY') );
#2696 = ( LENGTH_UNIT() NAMED_UNIT(*) SI_UNIT(.MILLI.,.METRE.) );
#2697 = ( NAMED_UNIT(*) PLANE_ANGLE_UNIT() SI_UNIT($,.RADIAN.) );
#2698 = ( NAMED_UNIT(*) SI_UNIT($,.STERADIAN.) SOLID_ANGLE_UNIT() );
#2699 = UNCERTAINTY_MEASURE_WITH_UNIT(LENGTH_MEASURE(1.E-07),#2696,
  'distance_accuracy_value','confusion accuracy');
#2700 = CONTEXT_DEPENDENT_SHAPE_REPRESENTATION(#2701,#2703);
#2701 = ( REPRESENTATION_RELATIONSHIP('','',#2337,#56) 
REPRESENTATION_RELATIONSHIP_WITH_TRANSFORMATION(#2702) 
SHAPE_REPRESENTATION_RELATIONSHIP() );
#2702 = ITEM_DEFINED_TRANSFORMATION('','',#11,#69);
#2703 = PRODUCT_DEFINITION_SHAPE('Placement','Placement of an item',
  #2704);
#2704 = NEXT_ASSEMBLY_USAGE_OCCURRENCE('4','m4_35_2','',#51,#2332,$);
#2705 = PRODUCT_RELATED_PRODUCT_CATEGORY('part',$,(#2334));
#2706 = SHAPE_DEFINITION_REPRESENTATION(#2707,#2713);
#2707 = PRODUCT_DEFINITION_SHAPE('','',#2708);
#2708 = PRODUCT_DEFINITION('design','',#2709,#2712);
#2709 = PRODUCT_DEFINITION_FORMATION('','',#2710);
#2710 = PRODUCT('m4_35_3','m4_35_3','',(#2711));
#2711 = PRODUCT_CONTEXT('',#2,'mechanical');
#2712 = PRODUCT_DEFINITION_CONTEXT('part definition',#2,'design');
#2713 = ADVANCED_BREP_SHAPE_REPRESENTATION('',(#11,#2714),#3071);
#2714 = MANIFOLD_SOLID_BREP('',#2715);
#2715 = CLOSED_SHELL('',(#2716,#2749,#2774,#2794,#2803,#2828,#2854,#2913
    ,#2944,#2968,#2992,#3016,#3040,#3057));
#2716 = ADVANCED_FACE('',(#2717),#2744,.T.);
#2717 = FACE_BOUND('',#2718,.T.);
#2718 = EDGE_LOOP('',(#2719,#2729,#2736,#2737));
#2719 = ORIENTED_EDGE('',*,*,#2720,.T.);
#2720 = EDGE_CURVE('',#2721,#2723,#2725,.T.);
#2721 = VERTEX_POINT('',#2722);
#2722 = CARTESIAN_POINT('',(2.,0.,0.));
#2723 = VERTEX_POINT('',#2724);
#2724 = CARTESIAN_POINT('',(2.,0.,-34.685));
#2725 = LINE('',#2726,#2727);
#2726 = CARTESIAN_POINT('',(2.,0.,0.));
#2727 = VECTOR('',#2728,1.);
#2728 = DIRECTION('',(-0.,-0.,-1.));
#2729 = ORIENTED_EDGE('',*,*,#2730,.T.);
#2730 = EDGE_CURVE('',#2723,#2723,#2731,.T.);
#2731 = CIRCLE('',#2732,2.);
#2732 = AXIS2_PLACEMENT_3D('',#2733,#2734,#2735);
#2733 = CARTESIAN_POINT('',(0.,0.,-34.685));
#2734 = DIRECTION('',(0.,0.,1.));
#2735 = DIRECTION('',(1.,0.,-0.));
#2736 = ORIENTED_EDGE('',*,*,#2720,.F.);
#2737 = ORIENTED_EDGE('',*,*,#2738,.F.);
#2738 = EDGE_CURVE('',#2721,#2721,#2739,.T.);
#2739 = CIRCLE('',#2740,2.);
#2740 = AXIS2_PLACEMENT_3D('',#2741,#2742,#2743);
#2741 = CARTESIAN_POINT('',(0.,0.,0.));
#2742 = DIRECTION('',(0.,0.,1.));
#2743 = DIRECTION('',(1.,0.,-0.));
#2744 = CYLINDRICAL_SURFACE('',#2745,2.);
#2745 = AXIS2_PLACEMENT_3D('',#2746,#2747,#2748);
#2746 = CARTESIAN_POINT('',(0.,0.,0.));
#2747 = DIRECTION('',(0.,0.,1.));
#2748 = DIRECTION('',(1.,0.,-0.));
#2749 = ADVANCED_FACE('',(#2750),#2769,.T.);
#2750 = FACE_BOUND('',#2751,.T.);
#2751 = EDGE_LOOP('',(#2752,#2761,#2767,#2768));
#2752 = ORIENTED_EDGE('',*,*,#2753,.T.);
#2753 = EDGE_CURVE('',#2754,#2754,#2756,.T.);
#2754 = VERTEX_POINT('',#2755);
#2755 = CARTESIAN_POINT('',(1.685,0.,-35.));
#2756 = CIRCLE('',#2757,1.685);
#2757 = AXIS2_PLACEMENT_3D('',#2758,#2759,#2760);
#2758 = CARTESIAN_POINT('',(0.,0.,-35.));
#2759 = DIRECTION('',(0.,0.,1.));
#2760 = DIRECTION('',(1.,0.,-0.));
#2761 = ORIENTED_EDGE('',*,*,#2762,.F.);
#2762 = EDGE_CURVE('',#2723,#2754,#2763,.T.);
#2763 = LINE('',#2764,#2765);
#2764 = CARTESIAN_POINT('',(2.,0.,-34.685));
#2765 = VECTOR('',#2766,1.);
#2766 = DIRECTION('',(-0.707106781187,-0.,-0.707106781187));
#2767 = ORIENTED_EDGE('',*,*,#2730,.F.);
#2768 = ORIENTED_EDGE('',*,*,#2762,.T.);
#2769 = CONICAL_SURFACE('',#2770,2.,0.785398163397);
#2770 = AXIS2_PLACEMENT_3D('',#2771,#2772,#2773);
#2771 = CARTESIAN_POINT('',(0.,0.,-34.685));
#2772 = DIRECTION('',(0.,0.,1.));
#2773 = DIRECTION('',(1.,0.,-0.));
#2774 = ADVANCED_FACE('',(#2775,#2786),#2789,.F.);
#2775 = FACE_BOUND('',#2776,.F.);
#2776 = EDGE_LOOP('',(#2777));
#2777 = ORIENTED_EDGE('',*,*,#2778,.T.);
#2778 = EDGE_CURVE('',#2779,#2779,#2781,.T.);
#2779 = VERTEX_POINT('',#2780);
#2780 = CARTESIAN_POINT('',(3.5,0.,0.));
#2781 = CIRCLE('',#2782,3.5);
#2782 = AXIS2_PLACEMENT_3D('',#2783,#2784,#2785);
#2783 = CARTESIAN_POINT('',(0.,0.,0.));
#2784 = DIRECTION('',(0.,0.,1.));
#2785 = DIRECTION('',(1.,0.,-0.));
#2786 = FACE_BOUND('',#2787,.F.);
#2787 = EDGE_LOOP('',(#2788));
#2788 = ORIENTED_EDGE('',*,*,#2738,.F.);
#2789 = PLANE('',#2790);
#2790 = AXIS2_PLACEMENT_3D('',#2791,#2792,#2793);
#2791 = CARTESIAN_POINT('',(-2.E-16,-1.4E-16,0.));
#2792 = DIRECTION('',(0.,0.,1.));
#2793 = DIRECTION('',(1.,0.,-0.));
#2794 = ADVANCED_FACE('',(#2795),#2798,.F.);
#2795 = FACE_BOUND('',#2796,.F.);
#2796 = EDGE_LOOP('',(#2797));
#2797 = ORIENTED_EDGE('',*,*,#2753,.T.);
#2798 = PLANE('',#2799);
#2799 = AXIS2_PLACEMENT_3D('',#2800,#2801,#2802);
#2800 = CARTESIAN_POINT('',(-1.3E-16,0.,-35.));
#2801 = DIRECTION('',(0.,0.,1.));
#2802 = DIRECTION('',(1.,0.,-0.));
#2803 = ADVANCED_FACE('',(#2804),#2823,.T.);
#2804 = FACE_BOUND('',#2805,.T.);
#2805 = EDGE_LOOP('',(#2806,#2807,#2815,#2822));
#2806 = ORIENTED_EDGE('',*,*,#2778,.T.);
#2807 = ORIENTED_EDGE('',*,*,#2808,.T.);
#2808 = EDGE_CURVE('',#2779,#2809,#2811,.T.);
#2809 = VERTEX_POINT('',#2810);
#2810 = CARTESIAN_POINT('',(3.5,0.,3.6));
#2811 = LINE('',#2812,#2813);
#2812 = CARTESIAN_POINT('',(3.5,0.,0.));
#2813 = VECTOR('',#2814,1.);
#2814 = DIRECTION('',(0.,0.,1.));
#2815 = ORIENTED_EDGE('',*,*,#2816,.F.);
#2816 = EDGE_CURVE('',#2809,#2809,#2817,.T.);
#2817 = CIRCLE('',#2818,3.5);
#2818 = AXIS2_PLACEMENT_3D('',#2819,#2820,#2821);
#2819 = CARTESIAN_POINT('',(0.,0.,3.6));
#2820 = DIRECTION('',(0.,0.,1.));
#2821 = DIRECTION('',(1.,0.,-0.));
#2822 = ORIENTED_EDGE('',*,*,#2808,.F.);
#2823 = CYLINDRICAL_SURFACE('',#2824,3.5);
#2824 = AXIS2_PLACEMENT_3D('',#2825,#2826,#2827);
#2825 = CARTESIAN_POINT('',(0.,0.,0.));
#2826 = DIRECTION('',(-0.,-0.,-1.));
#2827 = DIRECTION('',(1.,0.,0.));
#2828 = ADVANCED_FACE('',(#2829),#2849,.T.);
#2829 = FACE_BOUND('',#2830,.T.);
#2830 = EDGE_LOOP('',(#2831,#2840,#2841,#2842));
#2831 = ORIENTED_EDGE('',*,*,#2832,.F.);
#2832 = EDGE_CURVE('',#2809,#2833,#2835,.T.);
#2833 = VERTEX_POINT('',#2834);
#2834 = CARTESIAN_POINT('',(3.1,0.,4.));
#2835 = CIRCLE('',#2836,0.4);
#2836 = AXIS2_PLACEMENT_3D('',#2837,#2838,#2839);
#2837 = CARTESIAN_POINT('',(3.1,0.,3.6));
#2838 = DIRECTION('',(0.,-1.,0.));
#2839 = DIRECTION('',(1.,0.,0.));
#2840 = ORIENTED_EDGE('',*,*,#2816,.T.);
#2841 = ORIENTED_EDGE('',*,*,#2832,.T.);
#2842 = ORIENTED_EDGE('',*,*,#2843,.F.);
#2843 = EDGE_CURVE('',#2833,#2833,#2844,.T.);
#2844 = CIRCLE('',#2845,3.1);
#2845 = AXIS2_PLACEMENT_3D('',#2846,#2847,#2848);
#2846 = CARTESIAN_POINT('',(0.,0.,4.));
#2847 = DIRECTION('',(0.,0.,1.));
#2848 = DIRECTION('',(1.,0.,-0.));
#2849 = TOROIDAL_SURFACE('',#2850,3.1,0.4);
#2850 = AXIS2_PLACEMENT_3D('',#2851,#2852,#2853);
#2851 = CARTESIAN_POINT('',(0.,0.,3.6));
#2852 = DIRECTION('',(0.,0.,1.));
#2853 = DIRECTION('',(1.,0.,-0.));
#2854 = ADVANCED_FACE('',(#2855,#2858),#2908,.T.);
#2855 = FACE_BOUND('',#2856,.T.);
#2856 = EDGE_LOOP('',(#2857));
#2857 = ORIENTED_EDGE('',*,*,#2843,.T.);
#2858 = FACE_BOUND('',#2859,.T.);
#2859 = EDGE_LOOP('',(#2860,#2870,#2878,#2886,#2894,#2902));
#2860 = ORIENTED_EDGE('',*,*,#2861,.F.);
#2861 = EDGE_CURVE('',#2862,#2864,#2866,.T.);
#2862 = VERTEX_POINT('',#2863);
#2863 = CARTESIAN_POINT('',(1.73,0.,4.));
#2864 = VERTEX_POINT('',#2865);
#2865 = CARTESIAN_POINT('',(0.865,1.498223948547,4.));
#2866 = LINE('',#2867,#2868);
#2867 = CARTESIAN_POINT('',(1.73,0.,4.));
#2868 = VECTOR('',#2869,1.);
#2869 = DIRECTION('',(-0.5,0.866025403784,0.));
#2870 = ORIENTED_EDGE('',*,*,#2871,.F.);
#2871 = EDGE_CURVE('',#2872,#2862,#2874,.T.);
#2872 = VERTEX_POINT('',#2873);
#2873 = CARTESIAN_POINT('',(0.865,-1.498223948547,4.));
#2874 = LINE('',#2875,#2876);
#2875 = CARTESIAN_POINT('',(0.865,-1.498223948547,4.));
#2876 = VECTOR('',#2877,1.);
#2877 = DIRECTION('',(0.5,0.866025403784,0.));
#2878 = ORIENTED_EDGE('',*,*,#2879,.F.);
#2879 = EDGE_CURVE('',#2880,#2872,#2882,.T.);
#2880 = VERTEX_POINT('',#2881);
#2881 = CARTESIAN_POINT('',(-0.865,-1.498223948547,4.));
#2882 = LINE('',#2883,#2884);
#2883 = CARTESIAN_POINT('',(-0.865,-1.498223948547,4.));
#2884 = VECTOR('',#2885,1.);
#2885 = DIRECTION('',(1.,0.,0.));
#2886 = ORIENTED_EDGE('',*,*,#2887,.F.);
#2887 = EDGE_CURVE('',#2888,#2880,#2890,.T.);
#2888 = VERTEX_POINT('',#2889);
#2889 = CARTESIAN_POINT('',(-1.73,0.,4.));
#2890 = LINE('',#2891,#2892);
#2891 = CARTESIAN_POINT('',(-1.73,0.,4.));
#2892 = VECTOR('',#2893,1.);
#2893 = DIRECTION('',(0.5,-0.866025403784,0.));
#2894 = ORIENTED_EDGE('',*,*,#2895,.F.);
#2895 = EDGE_CURVE('',#2896,#2888,#2898,.T.);
#2896 = VERTEX_POINT('',#2897);
#2897 = CARTESIAN_POINT('',(-0.865,1.498223948547,4.));
#2898 = LINE('',#2899,#2900);
#2899 = CARTESIAN_POINT('',(-0.865,1.498223948547,4.));
#2900 = VECTOR('',#2901,1.);
#2901 = DIRECTION('',(-0.5,-0.866025403784,0.));
#2902 = ORIENTED_EDGE('',*,*,#2903,.F.);
#2903 = EDGE_CURVE('',#2864,#2896,#2904,.T.);
#2904 = LINE('',#2905,#2906);
#2905 = CARTESIAN_POINT('',(0.865,1.498223948547,4.));
#2906 = VECTOR('',#2907,1.);
#2907 = DIRECTION('',(-1.,0.,0.));
#2908 = PLANE('',#2909);
#2909 = AXIS2_PLACEMENT_3D('',#2910,#2911,#2912);
#2910 = CARTESIAN_POINT('',(-2.E-16,-1.4E-16,4.));
#2911 = DIRECTION('',(0.,0.,1.));
#2912 = DIRECTION('',(1.,0.,-0.));
#2913 = ADVANCED_FACE('',(#2914),#2939,.F.);
#2914 = FACE_BOUND('',#2915,.F.);
#2915 = EDGE_LOOP('',(#2916,#2924,#2932,#2938));
#2916 = ORIENTED_EDGE('',*,*,#2917,.T.);
#2917 = EDGE_CURVE('',#2862,#2918,#2920,.T.);
#2918 = VERTEX_POINT('',#2919);
#2919 = CARTESIAN_POINT('',(1.73,0.,2.));
#2920 = LINE('',#2921,#2922);
#2921 = CARTESIAN_POINT('',(1.73,0.,4.));
#2922 = VECTOR('',#2923,1.);
#2923 = DIRECTION('',(-0.,-0.,-1.));
#2924 = ORIENTED_EDGE('',*,*,#2925,.T.);
#2925 = EDGE_CURVE('',#2918,#2926,#2928,.T.);
#2926 = VERTEX_POINT('',#2927);
#2927 = CARTESIAN_POINT('',(0.865,1.498223948547,2.));
#2928 = LINE('',#2929,#2930);
#2929 = CARTESIAN_POINT('',(1.73,0.,2.));
#2930 = VECTOR('',#2931,1.);
#2931 = DIRECTION('',(-0.5,0.866025403784,0.));
#2932 = ORIENTED_EDGE('',*,*,#2933,.F.);
#2933 = EDGE_CURVE('',#2864,#2926,#2934,.T.);
#2934 = LINE('',#2935,#2936);
#2935 = CARTESIAN_POINT('',(0.865,1.498223948547,4.));
#2936 = VECTOR('',#2937,1.);
#2937 = DIRECTION('',(-0.,-0.,-1.));
#2938 = ORIENTED_EDGE('',*,*,#2861,.F.);
#2939 = PLANE('',#2940);
#2940 = AXIS2_PLACEMENT_3D('',#2941,#2942,#2943);
#2941 = CARTESIAN_POINT('',(1.73,0.,4.));
#2942 = DIRECTION('',(0.866025403784,0.5,0.));
#2943 = DIRECTION('',(-0.5,0.866025403784,0.));
#2944 = ADVANCED_FACE('',(#2945),#2963,.F.);
#2945 = FACE_BOUND('',#2946,.F.);
#2946 = EDGE_LOOP('',(#2947,#2948,#2956,#2962));
#2947 = ORIENTED_EDGE('',*,*,#2933,.T.);
#2948 = ORIENTED_EDGE('',*,*,#2949,.T.);
#2949 = EDGE_CURVE('',#2926,#2950,#2952,.T.);
#2950 = VERTEX_POINT('',#2951);
#2951 = CARTESIAN_POINT('',(-0.865,1.498223948547,2.));
#2952 = LINE('',#2953,#2954);
#2953 = CARTESIAN_POINT('',(0.865,1.498223948547,2.));
#2954 = VECTOR('',#2955,1.);
#2955 = DIRECTION('',(-1.,0.,0.));
#2956 = ORIENTED_EDGE('',*,*,#2957,.F.);
#2957 = EDGE_CURVE('',#2896,#2950,#2958,.T.);
#2958 = LINE('',#2959,#2960);
#2959 = CARTESIAN_POINT('',(-0.865,1.498223948547,4.));
#2960 = VECTOR('',#2961,1.);
#2961 = DIRECTION('',(-0.,-0.,-1.));
#2962 = ORIENTED_EDGE('',*,*,#2903,.F.);
#2963 = PLANE('',#2964);
#2964 = AXIS2_PLACEMENT_3D('',#2965,#2966,#2967);
#2965 = CARTESIAN_POINT('',(0.865,1.498223948547,4.));
#2966 = DIRECTION('',(0.,1.,0.));
#2967 = DIRECTION('',(-1.,0.,0.));
#2968 = ADVANCED_FACE('',(#2969),#2987,.F.);
#2969 = FACE_BOUND('',#2970,.F.);
#2970 = EDGE_LOOP('',(#2971,#2972,#2980,#2986));
#2971 = ORIENTED_EDGE('',*,*,#2957,.T.);
#2972 = ORIENTED_EDGE('',*,*,#2973,.T.);
#2973 = EDGE_CURVE('',#2950,#2974,#2976,.T.);
#2974 = VERTEX_POINT('',#2975);
#2975 = CARTESIAN_POINT('',(-1.73,0.,2.));
#2976 = LINE('',#2977,#2978);
#2977 = CARTESIAN_POINT('',(-0.865,1.498223948547,2.));
#2978 = VECTOR('',#2979,1.);
#2979 = DIRECTION('',(-0.5,-0.866025403784,0.));
#2980 = ORIENTED_EDGE('',*,*,#2981,.F.);
#2981 = EDGE_CURVE('',#2888,#2974,#2982,.T.);
#2982 = LINE('',#2983,#2984);
#2983 = CARTESIAN_POINT('',(-1.73,0.,4.));
#2984 = VECTOR('',#2985,1.);
#2985 = DIRECTION('',(-0.,-0.,-1.));
#2986 = ORIENTED_EDGE('',*,*,#2895,.F.);
#2987 = PLANE('',#2988);
#2988 = AXIS2_PLACEMENT_3D('',#2989,#2990,#2991);
#2989 = CARTESIAN_POINT('',(-0.865,1.498223948547,4.));
#2990 = DIRECTION('',(-0.866025403784,0.5,0.));
#2991 = DIRECTION('',(-0.5,-0.866025403784,0.));
#2992 = ADVANCED_FACE('',(#2993),#3011,.F.);
#2993 = FACE_BOUND('',#2994,.F.);
#2994 = EDGE_LOOP('',(#2995,#2996,#3004,#3010));
#2995 = ORIENTED_EDGE('',*,*,#2981,.T.);
#2996 = ORIENTED_EDGE('',*,*,#2997,.T.);
#2997 = EDGE_CURVE('',#2974,#2998,#3000,.T.);
#2998 = VERTEX_POINT('',#2999);
#2999 = CARTESIAN_POINT('',(-0.865,-1.498223948547,2.));
#3000 = LINE('',#3001,#3002);
#3001 = CARTESIAN_POINT('',(-1.73,0.,2.));
#3002 = VECTOR('',#3003,1.);
#3003 = DIRECTION('',(0.5,-0.866025403784,0.));
#3004 = ORIENTED_EDGE('',*,*,#3005,.F.);
#3005 = EDGE_CURVE('',#2880,#2998,#3006,.T.);
#3006 = LINE('',#3007,#3008);
#3007 = CARTESIAN_POINT('',(-0.865,-1.498223948547,4.));
#3008 = VECTOR('',#3009,1.);
#3009 = DIRECTION('',(-0.,-0.,-1.));
#3010 = ORIENTED_EDGE('',*,*,#2887,.F.);
#3011 = PLANE('',#3012);
#3012 = AXIS2_PLACEMENT_3D('',#3013,#3014,#3015);
#3013 = CARTESIAN_POINT('',(-1.73,0.,4.));
#3014 = DIRECTION('',(-0.866025403784,-0.5,0.));
#3015 = DIRECTION('',(0.5,-0.866025403784,0.));
#3016 = ADVANCED_FACE('',(#3017),#3035,.F.);
#3017 = FACE_BOUND('',#3018,.F.);
#3018 = EDGE_LOOP('',(#3019,#3020,#3028,#3034));
#3019 = ORIENTED_EDGE('',*,*,#3005,.T.);
#3020 = ORIENTED_EDGE('',*,*,#3021,.T.);
#3021 = EDGE_CURVE('',#2998,#3022,#3024,.T.);
#3022 = VERTEX_POINT('',#3023);
#3023 = CARTESIAN_POINT('',(0.865,-1.498223948547,2.));
#3024 = LINE('',#3025,#3026);
#3025 = CARTESIAN_POINT('',(-0.865,-1.498223948547,2.));
#3026 = VECTOR('',#3027,1.);
#3027 = DIRECTION('',(1.,0.,0.));
#3028 = ORIENTED_EDGE('',*,*,#3029,.F.);
#3029 = EDGE_CURVE('',#2872,#3022,#3030,.T.);
#3030 = LINE('',#3031,#3032);
#3031 = CARTESIAN_POINT('',(0.865,-1.498223948547,4.));
#3032 = VECTOR('',#3033,1.);
#3033 = DIRECTION('',(-0.,-0.,-1.));
#3034 = ORIENTED_EDGE('',*,*,#2879,.F.);
#3035 = PLANE('',#3036);
#3036 = AXIS2_PLACEMENT_3D('',#3037,#3038,#3039);
#3037 = CARTESIAN_POINT('',(-0.865,-1.498223948547,4.));
#3038 = DIRECTION('',(0.,-1.,0.));
#3039 = DIRECTION('',(1.,0.,0.));
#3040 = ADVANCED_FACE('',(#3041),#3052,.F.);
#3041 = FACE_BOUND('',#3042,.F.);
#3042 = EDGE_LOOP('',(#3043,#3044,#3050,#3051));
#3043 = ORIENTED_EDGE('',*,*,#3029,.T.);
#3044 = ORIENTED_EDGE('',*,*,#3045,.T.);
#3045 = EDGE_CURVE('',#3022,#2918,#3046,.T.);
#3046 = LINE('',#3047,#3048);
#3047 = CARTESIAN_POINT('',(0.865,-1.498223948547,2.));
#3048 = VECTOR('',#3049,1.);
#3049 = DIRECTION('',(0.5,0.866025403784,0.));
#3050 = ORIENTED_EDGE('',*,*,#2917,.F.);
#3051 = ORIENTED_EDGE('',*,*,#2871,.F.);
#3052 = PLANE('',#3053);
#3053 = AXIS2_PLACEMENT_3D('',#3054,#3055,#3056);
#3054 = CARTESIAN_POINT('',(0.865,-1.498223948547,4.));
#3055 = DIRECTION('',(0.866025403784,-0.5,0.));
#3056 = DIRECTION('',(0.5,0.866025403784,0.));
#3057 = ADVANCED_FACE('',(#3058),#3066,.T.);
#3058 = FACE_BOUND('',#3059,.T.);
#3059 = EDGE_LOOP('',(#3060,#3061,#3062,#3063,#3064,#3065));
#3060 = ORIENTED_EDGE('',*,*,#2925,.T.);
#3061 = ORIENTED_EDGE('',*,*,#2949,.T.);
#3062 = ORIENTED_EDGE('',*,*,#2973,.T.);
#3063 = ORIENTED_EDGE('',*,*,#2997,.T.);
#3064 = ORIENTED_EDGE('',*,*,#3021,.T.);
#3065 = ORIENTED_EDGE('',*,*,#3045,.T.);
#3066 = PLANE('',#3067);
#3067 = AXIS2_PLACEMENT_3D('',#3068,#3069,#3070);
#3068 = CARTESIAN_POINT('',(-2.E-17,2.E-17,2.));
#3069 = DIRECTION('',(0.,0.,1.));
#3070 = DIRECTION('',(1.,0.,-0.));
#3071 = ( GEOMETRIC_REPRESENTATION_CONTEXT(3) 
GLOBAL_UNCERTAINTY_ASSIGNED_CONTEXT((#3075)) 
GLOBAL_UNIT_ASSIGNED_CONTEXT((#3072,#3073,#3074)) REPRESENTATION_CONTEXT
('Context #1','3D Context with UNIT and UNCERTAINTY') );
#3072 = ( LENGTH_UNIT() NAMED_UNIT(*) SI_UNIT(.MILLI.,.METRE.) );
#3073 = ( NAMED_UNIT(*) PLANE_ANGLE_UNIT() SI_UNIT($,.RADIAN.) );
#3074 = ( NAMED_UNIT(*) SI_UNIT($,.STERADIAN.) SOLID_ANGLE_UNIT() );
#3075 = UNCERTAINTY_MEASURE_WITH_UNIT(LENGTH_MEASURE(1.E-07),#3072,
  'distance_accuracy_value','confusion accuracy');
#3076 = CONTEXT_DEPENDENT_SHAPE_REPRESENTATION(#3077,#3079);
#3077 = ( REPRESENTATION_RELATIONSHIP('','',#2713,#56) 
REPRESENTATION_RELATIONSHIP_WITH_TRANSFORMATION(#3078) 
SHAPE_REPRESENTATION_RELATIONSHIP() );
#3078 = ITEM_DEFINED_TRANSFORMATION('','',#11,#73);
#3079 = PRODUCT_DEFINITION_SHAPE('Placement','Placement of an item',
  #3080);
#3080 = NEXT_ASSEMBLY_USAGE_OCCURRENCE('5','m4_35_3','',#51,#2708,$);
#3081 = PRODUCT_RELATED_PRODUCT_CATEGORY('part',$,(#2710));
#3082 = SHAPE_DEFINITION_REPRESENTATION(#3083,#3089);
#3083 = PRODUCT_DEFINITION_SHAPE('','',#3084);
#3084 = PRODUCT_DEFINITION('design','',#3085,#3088);
#3085 = PRODUCT_DEFINITION_FORMATION('','',#3086);
#3086 = PRODUCT('m4_35_4','m4_35_4','',(#3087));
#3087 = PRODUCT_CONTEXT('',#2,'mechanical');
#3088 = PRODUCT_DEFINITION_CONTEXT('part definition',#2,'design');
#3089 = ADVANCED_BREP_SHAPE_REPRESENTATION('',(#11,#3090),#3447);
#3090 = MANIFOLD_SOLID_BREP('',#3091);
#3091 = CLOSED_SHELL('',(#3092,#3125,#3150,#3170,#3179,#3204,#3230,#3289
    ,#3320,#3344,#3368,#3392,#3416,#3433));
#3092 = ADVANCED_FACE('',(#3093),#3120,.T.);
#3093 = FACE_BOUND('',#3094,.T.);
#3094 = EDGE_LOOP('',(#3095,#3105,#3112,#3113));
#3095 = ORIENTED_EDGE('',*,*,#3096,.T.);
#3096 = EDGE_CURVE('',#3097,#3099,#3101,.T.);
#3097 = VERTEX_POINT('',#3098);
#3098 = CARTESIAN_POINT('',(2.,0.,0.));
#3099 = VERTEX_POINT('',#3100);
#3100 = CARTESIAN_POINT('',(2.,0.,-34.685));
#3101 = LINE('',#3102,#3103);
#3102 = CARTESIAN_POINT('',(2.,0.,0.));
#3103 = VECTOR('',#3104,1.);
#3104 = DIRECTION('',(-0.,-0.,-1.));
#3105 = ORIENTED_EDGE('',*,*,#3106,.T.);
#3106 = EDGE_CURVE('',#3099,#3099,#3107,.T.);
#3107 = CIRCLE('',#3108,2.);
#3108 = AXIS2_PLACEMENT_3D('',#3109,#3110,#3111);
#3109 = CARTESIAN_POINT('',(0.,0.,-34.685));
#3110 = DIRECTION('',(0.,0.,1.));
#3111 = DIRECTION('',(1.,0.,-0.));
#3112 = ORIENTED_EDGE('',*,*,#3096,.F.);
#3113 = ORIENTED_EDGE('',*,*,#3114,.F.);
#3114 = EDGE_CURVE('',#3097,#3097,#3115,.T.);
#3115 = CIRCLE('',#3116,2.);
#3116 = AXIS2_PLACEMENT_3D('',#3117,#3118,#3119);
#3117 = CARTESIAN_POINT('',(0.,0.,0.));
#3118 = DIRECTION('',(0.,0.,1.));
#3119 = DIRECTION('',(1.,0.,-0.));
#3120 = CYLINDRICAL_SURFACE('',#3121,2.);
#3121 = AXIS2_PLACEMENT_3D('',#3122,#3123,#3124);
#3122 = CARTESIAN_POINT('',(0.,0.,0.));
#3123 = DIRECTION('',(0.,0.,1.));
#3124 = DIRECTION('',(1.,0.,-0.));
#3125 = ADVANCED_FACE('',(#3126),#3145,.T.);
#3126 = FACE_BOUND('',#3127,.T.);
#3127 = EDGE_LOOP('',(#3128,#3137,#3143,#3144));
#3128 = ORIENTED_EDGE('',*,*,#3129,.T.);
#3129 = EDGE_CURVE('',#3130,#3130,#3132,.T.);
#3130 = VERTEX_POINT('',#3131);
#3131 = CARTESIAN_POINT('',(1.685,0.,-35.));
#3132 = CIRCLE('',#3133,1.685);
#3133 = AXIS2_PLACEMENT_3D('',#3134,#3135,#3136);
#3134 = CARTESIAN_POINT('',(0.,0.,-35.));
#3135 = DIRECTION('',(0.,0.,1.));
#3136 = DIRECTION('',(1.,0.,-0.));
#3137 = ORIENTED_EDGE('',*,*,#3138,.F.);
#3138 = EDGE_CURVE('',#3099,#3130,#3139,.T.);
#3139 = LINE('',#3140,#3141);
#3140 = CARTESIAN_POINT('',(2.,0.,-34.685));
#3141 = VECTOR('',#3142,1.);
#3142 = DIRECTION('',(-0.707106781187,-0.,-0.707106781187));
#3143 = ORIENTED_EDGE('',*,*,#3106,.F.);
#3144 = ORIENTED_EDGE('',*,*,#3138,.T.);
#3145 = CONICAL_SURFACE('',#3146,2.,0.785398163397);
#3146 = AXIS2_PLACEMENT_3D('',#3147,#3148,#3149);
#3147 = CARTESIAN_POINT('',(0.,0.,-34.685));
#3148 = DIRECTION('',(0.,0.,1.));
#3149 = DIRECTION('',(1.,0.,-0.));
#3150 = ADVANCED_FACE('',(#3151,#3162),#3165,.F.);
#3151 = FACE_BOUND('',#3152,.F.);
#3152 = EDGE_LOOP('',(#3153));
#3153 = ORIENTED_EDGE('',*,*,#3154,.T.);
#3154 = EDGE_CURVE('',#3155,#3155,#3157,.T.);
#3155 = VERTEX_POINT('',#3156);
#3156 = CARTESIAN_POINT('',(3.5,0.,0.));
#3157 = CIRCLE('',#3158,3.5);
#3158 = AXIS2_PLACEMENT_3D('',#3159,#3160,#3161);
#3159 = CARTESIAN_POINT('',(0.,0.,0.));
#3160 = DIRECTION('',(0.,0.,1.));
#3161 = DIRECTION('',(1.,0.,-0.));
#3162 = FACE_BOUND('',#3163,.F.);
#3163 = EDGE_LOOP('',(#3164));
#3164 = ORIENTED_EDGE('',*,*,#3114,.F.);
#3165 = PLANE('',#3166);
#3166 = AXIS2_PLACEMENT_3D('',#3167,#3168,#3169);
#3167 = CARTESIAN_POINT('',(-1.953485903628E-16,-1.428754599005E-16,0.)
  );
#3168 = DIRECTION('',(0.,0.,1.));
#3169 = DIRECTION('',(1.,0.,-0.));
#3170 = ADVANCED_FACE('',(#3171),#3174,.F.);
#3171 = FACE_BOUND('',#3172,.F.);
#3172 = EDGE_LOOP('',(#3173));
#3173 = ORIENTED_EDGE('',*,*,#3129,.T.);
#3174 = PLANE('',#3175);
#3175 = AXIS2_PLACEMENT_3D('',#3176,#3177,#3178);
#3176 = CARTESIAN_POINT('',(-1.281975124256E-16,3.821888340557E-18,-35.)
  );
#3177 = DIRECTION('',(0.,0.,1.));
#3178 = DIRECTION('',(1.,0.,-0.));
#3179 = ADVANCED_FACE('',(#3180),#3199,.T.);
#3180 = FACE_BOUND('',#3181,.T.);
#3181 = EDGE_LOOP('',(#3182,#3183,#3191,#3198));
#3182 = ORIENTED_EDGE('',*,*,#3154,.T.);
#3183 = ORIENTED_EDGE('',*,*,#3184,.T.);
#3184 = EDGE_CURVE('',#3155,#3185,#3187,.T.);
#3185 = VERTEX_POINT('',#3186);
#3186 = CARTESIAN_POINT('',(3.5,0.,3.6));
#3187 = LINE('',#3188,#3189);
#3188 = CARTESIAN_POINT('',(3.5,0.,0.));
#3189 = VECTOR('',#3190,1.);
#3190 = DIRECTION('',(0.,0.,1.));
#3191 = ORIENTED_EDGE('',*,*,#3192,.F.);
#3192 = EDGE_CURVE('',#3185,#3185,#3193,.T.);
#3193 = CIRCLE('',#3194,3.5);
#3194 = AXIS2_PLACEMENT_3D('',#3195,#3196,#3197);
#3195 = CARTESIAN_POINT('',(0.,0.,3.6));
#3196 = DIRECTION('',(0.,0.,1.));
#3197 = DIRECTION('',(1.,0.,-0.));
#3198 = ORIENTED_EDGE('',*,*,#3184,.F.);
#3199 = CYLINDRICAL_SURFACE('',#3200,3.5);
#3200 = AXIS2_PLACEMENT_3D('',#3201,#3202,#3203);
#3201 = CARTESIAN_POINT('',(0.,0.,0.));
#3202 = DIRECTION('',(-0.,-0.,-1.));
#3203 = DIRECTION('',(1.,0.,0.));
#3204 = ADVANCED_FACE('',(#3205),#3225,.T.);
#3205 = FACE_BOUND('',#3206,.T.);
#3206 = EDGE_LOOP('',(#3207,#3216,#3217,#3218));
#3207 = ORIENTED_EDGE('',*,*,#3208,.F.);
#3208 = EDGE_CURVE('',#3185,#3209,#3211,.T.);
#3209 = VERTEX_POINT('',#3210);
#3210 = CARTESIAN_POINT('',(3.1,0.,4.));
#3211 = CIRCLE('',#3212,0.4);
#3212 = AXIS2_PLACEMENT_3D('',#3213,#3214,#3215);
#3213 = CARTESIAN_POINT('',(3.1,0.,3.6));
#3214 = DIRECTION('',(0.,-1.,0.));
#3215 = DIRECTION('',(1.,0.,0.));
#3216 = ORIENTED_EDGE('',*,*,#3192,.T.);
#3217 = ORIENTED_EDGE('',*,*,#3208,.T.);
#3218 = ORIENTED_EDGE('',*,*,#3219,.F.);
#3219 = EDGE_CURVE('',#3209,#3209,#3220,.T.);
#3220 = CIRCLE('',#3221,3.1);
#3221 = AXIS2_PLACEMENT_3D('',#3222,#3223,#3224);
#3222 = CARTESIAN_POINT('',(0.,0.,4.));
#3223 = DIRECTION('',(0.,0.,1.));
#3224 = DIRECTION('',(1.,0.,-0.));
#3225 = TOROIDAL_SURFACE('',#3226,3.1,0.4);
#3226 = AXIS2_PLACEMENT_3D('',#3227,#3228,#3229);
#3227 = CARTESIAN_POINT('',(0.,0.,3.6));
#3228 = DIRECTION('',(0.,0.,1.));
#3229 = DIRECTION('',(1.,0.,-0.));
#3230 = ADVANCED_FACE('',(#3231,#3234),#3284,.T.);
#3231 = FACE_BOUND('',#3232,.T.);
#3232 = EDGE_LOOP('',(#3233));
#3233 = ORIENTED_EDGE('',*,*,#3219,.T.);
#3234 = FACE_BOUND('',#3235,.T.);
#3235 = EDGE_LOOP('',(#3236,#3246,#3254,#3262,#3270,#3278));
#3236 = ORIENTED_EDGE('',*,*,#3237,.F.);
#3237 = EDGE_CURVE('',#3238,#3240,#3242,.T.);
#3238 = VERTEX_POINT('',#3239);
#3239 = CARTESIAN_POINT('',(1.73,1.184610418071E-23,4.));
#3240 = VERTEX_POINT('',#3241);
#3241 = CARTESIAN_POINT('',(0.865,1.498223948547,4.));
#3242 = LINE('',#3243,#3244);
#3243 = CARTESIAN_POINT('',(1.73,1.184610418071E-23,4.));
#3244 = VECTOR('',#3245,1.);
#3245 = DIRECTION('',(-0.5,0.866025403784,0.));
#3246 = ORIENTED_EDGE('',*,*,#3247,.F.);
#3247 = EDGE_CURVE('',#3248,#3238,#3250,.T.);
#3248 = VERTEX_POINT('',#3249);
#3249 = CARTESIAN_POINT('',(0.865,-1.498223948547,4.));
#3250 = LINE('',#3251,#3252);
#3251 = CARTESIAN_POINT('',(0.865,-1.498223948547,4.));
#3252 = VECTOR('',#3253,1.);
#3253 = DIRECTION('',(0.5,0.866025403784,0.));
#3254 = ORIENTED_EDGE('',*,*,#3255,.F.);
#3255 = EDGE_CURVE('',#3256,#3248,#3258,.T.);
#3256 = VERTEX_POINT('',#3257);
#3257 = CARTESIAN_POINT('',(-0.865,-1.498223948547,4.));
#3258 = LINE('',#3259,#3260);
#3259 = CARTESIAN_POINT('',(-0.865,-1.498223948547,4.));
#3260 = VECTOR('',#3261,1.);
#3261 = DIRECTION('',(1.,0.,0.));
#3262 = ORIENTED_EDGE('',*,*,#3263,.F.);
#3263 = EDGE_CURVE('',#3264,#3256,#3266,.T.);
#3264 = VERTEX_POINT('',#3265);
#3265 = CARTESIAN_POINT('',(-1.73,0.,4.));
#3266 = LINE('',#3267,#3268);
#3267 = CARTESIAN_POINT('',(-1.73,0.,4.));
#3268 = VECTOR('',#3269,1.);
#3269 = DIRECTION('',(0.5,-0.866025403784,0.));
#3270 = ORIENTED_EDGE('',*,*,#3271,.F.);
#3271 = EDGE_CURVE('',#3272,#3264,#3274,.T.);
#3272 = VERTEX_POINT('',#3273);
#3273 = CARTESIAN_POINT('',(-0.865,1.498223948547,4.));
#3274 = LINE('',#3275,#3276);
#3275 = CARTESIAN_POINT('',(-0.865,1.498223948547,4.));
#3276 = VECTOR('',#3277,1.);
#3277 = DIRECTION('',(-0.5,-0.866025403784,0.));
#3278 = ORIENTED_EDGE('',*,*,#3279,.F.);
#3279 = EDGE_CURVE('',#3240,#3272,#3280,.T.);
#3280 = LINE('',#3281,#3282);
#3281 = CARTESIAN_POINT('',(0.865,1.498223948547,4.));
#3282 = VECTOR('',#3283,1.);
#3283 = DIRECTION('',(-1.,0.,0.));
#3284 = PLANE('',#3285);
#3285 = AXIS2_PLACEMENT_3D('',#3286,#3287,#3288);
#3286 = CARTESIAN_POINT('',(-1.953485903628E-16,-1.428754599005E-16,4.)
  );
#3287 = DIRECTION('',(0.,0.,1.));
#3288 = DIRECTION('',(1.,0.,-0.));
#3289 = ADVANCED_FACE('',(#3290),#3315,.F.);
#3290 = FACE_BOUND('',#3291,.F.);
#3291 = EDGE_LOOP('',(#3292,#3300,#3308,#3314));
#3292 = ORIENTED_EDGE('',*,*,#3293,.T.);
#3293 = EDGE_CURVE('',#3238,#3294,#3296,.T.);
#3294 = VERTEX_POINT('',#3295);
#3295 = CARTESIAN_POINT('',(1.73,1.184610418071E-23,2.));
#3296 = LINE('',#3297,#3298);
#3297 = CARTESIAN_POINT('',(1.73,1.184610418071E-23,4.));
#3298 = VECTOR('',#3299,1.);
#3299 = DIRECTION('',(-0.,-0.,-1.));
#3300 = ORIENTED_EDGE('',*,*,#3301,.T.);
#3301 = EDGE_CURVE('',#3294,#3302,#3304,.T.);
#3302 = VERTEX_POINT('',#3303);
#3303 = CARTESIAN_POINT('',(0.865,1.498223948547,2.));
#3304 = LINE('',#3305,#3306);
#3305 = CARTESIAN_POINT('',(1.73,1.184610418071E-23,2.));
#3306 = VECTOR('',#3307,1.);
#3307 = DIRECTION('',(-0.5,0.866025403784,0.));
#3308 = ORIENTED_EDGE('',*,*,#3309,.F.);
#3309 = EDGE_CURVE('',#3240,#3302,#3310,.T.);
#3310 = LINE('',#3311,#3312);
#3311 = CARTESIAN_POINT('',(0.865,1.498223948547,4.));
#3312 = VECTOR('',#3313,1.);
#3313 = DIRECTION('',(-0.,-0.,-1.));
#3314 = ORIENTED_EDGE('',*,*,#3237,.F.);
#3315 = PLANE('',#3316);
#3316 = AXIS2_PLACEMENT_3D('',#3317,#3318,#3319);
#3317 = CARTESIAN_POINT('',(1.73,1.184610418071E-23,4.));
#3318 = DIRECTION('',(0.866025403784,0.5,0.));
#3319 = DIRECTION('',(-0.5,0.866025403784,0.));
#3320 = ADVANCED_FACE('',(#3321),#3339,.F.);
#3321 = FACE_BOUND('',#3322,.F.);
#3322 = EDGE_LOOP('',(#3323,#3324,#3332,#3338));
#3323 = ORIENTED_EDGE('',*,*,#3309,.T.);
#3324 = ORIENTED_EDGE('',*,*,#3325,.T.);
#3325 = EDGE_CURVE('',#3302,#3326,#3328,.T.);
#3326 = VERTEX_POINT('',#3327);
#3327 = CARTESIAN_POINT('',(-0.865,1.498223948547,2.));
#3328 = LINE('',#3329,#3330);
#3329 = CARTESIAN_POINT('',(0.865,1.498223948547,2.));
#3330 = VECTOR('',#3331,1.);
#3331 = DIRECTION('',(-1.,0.,0.));
#3332 = ORIENTED_EDGE('',*,*,#3333,.F.);
#3333 = EDGE_CURVE('',#3272,#3326,#3334,.T.);
#3334 = LINE('',#3335,#3336);
#3335 = CARTESIAN_POINT('',(-0.865,1.498223948547,4.));
#3336 = VECTOR('',#3337,1.);
#3337 = DIRECTION('',(-0.,-0.,-1.));
#3338 = ORIENTED_EDGE('',*,*,#3279,.F.);
#3339 = PLANE('',#3340);
#3340 = AXIS2_PLACEMENT_3D('',#3341,#3342,#3343);
#3341 = CARTESIAN_POINT('',(0.865,1.498223948547,4.));
#3342 = DIRECTION('',(0.,1.,0.));
#3343 = DIRECTION('',(-1.,0.,0.));
#3344 = ADVANCED_FACE('',(#3345),#3363,.F.);
#3345 = FACE_BOUND('',#3346,.F.);
#3346 = EDGE_LOOP('',(#3347,#3348,#3356,#3362));
#3347 = ORIENTED_EDGE('',*,*,#3333,.T.);
#3348 = ORIENTED_EDGE('',*,*,#3349,.T.);
#3349 = EDGE_CURVE('',#3326,#3350,#3352,.T.);
#3350 = VERTEX_POINT('',#3351);
#3351 = CARTESIAN_POINT('',(-1.73,0.,2.));
#3352 = LINE('',#3353,#3354);
#3353 = CARTESIAN_POINT('',(-0.865,1.498223948547,2.));
#3354 = VECTOR('',#3355,1.);
#3355 = DIRECTION('',(-0.5,-0.866025403784,0.));
#3356 = ORIENTED_EDGE('',*,*,#3357,.F.);
#3357 = EDGE_CURVE('',#3264,#3350,#3358,.T.);
#3358 = LINE('',#3359,#3360);
#3359 = CARTESIAN_POINT('',(-1.73,0.,4.));
#3360 = VECTOR('',#3361,1.);
#3361 = DIRECTION('',(-0.,-0.,-1.));
#3362 = ORIENTED_EDGE('',*,*,#3271,.F.);
#3363 = PLANE('',#3364);
#3364 = AXIS2_PLACEMENT_3D('',#3365,#3366,#3367);
#3365 = CARTESIAN_POINT('',(-0.865,1.498223948547,4.));
#3366 = DIRECTION('',(-0.866025403784,0.5,0.));
#3367 = DIRECTION('',(-0.5,-0.866025403784,0.));
#3368 = ADVANCED_FACE('',(#3369),#3387,.F.);
#3369 = FACE_BOUND('',#3370,.F.);
#3370 = EDGE_LOOP('',(#3371,#3372,#3380,#3386));
#3371 = ORIENTED_EDGE('',*,*,#3357,.T.);
#3372 = ORIENTED_EDGE('',*,*,#3373,.T.);
#3373 = EDGE_CURVE('',#3350,#3374,#3376,.T.);
#3374 = VERTEX_POINT('',#3375);
#3375 = CARTESIAN_POINT('',(-0.865,-1.498223948547,2.));
#3376 = LINE('',#3377,#3378);
#3377 = CARTESIAN_POINT('',(-1.73,0.,2.));
#3378 = VECTOR('',#3379,1.);
#3379 = DIRECTION('',(0.5,-0.866025403784,0.));
#3380 = ORIENTED_EDGE('',*,*,#3381,.F.);
#3381 = EDGE_CURVE('',#3256,#3374,#3382,.T.);
#3382 = LINE('',#3383,#3384);
#3383 = CARTESIAN_POINT('',(-0.865,-1.498223948547,4.));
#3384 = VECTOR('',#3385,1.);
#3385 = DIRECTION('',(-0.,-0.,-1.));
#3386 = ORIENTED_EDGE('',*,*,#3263,.F.);
#3387 = PLANE('',#3388);
#3388 = AXIS2_PLACEMENT_3D('',#3389,#3390,#3391);
#3389 = CARTESIAN_POINT('',(-1.73,0.,4.));
#3390 = DIRECTION('',(-0.866025403784,-0.5,0.));
#3391 = DIRECTION('',(0.5,-0.866025403784,0.));
#3392 = ADVANCED_FACE('',(#3393),#3411,.F.);
#3393 = FACE_BOUND('',#3394,.F.);
#3394 = EDGE_LOOP('',(#3395,#3396,#3404,#3410));
#3395 = ORIENTED_EDGE('',*,*,#3381,.T.);
#3396 = ORIENTED_EDGE('',*,*,#3397,.T.);
#3397 = EDGE_CURVE('',#3374,#3398,#3400,.T.);
#3398 = VERTEX_POINT('',#3399);
#3399 = CARTESIAN_POINT('',(0.865,-1.498223948547,2.));
#3400 = LINE('',#3401,#3402);
#3401 = CARTESIAN_POINT('',(-0.865,-1.498223948547,2.));
#3402 = VECTOR('',#3403,1.);
#3403 = DIRECTION('',(1.,0.,0.));
#3404 = ORIENTED_EDGE('',*,*,#3405,.F.);
#3405 = EDGE_CURVE('',#3248,#3398,#3406,.T.);
#3406 = LINE('',#3407,#3408);
#3407 = CARTESIAN_POINT('',(0.865,-1.498223948547,4.));
#3408 = VECTOR('',#3409,1.);
#3409 = DIRECTION('',(-0.,-0.,-1.));
#3410 = ORIENTED_EDGE('',*,*,#3255,.F.);
#3411 = PLANE('',#3412);
#3412 = AXIS2_PLACEMENT_3D('',#3413,#3414,#3415);
#3413 = CARTESIAN_POINT('',(-0.865,-1.498223948547,4.));
#3414 = DIRECTION('',(0.,-1.,0.));
#3415 = DIRECTION('',(1.,0.,0.));
#3416 = ADVANCED_FACE('',(#3417),#3428,.F.);
#3417 = FACE_BOUND('',#3418,.F.);
#3418 = EDGE_LOOP('',(#3419,#3420,#3426,#3427));
#3419 = ORIENTED_EDGE('',*,*,#3405,.T.);
#3420 = ORIENTED_EDGE('',*,*,#3421,.T.);
#3421 = EDGE_CURVE('',#3398,#3294,#3422,.T.);
#3422 = LINE('',#3423,#3424);
#3423 = CARTESIAN_POINT('',(0.865,-1.498223948547,2.));
#3424 = VECTOR('',#3425,1.);
#3425 = DIRECTION('',(0.5,0.866025403784,0.));
#3426 = ORIENTED_EDGE('',*,*,#3293,.F.);
#3427 = ORIENTED_EDGE('',*,*,#3247,.F.);
#3428 = PLANE('',#3429);
#3429 = AXIS2_PLACEMENT_3D('',#3430,#3431,#3432);
#3430 = CARTESIAN_POINT('',(0.865,-1.498223948547,4.));
#3431 = DIRECTION('',(0.866025403784,-0.5,0.));
#3432 = DIRECTION('',(0.5,0.866025403784,0.));
#3433 = ADVANCED_FACE('',(#3434),#3442,.T.);
#3434 = FACE_BOUND('',#3435,.T.);
#3435 = EDGE_LOOP('',(#3436,#3437,#3438,#3439,#3440,#3441));
#3436 = ORIENTED_EDGE('',*,*,#3301,.T.);
#3437 = ORIENTED_EDGE('',*,*,#3325,.T.);
#3438 = ORIENTED_EDGE('',*,*,#3349,.T.);
#3439 = ORIENTED_EDGE('',*,*,#3373,.T.);
#3440 = ORIENTED_EDGE('',*,*,#3397,.T.);
#3441 = ORIENTED_EDGE('',*,*,#3421,.T.);
#3442 = PLANE('',#3443);
#3443 = AXIS2_PLACEMENT_3D('',#3444,#3445,#3446);
#3444 = CARTESIAN_POINT('',(-2.139158043594E-17,2.139158043594E-17,2.));
#3445 = DIRECTION('',(0.,0.,1.));
#3446 = DIRECTION('',(1.,0.,-0.));
#3447 = ( GEOMETRIC_REPRESENTATION_CONTEXT(3) 
GLOBAL_UNCERTAINTY_ASSIGNED_CONTEXT((#3451)) 
GLOBAL_UNIT_ASSIGNED_CONTEXT((#3448,#3449,#3450)) REPRESENTATION_CONTEXT
('Context #1','3D Context with UNIT and UNCERTAINTY') );
#3448 = ( LENGTH_UNIT() NAMED_UNIT(*) SI_UNIT(.MILLI.,.METRE.) );
#3449 = ( NAMED_UNIT(*) PLANE_ANGLE_UNIT() SI_UNIT($,.RADIAN.) );
#3450 = ( NAMED_UNIT(*) SI_UNIT($,.STERADIAN.) SOLID_ANGLE_UNIT() );
#3451 = UNCERTAINTY_MEASURE_WITH_UNIT(LENGTH_MEASURE(1.E-07),#3448,
  'distance_accuracy_value','confusion accuracy');
#3452 = CONTEXT_DEPENDENT_SHAPE_REPRESENTATION(#3453,#3455);
#3453 = ( REPRESENTATION_RELATIONSHIP('','',#3089,#56) 
REPRESENTATION_RELATIONSHIP_WITH_TRANSFORMATION(#3454) 
SHAPE_REPRESENTATION_RELATIONSHIP() );
#3454 = ITEM_DEFINED_TRANSFORMATION('','',#11,#77);
#3455 = PRODUCT_DEFINITION_SHAPE('Placement','Placement of an item',
  #3456);
#3456 = NEXT_ASSEMBLY_USAGE_OCCURRENCE('6','m4_35_4','',#51,#3084,$);
#3457 = PRODUCT_RELATED_PRODUCT_CATEGORY('part',$,(#3086));
#3458 = SHAPE_DEFINITION_REPRESENTATION(#3459,#3465);
#3459 = PRODUCT_DEFINITION_SHAPE('','',#3460);
#3460 = PRODUCT_DEFINITION('design','',#3461,#3464);
#3461 = PRODUCT_DEFINITION_FORMATION('','',#3462);
#3462 = PRODUCT('m4_35_5','m4_35_5','',(#3463));
#3463 = PRODUCT_CONTEXT('',#2,'mechanical');
#3464 = PRODUCT_DEFINITION_CONTEXT('part definition',#2,'design');
#3465 = ADVANCED_BREP_SHAPE_REPRESENTATION('',(#11,#3466),#3823);
#3466 = MANIFOLD_SOLID_BREP('',#3467);
#3467 = CLOSED_SHELL('',(#3468,#3501,#3526,#3546,#3555,#3580,#3606,#3665
    ,#3696,#3720,#3744,#3768,#3792,#3809));
#3468 = ADVANCED_FACE('',(#3469),#3496,.T.);
#3469 = FACE_BOUND('',#3470,.T.);
#3470 = EDGE_LOOP('',(#3471,#3481,#3488,#3489));
#3471 = ORIENTED_EDGE('',*,*,#3472,.T.);
#3472 = EDGE_CURVE('',#3473,#3475,#3477,.T.);
#3473 = VERTEX_POINT('',#3474);
#3474 = CARTESIAN_POINT('',(2.,0.,0.));
#3475 = VERTEX_POINT('',#3476);
#3476 = CARTESIAN_POINT('',(2.,0.,-34.685));
#3477 = LINE('',#3478,#3479);
#3478 = CARTESIAN_POINT('',(2.,0.,0.));
#3479 = VECTOR('',#3480,1.);
#3480 = DIRECTION('',(-0.,-0.,-1.));
#3481 = ORIENTED_EDGE('',*,*,#3482,.T.);
#3482 = EDGE_CURVE('',#3475,#3475,#3483,.T.);
#3483 = CIRCLE('',#3484,2.);
#3484 = AXIS2_PLACEMENT_3D('',#3485,#3486,#3487);
#3485 = CARTESIAN_POINT('',(0.,0.,-34.685));
#3486 = DIRECTION('',(0.,0.,1.));
#3487 = DIRECTION('',(1.,0.,-0.));
#3488 = ORIENTED_EDGE('',*,*,#3472,.F.);
#3489 = ORIENTED_EDGE('',*,*,#3490,.F.);
#3490 = EDGE_CURVE('',#3473,#3473,#3491,.T.);
#3491 = CIRCLE('',#3492,2.);
#3492 = AXIS2_PLACEMENT_3D('',#3493,#3494,#3495);
#3493 = CARTESIAN_POINT('',(0.,0.,0.));
#3494 = DIRECTION('',(0.,0.,1.));
#3495 = DIRECTION('',(1.,0.,-0.));
#3496 = CYLINDRICAL_SURFACE('',#3497,2.);
#3497 = AXIS2_PLACEMENT_3D('',#3498,#3499,#3500);
#3498 = CARTESIAN_POINT('',(0.,0.,0.));
#3499 = DIRECTION('',(0.,0.,1.));
#3500 = DIRECTION('',(1.,0.,-0.));
#3501 = ADVANCED_FACE('',(#3502),#3521,.T.);
#3502 = FACE_BOUND('',#3503,.T.);
#3503 = EDGE_LOOP('',(#3504,#3513,#3519,#3520));
#3504 = ORIENTED_EDGE('',*,*,#3505,.T.);
#3505 = EDGE_CURVE('',#3506,#3506,#3508,.T.);
#3506 = VERTEX_POINT('',#3507);
#3507 = CARTESIAN_POINT('',(1.685,0.,-35.));
#3508 = CIRCLE('',#3509,1.685);
#3509 = AXIS2_PLACEMENT_3D('',#3510,#3511,#3512);
#3510 = CARTESIAN_POINT('',(0.,0.,-35.));
#3511 = DIRECTION('',(0.,0.,1.));
#3512 = DIRECTION('',(1.,0.,-0.));
#3513 = ORIENTED_EDGE('',*,*,#3514,.F.);
#3514 = EDGE_CURVE('',#3475,#3506,#3515,.T.);
#3515 = LINE('',#3516,#3517);
#3516 = CARTESIAN_POINT('',(2.,0.,-34.685));
#3517 = VECTOR('',#3518,1.);
#3518 = DIRECTION('',(-0.707106781187,-0.,-0.707106781187));
#3519 = ORIENTED_EDGE('',*,*,#3482,.F.);
#3520 = ORIENTED_EDGE('',*,*,#3514,.T.);
#3521 = CONICAL_SURFACE('',#3522,2.,0.785398163397);
#3522 = AXIS2_PLACEMENT_3D('',#3523,#3524,#3525);
#3523 = CARTESIAN_POINT('',(0.,0.,-34.685));
#3524 = DIRECTION('',(0.,0.,1.));
#3525 = DIRECTION('',(1.,0.,-0.));
#3526 = ADVANCED_FACE('',(#3527,#3538),#3541,.F.);
#3527 = FACE_BOUND('',#3528,.F.);
#3528 = EDGE_LOOP('',(#3529));
#3529 = ORIENTED_EDGE('',*,*,#3530,.T.);
#3530 = EDGE_CURVE('',#3531,#3531,#3533,.T.);
#3531 = VERTEX_POINT('',#3532);
#3532 = CARTESIAN_POINT('',(3.5,0.,0.));
#3533 = CIRCLE('',#3534,3.5);
#3534 = AXIS2_PLACEMENT_3D('',#3535,#3536,#3537);
#3535 = CARTESIAN_POINT('',(0.,0.,0.));
#3536 = DIRECTION('',(0.,0.,1.));
#3537 = DIRECTION('',(1.,0.,-0.));
#3538 = FACE_BOUND('',#3539,.F.);
#3539 = EDGE_LOOP('',(#3540));
#3540 = ORIENTED_EDGE('',*,*,#3490,.F.);
#3541 = PLANE('',#3542);
#3542 = AXIS2_PLACEMENT_3D('',#3543,#3544,#3545);
#3543 = CARTESIAN_POINT('',(-2.E-16,-1.4E-16,0.));
#3544 = DIRECTION('',(0.,0.,1.));
#3545 = DIRECTION('',(1.,0.,-0.));
#3546 = ADVANCED_FACE('',(#3547),#3550,.F.);
#3547 = FACE_BOUND('',#3548,.F.);
#3548 = EDGE_LOOP('',(#3549));
#3549 = ORIENTED_EDGE('',*,*,#3505,.T.);
#3550 = PLANE('',#3551);
#3551 = AXIS2_PLACEMENT_3D('',#3552,#3553,#3554);
#3552 = CARTESIAN_POINT('',(-1.3E-16,0.,-35.));
#3553 = DIRECTION('',(0.,0.,1.));
#3554 = DIRECTION('',(1.,0.,-0.));
#3555 = ADVANCED_FACE('',(#3556),#3575,.T.);
#3556 = FACE_BOUND('',#3557,.T.);
#3557 = EDGE_LOOP('',(#3558,#3559,#3567,#3574));
#3558 = ORIENTED_EDGE('',*,*,#3530,.T.);
#3559 = ORIENTED_EDGE('',*,*,#3560,.T.);
#3560 = EDGE_CURVE('',#3531,#3561,#3563,.T.);
#3561 = VERTEX_POINT('',#3562);
#3562 = CARTESIAN_POINT('',(3.5,0.,3.6));
#3563 = LINE('',#3564,#3565);
#3564 = CARTESIAN_POINT('',(3.5,0.,0.));
#3565 = VECTOR('',#3566,1.);
#3566 = DIRECTION('',(0.,0.,1.));
#3567 = ORIENTED_EDGE('',*,*,#3568,.F.);
#3568 = EDGE_CURVE('',#3561,#3561,#3569,.T.);
#3569 = CIRCLE('',#3570,3.5);
#3570 = AXIS2_PLACEMENT_3D('',#3571,#3572,#3573);
#3571 = CARTESIAN_POINT('',(0.,0.,3.6));
#3572 = DIRECTION('',(0.,0.,1.));
#3573 = DIRECTION('',(1.,0.,-0.));
#3574 = ORIENTED_EDGE('',*,*,#3560,.F.);
#3575 = CYLINDRICAL_SURFACE('',#3576,3.5);
#3576 = AXIS2_PLACEMENT_3D('',#3577,#3578,#3579);
#3577 = CARTESIAN_POINT('',(0.,0.,0.));
#3578 = DIRECTION('',(-0.,-0.,-1.));
#3579 = DIRECTION('',(1.,0.,0.));
#3580 = ADVANCED_FACE('',(#3581),#3601,.T.);
#3581 = FACE_BOUND('',#3582,.T.);
#3582 = EDGE_LOOP('',(#3583,#3592,#3593,#3594));
#3583 = ORIENTED_EDGE('',*,*,#3584,.F.);
#3584 = EDGE_CURVE('',#3561,#3585,#3587,.T.);
#3585 = VERTEX_POINT('',#3586);
#3586 = CARTESIAN_POINT('',(3.1,0.,4.));
#3587 = CIRCLE('',#3588,0.4);
#3588 = AXIS2_PLACEMENT_3D('',#3589,#3590,#3591);
#3589 = CARTESIAN_POINT('',(3.1,0.,3.6));
#3590 = DIRECTION('',(0.,-1.,0.));
#3591 = DIRECTION('',(1.,0.,0.));
#3592 = ORIENTED_EDGE('',*,*,#3568,.T.);
#3593 = ORIENTED_EDGE('',*,*,#3584,.T.);
#3594 = ORIENTED_EDGE('',*,*,#3595,.F.);
#3595 = EDGE_CURVE('',#3585,#3585,#3596,.T.);
#3596 = CIRCLE('',#3597,3.1);
#3597 = AXIS2_PLACEMENT_3D('',#3598,#3599,#3600);
#3598 = CARTESIAN_POINT('',(0.,0.,4.));
#3599 = DIRECTION('',(0.,0.,1.));
#3600 = DIRECTION('',(1.,0.,-0.));
#3601 = TOROIDAL_SURFACE('',#3602,3.1,0.4);
#3602 = AXIS2_PLACEMENT_3D('',#3603,#3604,#3605);
#3603 = CARTESIAN_POINT('',(0.,0.,3.6));
#3604 = DIRECTION('',(0.,0.,1.));
#3605 = DIRECTION('',(1.,0.,-0.));
#3606 = ADVANCED_FACE('',(#3607,#3610),#3660,.T.);
#3607 = FACE_BOUND('',#3608,.T.);
#3608 = EDGE_LOOP('',(#3609));
#3609 = ORIENTED_EDGE('',*,*,#3595,.T.);
#3610 = FACE_BOUND('',#3611,.T.);
#3611 = EDGE_LOOP('',(#3612,#3622,#3630,#3638,#3646,#3654));
#3612 = ORIENTED_EDGE('',*,*,#3613,.F.);
#3613 = EDGE_CURVE('',#3614,#3616,#3618,.T.);
#3614 = VERTEX_POINT('',#3615);
#3615 = CARTESIAN_POINT('',(1.73,0.,4.));
#3616 = VERTEX_POINT('',#3617);
#3617 = CARTESIAN_POINT('',(0.865,1.498223948547,4.));
#3618 = LINE('',#3619,#3620);
#3619 = CARTESIAN_POINT('',(1.73,0.,4.));
#3620 = VECTOR('',#3621,1.);
#3621 = DIRECTION('',(-0.5,0.866025403784,0.));
#3622 = ORIENTED_EDGE('',*,*,#3623,.F.);
#3623 = EDGE_CURVE('',#3624,#3614,#3626,.T.);
#3624 = VERTEX_POINT('',#3625);
#3625 = CARTESIAN_POINT('',(0.865,-1.498223948547,4.));
#3626 = LINE('',#3627,#3628);
#3627 = CARTESIAN_POINT('',(0.865,-1.498223948547,4.));
#3628 = VECTOR('',#3629,1.);
#3629 = DIRECTION('',(0.5,0.866025403784,0.));
#3630 = ORIENTED_EDGE('',*,*,#3631,.F.);
#3631 = EDGE_CURVE('',#3632,#3624,#3634,.T.);
#3632 = VERTEX_POINT('',#3633);
#3633 = CARTESIAN_POINT('',(-0.865,-1.498223948547,4.));
#3634 = LINE('',#3635,#3636);
#3635 = CARTESIAN_POINT('',(-0.865,-1.498223948547,4.));
#3636 = VECTOR('',#3637,1.);
#3637 = DIRECTION('',(1.,0.,0.));
#3638 = ORIENTED_EDGE('',*,*,#3639,.F.);
#3639 = EDGE_CURVE('',#3640,#3632,#3642,.T.);
#3640 = VERTEX_POINT('',#3641);
#3641 = CARTESIAN_POINT('',(-1.73,0.,4.));
#3642 = LINE('',#3643,#3644);
#3643 = CARTESIAN_POINT('',(-1.73,0.,4.));
#3644 = VECTOR('',#3645,1.);
#3645 = DIRECTION('',(0.5,-0.866025403784,0.));
#3646 = ORIENTED_EDGE('',*,*,#3647,.F.);
#3647 = EDGE_CURVE('',#3648,#3640,#3650,.T.);
#3648 = VERTEX_POINT('',#3649);
#3649 = CARTESIAN_POINT('',(-0.865,1.498223948547,4.));
#3650 = LINE('',#3651,#3652);
#3651 = CARTESIAN_POINT('',(-0.865,1.498223948547,4.));
#3652 = VECTOR('',#3653,1.);
#3653 = DIRECTION('',(-0.5,-0.866025403784,0.));
#3654 = ORIENTED_EDGE('',*,*,#3655,.F.);
#3655 = EDGE_CURVE('',#3616,#3648,#3656,.T.);
#3656 = LINE('',#3657,#3658);
#3657 = CARTESIAN_POINT('',(0.865,1.498223948547,4.));
#3658 = VECTOR('',#3659,1.);
#3659 = DIRECTION('',(-1.,0.,0.));
#3660 = PLANE('',#3661);
#3661 = AXIS2_PLACEMENT_3D('',#3662,#3663,#3664);
#3662 = CARTESIAN_POINT('',(-2.E-16,-1.4E-16,4.));
#3663 = DIRECTION('',(0.,0.,1.));
#3664 = DIRECTION('',(1.,0.,-0.));
#3665 = ADVANCED_FACE('',(#3666),#3691,.F.);
#3666 = FACE_BOUND('',#3667,.F.);
#3667 = EDGE_LOOP('',(#3668,#3676,#3684,#3690));
#3668 = ORIENTED_EDGE('',*,*,#3669,.T.);
#3669 = EDGE_CURVE('',#3614,#3670,#3672,.T.);
#3670 = VERTEX_POINT('',#3671);
#3671 = CARTESIAN_POINT('',(1.73,0.,2.));
#3672 = LINE('',#3673,#3674);
#3673 = CARTESIAN_POINT('',(1.73,0.,4.));
#3674 = VECTOR('',#3675,1.);
#3675 = DIRECTION('',(-0.,-0.,-1.));
#3676 = ORIENTED_EDGE('',*,*,#3677,.T.);
#3677 = EDGE_CURVE('',#3670,#3678,#3680,.T.);
#3678 = VERTEX_POINT('',#3679);
#3679 = CARTESIAN_POINT('',(0.865,1.498223948547,2.));
#3680 = LINE('',#3681,#3682);
#3681 = CARTESIAN_POINT('',(1.73,0.,2.));
#3682 = VECTOR('',#3683,1.);
#3683 = DIRECTION('',(-0.5,0.866025403784,0.));
#3684 = ORIENTED_EDGE('',*,*,#3685,.F.);
#3685 = EDGE_CURVE('',#3616,#3678,#3686,.T.);
#3686 = LINE('',#3687,#3688);
#3687 = CARTESIAN_POINT('',(0.865,1.498223948547,4.));
#3688 = VECTOR('',#3689,1.);
#3689 = DIRECTION('',(-0.,-0.,-1.));
#3690 = ORIENTED_EDGE('',*,*,#3613,.F.);
#3691 = PLANE('',#3692);
#3692 = AXIS2_PLACEMENT_3D('',#3693,#3694,#3695);
#3693 = CARTESIAN_POINT('',(1.73,0.,4.));
#3694 = DIRECTION('',(0.866025403784,0.5,0.));
#3695 = DIRECTION('',(-0.5,0.866025403784,0.));
#3696 = ADVANCED_FACE('',(#3697),#3715,.F.);
#3697 = FACE_BOUND('',#3698,.F.);
#3698 = EDGE_LOOP('',(#3699,#3700,#3708,#3714));
#3699 = ORIENTED_EDGE('',*,*,#3685,.T.);
#3700 = ORIENTED_EDGE('',*,*,#3701,.T.);
#3701 = EDGE_CURVE('',#3678,#3702,#3704,.T.);
#3702 = VERTEX_POINT('',#3703);
#3703 = CARTESIAN_POINT('',(-0.865,1.498223948547,2.));
#3704 = LINE('',#3705,#3706);
#3705 = CARTESIAN_POINT('',(0.865,1.498223948547,2.));
#3706 = VECTOR('',#3707,1.);
#3707 = DIRECTION('',(-1.,0.,0.));
#3708 = ORIENTED_EDGE('',*,*,#3709,.F.);
#3709 = EDGE_CURVE('',#3648,#3702,#3710,.T.);
#3710 = LINE('',#3711,#3712);
#3711 = CARTESIAN_POINT('',(-0.865,1.498223948547,4.));
#3712 = VECTOR('',#3713,1.);
#3713 = DIRECTION('',(-0.,-0.,-1.));
#3714 = ORIENTED_EDGE('',*,*,#3655,.F.);
#3715 = PLANE('',#3716);
#3716 = AXIS2_PLACEMENT_3D('',#3717,#3718,#3719);
#3717 = CARTESIAN_POINT('',(0.865,1.498223948547,4.));
#3718 = DIRECTION('',(0.,1.,0.));
#3719 = DIRECTION('',(-1.,0.,0.));
#3720 = ADVANCED_FACE('',(#3721),#3739,.F.);
#3721 = FACE_BOUND('',#3722,.F.);
#3722 = EDGE_LOOP('',(#3723,#3724,#3732,#3738));
#3723 = ORIENTED_EDGE('',*,*,#3709,.T.);
#3724 = ORIENTED_EDGE('',*,*,#3725,.T.);
#3725 = EDGE_CURVE('',#3702,#3726,#3728,.T.);
#3726 = VERTEX_POINT('',#3727);
#3727 = CARTESIAN_POINT('',(-1.73,0.,2.));
#3728 = LINE('',#3729,#3730);
#3729 = CARTESIAN_POINT('',(-0.865,1.498223948547,2.));
#3730 = VECTOR('',#3731,1.);
#3731 = DIRECTION('',(-0.5,-0.866025403784,0.));
#3732 = ORIENTED_EDGE('',*,*,#3733,.F.);
#3733 = EDGE_CURVE('',#3640,#3726,#3734,.T.);
#3734 = LINE('',#3735,#3736);
#3735 = CARTESIAN_POINT('',(-1.73,0.,4.));
#3736 = VECTOR('',#3737,1.);
#3737 = DIRECTION('',(-0.,-0.,-1.));
#3738 = ORIENTED_EDGE('',*,*,#3647,.F.);
#3739 = PLANE('',#3740);
#3740 = AXIS2_PLACEMENT_3D('',#3741,#3742,#3743);
#3741 = CARTESIAN_POINT('',(-0.865,1.498223948547,4.));
#3742 = DIRECTION('',(-0.866025403784,0.5,0.));
#3743 = DIRECTION('',(-0.5,-0.866025403784,0.));
#3744 = ADVANCED_FACE('',(#3745),#3763,.F.);
#3745 = FACE_BOUND('',#3746,.F.);
#3746 = EDGE_LOOP('',(#3747,#3748,#3756,#3762));
#3747 = ORIENTED_EDGE('',*,*,#3733,.T.);
#3748 = ORIENTED_EDGE('',*,*,#3749,.T.);
#3749 = EDGE_CURVE('',#3726,#3750,#3752,.T.);
#3750 = VERTEX_POINT('',#3751);
#3751 = CARTESIAN_POINT('',(-0.865,-1.498223948547,2.));
#3752 = LINE('',#3753,#3754);
#3753 = CARTESIAN_POINT('',(-1.73,0.,2.));
#3754 = VECTOR('',#3755,1.);
#3755 = DIRECTION('',(0.5,-0.866025403784,0.));
#3756 = ORIENTED_EDGE('',*,*,#3757,.F.);
#3757 = EDGE_CURVE('',#3632,#3750,#3758,.T.);
#3758 = LINE('',#3759,#3760);
#3759 = CARTESIAN_POINT('',(-0.865,-1.498223948547,4.));
#3760 = VECTOR('',#3761,1.);
#3761 = DIRECTION('',(-0.,-0.,-1.));
#3762 = ORIENTED_EDGE('',*,*,#3639,.F.);
#3763 = PLANE('',#3764);
#3764 = AXIS2_PLACEMENT_3D('',#3765,#3766,#3767);
#3765 = CARTESIAN_POINT('',(-1.73,0.,4.));
#3766 = DIRECTION('',(-0.866025403784,-0.5,0.));
#3767 = DIRECTION('',(0.5,-0.866025403784,0.));
#3768 = ADVANCED_FACE('',(#3769),#3787,.F.);
#3769 = FACE_BOUND('',#3770,.F.);
#3770 = EDGE_LOOP('',(#3771,#3772,#3780,#3786));
#3771 = ORIENTED_EDGE('',*,*,#3757,.T.);
#3772 = ORIENTED_EDGE('',*,*,#3773,.T.);
#3773 = EDGE_CURVE('',#3750,#3774,#3776,.T.);
#3774 = VERTEX_POINT('',#3775);
#3775 = CARTESIAN_POINT('',(0.865,-1.498223948547,2.));
#3776 = LINE('',#3777,#3778);
#3777 = CARTESIAN_POINT('',(-0.865,-1.498223948547,2.));
#3778 = VECTOR('',#3779,1.);
#3779 = DIRECTION('',(1.,0.,0.));
#3780 = ORIENTED_EDGE('',*,*,#3781,.F.);
#3781 = EDGE_CURVE('',#3624,#3774,#3782,.T.);
#3782 = LINE('',#3783,#3784);
#3783 = CARTESIAN_POINT('',(0.865,-1.498223948547,4.));
#3784 = VECTOR('',#3785,1.);
#3785 = DIRECTION('',(-0.,-0.,-1.));
#3786 = ORIENTED_EDGE('',*,*,#3631,.F.);
#3787 = PLANE('',#3788);
#3788 = AXIS2_PLACEMENT_3D('',#3789,#3790,#3791);
#3789 = CARTESIAN_POINT('',(-0.865,-1.498223948547,4.));
#3790 = DIRECTION('',(0.,-1.,0.));
#3791 = DIRECTION('',(1.,0.,0.));
#3792 = ADVANCED_FACE('',(#3793),#3804,.F.);
#3793 = FACE_BOUND('',#3794,.F.);
#3794 = EDGE_LOOP('',(#3795,#3796,#3802,#3803));
#3795 = ORIENTED_EDGE('',*,*,#3781,.T.);
#3796 = ORIENTED_EDGE('',*,*,#3797,.T.);
#3797 = EDGE_CURVE('',#3774,#3670,#3798,.T.);
#3798 = LINE('',#3799,#3800);
#3799 = CARTESIAN_POINT('',(0.865,-1.498223948547,2.));
#3800 = VECTOR('',#3801,1.);
#3801 = DIRECTION('',(0.5,0.866025403784,0.));
#3802 = ORIENTED_EDGE('',*,*,#3669,.F.);
#3803 = ORIENTED_EDGE('',*,*,#3623,.F.);
#3804 = PLANE('',#3805);
#3805 = AXIS2_PLACEMENT_3D('',#3806,#3807,#3808);
#3806 = CARTESIAN_POINT('',(0.865,-1.498223948547,4.));
#3807 = DIRECTION('',(0.866025403784,-0.5,0.));
#3808 = DIRECTION('',(0.5,0.866025403784,0.));
#3809 = ADVANCED_FACE('',(#3810),#3818,.T.);
#3810 = FACE_BOUND('',#3811,.T.);
#3811 = EDGE_LOOP('',(#3812,#3813,#3814,#3815,#3816,#3817));
#3812 = ORIENTED_EDGE('',*,*,#3677,.T.);
#3813 = ORIENTED_EDGE('',*,*,#3701,.T.);
#3814 = ORIENTED_EDGE('',*,*,#3725,.T.);
#3815 = ORIENTED_EDGE('',*,*,#3749,.T.);
#3816 = ORIENTED_EDGE('',*,*,#3773,.T.);
#3817 = ORIENTED_EDGE('',*,*,#3797,.T.);
#3818 = PLANE('',#3819);
#3819 = AXIS2_PLACEMENT_3D('',#3820,#3821,#3822);
#3820 = CARTESIAN_POINT('',(-2.E-17,2.E-17,2.));
#3821 = DIRECTION('',(0.,0.,1.));
#3822 = DIRECTION('',(1.,0.,-0.));
#3823 = ( GEOMETRIC_REPRESENTATION_CONTEXT(3) 
GLOBAL_UNCERTAINTY_ASSIGNED_CONTEXT((#3827)) 
GLOBAL_UNIT_ASSIGNED_CONTEXT((#3824,#3825,#3826)) REPRESENTATION_CONTEXT
('Context #1','3D Context with UNIT and UNCERTAINTY') );
#3824 = ( LENGTH_UNIT() NAMED_UNIT(*) SI_UNIT(.MILLI.,.METRE.) );
#3825 = ( NAMED_UNIT(*) PLANE_ANGLE_UNIT() SI_UNIT($,.RADIAN.) );
#3826 = ( NAMED_UNIT(*) SI_UNIT($,.STERADIAN.) SOLID_ANGLE_UNIT() );
#3827 = UNCERTAINTY_MEASURE_WITH_UNIT(LENGTH_MEASURE(1.E-07),#3824,
  'distance_accuracy_value','confusion accuracy');
#3828 = CONTEXT_DEPENDENT_SHAPE_REPRESENTATION(#3829,#3831);
#3829 = ( REPRESENTATION_RELATIONSHIP('','',#3465,#56) 
REPRESENTATION_RELATIONSHIP_WITH_TRANSFORMATION(#3830) 
SHAPE_REPRESENTATION_RELATIONSHIP() );
#3830 = ITEM_DEFINED_TRANSFORMATION('','',#11,#81);
#3831 = PRODUCT_DEFINITION_SHAPE('Placement','Placement of an item',
  #3832);
#3832 = NEXT_ASSEMBLY_USAGE_OCCURRENCE('7','m4_35_5','',#51,#3460,$);
#3833 = PRODUCT_RELATED_PRODUCT_CATEGORY('part',$,(#3462));
#3834 = SHAPE_DEFINITION_REPRESENTATION(#3835,#3841);
#3835 = PRODUCT_DEFINITION_SHAPE('','',#3836);
#3836 = PRODUCT_DEFINITION('design','',#3837,#3840);
#3837 = PRODUCT_DEFINITION_FORMATION('','',#3838);
#3838 = PRODUCT('m4_35_6','m4_35_6','',(#3839));
#3839 = PRODUCT_CONTEXT('',#2,'mechanical');
#3840 = PRODUCT_DEFINITION_CONTEXT('part definition',#2,'design');
#3841 = ADVANCED_BREP_SHAPE_REPRESENTATION('',(#11,#3842),#4199);
#3842 = MANIFOLD_SOLID_BREP('',#3843);
#3843 = CLOSED_SHELL('',(#3844,#3877,#3902,#3922,#3931,#3956,#3982,#4041
    ,#4072,#4096,#4120,#4144,#4168,#4185));
#3844 = ADVANCED_FACE('',(#3845),#3872,.T.);
#3845 = FACE_BOUND('',#3846,.T.);
#3846 = EDGE_LOOP('',(#3847,#3857,#3864,#3865));
#3847 = ORIENTED_EDGE('',*,*,#3848,.T.);
#3848 = EDGE_CURVE('',#3849,#3851,#3853,.T.);
#3849 = VERTEX_POINT('',#3850);
#3850 = CARTESIAN_POINT('',(2.,0.,0.));
#3851 = VERTEX_POINT('',#3852);
#3852 = CARTESIAN_POINT('',(2.,0.,-34.685));
#3853 = LINE('',#3854,#3855);
#3854 = CARTESIAN_POINT('',(2.,0.,0.));
#3855 = VECTOR('',#3856,1.);
#3856 = DIRECTION('',(-0.,-0.,-1.));
#3857 = ORIENTED_EDGE('',*,*,#3858,.T.);
#3858 = EDGE_CURVE('',#3851,#3851,#3859,.T.);
#3859 = CIRCLE('',#3860,2.);
#3860 = AXIS2_PLACEMENT_3D('',#3861,#3862,#3863);
#3861 = CARTESIAN_POINT('',(0.,0.,-34.685));
#3862 = DIRECTION('',(0.,0.,1.));
#3863 = DIRECTION('',(1.,0.,-0.));
#3864 = ORIENTED_EDGE('',*,*,#3848,.F.);
#3865 = ORIENTED_EDGE('',*,*,#3866,.F.);
#3866 = EDGE_CURVE('',#3849,#3849,#3867,.T.);
#3867 = CIRCLE('',#3868,2.);
#3868 = AXIS2_PLACEMENT_3D('',#3869,#3870,#3871);
#3869 = CARTESIAN_POINT('',(0.,0.,0.));
#3870 = DIRECTION('',(0.,0.,1.));
#3871 = DIRECTION('',(1.,0.,-0.));
#3872 = CYLINDRICAL_SURFACE('',#3873,2.);
#3873 = AXIS2_PLACEMENT_3D('',#3874,#3875,#3876);
#3874 = CARTESIAN_POINT('',(0.,0.,0.));
#3875 = DIRECTION('',(0.,0.,1.));
#3876 = DIRECTION('',(1.,0.,-0.));
#3877 = ADVANCED_FACE('',(#3878),#3897,.T.);
#3878 = FACE_BOUND('',#3879,.T.);
#3879 = EDGE_LOOP('',(#3880,#3889,#3895,#3896));
#3880 = ORIENTED_EDGE('',*,*,#3881,.T.);
#3881 = EDGE_CURVE('',#3882,#3882,#3884,.T.);
#3882 = VERTEX_POINT('',#3883);
#3883 = CARTESIAN_POINT('',(1.685,0.,-35.));
#3884 = CIRCLE('',#3885,1.685);
#3885 = AXIS2_PLACEMENT_3D('',#3886,#3887,#3888);
#3886 = CARTESIAN_POINT('',(0.,0.,-35.));
#3887 = DIRECTION('',(0.,0.,1.));
#3888 = DIRECTION('',(1.,0.,-0.));
#3889 = ORIENTED_EDGE('',*,*,#3890,.F.);
#3890 = EDGE_CURVE('',#3851,#3882,#3891,.T.);
#3891 = LINE('',#3892,#3893);
#3892 = CARTESIAN_POINT('',(2.,0.,-34.685));
#3893 = VECTOR('',#3894,1.);
#3894 = DIRECTION('',(-0.707106781187,-0.,-0.707106781187));
#3895 = ORIENTED_EDGE('',*,*,#3858,.F.);
#3896 = ORIENTED_EDGE('',*,*,#3890,.T.);
#3897 = CONICAL_SURFACE('',#3898,2.,0.785398163397);
#3898 = AXIS2_PLACEMENT_3D('',#3899,#3900,#3901);
#3899 = CARTESIAN_POINT('',(0.,0.,-34.685));
#3900 = DIRECTION('',(0.,0.,1.));
#3901 = DIRECTION('',(1.,0.,-0.));
#3902 = ADVANCED_FACE('',(#3903,#3914),#3917,.F.);
#3903 = FACE_BOUND('',#3904,.F.);
#3904 = EDGE_LOOP('',(#3905));
#3905 = ORIENTED_EDGE('',*,*,#3906,.T.);
#3906 = EDGE_CURVE('',#3907,#3907,#3909,.T.);
#3907 = VERTEX_POINT('',#3908);
#3908 = CARTESIAN_POINT('',(3.5,0.,0.));
#3909 = CIRCLE('',#3910,3.5);
#3910 = AXIS2_PLACEMENT_3D('',#3911,#3912,#3913);
#3911 = CARTESIAN_POINT('',(0.,0.,0.));
#3912 = DIRECTION('',(0.,0.,1.));
#3913 = DIRECTION('',(1.,0.,-0.));
#3914 = FACE_BOUND('',#3915,.F.);
#3915 = EDGE_LOOP('',(#3916));
#3916 = ORIENTED_EDGE('',*,*,#3866,.F.);
#3917 = PLANE('',#3918);
#3918 = AXIS2_PLACEMENT_3D('',#3919,#3920,#3921);
#3919 = CARTESIAN_POINT('',(-2.E-16,-1.4E-16,0.));
#3920 = DIRECTION('',(0.,0.,1.));
#3921 = DIRECTION('',(1.,0.,-0.));
#3922 = ADVANCED_FACE('',(#3923),#3926,.F.);
#3923 = FACE_BOUND('',#3924,.F.);
#3924 = EDGE_LOOP('',(#3925));
#3925 = ORIENTED_EDGE('',*,*,#3881,.T.);
#3926 = PLANE('',#3927);
#3927 = AXIS2_PLACEMENT_3D('',#3928,#3929,#3930);
#3928 = CARTESIAN_POINT('',(-1.3E-16,0.,-35.));
#3929 = DIRECTION('',(0.,0.,1.));
#3930 = DIRECTION('',(1.,0.,-0.));
#3931 = ADVANCED_FACE('',(#3932),#3951,.T.);
#3932 = FACE_BOUND('',#3933,.T.);
#3933 = EDGE_LOOP('',(#3934,#3935,#3943,#3950));
#3934 = ORIENTED_EDGE('',*,*,#3906,.T.);
#3935 = ORIENTED_EDGE('',*,*,#3936,.T.);
#3936 = EDGE_CURVE('',#3907,#3937,#3939,.T.);
#3937 = VERTEX_POINT('',#3938);
#3938 = CARTESIAN_POINT('',(3.5,0.,3.6));
#3939 = LINE('',#3940,#3941);
#3940 = CARTESIAN_POINT('',(3.5,0.,0.));
#3941 = VECTOR('',#3942,1.);
#3942 = DIRECTION('',(0.,0.,1.));
#3943 = ORIENTED_EDGE('',*,*,#3944,.F.);
#3944 = EDGE_CURVE('',#3937,#3937,#3945,.T.);
#3945 = CIRCLE('',#3946,3.5);
#3946 = AXIS2_PLACEMENT_3D('',#3947,#3948,#3949);
#3947 = CARTESIAN_POINT('',(0.,0.,3.6));
#3948 = DIRECTION('',(0.,0.,1.));
#3949 = DIRECTION('',(1.,0.,-0.));
#3950 = ORIENTED_EDGE('',*,*,#3936,.F.);
#3951 = CYLINDRICAL_SURFACE('',#3952,3.5);
#3952 = AXIS2_PLACEMENT_3D('',#3953,#3954,#3955);
#3953 = CARTESIAN_POINT('',(0.,0.,0.));
#3954 = DIRECTION('',(-0.,-0.,-1.));
#3955 = DIRECTION('',(1.,0.,0.));
#3956 = ADVANCED_FACE('',(#3957),#3977,.T.);
#3957 = FACE_BOUND('',#3958,.T.);
#3958 = EDGE_LOOP('',(#3959,#3968,#3969,#3970));
#3959 = ORIENTED_EDGE('',*,*,#3960,.F.);
#3960 = EDGE_CURVE('',#3937,#3961,#3963,.T.);
#3961 = VERTEX_POINT('',#3962);
#3962 = CARTESIAN_POINT('',(3.1,0.,4.));
#3963 = CIRCLE('',#3964,0.4);
#3964 = AXIS2_PLACEMENT_3D('',#3965,#3966,#3967);
#3965 = CARTESIAN_POINT('',(3.1,0.,3.6));
#3966 = DIRECTION('',(0.,-1.,0.));
#3967 = DIRECTION('',(1.,0.,0.));
#3968 = ORIENTED_EDGE('',*,*,#3944,.T.);
#3969 = ORIENTED_EDGE('',*,*,#3960,.T.);
#3970 = ORIENTED_EDGE('',*,*,#3971,.F.);
#3971 = EDGE_CURVE('',#3961,#3961,#3972,.T.);
#3972 = CIRCLE('',#3973,3.1);
#3973 = AXIS2_PLACEMENT_3D('',#3974,#3975,#3976);
#3974 = CARTESIAN_POINT('',(0.,0.,4.));
#3975 = DIRECTION('',(0.,0.,1.));
#3976 = DIRECTION('',(1.,0.,-0.));
#3977 = TOROIDAL_SURFACE('',#3978,3.1,0.4);
#3978 = AXIS2_PLACEMENT_3D('',#3979,#3980,#3981);
#3979 = CARTESIAN_POINT('',(0.,0.,3.6));
#3980 = DIRECTION('',(0.,0.,1.));
#3981 = DIRECTION('',(1.,0.,-0.));
#3982 = ADVANCED_FACE('',(#3983,#3986),#4036,.T.);
#3983 = FACE_BOUND('',#3984,.T.);
#3984 = EDGE_LOOP('',(#3985));
#3985 = ORIENTED_EDGE('',*,*,#3971,.T.);
#3986 = FACE_BOUND('',#3987,.T.);
#3987 = EDGE_LOOP('',(#3988,#3998,#4006,#4014,#4022,#4030));
#3988 = ORIENTED_EDGE('',*,*,#3989,.F.);
#3989 = EDGE_CURVE('',#3990,#3992,#3994,.T.);
#3990 = VERTEX_POINT('',#3991);
#3991 = CARTESIAN_POINT('',(1.73,0.,4.));
#3992 = VERTEX_POINT('',#3993);
#3993 = CARTESIAN_POINT('',(0.865,1.498223948547,4.));
#3994 = LINE('',#3995,#3996);
#3995 = CARTESIAN_POINT('',(1.73,0.,4.));
#3996 = VECTOR('',#3997,1.);
#3997 = DIRECTION('',(-0.5,0.866025403784,0.));
#3998 = ORIENTED_EDGE('',*,*,#3999,.F.);
#3999 = EDGE_CURVE('',#4000,#3990,#4002,.T.);
#4000 = VERTEX_POINT('',#4001);
#4001 = CARTESIAN_POINT('',(0.865,-1.498223948547,4.));
#4002 = LINE('',#4003,#4004);
#4003 = CARTESIAN_POINT('',(0.865,-1.498223948547,4.));
#4004 = VECTOR('',#4005,1.);
#4005 = DIRECTION('',(0.5,0.866025403784,0.));
#4006 = ORIENTED_EDGE('',*,*,#4007,.F.);
#4007 = EDGE_CURVE('',#4008,#4000,#4010,.T.);
#4008 = VERTEX_POINT('',#4009);
#4009 = CARTESIAN_POINT('',(-0.865,-1.498223948547,4.));
#4010 = LINE('',#4011,#4012);
#4011 = CARTESIAN_POINT('',(-0.865,-1.498223948547,4.));
#4012 = VECTOR('',#4013,1.);
#4013 = DIRECTION('',(1.,0.,0.));
#4014 = ORIENTED_EDGE('',*,*,#4015,.F.);
#4015 = EDGE_CURVE('',#4016,#4008,#4018,.T.);
#4016 = VERTEX_POINT('',#4017);
#4017 = CARTESIAN_POINT('',(-1.73,0.,4.));
#4018 = LINE('',#4019,#4020);
#4019 = CARTESIAN_POINT('',(-1.73,0.,4.));
#4020 = VECTOR('',#4021,1.);
#4021 = DIRECTION('',(0.5,-0.866025403784,0.));
#4022 = ORIENTED_EDGE('',*,*,#4023,.F.);
#4023 = EDGE_CURVE('',#4024,#4016,#4026,.T.);
#4024 = VERTEX_POINT('',#4025);
#4025 = CARTESIAN_POINT('',(-0.865,1.498223948547,4.));
#4026 = LINE('',#4027,#4028);
#4027 = CARTESIAN_POINT('',(-0.865,1.498223948547,4.));
#4028 = VECTOR('',#4029,1.);
#4029 = DIRECTION('',(-0.5,-0.866025403784,0.));
#4030 = ORIENTED_EDGE('',*,*,#4031,.F.);
#4031 = EDGE_CURVE('',#3992,#4024,#4032,.T.);
#4032 = LINE('',#4033,#4034);
#4033 = CARTESIAN_POINT('',(0.865,1.498223948547,4.));
#4034 = VECTOR('',#4035,1.);
#4035 = DIRECTION('',(-1.,0.,0.));
#4036 = PLANE('',#4037);
#4037 = AXIS2_PLACEMENT_3D('',#4038,#4039,#4040);
#4038 = CARTESIAN_POINT('',(-2.E-16,-1.4E-16,4.));
#4039 = DIRECTION('',(0.,0.,1.));
#4040 = DIRECTION('',(1.,0.,-0.));
#4041 = ADVANCED_FACE('',(#4042),#4067,.F.);
#4042 = FACE_BOUND('',#4043,.F.);
#4043 = EDGE_LOOP('',(#4044,#4052,#4060,#4066));
#4044 = ORIENTED_EDGE('',*,*,#4045,.T.);
#4045 = EDGE_CURVE('',#3990,#4046,#4048,.T.);
#4046 = VERTEX_POINT('',#4047);
#4047 = CARTESIAN_POINT('',(1.73,0.,2.));
#4048 = LINE('',#4049,#4050);
#4049 = CARTESIAN_POINT('',(1.73,0.,4.));
#4050 = VECTOR('',#4051,1.);
#4051 = DIRECTION('',(-0.,-0.,-1.));
#4052 = ORIENTED_EDGE('',*,*,#4053,.T.);
#4053 = EDGE_CURVE('',#4046,#4054,#4056,.T.);
#4054 = VERTEX_POINT('',#4055);
#4055 = CARTESIAN_POINT('',(0.865,1.498223948547,2.));
#4056 = LINE('',#4057,#4058);
#4057 = CARTESIAN_POINT('',(1.73,0.,2.));
#4058 = VECTOR('',#4059,1.);
#4059 = DIRECTION('',(-0.5,0.866025403784,0.));
#4060 = ORIENTED_EDGE('',*,*,#4061,.F.);
#4061 = EDGE_CURVE('',#3992,#4054,#4062,.T.);
#4062 = LINE('',#4063,#4064);
#4063 = CARTESIAN_POINT('',(0.865,1.498223948547,4.));
#4064 = VECTOR('',#4065,1.);
#4065 = DIRECTION('',(-0.,-0.,-1.));
#4066 = ORIENTED_EDGE('',*,*,#3989,.F.);
#4067 = PLANE('',#4068);
#4068 = AXIS2_PLACEMENT_3D('',#4069,#4070,#4071);
#4069 = CARTESIAN_POINT('',(1.73,0.,4.));
#4070 = DIRECTION('',(0.866025403784,0.5,0.));
#4071 = DIRECTION('',(-0.5,0.866025403784,0.));
#4072 = ADVANCED_FACE('',(#4073),#4091,.F.);
#4073 = FACE_BOUND('',#4074,.F.);
#4074 = EDGE_LOOP('',(#4075,#4076,#4084,#4090));
#4075 = ORIENTED_EDGE('',*,*,#4061,.T.);
#4076 = ORIENTED_EDGE('',*,*,#4077,.T.);
#4077 = EDGE_CURVE('',#4054,#4078,#4080,.T.);
#4078 = VERTEX_POINT('',#4079);
#4079 = CARTESIAN_POINT('',(-0.865,1.498223948547,2.));
#4080 = LINE('',#4081,#4082);
#4081 = CARTESIAN_POINT('',(0.865,1.498223948547,2.));
#4082 = VECTOR('',#4083,1.);
#4083 = DIRECTION('',(-1.,0.,0.));
#4084 = ORIENTED_EDGE('',*,*,#4085,.F.);
#4085 = EDGE_CURVE('',#4024,#4078,#4086,.T.);
#4086 = LINE('',#4087,#4088);
#4087 = CARTESIAN_POINT('',(-0.865,1.498223948547,4.));
#4088 = VECTOR('',#4089,1.);
#4089 = DIRECTION('',(-0.,-0.,-1.));
#4090 = ORIENTED_EDGE('',*,*,#4031,.F.);
#4091 = PLANE('',#4092);
#4092 = AXIS2_PLACEMENT_3D('',#4093,#4094,#4095);
#4093 = CARTESIAN_POINT('',(0.865,1.498223948547,4.));
#4094 = DIRECTION('',(0.,1.,0.));
#4095 = DIRECTION('',(-1.,0.,0.));
#4096 = ADVANCED_FACE('',(#4097),#4115,.F.);
#4097 = FACE_BOUND('',#4098,.F.);
#4098 = EDGE_LOOP('',(#4099,#4100,#4108,#4114));
#4099 = ORIENTED_EDGE('',*,*,#4085,.T.);
#4100 = ORIENTED_EDGE('',*,*,#4101,.T.);
#4101 = EDGE_CURVE('',#4078,#4102,#4104,.T.);
#4102 = VERTEX_POINT('',#4103);
#4103 = CARTESIAN_POINT('',(-1.73,0.,2.));
#4104 = LINE('',#4105,#4106);
#4105 = CARTESIAN_POINT('',(-0.865,1.498223948547,2.));
#4106 = VECTOR('',#4107,1.);
#4107 = DIRECTION('',(-0.5,-0.866025403784,0.));
#4108 = ORIENTED_EDGE('',*,*,#4109,.F.);
#4109 = EDGE_CURVE('',#4016,#4102,#4110,.T.);
#4110 = LINE('',#4111,#4112);
#4111 = CARTESIAN_POINT('',(-1.73,0.,4.));
#4112 = VECTOR('',#4113,1.);
#4113 = DIRECTION('',(-0.,-0.,-1.));
#4114 = ORIENTED_EDGE('',*,*,#4023,.F.);
#4115 = PLANE('',#4116);
#4116 = AXIS2_PLACEMENT_3D('',#4117,#4118,#4119);
#4117 = CARTESIAN_POINT('',(-0.865,1.498223948547,4.));
#4118 = DIRECTION('',(-0.866025403784,0.5,0.));
#4119 = DIRECTION('',(-0.5,-0.866025403784,0.));
#4120 = ADVANCED_FACE('',(#4121),#4139,.F.);
#4121 = FACE_BOUND('',#4122,.F.);
#4122 = EDGE_LOOP('',(#4123,#4124,#4132,#4138));
#4123 = ORIENTED_EDGE('',*,*,#4109,.T.);
#4124 = ORIENTED_EDGE('',*,*,#4125,.T.);
#4125 = EDGE_CURVE('',#4102,#4126,#4128,.T.);
#4126 = VERTEX_POINT('',#4127);
#4127 = CARTESIAN_POINT('',(-0.865,-1.498223948547,2.));
#4128 = LINE('',#4129,#4130);
#4129 = CARTESIAN_POINT('',(-1.73,0.,2.));
#4130 = VECTOR('',#4131,1.);
#4131 = DIRECTION('',(0.5,-0.866025403784,0.));
#4132 = ORIENTED_EDGE('',*,*,#4133,.F.);
#4133 = EDGE_CURVE('',#4008,#4126,#4134,.T.);
#4134 = LINE('',#4135,#4136);
#4135 = CARTESIAN_POINT('',(-0.865,-1.498223948547,4.));
#4136 = VECTOR('',#4137,1.);
#4137 = DIRECTION('',(-0.,-0.,-1.));
#4138 = ORIENTED_EDGE('',*,*,#4015,.F.);
#4139 = PLANE('',#4140);
#4140 = AXIS2_PLACEMENT_3D('',#4141,#4142,#4143);
#4141 = CARTESIAN_POINT('',(-1.73,0.,4.));
#4142 = DIRECTION('',(-0.866025403784,-0.5,0.));
#4143 = DIRECTION('',(0.5,-0.866025403784,0.));
#4144 = ADVANCED_FACE('',(#4145),#4163,.F.);
#4145 = FACE_BOUND('',#4146,.F.);
#4146 = EDGE_LOOP('',(#4147,#4148,#4156,#4162));
#4147 = ORIENTED_EDGE('',*,*,#4133,.T.);
#4148 = ORIENTED_EDGE('',*,*,#4149,.T.);
#4149 = EDGE_CURVE('',#4126,#4150,#4152,.T.);
#4150 = VERTEX_POINT('',#4151);
#4151 = CARTESIAN_POINT('',(0.865,-1.498223948547,2.));
#4152 = LINE('',#4153,#4154);
#4153 = CARTESIAN_POINT('',(-0.865,-1.498223948547,2.));
#4154 = VECTOR('',#4155,1.);
#4155 = DIRECTION('',(1.,0.,0.));
#4156 = ORIENTED_EDGE('',*,*,#4157,.F.);
#4157 = EDGE_CURVE('',#4000,#4150,#4158,.T.);
#4158 = LINE('',#4159,#4160);
#4159 = CARTESIAN_POINT('',(0.865,-1.498223948547,4.));
#4160 = VECTOR('',#4161,1.);
#4161 = DIRECTION('',(-0.,-0.,-1.));
#4162 = ORIENTED_EDGE('',*,*,#4007,.F.);
#4163 = PLANE('',#4164);
#4164 = AXIS2_PLACEMENT_3D('',#4165,#4166,#4167);
#4165 = CARTESIAN_POINT('',(-0.865,-1.498223948547,4.));
#4166 = DIRECTION('',(0.,-1.,0.));
#4167 = DIRECTION('',(1.,0.,0.));
#4168 = ADVANCED_FACE('',(#4169),#4180,.F.);
#4169 = FACE_BOUND('',#4170,.F.);
#4170 = EDGE_LOOP('',(#4171,#4172,#4178,#4179));
#4171 = ORIENTED_EDGE('',*,*,#4157,.T.);
#4172 = ORIENTED_EDGE('',*,*,#4173,.T.);
#4173 = EDGE_CURVE('',#4150,#4046,#4174,.T.);
#4174 = LINE('',#4175,#4176);
#4175 = CARTESIAN_POINT('',(0.865,-1.498223948547,2.));
#4176 = VECTOR('',#4177,1.);
#4177 = DIRECTION('',(0.5,0.866025403784,0.));
#4178 = ORIENTED_EDGE('',*,*,#4045,.F.);
#4179 = ORIENTED_EDGE('',*,*,#3999,.F.);
#4180 = PLANE('',#4181);
#4181 = AXIS2_PLACEMENT_3D('',#4182,#4183,#4184);
#4182 = CARTESIAN_POINT('',(0.865,-1.498223948547,4.));
#4183 = DIRECTION('',(0.866025403784,-0.5,0.));
#4184 = DIRECTION('',(0.5,0.866025403784,0.));
#4185 = ADVANCED_FACE('',(#4186),#4194,.T.);
#4186 = FACE_BOUND('',#4187,.T.);
#4187 = EDGE_LOOP('',(#4188,#4189,#4190,#4191,#4192,#4193));
#4188 = ORIENTED_EDGE('',*,*,#4053,.T.);
#4189 = ORIENTED_EDGE('',*,*,#4077,.T.);
#4190 = ORIENTED_EDGE('',*,*,#4101,.T.);
#4191 = ORIENTED_EDGE('',*,*,#4125,.T.);
#4192 = ORIENTED_EDGE('',*,*,#4149,.T.);
#4193 = ORIENTED_EDGE('',*,*,#4173,.T.);
#4194 = PLANE('',#4195);
#4195 = AXIS2_PLACEMENT_3D('',#4196,#4197,#4198);
#4196 = CARTESIAN_POINT('',(-2.E-17,2.E-17,2.));
#4197 = DIRECTION('',(0.,0.,1.));
#4198 = DIRECTION('',(1.,0.,-0.));
#4199 = ( GEOMETRIC_REPRESENTATION_CONTEXT(3) 
GLOBAL_UNCERTAINTY_ASSIGNED_CONTEXT((#4203)) 
GLOBAL_UNIT_ASSIGNED_CONTEXT((#4200,#4201,#4202)) REPRESENTATION_CONTEXT
('Context #1','3D Context with UNIT and UNCERTAINTY') );
#4200 = ( LENGTH_UNIT() NAMED_UNIT(*) SI_UNIT(.MILLI.,.METRE.) );
#4201 = ( NAMED_UNIT(*) PLANE_ANGLE_UNIT() SI_UNIT($,.RADIAN.) );
#4202 = ( NAMED_UNIT(*) SI_UNIT($,.STERADIAN.) SOLID_ANGLE_UNIT() );
#4203 = UNCERTAINTY_MEASURE_WITH_UNIT(LENGTH_MEASURE(1.E-07),#4200,
  'distance_accuracy_value','confusion accuracy');
#4204 = CONTEXT_DEPENDENT_SHAPE_REPRESENTATION(#4205,#4207);
#4205 = ( REPRESENTATION_RELATIONSHIP('','',#3841,#56) 
REPRESENTATION_RELATIONSHIP_WITH_TRANSFORMATION(#4206) 
SHAPE_REPRESENTATION_RELATIONSHIP() );
#4206 = ITEM_DEFINED_TRANSFORMATION('','',#11,#85);
#4207 = PRODUCT_DEFINITION_SHAPE('Placement','Placement of an item',
  #4208);
#4208 = NEXT_ASSEMBLY_USAGE_OCCURRENCE('8','m4_35_6','',#51,#3836,$);
#4209 = PRODUCT_RELATED_PRODUCT_CATEGORY('part',$,(#3838));
#4210 = SHAPE_DEFINITION_REPRESENTATION(#4211,#4217);
#4211 = PRODUCT_DEFINITION_SHAPE('','',#4212);
#4212 = PRODUCT_DEFINITION('design','',#4213,#4216);
#4213 = PRODUCT_DEFINITION_FORMATION('','',#4214);
#4214 = PRODUCT('m4_nut_1','m4_nut_1','',(#4215));
#4215 = PRODUCT_CONTEXT('',#2,'mechanical');
#4216 = PRODUCT_DEFINITION_CONTEXT('part definition',#2,'design');
#4217 = ADVANCED_BREP_SHAPE_REPRESENTATION('',(#11,#4218),#4473);
#4218 = MANIFOLD_SOLID_BREP('',#4219);
#4219 = CLOSED_SHELL('',(#4220,#4260,#4291,#4322,#4366,#4410,#4427,#4444
    ,#4456));
#4220 = ADVANCED_FACE('',(#4221),#4255,.F.);
#4221 = FACE_BOUND('',#4222,.F.);
#4222 = EDGE_LOOP('',(#4223,#4233,#4241,#4249));
#4223 = ORIENTED_EDGE('',*,*,#4224,.T.);
#4224 = EDGE_CURVE('',#4225,#4227,#4229,.T.);
#4225 = VERTEX_POINT('',#4226);
#4226 = CARTESIAN_POINT('',(0.,4.04,0.));
#4227 = VERTEX_POINT('',#4228);
#4228 = CARTESIAN_POINT('',(0.,4.04,3.2));
#4229 = LINE('',#4230,#4231);
#4230 = CARTESIAN_POINT('',(0.,4.04,0.));
#4231 = VECTOR('',#4232,1.);
#4232 = DIRECTION('',(0.,0.,1.));
#4233 = ORIENTED_EDGE('',*,*,#4234,.T.);
#4234 = EDGE_CURVE('',#4227,#4235,#4237,.T.);
#4235 = VERTEX_POINT('',#4236);
#4236 = CARTESIAN_POINT('',(-3.498742631289,2.02,3.2));
#4237 = LINE('',#4238,#4239);
#4238 = CARTESIAN_POINT('',(0.,4.04,3.2));
#4239 = VECTOR('',#4240,1.);
#4240 = DIRECTION('',(-0.866025403784,-0.5,0.));
#4241 = ORIENTED_EDGE('',*,*,#4242,.F.);
#4242 = EDGE_CURVE('',#4243,#4235,#4245,.T.);
#4243 = VERTEX_POINT('',#4244);
#4244 = CARTESIAN_POINT('',(-3.498742631289,2.02,0.));
#4245 = LINE('',#4246,#4247);
#4246 = CARTESIAN_POINT('',(-3.498742631289,2.02,0.));
#4247 = VECTOR('',#4248,1.);
#4248 = DIRECTION('',(0.,0.,1.));
#4249 = ORIENTED_EDGE('',*,*,#4250,.F.);
#4250 = EDGE_CURVE('',#4225,#4243,#4251,.T.);
#4251 = LINE('',#4252,#4253);
#4252 = CARTESIAN_POINT('',(0.,4.04,0.));
#4253 = VECTOR('',#4254,1.);
#4254 = DIRECTION('',(-0.866025403784,-0.5,0.));
#4255 = PLANE('',#4256);
#4256 = AXIS2_PLACEMENT_3D('',#4257,#4258,#4259);
#4257 = CARTESIAN_POINT('',(0.,4.04,0.));
#4258 = DIRECTION('',(0.5,-0.866025403784,0.));
#4259 = DIRECTION('',(-0.866025403784,-0.5,0.));
#4260 = ADVANCED_FACE('',(#4261),#4286,.F.);
#4261 = FACE_BOUND('',#4262,.F.);
#4262 = EDGE_LOOP('',(#4263,#4273,#4279,#4280));
#4263 = ORIENTED_EDGE('',*,*,#4264,.T.);
#4264 = EDGE_CURVE('',#4265,#4267,#4269,.T.);
#4265 = VERTEX_POINT('',#4266);
#4266 = CARTESIAN_POINT('',(3.498742631289,2.02,0.));
#4267 = VERTEX_POINT('',#4268);
#4268 = CARTESIAN_POINT('',(3.498742631289,2.02,3.2));
#4269 = LINE('',#4270,#4271);
#4270 = CARTESIAN_POINT('',(3.498742631289,2.02,0.));
#4271 = VECTOR('',#4272,1.);
#4272 = DIRECTION('',(0.,0.,1.));
#4273 = ORIENTED_EDGE('',*,*,#4274,.T.);
#4274 = EDGE_CURVE('',#4267,#4227,#4275,.T.);
#4275 = LINE('',#4276,#4277);
#4276 = CARTESIAN_POINT('',(3.498742631289,2.02,3.2));
#4277 = VECTOR('',#4278,1.);
#4278 = DIRECTION('',(-0.866025403784,0.5,0.));
#4279 = ORIENTED_EDGE('',*,*,#4224,.F.);
#4280 = ORIENTED_EDGE('',*,*,#4281,.F.);
#4281 = EDGE_CURVE('',#4265,#4225,#4282,.T.);
#4282 = LINE('',#4283,#4284);
#4283 = CARTESIAN_POINT('',(3.498742631289,2.02,0.));
#4284 = VECTOR('',#4285,1.);
#4285 = DIRECTION('',(-0.866025403784,0.5,0.));
#4286 = PLANE('',#4287);
#4287 = AXIS2_PLACEMENT_3D('',#4288,#4289,#4290);
#4288 = CARTESIAN_POINT('',(3.498742631289,2.02,0.));
#4289 = DIRECTION('',(-0.5,-0.866025403784,0.));
#4290 = DIRECTION('',(-0.866025403784,0.5,0.));
#4291 = ADVANCED_FACE('',(#4292),#4317,.F.);
#4292 = FACE_BOUND('',#4293,.F.);
#4293 = EDGE_LOOP('',(#4294,#4295,#4303,#4311));
#4294 = ORIENTED_EDGE('',*,*,#4242,.T.);
#4295 = ORIENTED_EDGE('',*,*,#4296,.T.);
#4296 = EDGE_CURVE('',#4235,#4297,#4299,.T.);
#4297 = VERTEX_POINT('',#4298);
#4298 = CARTESIAN_POINT('',(-3.498742631289,-2.02,3.2));
#4299 = LINE('',#4300,#4301);
#4300 = CARTESIAN_POINT('',(-3.498742631289,2.02,3.2));
#4301 = VECTOR('',#4302,1.);
#4302 = DIRECTION('',(-1.099230717451E-16,-1.,0.));
#4303 = ORIENTED_EDGE('',*,*,#4304,.F.);
#4304 = EDGE_CURVE('',#4305,#4297,#4307,.T.);
#4305 = VERTEX_POINT('',#4306);
#4306 = CARTESIAN_POINT('',(-3.498742631289,-2.02,0.));
#4307 = LINE('',#4308,#4309);
#4308 = CARTESIAN_POINT('',(-3.498742631289,-2.02,0.));
#4309 = VECTOR('',#4310,1.);
#4310 = DIRECTION('',(0.,0.,1.));
#4311 = ORIENTED_EDGE('',*,*,#4312,.F.);
#4312 = EDGE_CURVE('',#4243,#4305,#4313,.T.);
#4313 = LINE('',#4314,#4315);
#4314 = CARTESIAN_POINT('',(-3.498742631289,2.02,0.));
#4315 = VECTOR('',#4316,1.);
#4316 = DIRECTION('',(-1.099230717451E-16,-1.,0.));
#4317 = PLANE('',#4318);
#4318 = AXIS2_PLACEMENT_3D('',#4319,#4320,#4321);
#4319 = CARTESIAN_POINT('',(-3.498742631289,2.02,0.));
#4320 = DIRECTION('',(1.,-1.099230717451E-16,0.));
#4321 = DIRECTION('',(-1.099230717451E-16,-1.,0.));
#4322 = ADVANCED_FACE('',(#4323,#4350),#4361,.F.);
#4323 = FACE_BOUND('',#4324,.F.);
#4324 = EDGE_LOOP('',(#4325,#4326,#4327,#4335,#4343,#4349));
#4325 = ORIENTED_EDGE('',*,*,#4250,.T.);
#4326 = ORIENTED_EDGE('',*,*,#4312,.T.);
#4327 = ORIENTED_EDGE('',*,*,#4328,.T.);
#4328 = EDGE_CURVE('',#4305,#4329,#4331,.T.);
#4329 = VERTEX_POINT('',#4330);
#4330 = CARTESIAN_POINT('',(-4.440892098501E-16,-4.04,0.));
#4331 = LINE('',#4332,#4333);
#4332 = CARTESIAN_POINT('',(-3.498742631289,-2.02,0.));
#4333 = VECTOR('',#4334,1.);
#4334 = DIRECTION('',(0.866025403784,-0.5,0.));
#4335 = ORIENTED_EDGE('',*,*,#4336,.T.);
#4336 = EDGE_CURVE('',#4329,#4337,#4339,.T.);
#4337 = VERTEX_POINT('',#4338);
#4338 = CARTESIAN_POINT('',(3.498742631289,-2.02,0.));
#4339 = LINE('',#4340,#4341);
#4340 = CARTESIAN_POINT('',(-4.440892098501E-16,-4.04,0.));
#4341 = VECTOR('',#4342,1.);
#4342 = DIRECTION('',(0.866025403784,0.5,0.));
#4343 = ORIENTED_EDGE('',*,*,#4344,.T.);
#4344 = EDGE_CURVE('',#4337,#4265,#4345,.T.);
#4345 = LINE('',#4346,#4347);
#4346 = CARTESIAN_POINT('',(3.498742631289,-2.02,0.));
#4347 = VECTOR('',#4348,1.);
#4348 = DIRECTION('',(5.496153587253E-16,1.,0.));
#4349 = ORIENTED_EDGE('',*,*,#4281,.T.);
#4350 = FACE_BOUND('',#4351,.F.);
#4351 = EDGE_LOOP('',(#4352));
#4352 = ORIENTED_EDGE('',*,*,#4353,.F.);
#4353 = EDGE_CURVE('',#4354,#4354,#4356,.T.);
#4354 = VERTEX_POINT('',#4355);
#4355 = CARTESIAN_POINT('',(2.,0.,0.));
#4356 = CIRCLE('',#4357,2.);
#4357 = AXIS2_PLACEMENT_3D('',#4358,#4359,#4360);
#4358 = CARTESIAN_POINT('',(0.,0.,0.));
#4359 = DIRECTION('',(0.,0.,1.));
#4360 = DIRECTION('',(1.,0.,-0.));
#4361 = PLANE('',#4362);
#4362 = AXIS2_PLACEMENT_3D('',#4363,#4364,#4365);
#4363 = CARTESIAN_POINT('',(2.564871674052E-16,0.,0.));
#4364 = DIRECTION('',(0.,0.,1.));
#4365 = DIRECTION('',(1.,0.,-0.));
#4366 = ADVANCED_FACE('',(#4367,#4394),#4405,.T.);
#4367 = FACE_BOUND('',#4368,.T.);
#4368 = EDGE_LOOP('',(#4369,#4370,#4371,#4379,#4387,#4393));
#4369 = ORIENTED_EDGE('',*,*,#4234,.T.);
#4370 = ORIENTED_EDGE('',*,*,#4296,.T.);
#4371 = ORIENTED_EDGE('',*,*,#4372,.T.);
#4372 = EDGE_CURVE('',#4297,#4373,#4375,.T.);
#4373 = VERTEX_POINT('',#4374);
#4374 = CARTESIAN_POINT('',(-4.440892098501E-16,-4.04,3.2));
#4375 = LINE('',#4376,#4377);
#4376 = CARTESIAN_POINT('',(-3.498742631289,-2.02,3.2));
#4377 = VECTOR('',#4378,1.);
#4378 = DIRECTION('',(0.866025403784,-0.5,0.));
#4379 = ORIENTED_EDGE('',*,*,#4380,.T.);
#4380 = EDGE_CURVE('',#4373,#4381,#4383,.T.);
#4381 = VERTEX_POINT('',#4382);
#4382 = CARTESIAN_POINT('',(3.498742631289,-2.02,3.2));
#4383 = LINE('',#4384,#4385);
#4384 = CARTESIAN_POINT('',(-4.440892098501E-16,-4.04,3.2));
#4385 = VECTOR('',#4386,1.);
#4386 = DIRECTION('',(0.866025403784,0.5,0.));
#4387 = ORIENTED_EDGE('',*,*,#4388,.T.);
#4388 = EDGE_CURVE('',#4381,#4267,#4389,.T.);
#4389 = LINE('',#4390,#4391);
#4390 = CARTESIAN_POINT('',(3.498742631289,-2.02,3.2));
#4391 = VECTOR('',#4392,1.);
#4392 = DIRECTION('',(5.496153587253E-16,1.,0.));
#4393 = ORIENTED_EDGE('',*,*,#4274,.T.);
#4394 = FACE_BOUND('',#4395,.T.);
#4395 = EDGE_LOOP('',(#4396));
#4396 = ORIENTED_EDGE('',*,*,#4397,.T.);
#4397 = EDGE_CURVE('',#4398,#4398,#4400,.T.);
#4398 = VERTEX_POINT('',#4399);
#4399 = CARTESIAN_POINT('',(2.,0.,3.2));
#4400 = CIRCLE('',#4401,2.);
#4401 = AXIS2_PLACEMENT_3D('',#4402,#4403,#4404);
#4402 = CARTESIAN_POINT('',(0.,0.,3.2));
#4403 = DIRECTION('',(0.,0.,-1.));
#4404 = DIRECTION('',(1.,0.,0.));
#4405 = PLANE('',#4406);
#4406 = AXIS2_PLACEMENT_3D('',#4407,#4408,#4409);
#4407 = CARTESIAN_POINT('',(2.564871674052E-16,0.,3.2));
#4408 = DIRECTION('',(0.,0.,1.));
#4409 = DIRECTION('',(1.,0.,-0.));
#4410 = ADVANCED_FACE('',(#4411),#4422,.F.);
#4411 = FACE_BOUND('',#4412,.F.);
#4412 = EDGE_LOOP('',(#4413,#4419,#4420,#4421));
#4413 = ORIENTED_EDGE('',*,*,#4414,.T.);
#4414 = EDGE_CURVE('',#4337,#4381,#4415,.T.);
#4415 = LINE('',#4416,#4417);
#4416 = CARTESIAN_POINT('',(3.498742631289,-2.02,0.));
#4417 = VECTOR('',#4418,1.);
#4418 = DIRECTION('',(0.,0.,1.));
#4419 = ORIENTED_EDGE('',*,*,#4388,.T.);
#4420 = ORIENTED_EDGE('',*,*,#4264,.F.);
#4421 = ORIENTED_EDGE('',*,*,#4344,.F.);
#4422 = PLANE('',#4423);
#4423 = AXIS2_PLACEMENT_3D('',#4424,#4425,#4426);
#4424 = CARTESIAN_POINT('',(3.498742631289,-2.02,0.));
#4425 = DIRECTION('',(-1.,5.496153587253E-16,0.));
#4426 = DIRECTION('',(5.496153587253E-16,1.,0.));
#4427 = ADVANCED_FACE('',(#4428),#4439,.F.);
#4428 = FACE_BOUND('',#4429,.F.);
#4429 = EDGE_LOOP('',(#4430,#4431,#4432,#4438));
#4430 = ORIENTED_EDGE('',*,*,#4304,.T.);
#4431 = ORIENTED_EDGE('',*,*,#4372,.T.);
#4432 = ORIENTED_EDGE('',*,*,#4433,.F.);
#4433 = EDGE_CURVE('',#4329,#4373,#4434,.T.);
#4434 = LINE('',#4435,#4436);
#4435 = CARTESIAN_POINT('',(-4.440892098501E-16,-4.04,0.));
#4436 = VECTOR('',#4437,1.);
#4437 = DIRECTION('',(0.,0.,1.));
#4438 = ORIENTED_EDGE('',*,*,#4328,.F.);
#4439 = PLANE('',#4440);
#4440 = AXIS2_PLACEMENT_3D('',#4441,#4442,#4443);
#4441 = CARTESIAN_POINT('',(-3.498742631289,-2.02,0.));
#4442 = DIRECTION('',(0.5,0.866025403784,0.));
#4443 = DIRECTION('',(0.866025403784,-0.5,0.));
#4444 = ADVANCED_FACE('',(#4445),#4451,.F.);
#4445 = FACE_BOUND('',#4446,.F.);
#4446 = EDGE_LOOP('',(#4447,#4448,#4449,#4450));
#4447 = ORIENTED_EDGE('',*,*,#4433,.T.);
#4448 = ORIENTED_EDGE('',*,*,#4380,.T.);
#4449 = ORIENTED_EDGE('',*,*,#4414,.F.);
#4450 = ORIENTED_EDGE('',*,*,#4336,.F.);
#4451 = PLANE('',#4452);
#4452 = AXIS2_PLACEMENT_3D('',#4453,#4454,#4455);
#4453 = CARTESIAN_POINT('',(-4.440892098501E-16,-4.04,0.));
#4454 = DIRECTION('',(-0.5,0.866025403784,0.));
#4455 = DIRECTION('',(0.866025403784,0.5,0.));
#4456 = ADVANCED_FACE('',(#4457),#4468,.F.);
#4457 = FACE_BOUND('',#4458,.F.);
#4458 = EDGE_LOOP('',(#4459,#4465,#4466,#4467));
#4459 = ORIENTED_EDGE('',*,*,#4460,.T.);
#4460 = EDGE_CURVE('',#4354,#4398,#4461,.T.);
#4461 = LINE('',#4462,#4463);
#4462 = CARTESIAN_POINT('',(2.,0.,0.));
#4463 = VECTOR('',#4464,1.);
#4464 = DIRECTION('',(0.,0.,1.));
#4465 = ORIENTED_EDGE('',*,*,#4397,.T.);
#4466 = ORIENTED_EDGE('',*,*,#4460,.F.);
#4467 = ORIENTED_EDGE('',*,*,#4353,.T.);
#4468 = CYLINDRICAL_SURFACE('',#4469,2.);
#4469 = AXIS2_PLACEMENT_3D('',#4470,#4471,#4472);
#4470 = CARTESIAN_POINT('',(0.,0.,0.));
#4471 = DIRECTION('',(-0.,-0.,-1.));
#4472 = DIRECTION('',(1.,0.,0.));
#4473 = ( GEOMETRIC_REPRESENTATION_CONTEXT(3) 
GLOBAL_UNCERTAINTY_ASSIGNED_CONTEXT((#4477)) 
GLOBAL_UNIT_ASSIGNED_CONTEXT((#4474,#4475,#4476)) REPRESENTATION_CONTEXT
('Context #1','3D Context with UNIT and UNCERTAINTY') );
#4474 = ( LENGTH_UNIT() NAMED_UNIT(*) SI_UNIT(.MILLI.,.METRE.) );
#4475 = ( NAMED_UNIT(*) PLANE_ANGLE_UNIT() SI_UNIT($,.RADIAN.) );
#4476 = ( NAMED_UNIT(*) SI_UNIT($,.STERADIAN.) SOLID_ANGLE_UNIT() );
#4477 = UNCERTAINTY_MEASURE_WITH_UNIT(LENGTH_MEASURE(1.E-07),#4474,
  'distance_accuracy_value','confusion accuracy');
#4478 = CONTEXT_DEPENDENT_SHAPE_REPRESENTATION(#4479,#4481);
#4479 = ( REPRESENTATION_RELATIONSHIP('','',#4217,#56) 
REPRESENTATION_RELATIONSHIP_WITH_TRANSFORMATION(#4480) 
SHAPE_REPRESENTATION_RELATIONSHIP() );
#4480 = ITEM_DEFINED_TRANSFORMATION('','',#11,#89);
#4481 = PRODUCT_DEFINITION_SHAPE('Placement','Placement of an item',
  #4482);
#4482 = NEXT_ASSEMBLY_USAGE_OCCURRENCE('9','m4_nut_1','',#51,#4212,$);
#4483 = PRODUCT_RELATED_PRODUCT_CATEGORY('part',$,(#4214));
#4484 = SHAPE_DEFINITION_REPRESENTATION(#4485,#4491);
#4485 = PRODUCT_DEFINITION_SHAPE('','',#4486);
#4486 = PRODUCT_DEFINITION('design','',#4487,#4490);
#4487 = PRODUCT_DEFINITION_FORMATION('','',#4488);
#4488 = PRODUCT('m4_nut_2','m4_nut_2','',(#4489));
#4489 = PRODUCT_CONTEXT('',#2,'mechanical');
#4490 = PRODUCT_DEFINITION_CONTEXT('part definition',#2,'design');
#4491 = ADVANCED_BREP_SHAPE_REPRESENTATION('',(#11,#4492),#4747);
#4492 = MANIFOLD_SOLID_BREP('',#4493);
#4493 = CLOSED_SHELL('',(#4494,#4534,#4565,#4596,#4640,#4684,#4701,#4718
    ,#4730));
#4494 = ADVANCED_FACE('',(#4495),#4529,.F.);
#4495 = FACE_BOUND('',#4496,.F.);
#4496 = EDGE_LOOP('',(#4497,#4507,#4515,#4523));
#4497 = ORIENTED_EDGE('',*,*,#4498,.T.);
#4498 = EDGE_CURVE('',#4499,#4501,#4503,.T.);
#4499 = VERTEX_POINT('',#4500);
#4500 = CARTESIAN_POINT('',(0.,4.04,0.));
#4501 = VERTEX_POINT('',#4502);
#4502 = CARTESIAN_POINT('',(0.,4.04,3.2));
#4503 = LINE('',#4504,#4505);
#4504 = CARTESIAN_POINT('',(0.,4.04,0.));
#4505 = VECTOR('',#4506,1.);
#4506 = DIRECTION('',(0.,0.,1.));
#4507 = ORIENTED_EDGE('',*,*,#4508,.T.);
#4508 = EDGE_CURVE('',#4501,#4509,#4511,.T.);
#4509 = VERTEX_POINT('',#4510);
#4510 = CARTESIAN_POINT('',(-3.498742631289,2.02,3.2));
#4511 = LINE('',#4512,#4513);
#4512 = CARTESIAN_POINT('',(0.,4.04,3.2));
#4513 = VECTOR('',#4514,1.);
#4514 = DIRECTION('',(-0.866025403784,-0.5,0.));
#4515 = ORIENTED_EDGE('',*,*,#4516,.F.);
#4516 = EDGE_CURVE('',#4517,#4509,#4519,.T.);
#4517 = VERTEX_POINT('',#4518);
#4518 = CARTESIAN_POINT('',(-3.498742631289,2.02,0.));
#4519 = LINE('',#4520,#4521);
#4520 = CARTESIAN_POINT('',(-3.498742631289,2.02,0.));
#4521 = VECTOR('',#4522,1.);
#4522 = DIRECTION('',(0.,0.,1.));
#4523 = ORIENTED_EDGE('',*,*,#4524,.F.);
#4524 = EDGE_CURVE('',#4499,#4517,#4525,.T.);
#4525 = LINE('',#4526,#4527);
#4526 = CARTESIAN_POINT('',(0.,4.04,0.));
#4527 = VECTOR('',#4528,1.);
#4528 = DIRECTION('',(-0.866025403784,-0.5,0.));
#4529 = PLANE('',#4530);
#4530 = AXIS2_PLACEMENT_3D('',#4531,#4532,#4533);
#4531 = CARTESIAN_POINT('',(0.,4.04,0.));
#4532 = DIRECTION('',(0.5,-0.866025403784,0.));
#4533 = DIRECTION('',(-0.866025403784,-0.5,0.));
#4534 = ADVANCED_FACE('',(#4535),#4560,.F.);
#4535 = FACE_BOUND('',#4536,.F.);
#4536 = EDGE_LOOP('',(#4537,#4547,#4553,#4554));
#4537 = ORIENTED_EDGE('',*,*,#4538,.T.);
#4538 = EDGE_CURVE('',#4539,#4541,#4543,.T.);
#4539 = VERTEX_POINT('',#4540);
#4540 = CARTESIAN_POINT('',(3.498742631289,2.02,0.));
#4541 = VERTEX_POINT('',#4542);
#4542 = CARTESIAN_POINT('',(3.498742631289,2.02,3.2));
#4543 = LINE('',#4544,#4545);
#4544 = CARTESIAN_POINT('',(3.498742631289,2.02,0.));
#4545 = VECTOR('',#4546,1.);
#4546 = DIRECTION('',(0.,0.,1.));
#4547 = ORIENTED_EDGE('',*,*,#4548,.T.);
#4548 = EDGE_CURVE('',#4541,#4501,#4549,.T.);
#4549 = LINE('',#4550,#4551);
#4550 = CARTESIAN_POINT('',(3.498742631289,2.02,3.2));
#4551 = VECTOR('',#4552,1.);
#4552 = DIRECTION('',(-0.866025403784,0.5,0.));
#4553 = ORIENTED_EDGE('',*,*,#4498,.F.);
#4554 = ORIENTED_EDGE('',*,*,#4555,.F.);
#4555 = EDGE_CURVE('',#4539,#4499,#4556,.T.);
#4556 = LINE('',#4557,#4558);
#4557 = CARTESIAN_POINT('',(3.498742631289,2.02,0.));
#4558 = VECTOR('',#4559,1.);
#4559 = DIRECTION('',(-0.866025403784,0.5,0.));
#4560 = PLANE('',#4561);
#4561 = AXIS2_PLACEMENT_3D('',#4562,#4563,#4564);
#4562 = CARTESIAN_POINT('',(3.498742631289,2.02,0.));
#4563 = DIRECTION('',(-0.5,-0.866025403784,0.));
#4564 = DIRECTION('',(-0.866025403784,0.5,0.));
#4565 = ADVANCED_FACE('',(#4566),#4591,.F.);
#4566 = FACE_BOUND('',#4567,.F.);
#4567 = EDGE_LOOP('',(#4568,#4569,#4577,#4585));
#4568 = ORIENTED_EDGE('',*,*,#4516,.T.);
#4569 = ORIENTED_EDGE('',*,*,#4570,.T.);
#4570 = EDGE_CURVE('',#4509,#4571,#4573,.T.);
#4571 = VERTEX_POINT('',#4572);
#4572 = CARTESIAN_POINT('',(-3.498742631289,-2.02,3.2));
#4573 = LINE('',#4574,#4575);
#4574 = CARTESIAN_POINT('',(-3.498742631289,2.02,3.2));
#4575 = VECTOR('',#4576,1.);
#4576 = DIRECTION('',(-1.1E-16,-1.,0.));
#4577 = ORIENTED_EDGE('',*,*,#4578,.F.);
#4578 = EDGE_CURVE('',#4579,#4571,#4581,.T.);
#4579 = VERTEX_POINT('',#4580);
#4580 = CARTESIAN_POINT('',(-3.498742631289,-2.02,0.));
#4581 = LINE('',#4582,#4583);
#4582 = CARTESIAN_POINT('',(-3.498742631289,-2.02,0.));
#4583 = VECTOR('',#4584,1.);
#4584 = DIRECTION('',(0.,0.,1.));
#4585 = ORIENTED_EDGE('',*,*,#4586,.F.);
#4586 = EDGE_CURVE('',#4517,#4579,#4587,.T.);
#4587 = LINE('',#4588,#4589);
#4588 = CARTESIAN_POINT('',(-3.498742631289,2.02,0.));
#4589 = VECTOR('',#4590,1.);
#4590 = DIRECTION('',(-1.1E-16,-1.,0.));
#4591 = PLANE('',#4592);
#4592 = AXIS2_PLACEMENT_3D('',#4593,#4594,#4595);
#4593 = CARTESIAN_POINT('',(-3.498742631289,2.02,0.));
#4594 = DIRECTION('',(1.,-1.1E-16,0.));
#4595 = DIRECTION('',(-1.1E-16,-1.,0.));
#4596 = ADVANCED_FACE('',(#4597,#4624),#4635,.F.);
#4597 = FACE_BOUND('',#4598,.F.);
#4598 = EDGE_LOOP('',(#4599,#4600,#4601,#4609,#4617,#4623));
#4599 = ORIENTED_EDGE('',*,*,#4524,.T.);
#4600 = ORIENTED_EDGE('',*,*,#4586,.T.);
#4601 = ORIENTED_EDGE('',*,*,#4602,.T.);
#4602 = EDGE_CURVE('',#4579,#4603,#4605,.T.);
#4603 = VERTEX_POINT('',#4604);
#4604 = CARTESIAN_POINT('',(-0.,-4.04,0.));
#4605 = LINE('',#4606,#4607);
#4606 = CARTESIAN_POINT('',(-3.498742631289,-2.02,0.));
#4607 = VECTOR('',#4608,1.);
#4608 = DIRECTION('',(0.866025403784,-0.5,0.));
#4609 = ORIENTED_EDGE('',*,*,#4610,.T.);
#4610 = EDGE_CURVE('',#4603,#4611,#4613,.T.);
#4611 = VERTEX_POINT('',#4612);
#4612 = CARTESIAN_POINT('',(3.498742631289,-2.02,0.));
#4613 = LINE('',#4614,#4615);
#4614 = CARTESIAN_POINT('',(-4.4E-16,-4.04,0.));
#4615 = VECTOR('',#4616,1.);
#4616 = DIRECTION('',(0.866025403784,0.5,0.));
#4617 = ORIENTED_EDGE('',*,*,#4618,.T.);
#4618 = EDGE_CURVE('',#4611,#4539,#4619,.T.);
#4619 = LINE('',#4620,#4621);
#4620 = CARTESIAN_POINT('',(3.498742631289,-2.02,0.));
#4621 = VECTOR('',#4622,1.);
#4622 = DIRECTION('',(5.5E-16,1.,0.));
#4623 = ORIENTED_EDGE('',*,*,#4555,.T.);
#4624 = FACE_BOUND('',#4625,.F.);
#4625 = EDGE_LOOP('',(#4626));
#4626 = ORIENTED_EDGE('',*,*,#4627,.F.);
#4627 = EDGE_CURVE('',#4628,#4628,#4630,.T.);
#4628 = VERTEX_POINT('',#4629);
#4629 = CARTESIAN_POINT('',(2.,0.,0.));
#4630 = CIRCLE('',#4631,2.);
#4631 = AXIS2_PLACEMENT_3D('',#4632,#4633,#4634);
#4632 = CARTESIAN_POINT('',(0.,0.,0.));
#4633 = DIRECTION('',(0.,0.,1.));
#4634 = DIRECTION('',(1.,0.,-0.));
#4635 = PLANE('',#4636);
#4636 = AXIS2_PLACEMENT_3D('',#4637,#4638,#4639);
#4637 = CARTESIAN_POINT('',(2.6E-16,0.,0.));
#4638 = DIRECTION('',(0.,0.,1.));
#4639 = DIRECTION('',(1.,0.,-0.));
#4640 = ADVANCED_FACE('',(#4641,#4668),#4679,.T.);
#4641 = FACE_BOUND('',#4642,.T.);
#4642 = EDGE_LOOP('',(#4643,#4644,#4645,#4653,#4661,#4667));
#4643 = ORIENTED_EDGE('',*,*,#4508,.T.);
#4644 = ORIENTED_EDGE('',*,*,#4570,.T.);
#4645 = ORIENTED_EDGE('',*,*,#4646,.T.);
#4646 = EDGE_CURVE('',#4571,#4647,#4649,.T.);
#4647 = VERTEX_POINT('',#4648);
#4648 = CARTESIAN_POINT('',(-0.,-4.04,3.2));
#4649 = LINE('',#4650,#4651);
#4650 = CARTESIAN_POINT('',(-3.498742631289,-2.02,3.2));
#4651 = VECTOR('',#4652,1.);
#4652 = DIRECTION('',(0.866025403784,-0.5,0.));
#4653 = ORIENTED_EDGE('',*,*,#4654,.T.);
#4654 = EDGE_CURVE('',#4647,#4655,#4657,.T.);
#4655 = VERTEX_POINT('',#4656);
#4656 = CARTESIAN_POINT('',(3.498742631289,-2.02,3.2));
#4657 = LINE('',#4658,#4659);
#4658 = CARTESIAN_POINT('',(-4.4E-16,-4.04,3.2));
#4659 = VECTOR('',#4660,1.);
#4660 = DIRECTION('',(0.866025403784,0.5,0.));
#4661 = ORIENTED_EDGE('',*,*,#4662,.T.);
#4662 = EDGE_CURVE('',#4655,#4541,#4663,.T.);
#4663 = LINE('',#4664,#4665);
#4664 = CARTESIAN_POINT('',(3.498742631289,-2.02,3.2));
#4665 = VECTOR('',#4666,1.);
#4666 = DIRECTION('',(5.5E-16,1.,0.));
#4667 = ORIENTED_EDGE('',*,*,#4548,.T.);
#4668 = FACE_BOUND('',#4669,.T.);
#4669 = EDGE_LOOP('',(#4670));
#4670 = ORIENTED_EDGE('',*,*,#4671,.T.);
#4671 = EDGE_CURVE('',#4672,#4672,#4674,.T.);
#4672 = VERTEX_POINT('',#4673);
#4673 = CARTESIAN_POINT('',(2.,0.,3.2));
#4674 = CIRCLE('',#4675,2.);
#4675 = AXIS2_PLACEMENT_3D('',#4676,#4677,#4678);
#4676 = CARTESIAN_POINT('',(0.,0.,3.2));
#4677 = DIRECTION('',(0.,0.,-1.));
#4678 = DIRECTION('',(1.,0.,0.));
#4679 = PLANE('',#4680);
#4680 = AXIS2_PLACEMENT_3D('',#4681,#4682,#4683);
#4681 = CARTESIAN_POINT('',(2.6E-16,0.,3.2));
#4682 = DIRECTION('',(0.,0.,1.));
#4683 = DIRECTION('',(1.,0.,-0.));
#4684 = ADVANCED_FACE('',(#4685),#4696,.F.);
#4685 = FACE_BOUND('',#4686,.F.);
#4686 = EDGE_LOOP('',(#4687,#4693,#4694,#4695));
#4687 = ORIENTED_EDGE('',*,*,#4688,.T.);
#4688 = EDGE_CURVE('',#4611,#4655,#4689,.T.);
#4689 = LINE('',#4690,#4691);
#4690 = CARTESIAN_POINT('',(3.498742631289,-2.02,0.));
#4691 = VECTOR('',#4692,1.);
#4692 = DIRECTION('',(0.,0.,1.));
#4693 = ORIENTED_EDGE('',*,*,#4662,.T.);
#4694 = ORIENTED_EDGE('',*,*,#4538,.F.);
#4695 = ORIENTED_EDGE('',*,*,#4618,.F.);
#4696 = PLANE('',#4697);
#4697 = AXIS2_PLACEMENT_3D('',#4698,#4699,#4700);
#4698 = CARTESIAN_POINT('',(3.498742631289,-2.02,0.));
#4699 = DIRECTION('',(-1.,5.5E-16,0.));
#4700 = DIRECTION('',(5.5E-16,1.,0.));
#4701 = ADVANCED_FACE('',(#4702),#4713,.F.);
#4702 = FACE_BOUND('',#4703,.F.);
#4703 = EDGE_LOOP('',(#4704,#4705,#4706,#4712));
#4704 = ORIENTED_EDGE('',*,*,#4578,.T.);
#4705 = ORIENTED_EDGE('',*,*,#4646,.T.);
#4706 = ORIENTED_EDGE('',*,*,#4707,.F.);
#4707 = EDGE_CURVE('',#4603,#4647,#4708,.T.);
#4708 = LINE('',#4709,#4710);
#4709 = CARTESIAN_POINT('',(-4.4E-16,-4.04,0.));
#4710 = VECTOR('',#4711,1.);
#4711 = DIRECTION('',(0.,0.,1.));
#4712 = ORIENTED_EDGE('',*,*,#4602,.F.);
#4713 = PLANE('',#4714);
#4714 = AXIS2_PLACEMENT_3D('',#4715,#4716,#4717);
#4715 = CARTESIAN_POINT('',(-3.498742631289,-2.02,0.));
#4716 = DIRECTION('',(0.5,0.866025403784,0.));
#4717 = DIRECTION('',(0.866025403784,-0.5,0.));
#4718 = ADVANCED_FACE('',(#4719),#4725,.F.);
#4719 = FACE_BOUND('',#4720,.F.);
#4720 = EDGE_LOOP('',(#4721,#4722,#4723,#4724));
#4721 = ORIENTED_EDGE('',*,*,#4707,.T.);
#4722 = ORIENTED_EDGE('',*,*,#4654,.T.);
#4723 = ORIENTED_EDGE('',*,*,#4688,.F.);
#4724 = ORIENTED_EDGE('',*,*,#4610,.F.);
#4725 = PLANE('',#4726);
#4726 = AXIS2_PLACEMENT_3D('',#4727,#4728,#4729);
#4727 = CARTESIAN_POINT('',(-4.4E-16,-4.04,0.));
#4728 = DIRECTION('',(-0.5,0.866025403784,0.));
#4729 = DIRECTION('',(0.866025403784,0.5,0.));
#4730 = ADVANCED_FACE('',(#4731),#4742,.F.);
#4731 = FACE_BOUND('',#4732,.F.);
#4732 = EDGE_LOOP('',(#4733,#4739,#4740,#4741));
#4733 = ORIENTED_EDGE('',*,*,#4734,.T.);
#4734 = EDGE_CURVE('',#4628,#4672,#4735,.T.);
#4735 = LINE('',#4736,#4737);
#4736 = CARTESIAN_POINT('',(2.,0.,0.));
#4737 = VECTOR('',#4738,1.);
#4738 = DIRECTION('',(0.,0.,1.));
#4739 = ORIENTED_EDGE('',*,*,#4671,.T.);
#4740 = ORIENTED_EDGE('',*,*,#4734,.F.);
#4741 = ORIENTED_EDGE('',*,*,#4627,.T.);
#4742 = CYLINDRICAL_SURFACE('',#4743,2.);
#4743 = AXIS2_PLACEMENT_3D('',#4744,#4745,#4746);
#4744 = CARTESIAN_POINT('',(0.,0.,0.));
#4745 = DIRECTION('',(-0.,-0.,-1.));
#4746 = DIRECTION('',(1.,0.,0.));
#4747 = ( GEOMETRIC_REPRESENTATION_CONTEXT(3) 
GLOBAL_UNCERTAINTY_ASSIGNED_CONTEXT((#4751)) 
GLOBAL_UNIT_ASSIGNED_CONTEXT((#4748,#4749,#4750)) REPRESENTATION_CONTEXT
('Context #1','3D Context with UNIT and UNCERTAINTY') );
#4748 = ( LENGTH_UNIT() NAMED_UNIT(*) SI_UNIT(.MILLI.,.METRE.) );
#4749 = ( NAMED_UNIT(*) PLANE_ANGLE_UNIT() SI_UNIT($,.RADIAN.) );
#4750 = ( NAMED_UNIT(*) SI_UNIT($,.STERADIAN.) SOLID_ANGLE_UNIT() );
#4751 = UNCERTAINTY_MEASURE_WITH_UNIT(LENGTH_MEASURE(1.E-07),#4748,
  'distance_accuracy_value','confusion accuracy');
#4752 = CONTEXT_DEPENDENT_SHAPE_REPRESENTATION(#4753,#4755);
#4753 = ( REPRESENTATION_RELATIONSHIP('','',#4491,#56) 
REPRESENTATION_RELATIONSHIP_WITH_TRANSFORMATION(#4754) 
SHAPE_REPRESENTATION_RELATIONSHIP() );
#4754 = ITEM_DEFINED_TRANSFORMATION('','',#11,#93);
#4755 = PRODUCT_DEFINITION_SHAPE('Placement','Placement of an item',
  #4756);
#4756 = NEXT_ASSEMBLY_USAGE_OCCURRENCE('10','m4_nut_2','',#51,#4486,$);
#4757 = PRODUCT_RELATED_PRODUCT_CATEGORY('part',$,(#4488));
#4758 = SHAPE_DEFINITION_REPRESENTATION(#4759,#4765);
#4759 = PRODUCT_DEFINITION_SHAPE('','',#4760);
#4760 = PRODUCT_DEFINITION('design','',#4761,#4764);
#4761 = PRODUCT_DEFINITION_FORMATION('','',#4762);
#4762 = PRODUCT('m4_nut_3','m4_nut_3','',(#4763));
#4763 = PRODUCT_CONTEXT('',#2,'mechanical');
#4764 = PRODUCT_DEFINITION_CONTEXT('part definition',#2,'design');
#4765 = ADVANCED_BREP_SHAPE_REPRESENTATION('',(#11,#4766),#5021);
#4766 = MANIFOLD_SOLID_BREP('',#4767);
#4767 = CLOSED_SHELL('',(#4768,#4808,#4839,#4870,#4914,#4958,#4975,#4992
    ,#5004));
#4768 = ADVANCED_FACE('',(#4769),#4803,.F.);
#4769 = FACE_BOUND('',#4770,.F.);
#4770 = EDGE_LOOP('',(#4771,#4781,#4789,#4797));
#4771 = ORIENTED_EDGE('',*,*,#4772,.T.);
#4772 = EDGE_CURVE('',#4773,#4775,#4777,.T.);
#4773 = VERTEX_POINT('',#4774);
#4774 = CARTESIAN_POINT('',(0.,4.04,0.));
#4775 = VERTEX_POINT('',#4776);
#4776 = CARTESIAN_POINT('',(0.,4.04,3.2));
#4777 = LINE('',#4778,#4779);
#4778 = CARTESIAN_POINT('',(0.,4.04,0.));
#4779 = VECTOR('',#4780,1.);
#4780 = DIRECTION('',(0.,0.,1.));
#4781 = ORIENTED_EDGE('',*,*,#4782,.T.);
#4782 = EDGE_CURVE('',#4775,#4783,#4785,.T.);
#4783 = VERTEX_POINT('',#4784);
#4784 = CARTESIAN_POINT('',(-3.498742631289,2.02,3.2));
#4785 = LINE('',#4786,#4787);
#4786 = CARTESIAN_POINT('',(0.,4.04,3.2));
#4787 = VECTOR('',#4788,1.);
#4788 = DIRECTION('',(-0.866025403784,-0.5,0.));
#4789 = ORIENTED_EDGE('',*,*,#4790,.F.);
#4790 = EDGE_CURVE('',#4791,#4783,#4793,.T.);
#4791 = VERTEX_POINT('',#4792);
#4792 = CARTESIAN_POINT('',(-3.498742631289,2.02,0.));
#4793 = LINE('',#4794,#4795);
#4794 = CARTESIAN_POINT('',(-3.498742631289,2.02,0.));
#4795 = VECTOR('',#4796,1.);
#4796 = DIRECTION('',(0.,0.,1.));
#4797 = ORIENTED_EDGE('',*,*,#4798,.F.);
#4798 = EDGE_CURVE('',#4773,#4791,#4799,.T.);
#4799 = LINE('',#4800,#4801);
#4800 = CARTESIAN_POINT('',(0.,4.04,0.));
#4801 = VECTOR('',#4802,1.);
#4802 = DIRECTION('',(-0.866025403784,-0.5,0.));
#4803 = PLANE('',#4804);
#4804 = AXIS2_PLACEMENT_3D('',#4805,#4806,#4807);
#4805 = CARTESIAN_POINT('',(0.,4.04,0.));
#4806 = DIRECTION('',(0.5,-0.866025403784,0.));
#4807 = DIRECTION('',(-0.866025403784,-0.5,0.));
#4808 = ADVANCED_FACE('',(#4809),#4834,.F.);
#4809 = FACE_BOUND('',#4810,.F.);
#4810 = EDGE_LOOP('',(#4811,#4821,#4827,#4828));
#4811 = ORIENTED_EDGE('',*,*,#4812,.T.);
#4812 = EDGE_CURVE('',#4813,#4815,#4817,.T.);
#4813 = VERTEX_POINT('',#4814);
#4814 = CARTESIAN_POINT('',(3.498742631289,2.02,0.));
#4815 = VERTEX_POINT('',#4816);
#4816 = CARTESIAN_POINT('',(3.498742631289,2.02,3.2));
#4817 = LINE('',#4818,#4819);
#4818 = CARTESIAN_POINT('',(3.498742631289,2.02,0.));
#4819 = VECTOR('',#4820,1.);
#4820 = DIRECTION('',(0.,0.,1.));
#4821 = ORIENTED_EDGE('',*,*,#4822,.T.);
#4822 = EDGE_CURVE('',#4815,#4775,#4823,.T.);
#4823 = LINE('',#4824,#4825);
#4824 = CARTESIAN_POINT('',(3.498742631289,2.02,3.2));
#4825 = VECTOR('',#4826,1.);
#4826 = DIRECTION('',(-0.866025403784,0.5,0.));
#4827 = ORIENTED_EDGE('',*,*,#4772,.F.);
#4828 = ORIENTED_EDGE('',*,*,#4829,.F.);
#4829 = EDGE_CURVE('',#4813,#4773,#4830,.T.);
#4830 = LINE('',#4831,#4832);
#4831 = CARTESIAN_POINT('',(3.498742631289,2.02,0.));
#4832 = VECTOR('',#4833,1.);
#4833 = DIRECTION('',(-0.866025403784,0.5,0.));
#4834 = PLANE('',#4835);
#4835 = AXIS2_PLACEMENT_3D('',#4836,#4837,#4838);
#4836 = CARTESIAN_POINT('',(3.498742631289,2.02,0.));
#4837 = DIRECTION('',(-0.5,-0.866025403784,0.));
#4838 = DIRECTION('',(-0.866025403784,0.5,0.));
#4839 = ADVANCED_FACE('',(#4840),#4865,.F.);
#4840 = FACE_BOUND('',#4841,.F.);
#4841 = EDGE_LOOP('',(#4842,#4843,#4851,#4859));
#4842 = ORIENTED_EDGE('',*,*,#4790,.T.);
#4843 = ORIENTED_EDGE('',*,*,#4844,.T.);
#4844 = EDGE_CURVE('',#4783,#4845,#4847,.T.);
#4845 = VERTEX_POINT('',#4846);
#4846 = CARTESIAN_POINT('',(-3.498742631289,-2.02,3.2));
#4847 = LINE('',#4848,#4849);
#4848 = CARTESIAN_POINT('',(-3.498742631289,2.02,3.2));
#4849 = VECTOR('',#4850,1.);
#4850 = DIRECTION('',(-1.1E-16,-1.,0.));
#4851 = ORIENTED_EDGE('',*,*,#4852,.F.);
#4852 = EDGE_CURVE('',#4853,#4845,#4855,.T.);
#4853 = VERTEX_POINT('',#4854);
#4854 = CARTESIAN_POINT('',(-3.498742631289,-2.02,0.));
#4855 = LINE('',#4856,#4857);
#4856 = CARTESIAN_POINT('',(-3.498742631289,-2.02,0.));
#4857 = VECTOR('',#4858,1.);
#4858 = DIRECTION('',(0.,0.,1.));
#4859 = ORIENTED_EDGE('',*,*,#4860,.F.);
#4860 = EDGE_CURVE('',#4791,#4853,#4861,.T.);
#4861 = LINE('',#4862,#4863);
#4862 = CARTESIAN_POINT('',(-3.498742631289,2.02,0.));
#4863 = VECTOR('',#4864,1.);
#4864 = DIRECTION('',(-1.1E-16,-1.,0.));
#4865 = PLANE('',#4866);
#4866 = AXIS2_PLACEMENT_3D('',#4867,#4868,#4869);
#4867 = CARTESIAN_POINT('',(-3.498742631289,2.02,0.));
#4868 = DIRECTION('',(1.,-1.1E-16,0.));
#4869 = DIRECTION('',(-1.1E-16,-1.,0.));
#4870 = ADVANCED_FACE('',(#4871,#4898),#4909,.F.);
#4871 = FACE_BOUND('',#4872,.F.);
#4872 = EDGE_LOOP('',(#4873,#4874,#4875,#4883,#4891,#4897));
#4873 = ORIENTED_EDGE('',*,*,#4798,.T.);
#4874 = ORIENTED_EDGE('',*,*,#4860,.T.);
#4875 = ORIENTED_EDGE('',*,*,#4876,.T.);
#4876 = EDGE_CURVE('',#4853,#4877,#4879,.T.);
#4877 = VERTEX_POINT('',#4878);
#4878 = CARTESIAN_POINT('',(-0.,-4.04,0.));
#4879 = LINE('',#4880,#4881);
#4880 = CARTESIAN_POINT('',(-3.498742631289,-2.02,0.));
#4881 = VECTOR('',#4882,1.);
#4882 = DIRECTION('',(0.866025403784,-0.5,0.));
#4883 = ORIENTED_EDGE('',*,*,#4884,.T.);
#4884 = EDGE_CURVE('',#4877,#4885,#4887,.T.);
#4885 = VERTEX_POINT('',#4886);
#4886 = CARTESIAN_POINT('',(3.498742631289,-2.02,0.));
#4887 = LINE('',#4888,#4889);
#4888 = CARTESIAN_POINT('',(-4.4E-16,-4.04,0.));
#4889 = VECTOR('',#4890,1.);
#4890 = DIRECTION('',(0.866025403784,0.5,0.));
#4891 = ORIENTED_EDGE('',*,*,#4892,.T.);
#4892 = EDGE_CURVE('',#4885,#4813,#4893,.T.);
#4893 = LINE('',#4894,#4895);
#4894 = CARTESIAN_POINT('',(3.498742631289,-2.02,0.));
#4895 = VECTOR('',#4896,1.);
#4896 = DIRECTION('',(5.5E-16,1.,0.));
#4897 = ORIENTED_EDGE('',*,*,#4829,.T.);
#4898 = FACE_BOUND('',#4899,.F.);
#4899 = EDGE_LOOP('',(#4900));
#4900 = ORIENTED_EDGE('',*,*,#4901,.F.);
#4901 = EDGE_CURVE('',#4902,#4902,#4904,.T.);
#4902 = VERTEX_POINT('',#4903);
#4903 = CARTESIAN_POINT('',(2.,0.,0.));
#4904 = CIRCLE('',#4905,2.);
#4905 = AXIS2_PLACEMENT_3D('',#4906,#4907,#4908);
#4906 = CARTESIAN_POINT('',(0.,0.,0.));
#4907 = DIRECTION('',(0.,0.,1.));
#4908 = DIRECTION('',(1.,0.,-0.));
#4909 = PLANE('',#4910);
#4910 = AXIS2_PLACEMENT_3D('',#4911,#4912,#4913);
#4911 = CARTESIAN_POINT('',(2.6E-16,0.,0.));
#4912 = DIRECTION('',(0.,0.,1.));
#4913 = DIRECTION('',(1.,0.,-0.));
#4914 = ADVANCED_FACE('',(#4915,#4942),#4953,.T.);
#4915 = FACE_BOUND('',#4916,.T.);
#4916 = EDGE_LOOP('',(#4917,#4918,#4919,#4927,#4935,#4941));
#4917 = ORIENTED_EDGE('',*,*,#4782,.T.);
#4918 = ORIENTED_EDGE('',*,*,#4844,.T.);
#4919 = ORIENTED_EDGE('',*,*,#4920,.T.);
#4920 = EDGE_CURVE('',#4845,#4921,#4923,.T.);
#4921 = VERTEX_POINT('',#4922);
#4922 = CARTESIAN_POINT('',(-0.,-4.04,3.2));
#4923 = LINE('',#4924,#4925);
#4924 = CARTESIAN_POINT('',(-3.498742631289,-2.02,3.2));
#4925 = VECTOR('',#4926,1.);
#4926 = DIRECTION('',(0.866025403784,-0.5,0.));
#4927 = ORIENTED_EDGE('',*,*,#4928,.T.);
#4928 = EDGE_CURVE('',#4921,#4929,#4931,.T.);
#4929 = VERTEX_POINT('',#4930);
#4930 = CARTESIAN_POINT('',(3.498742631289,-2.02,3.2));
#4931 = LINE('',#4932,#4933);
#4932 = CARTESIAN_POINT('',(-4.4E-16,-4.04,3.2));
#4933 = VECTOR('',#4934,1.);
#4934 = DIRECTION('',(0.866025403784,0.5,0.));
#4935 = ORIENTED_EDGE('',*,*,#4936,.T.);
#4936 = EDGE_CURVE('',#4929,#4815,#4937,.T.);
#4937 = LINE('',#4938,#4939);
#4938 = CARTESIAN_POINT('',(3.498742631289,-2.02,3.2));
#4939 = VECTOR('',#4940,1.);
#4940 = DIRECTION('',(5.5E-16,1.,0.));
#4941 = ORIENTED_EDGE('',*,*,#4822,.T.);
#4942 = FACE_BOUND('',#4943,.T.);
#4943 = EDGE_LOOP('',(#4944));
#4944 = ORIENTED_EDGE('',*,*,#4945,.T.);
#4945 = EDGE_CURVE('',#4946,#4946,#4948,.T.);
#4946 = VERTEX_POINT('',#4947);
#4947 = CARTESIAN_POINT('',(2.,0.,3.2));
#4948 = CIRCLE('',#4949,2.);
#4949 = AXIS2_PLACEMENT_3D('',#4950,#4951,#4952);
#4950 = CARTESIAN_POINT('',(0.,0.,3.2));
#4951 = DIRECTION('',(0.,0.,-1.));
#4952 = DIRECTION('',(1.,0.,0.));
#4953 = PLANE('',#4954);
#4954 = AXIS2_PLACEMENT_3D('',#4955,#4956,#4957);
#4955 = CARTESIAN_POINT('',(2.6E-16,0.,3.2));
#4956 = DIRECTION('',(0.,0.,1.));
#4957 = DIRECTION('',(1.,0.,-0.));
#4958 = ADVANCED_FACE('',(#4959),#4970,.F.);
#4959 = FACE_BOUND('',#4960,.F.);
#4960 = EDGE_LOOP('',(#4961,#4967,#4968,#4969));
#4961 = ORIENTED_EDGE('',*,*,#4962,.T.);
#4962 = EDGE_CURVE('',#4885,#4929,#4963,.T.);
#4963 = LINE('',#4964,#4965);
#4964 = CARTESIAN_POINT('',(3.498742631289,-2.02,0.));
#4965 = VECTOR('',#4966,1.);
#4966 = DIRECTION('',(0.,0.,1.));
#4967 = ORIENTED_EDGE('',*,*,#4936,.T.);
#4968 = ORIENTED_EDGE('',*,*,#4812,.F.);
#4969 = ORIENTED_EDGE('',*,*,#4892,.F.);
#4970 = PLANE('',#4971);
#4971 = AXIS2_PLACEMENT_3D('',#4972,#4973,#4974);
#4972 = CARTESIAN_POINT('',(3.498742631289,-2.02,0.));
#4973 = DIRECTION('',(-1.,5.5E-16,0.));
#4974 = DIRECTION('',(5.5E-16,1.,0.));
#4975 = ADVANCED_FACE('',(#4976),#4987,.F.);
#4976 = FACE_BOUND('',#4977,.F.);
#4977 = EDGE_LOOP('',(#4978,#4979,#4980,#4986));
#4978 = ORIENTED_EDGE('',*,*,#4852,.T.);
#4979 = ORIENTED_EDGE('',*,*,#4920,.T.);
#4980 = ORIENTED_EDGE('',*,*,#4981,.F.);
#4981 = EDGE_CURVE('',#4877,#4921,#4982,.T.);
#4982 = LINE('',#4983,#4984);
#4983 = CARTESIAN_POINT('',(-4.4E-16,-4.04,0.));
#4984 = VECTOR('',#4985,1.);
#4985 = DIRECTION('',(0.,0.,1.));
#4986 = ORIENTED_EDGE('',*,*,#4876,.F.);
#4987 = PLANE('',#4988);
#4988 = AXIS2_PLACEMENT_3D('',#4989,#4990,#4991);
#4989 = CARTESIAN_POINT('',(-3.498742631289,-2.02,0.));
#4990 = DIRECTION('',(0.5,0.866025403784,0.));
#4991 = DIRECTION('',(0.866025403784,-0.5,0.));
#4992 = ADVANCED_FACE('',(#4993),#4999,.F.);
#4993 = FACE_BOUND('',#4994,.F.);
#4994 = EDGE_LOOP('',(#4995,#4996,#4997,#4998));
#4995 = ORIENTED_EDGE('',*,*,#4981,.T.);
#4996 = ORIENTED_EDGE('',*,*,#4928,.T.);
#4997 = ORIENTED_EDGE('',*,*,#4962,.F.);
#4998 = ORIENTED_EDGE('',*,*,#4884,.F.);
#4999 = PLANE('',#5000);
#5000 = AXIS2_PLACEMENT_3D('',#5001,#5002,#5003);
#5001 = CARTESIAN_POINT('',(-4.4E-16,-4.04,0.));
#5002 = DIRECTION('',(-0.5,0.866025403784,0.));
#5003 = DIRECTION('',(0.866025403784,0.5,0.));
#5004 = ADVANCED_FACE('',(#5005),#5016,.F.);
#5005 = FACE_BOUND('',#5006,.F.);
#5006 = EDGE_LOOP('',(#5007,#5013,#5014,#5015));
#5007 = ORIENTED_EDGE('',*,*,#5008,.T.);
#5008 = EDGE_CURVE('',#4902,#4946,#5009,.T.);
#5009 = LINE('',#5010,#5011);
#5010 = CARTESIAN_POINT('',(2.,0.,0.));
#5011 = VECTOR('',#5012,1.);
#5012 = DIRECTION('',(0.,0.,1.));
#5013 = ORIENTED_EDGE('',*,*,#4945,.T.);
#5014 = ORIENTED_EDGE('',*,*,#5008,.F.);
#5015 = ORIENTED_EDGE('',*,*,#4901,.T.);
#5016 = CYLINDRICAL_SURFACE('',#5017,2.);
#5017 = AXIS2_PLACEMENT_3D('',#5018,#5019,#5020);
#5018 = CARTESIAN_POINT('',(0.,0.,0.));
#5019 = DIRECTION('',(-0.,-0.,-1.));
#5020 = DIRECTION('',(1.,0.,0.));
#5021 = ( GEOMETRIC_REPRESENTATION_CONTEXT(3) 
GLOBAL_UNCERTAINTY_ASSIGNED_CONTEXT((#5025)) 
GLOBAL_UNIT_ASSIGNED_CONTEXT((#5022,#5023,#5024)) REPRESENTATION_CONTEXT
('Context #1','3D Context with UNIT and UNCERTAINTY') );
#5022 = ( LENGTH_UNIT() NAMED_UNIT(*) SI_UNIT(.MILLI.,.METRE.) );
#5023 = ( NAMED_UNIT(*) PLANE_ANGLE_UNIT() SI_UNIT($,.RADIAN.) );
#5024 = ( NAMED_UNIT(*) SI_UNIT($,.STERADIAN.) SOLID_ANGLE_UNIT() );
#5025 = UNCERTAINTY_MEASURE_WITH_UNIT(LENGTH_MEASURE(1.E-07),#5022,
  'distance_accuracy_value','confusion accuracy');
#5026 = CONTEXT_DEPENDENT_SHAPE_REPRESENTATION(#5027,#5029);
#5027 = ( REPRESENTATION_RELATIONSHIP('','',#4765,#56) 
REPRESENTATION_RELATIONSHIP_WITH_TRANSFORMATION(#5028) 
SHAPE_REPRESENTATION_RELATIONSHIP() );
#5028 = ITEM_DEFINED_TRANSFORMATION('','',#11,#97);
#5029 = PRODUCT_DEFINITION_SHAPE('Placement','Placement of an item',
  #5030);
#5030 = NEXT_ASSEMBLY_USAGE_OCCURRENCE('11','m4_nut_3','',#51,#4760,$);
#5031 = PRODUCT_RELATED_PRODUCT_CATEGORY('part',$,(#4762));
#5032 = SHAPE_DEFINITION_REPRESENTATION(#5033,#5039);
#5033 = PRODUCT_DEFINITION_SHAPE('','',#5034);
#5034 = PRODUCT_DEFINITION('design','',#5035,#5038);
#5035 = PRODUCT_DEFINITION_FORMATION('','',#5036);
#5036 = PRODUCT('m4_nut_4','m4_nut_4','',(#5037));
#5037 = PRODUCT_CONTEXT('',#2,'mechanical');
#5038 = PRODUCT_DEFINITION_CONTEXT('part definition',#2,'design');
#5039 = ADVANCED_BREP_SHAPE_REPRESENTATION('',(#11,#5040),#5295);
#5040 = MANIFOLD_SOLID_BREP('',#5041);
#5041 = CLOSED_SHELL('',(#5042,#5082,#5113,#5144,#5188,#5232,#5249,#5266
    ,#5278));
#5042 = ADVANCED_FACE('',(#5043),#5077,.F.);
#5043 = FACE_BOUND('',#5044,.F.);
#5044 = EDGE_LOOP('',(#5045,#5055,#5063,#5071));
#5045 = ORIENTED_EDGE('',*,*,#5046,.T.);
#5046 = EDGE_CURVE('',#5047,#5049,#5051,.T.);
#5047 = VERTEX_POINT('',#5048);
#5048 = CARTESIAN_POINT('',(0.,4.04,0.));
#5049 = VERTEX_POINT('',#5050);
#5050 = CARTESIAN_POINT('',(0.,4.04,3.2));
#5051 = LINE('',#5052,#5053);
#5052 = CARTESIAN_POINT('',(0.,4.04,0.));
#5053 = VECTOR('',#5054,1.);
#5054 = DIRECTION('',(0.,0.,1.));
#5055 = ORIENTED_EDGE('',*,*,#5056,.T.);
#5056 = EDGE_CURVE('',#5049,#5057,#5059,.T.);
#5057 = VERTEX_POINT('',#5058);
#5058 = CARTESIAN_POINT('',(-3.498742631289,2.02,3.2));
#5059 = LINE('',#5060,#5061);
#5060 = CARTESIAN_POINT('',(0.,4.04,3.2));
#5061 = VECTOR('',#5062,1.);
#5062 = DIRECTION('',(-0.866025403784,-0.5,0.));
#5063 = ORIENTED_EDGE('',*,*,#5064,.F.);
#5064 = EDGE_CURVE('',#5065,#5057,#5067,.T.);
#5065 = VERTEX_POINT('',#5066);
#5066 = CARTESIAN_POINT('',(-3.498742631289,2.02,0.));
#5067 = LINE('',#5068,#5069);
#5068 = CARTESIAN_POINT('',(-3.498742631289,2.02,0.));
#5069 = VECTOR('',#5070,1.);
#5070 = DIRECTION('',(0.,0.,1.));
#5071 = ORIENTED_EDGE('',*,*,#5072,.F.);
#5072 = EDGE_CURVE('',#5047,#5065,#5073,.T.);
#5073 = LINE('',#5074,#5075);
#5074 = CARTESIAN_POINT('',(0.,4.04,0.));
#5075 = VECTOR('',#5076,1.);
#5076 = DIRECTION('',(-0.866025403784,-0.5,0.));
#5077 = PLANE('',#5078);
#5078 = AXIS2_PLACEMENT_3D('',#5079,#5080,#5081);
#5079 = CARTESIAN_POINT('',(0.,4.04,0.));
#5080 = DIRECTION('',(0.5,-0.866025403784,0.));
#5081 = DIRECTION('',(-0.866025403784,-0.5,0.));
#5082 = ADVANCED_FACE('',(#5083),#5108,.F.);
#5083 = FACE_BOUND('',#5084,.F.);
#5084 = EDGE_LOOP('',(#5085,#5095,#5101,#5102));
#5085 = ORIENTED_EDGE('',*,*,#5086,.T.);
#5086 = EDGE_CURVE('',#5087,#5089,#5091,.T.);
#5087 = VERTEX_POINT('',#5088);
#5088 = CARTESIAN_POINT('',(3.498742631289,2.02,0.));
#5089 = VERTEX_POINT('',#5090);
#5090 = CARTESIAN_POINT('',(3.498742631289,2.02,3.2));
#5091 = LINE('',#5092,#5093);
#5092 = CARTESIAN_POINT('',(3.498742631289,2.02,0.));
#5093 = VECTOR('',#5094,1.);
#5094 = DIRECTION('',(0.,0.,1.));
#5095 = ORIENTED_EDGE('',*,*,#5096,.T.);
#5096 = EDGE_CURVE('',#5089,#5049,#5097,.T.);
#5097 = LINE('',#5098,#5099);
#5098 = CARTESIAN_POINT('',(3.498742631289,2.02,3.2));
#5099 = VECTOR('',#5100,1.);
#5100 = DIRECTION('',(-0.866025403784,0.5,0.));
#5101 = ORIENTED_EDGE('',*,*,#5046,.F.);
#5102 = ORIENTED_EDGE('',*,*,#5103,.F.);
#5103 = EDGE_CURVE('',#5087,#5047,#5104,.T.);
#5104 = LINE('',#5105,#5106);
#5105 = CARTESIAN_POINT('',(3.498742631289,2.02,0.));
#5106 = VECTOR('',#5107,1.);
#5107 = DIRECTION('',(-0.866025403784,0.5,0.));
#5108 = PLANE('',#5109);
#5109 = AXIS2_PLACEMENT_3D('',#5110,#5111,#5112);
#5110 = CARTESIAN_POINT('',(3.498742631289,2.02,0.));
#5111 = DIRECTION('',(-0.5,-0.866025403784,0.));
#5112 = DIRECTION('',(-0.866025403784,0.5,0.));
#5113 = ADVANCED_FACE('',(#5114),#5139,.F.);
#5114 = FACE_BOUND('',#5115,.F.);
#5115 = EDGE_LOOP('',(#5116,#5117,#5125,#5133));
#5116 = ORIENTED_EDGE('',*,*,#5064,.T.);
#5117 = ORIENTED_EDGE('',*,*,#5118,.T.);
#5118 = EDGE_CURVE('',#5057,#5119,#5121,.T.);
#5119 = VERTEX_POINT('',#5120);
#5120 = CARTESIAN_POINT('',(-3.498742631289,-2.02,3.2));
#5121 = LINE('',#5122,#5123);
#5122 = CARTESIAN_POINT('',(-3.498742631289,2.02,3.2));
#5123 = VECTOR('',#5124,1.);
#5124 = DIRECTION('',(-1.1E-16,-1.,0.));
#5125 = ORIENTED_EDGE('',*,*,#5126,.F.);
#5126 = EDGE_CURVE('',#5127,#5119,#5129,.T.);
#5127 = VERTEX_POINT('',#5128);
#5128 = CARTESIAN_POINT('',(-3.498742631289,-2.02,0.));
#5129 = LINE('',#5130,#5131);
#5130 = CARTESIAN_POINT('',(-3.498742631289,-2.02,0.));
#5131 = VECTOR('',#5132,1.);
#5132 = DIRECTION('',(0.,0.,1.));
#5133 = ORIENTED_EDGE('',*,*,#5134,.F.);
#5134 = EDGE_CURVE('',#5065,#5127,#5135,.T.);
#5135 = LINE('',#5136,#5137);
#5136 = CARTESIAN_POINT('',(-3.498742631289,2.02,0.));
#5137 = VECTOR('',#5138,1.);
#5138 = DIRECTION('',(-1.1E-16,-1.,0.));
#5139 = PLANE('',#5140);
#5140 = AXIS2_PLACEMENT_3D('',#5141,#5142,#5143);
#5141 = CARTESIAN_POINT('',(-3.498742631289,2.02,0.));
#5142 = DIRECTION('',(1.,-1.1E-16,0.));
#5143 = DIRECTION('',(-1.1E-16,-1.,0.));
#5144 = ADVANCED_FACE('',(#5145,#5172),#5183,.F.);
#5145 = FACE_BOUND('',#5146,.F.);
#5146 = EDGE_LOOP('',(#5147,#5148,#5149,#5157,#5165,#5171));
#5147 = ORIENTED_EDGE('',*,*,#5072,.T.);
#5148 = ORIENTED_EDGE('',*,*,#5134,.T.);
#5149 = ORIENTED_EDGE('',*,*,#5150,.T.);
#5150 = EDGE_CURVE('',#5127,#5151,#5153,.T.);
#5151 = VERTEX_POINT('',#5152);
#5152 = CARTESIAN_POINT('',(-0.,-4.04,0.));
#5153 = LINE('',#5154,#5155);
#5154 = CARTESIAN_POINT('',(-3.498742631289,-2.02,0.));
#5155 = VECTOR('',#5156,1.);
#5156 = DIRECTION('',(0.866025403784,-0.5,0.));
#5157 = ORIENTED_EDGE('',*,*,#5158,.T.);
#5158 = EDGE_CURVE('',#5151,#5159,#5161,.T.);
#5159 = VERTEX_POINT('',#5160);
#5160 = CARTESIAN_POINT('',(3.498742631289,-2.02,0.));
#5161 = LINE('',#5162,#5163);
#5162 = CARTESIAN_POINT('',(-4.4E-16,-4.04,0.));
#5163 = VECTOR('',#5164,1.);
#5164 = DIRECTION('',(0.866025403784,0.5,0.));
#5165 = ORIENTED_EDGE('',*,*,#5166,.T.);
#5166 = EDGE_CURVE('',#5159,#5087,#5167,.T.);
#5167 = LINE('',#5168,#5169);
#5168 = CARTESIAN_POINT('',(3.498742631289,-2.02,0.));
#5169 = VECTOR('',#5170,1.);
#5170 = DIRECTION('',(5.5E-16,1.,0.));
#5171 = ORIENTED_EDGE('',*,*,#5103,.T.);
#5172 = FACE_BOUND('',#5173,.F.);
#5173 = EDGE_LOOP('',(#5174));
#5174 = ORIENTED_EDGE('',*,*,#5175,.F.);
#5175 = EDGE_CURVE('',#5176,#5176,#5178,.T.);
#5176 = VERTEX_POINT('',#5177);
#5177 = CARTESIAN_POINT('',(2.,0.,0.));
#5178 = CIRCLE('',#5179,2.);
#5179 = AXIS2_PLACEMENT_3D('',#5180,#5181,#5182);
#5180 = CARTESIAN_POINT('',(0.,0.,0.));
#5181 = DIRECTION('',(0.,0.,1.));
#5182 = DIRECTION('',(1.,0.,-0.));
#5183 = PLANE('',#5184);
#5184 = AXIS2_PLACEMENT_3D('',#5185,#5186,#5187);
#5185 = CARTESIAN_POINT('',(2.6E-16,0.,0.));
#5186 = DIRECTION('',(0.,0.,1.));
#5187 = DIRECTION('',(1.,0.,-0.));
#5188 = ADVANCED_FACE('',(#5189,#5216),#5227,.T.);
#5189 = FACE_BOUND('',#5190,.T.);
#5190 = EDGE_LOOP('',(#5191,#5192,#5193,#5201,#5209,#5215));
#5191 = ORIENTED_EDGE('',*,*,#5056,.T.);
#5192 = ORIENTED_EDGE('',*,*,#5118,.T.);
#5193 = ORIENTED_EDGE('',*,*,#5194,.T.);
#5194 = EDGE_CURVE('',#5119,#5195,#5197,.T.);
#5195 = VERTEX_POINT('',#5196);
#5196 = CARTESIAN_POINT('',(-0.,-4.04,3.2));
#5197 = LINE('',#5198,#5199);
#5198 = CARTESIAN_POINT('',(-3.498742631289,-2.02,3.2));
#5199 = VECTOR('',#5200,1.);
#5200 = DIRECTION('',(0.866025403784,-0.5,0.));
#5201 = ORIENTED_EDGE('',*,*,#5202,.T.);
#5202 = EDGE_CURVE('',#5195,#5203,#5205,.T.);
#5203 = VERTEX_POINT('',#5204);
#5204 = CARTESIAN_POINT('',(3.498742631289,-2.02,3.2));
#5205 = LINE('',#5206,#5207);
#5206 = CARTESIAN_POINT('',(-4.4E-16,-4.04,3.2));
#5207 = VECTOR('',#5208,1.);
#5208 = DIRECTION('',(0.866025403784,0.5,0.));
#5209 = ORIENTED_EDGE('',*,*,#5210,.T.);
#5210 = EDGE_CURVE('',#5203,#5089,#5211,.T.);
#5211 = LINE('',#5212,#5213);
#5212 = CARTESIAN_POINT('',(3.498742631289,-2.02,3.2));
#5213 = VECTOR('',#5214,1.);
#5214 = DIRECTION('',(5.5E-16,1.,0.));
#5215 = ORIENTED_EDGE('',*,*,#5096,.T.);
#5216 = FACE_BOUND('',#5217,.T.);
#5217 = EDGE_LOOP('',(#5218));
#5218 = ORIENTED_EDGE('',*,*,#5219,.T.);
#5219 = EDGE_CURVE('',#5220,#5220,#5222,.T.);
#5220 = VERTEX_POINT('',#5221);
#5221 = CARTESIAN_POINT('',(2.,0.,3.2));
#5222 = CIRCLE('',#5223,2.);
#5223 = AXIS2_PLACEMENT_3D('',#5224,#5225,#5226);
#5224 = CARTESIAN_POINT('',(0.,0.,3.2));
#5225 = DIRECTION('',(0.,0.,-1.));
#5226 = DIRECTION('',(1.,0.,0.));
#5227 = PLANE('',#5228);
#5228 = AXIS2_PLACEMENT_3D('',#5229,#5230,#5231);
#5229 = CARTESIAN_POINT('',(2.6E-16,0.,3.2));
#5230 = DIRECTION('',(0.,0.,1.));
#5231 = DIRECTION('',(1.,0.,-0.));
#5232 = ADVANCED_FACE('',(#5233),#5244,.F.);
#5233 = FACE_BOUND('',#5234,.F.);
#5234 = EDGE_LOOP('',(#5235,#5241,#5242,#5243));
#5235 = ORIENTED_EDGE('',*,*,#5236,.T.);
#5236 = EDGE_CURVE('',#5159,#5203,#5237,.T.);
#5237 = LINE('',#5238,#5239);
#5238 = CARTESIAN_POINT('',(3.498742631289,-2.02,0.));
#5239 = VECTOR('',#5240,1.);
#5240 = DIRECTION('',(0.,0.,1.));
#5241 = ORIENTED_EDGE('',*,*,#5210,.T.);
#5242 = ORIENTED_EDGE('',*,*,#5086,.F.);
#5243 = ORIENTED_EDGE('',*,*,#5166,.F.);
#5244 = PLANE('',#5245);
#5245 = AXIS2_PLACEMENT_3D('',#5246,#5247,#5248);
#5246 = CARTESIAN_POINT('',(3.498742631289,-2.02,0.));
#5247 = DIRECTION('',(-1.,5.5E-16,0.));
#5248 = DIRECTION('',(5.5E-16,1.,0.));
#5249 = ADVANCED_FACE('',(#5250),#5261,.F.);
#5250 = FACE_BOUND('',#5251,.F.);
#5251 = EDGE_LOOP('',(#5252,#5253,#5254,#5260));
#5252 = ORIENTED_EDGE('',*,*,#5126,.T.);
#5253 = ORIENTED_EDGE('',*,*,#5194,.T.);
#5254 = ORIENTED_EDGE('',*,*,#5255,.F.);
#5255 = EDGE_CURVE('',#5151,#5195,#5256,.T.);
#5256 = LINE('',#5257,#5258);
#5257 = CARTESIAN_POINT('',(-4.4E-16,-4.04,0.));
#5258 = VECTOR('',#5259,1.);
#5259 = DIRECTION('',(0.,0.,1.));
#5260 = ORIENTED_EDGE('',*,*,#5150,.F.);
#5261 = PLANE('',#5262);
#5262 = AXIS2_PLACEMENT_3D('',#5263,#5264,#5265);
#5263 = CARTESIAN_POINT('',(-3.498742631289,-2.02,0.));
#5264 = DIRECTION('',(0.5,0.866025403784,0.));
#5265 = DIRECTION('',(0.866025403784,-0.5,0.));
#5266 = ADVANCED_FACE('',(#5267),#5273,.F.);
#5267 = FACE_BOUND('',#5268,.F.);
#5268 = EDGE_LOOP('',(#5269,#5270,#5271,#5272));
#5269 = ORIENTED_EDGE('',*,*,#5255,.T.);
#5270 = ORIENTED_EDGE('',*,*,#5202,.T.);
#5271 = ORIENTED_EDGE('',*,*,#5236,.F.);
#5272 = ORIENTED_EDGE('',*,*,#5158,.F.);
#5273 = PLANE('',#5274);
#5274 = AXIS2_PLACEMENT_3D('',#5275,#5276,#5277);
#5275 = CARTESIAN_POINT('',(-4.4E-16,-4.04,0.));
#5276 = DIRECTION('',(-0.5,0.866025403784,0.));
#5277 = DIRECTION('',(0.866025403784,0.5,0.));
#5278 = ADVANCED_FACE('',(#5279),#5290,.F.);
#5279 = FACE_BOUND('',#5280,.F.);
#5280 = EDGE_LOOP('',(#5281,#5287,#5288,#5289));
#5281 = ORIENTED_EDGE('',*,*,#5282,.T.);
#5282 = EDGE_CURVE('',#5176,#5220,#5283,.T.);
#5283 = LINE('',#5284,#5285);
#5284 = CARTESIAN_POINT('',(2.,0.,0.));
#5285 = VECTOR('',#5286,1.);
#5286 = DIRECTION('',(0.,0.,1.));
#5287 = ORIENTED_EDGE('',*,*,#5219,.T.);
#5288 = ORIENTED_EDGE('',*,*,#5282,.F.);
#5289 = ORIENTED_EDGE('',*,*,#5175,.T.);
#5290 = CYLINDRICAL_SURFACE('',#5291,2.);
#5291 = AXIS2_PLACEMENT_3D('',#5292,#5293,#5294);
#5292 = CARTESIAN_POINT('',(0.,0.,0.));
#5293 = DIRECTION('',(-0.,-0.,-1.));
#5294 = DIRECTION('',(1.,0.,0.));
#5295 = ( GEOMETRIC_REPRESENTATION_CONTEXT(3) 
GLOBAL_UNCERTAINTY_ASSIGNED_CONTEXT((#5299)) 
GLOBAL_UNIT_ASSIGNED_CONTEXT((#5296,#5297,#5298)) REPRESENTATION_CONTEXT
('Context #1','3D Context with UNIT and UNCERTAINTY') );
#5296 = ( LENGTH_UNIT() NAMED_UNIT(*) SI_UNIT(.MILLI.,.METRE.) );
#5297 = ( NAMED_UNIT(*) PLANE_ANGLE_UNIT() SI_UNIT($,.RADIAN.) );
#5298 = ( NAMED_UNIT(*) SI_UNIT($,.STERADIAN.) SOLID_ANGLE_UNIT() );
#5299 = UNCERTAINTY_MEASURE_WITH_UNIT(LENGTH_MEASURE(1.E-07),#5296,
  'distance_accuracy_value','confusion accuracy');
#5300 = CONTEXT_DEPENDENT_SHAPE_REPRESENTATION(#5301,#5303);
#5301 = ( REPRESENTATION_RELATIONSHIP('','',#5039,#56) 
REPRESENTATION_RELATIONSHIP_WITH_TRANSFORMATION(#5302) 
SHAPE_REPRESENTATION_RELATIONSHIP() );
#5302 = ITEM_DEFINED_TRANSFORMATION('','',#11,#101);
#5303 = PRODUCT_DEFINITION_SHAPE('Placement','Placement of an item',
  #5304);
#5304 = NEXT_ASSEMBLY_USAGE_OCCURRENCE('12','m4_nut_4','',#51,#5034,$);
#5305 = PRODUCT_RELATED_PRODUCT_CATEGORY('part',$,(#5036));
#5306 = SHAPE_DEFINITION_REPRESENTATION(#5307,#5313);
#5307 = PRODUCT_DEFINITION_SHAPE('','',#5308);
#5308 = PRODUCT_DEFINITION('design','',#5309,#5312);
#5309 = PRODUCT_DEFINITION_FORMATION('','',#5310);
#5310 = PRODUCT('m4_nut_5','m4_nut_5','',(#5311));
#5311 = PRODUCT_CONTEXT('',#2,'mechanical');
#5312 = PRODUCT_DEFINITION_CONTEXT('part definition',#2,'design');
#5313 = ADVANCED_BREP_SHAPE_REPRESENTATION('',(#11,#5314),#5569);
#5314 = MANIFOLD_SOLID_BREP('',#5315);
#5315 = CLOSED_SHELL('',(#5316,#5356,#5387,#5418,#5462,#5506,#5523,#5540
    ,#5552));
#5316 = ADVANCED_FACE('',(#5317),#5351,.F.);
#5317 = FACE_BOUND('',#5318,.F.);
#5318 = EDGE_LOOP('',(#5319,#5329,#5337,#5345));
#5319 = ORIENTED_EDGE('',*,*,#5320,.T.);
#5320 = EDGE_CURVE('',#5321,#5323,#5325,.T.);
#5321 = VERTEX_POINT('',#5322);
#5322 = CARTESIAN_POINT('',(0.,4.04,0.));
#5323 = VERTEX_POINT('',#5324);
#5324 = CARTESIAN_POINT('',(0.,4.04,3.2));
#5325 = LINE('',#5326,#5327);
#5326 = CARTESIAN_POINT('',(0.,4.04,0.));
#5327 = VECTOR('',#5328,1.);
#5328 = DIRECTION('',(0.,0.,1.));
#5329 = ORIENTED_EDGE('',*,*,#5330,.T.);
#5330 = EDGE_CURVE('',#5323,#5331,#5333,.T.);
#5331 = VERTEX_POINT('',#5332);
#5332 = CARTESIAN_POINT('',(-3.498742631289,2.02,3.2));
#5333 = LINE('',#5334,#5335);
#5334 = CARTESIAN_POINT('',(0.,4.04,3.2));
#5335 = VECTOR('',#5336,1.);
#5336 = DIRECTION('',(-0.866025403784,-0.5,0.));
#5337 = ORIENTED_EDGE('',*,*,#5338,.F.);
#5338 = EDGE_CURVE('',#5339,#5331,#5341,.T.);
#5339 = VERTEX_POINT('',#5340);
#5340 = CARTESIAN_POINT('',(-3.498742631289,2.02,0.));
#5341 = LINE('',#5342,#5343);
#5342 = CARTESIAN_POINT('',(-3.498742631289,2.02,0.));
#5343 = VECTOR('',#5344,1.);
#5344 = DIRECTION('',(0.,0.,1.));
#5345 = ORIENTED_EDGE('',*,*,#5346,.F.);
#5346 = EDGE_CURVE('',#5321,#5339,#5347,.T.);
#5347 = LINE('',#5348,#5349);
#5348 = CARTESIAN_POINT('',(0.,4.04,0.));
#5349 = VECTOR('',#5350,1.);
#5350 = DIRECTION('',(-0.866025403784,-0.5,0.));
#5351 = PLANE('',#5352);
#5352 = AXIS2_PLACEMENT_3D('',#5353,#5354,#5355);
#5353 = CARTESIAN_POINT('',(0.,4.04,0.));
#5354 = DIRECTION('',(0.5,-0.866025403784,0.));
#5355 = DIRECTION('',(-0.866025403784,-0.5,0.));
#5356 = ADVANCED_FACE('',(#5357),#5382,.F.);
#5357 = FACE_BOUND('',#5358,.F.);
#5358 = EDGE_LOOP('',(#5359,#5369,#5375,#5376));
#5359 = ORIENTED_EDGE('',*,*,#5360,.T.);
#5360 = EDGE_CURVE('',#5361,#5363,#5365,.T.);
#5361 = VERTEX_POINT('',#5362);
#5362 = CARTESIAN_POINT('',(3.498742631289,2.02,0.));
#5363 = VERTEX_POINT('',#5364);
#5364 = CARTESIAN_POINT('',(3.498742631289,2.02,3.2));
#5365 = LINE('',#5366,#5367);
#5366 = CARTESIAN_POINT('',(3.498742631289,2.02,0.));
#5367 = VECTOR('',#5368,1.);
#5368 = DIRECTION('',(0.,0.,1.));
#5369 = ORIENTED_EDGE('',*,*,#5370,.T.);
#5370 = EDGE_CURVE('',#5363,#5323,#5371,.T.);
#5371 = LINE('',#5372,#5373);
#5372 = CARTESIAN_POINT('',(3.498742631289,2.02,3.2));
#5373 = VECTOR('',#5374,1.);
#5374 = DIRECTION('',(-0.866025403784,0.5,0.));
#5375 = ORIENTED_EDGE('',*,*,#5320,.F.);
#5376 = ORIENTED_EDGE('',*,*,#5377,.F.);
#5377 = EDGE_CURVE('',#5361,#5321,#5378,.T.);
#5378 = LINE('',#5379,#5380);
#5379 = CARTESIAN_POINT('',(3.498742631289,2.02,0.));
#5380 = VECTOR('',#5381,1.);
#5381 = DIRECTION('',(-0.866025403784,0.5,0.));
#5382 = PLANE('',#5383);
#5383 = AXIS2_PLACEMENT_3D('',#5384,#5385,#5386);
#5384 = CARTESIAN_POINT('',(3.498742631289,2.02,0.));
#5385 = DIRECTION('',(-0.5,-0.866025403784,0.));
#5386 = DIRECTION('',(-0.866025403784,0.5,0.));
#5387 = ADVANCED_FACE('',(#5388),#5413,.F.);
#5388 = FACE_BOUND('',#5389,.F.);
#5389 = EDGE_LOOP('',(#5390,#5391,#5399,#5407));
#5390 = ORIENTED_EDGE('',*,*,#5338,.T.);
#5391 = ORIENTED_EDGE('',*,*,#5392,.T.);
#5392 = EDGE_CURVE('',#5331,#5393,#5395,.T.);
#5393 = VERTEX_POINT('',#5394);
#5394 = CARTESIAN_POINT('',(-3.498742631289,-2.02,3.2));
#5395 = LINE('',#5396,#5397);
#5396 = CARTESIAN_POINT('',(-3.498742631289,2.02,3.2));
#5397 = VECTOR('',#5398,1.);
#5398 = DIRECTION('',(-1.1E-16,-1.,0.));
#5399 = ORIENTED_EDGE('',*,*,#5400,.F.);
#5400 = EDGE_CURVE('',#5401,#5393,#5403,.T.);
#5401 = VERTEX_POINT('',#5402);
#5402 = CARTESIAN_POINT('',(-3.498742631289,-2.02,0.));
#5403 = LINE('',#5404,#5405);
#5404 = CARTESIAN_POINT('',(-3.498742631289,-2.02,0.));
#5405 = VECTOR('',#5406,1.);
#5406 = DIRECTION('',(0.,0.,1.));
#5407 = ORIENTED_EDGE('',*,*,#5408,.F.);
#5408 = EDGE_CURVE('',#5339,#5401,#5409,.T.);
#5409 = LINE('',#5410,#5411);
#5410 = CARTESIAN_POINT('',(-3.498742631289,2.02,0.));
#5411 = VECTOR('',#5412,1.);
#5412 = DIRECTION('',(-1.1E-16,-1.,0.));
#5413 = PLANE('',#5414);
#5414 = AXIS2_PLACEMENT_3D('',#5415,#5416,#5417);
#5415 = CARTESIAN_POINT('',(-3.498742631289,2.02,0.));
#5416 = DIRECTION('',(1.,-1.1E-16,0.));
#5417 = DIRECTION('',(-1.1E-16,-1.,0.));
#5418 = ADVANCED_FACE('',(#5419,#5446),#5457,.F.);
#5419 = FACE_BOUND('',#5420,.F.);
#5420 = EDGE_LOOP('',(#5421,#5422,#5423,#5431,#5439,#5445));
#5421 = ORIENTED_EDGE('',*,*,#5346,.T.);
#5422 = ORIENTED_EDGE('',*,*,#5408,.T.);
#5423 = ORIENTED_EDGE('',*,*,#5424,.T.);
#5424 = EDGE_CURVE('',#5401,#5425,#5427,.T.);
#5425 = VERTEX_POINT('',#5426);
#5426 = CARTESIAN_POINT('',(-0.,-4.04,0.));
#5427 = LINE('',#5428,#5429);
#5428 = CARTESIAN_POINT('',(-3.498742631289,-2.02,0.));
#5429 = VECTOR('',#5430,1.);
#5430 = DIRECTION('',(0.866025403784,-0.5,0.));
#5431 = ORIENTED_EDGE('',*,*,#5432,.T.);
#5432 = EDGE_CURVE('',#5425,#5433,#5435,.T.);
#5433 = VERTEX_POINT('',#5434);
#5434 = CARTESIAN_POINT('',(3.498742631289,-2.02,0.));
#5435 = LINE('',#5436,#5437);
#5436 = CARTESIAN_POINT('',(-4.4E-16,-4.04,0.));
#5437 = VECTOR('',#5438,1.);
#5438 = DIRECTION('',(0.866025403784,0.5,0.));
#5439 = ORIENTED_EDGE('',*,*,#5440,.T.);
#5440 = EDGE_CURVE('',#5433,#5361,#5441,.T.);
#5441 = LINE('',#5442,#5443);
#5442 = CARTESIAN_POINT('',(3.498742631289,-2.02,0.));
#5443 = VECTOR('',#5444,1.);
#5444 = DIRECTION('',(5.5E-16,1.,0.));
#5445 = ORIENTED_EDGE('',*,*,#5377,.T.);
#5446 = FACE_BOUND('',#5447,.F.);
#5447 = EDGE_LOOP('',(#5448));
#5448 = ORIENTED_EDGE('',*,*,#5449,.F.);
#5449 = EDGE_CURVE('',#5450,#5450,#5452,.T.);
#5450 = VERTEX_POINT('',#5451);
#5451 = CARTESIAN_POINT('',(2.,0.,0.));
#5452 = CIRCLE('',#5453,2.);
#5453 = AXIS2_PLACEMENT_3D('',#5454,#5455,#5456);
#5454 = CARTESIAN_POINT('',(0.,0.,0.));
#5455 = DIRECTION('',(0.,0.,1.));
#5456 = DIRECTION('',(1.,0.,-0.));
#5457 = PLANE('',#5458);
#5458 = AXIS2_PLACEMENT_3D('',#5459,#5460,#5461);
#5459 = CARTESIAN_POINT('',(2.6E-16,0.,0.));
#5460 = DIRECTION('',(0.,0.,1.));
#5461 = DIRECTION('',(1.,0.,-0.));
#5462 = ADVANCED_FACE('',(#5463,#5490),#5501,.T.);
#5463 = FACE_BOUND('',#5464,.T.);
#5464 = EDGE_LOOP('',(#5465,#5466,#5467,#5475,#5483,#5489));
#5465 = ORIENTED_EDGE('',*,*,#5330,.T.);
#5466 = ORIENTED_EDGE('',*,*,#5392,.T.);
#5467 = ORIENTED_EDGE('',*,*,#5468,.T.);
#5468 = EDGE_CURVE('',#5393,#5469,#5471,.T.);
#5469 = VERTEX_POINT('',#5470);
#5470 = CARTESIAN_POINT('',(-0.,-4.04,3.2));
#5471 = LINE('',#5472,#5473);
#5472 = CARTESIAN_POINT('',(-3.498742631289,-2.02,3.2));
#5473 = VECTOR('',#5474,1.);
#5474 = DIRECTION('',(0.866025403784,-0.5,0.));
#5475 = ORIENTED_EDGE('',*,*,#5476,.T.);
#5476 = EDGE_CURVE('',#5469,#5477,#5479,.T.);
#5477 = VERTEX_POINT('',#5478);
#5478 = CARTESIAN_POINT('',(3.498742631289,-2.02,3.2));
#5479 = LINE('',#5480,#5481);
#5480 = CARTESIAN_POINT('',(-4.4E-16,-4.04,3.2));
#5481 = VECTOR('',#5482,1.);
#5482 = DIRECTION('',(0.866025403784,0.5,0.));
#5483 = ORIENTED_EDGE('',*,*,#5484,.T.);
#5484 = EDGE_CURVE('',#5477,#5363,#5485,.T.);
#5485 = LINE('',#5486,#5487);
#5486 = CARTESIAN_POINT('',(3.498742631289,-2.02,3.2));
#5487 = VECTOR('',#5488,1.);
#5488 = DIRECTION('',(5.5E-16,1.,0.));
#5489 = ORIENTED_EDGE('',*,*,#5370,.T.);
#5490 = FACE_BOUND('',#5491,.T.);
#5491 = EDGE_LOOP('',(#5492));
#5492 = ORIENTED_EDGE('',*,*,#5493,.T.);
#5493 = EDGE_CURVE('',#5494,#5494,#5496,.T.);
#5494 = VERTEX_POINT('',#5495);
#5495 = CARTESIAN_POINT('',(2.,0.,3.2));
#5496 = CIRCLE('',#5497,2.);
#5497 = AXIS2_PLACEMENT_3D('',#5498,#5499,#5500);
#5498 = CARTESIAN_POINT('',(0.,0.,3.2));
#5499 = DIRECTION('',(0.,0.,-1.));
#5500 = DIRECTION('',(1.,0.,0.));
#5501 = PLANE('',#5502);
#5502 = AXIS2_PLACEMENT_3D('',#5503,#5504,#5505);
#5503 = CARTESIAN_POINT('',(2.6E-16,0.,3.2));
#5504 = DIRECTION('',(0.,0.,1.));
#5505 = DIRECTION('',(1.,0.,-0.));
#5506 = ADVANCED_FACE('',(#5507),#5518,.F.);
#5507 = FACE_BOUND('',#5508,.F.);
#5508 = EDGE_LOOP('',(#5509,#5515,#5516,#5517));
#5509 = ORIENTED_EDGE('',*,*,#5510,.T.);
#5510 = EDGE_CURVE('',#5433,#5477,#5511,.T.);
#5511 = LINE('',#5512,#5513);
#5512 = CARTESIAN_POINT('',(3.498742631289,-2.02,0.));
#5513 = VECTOR('',#5514,1.);
#5514 = DIRECTION('',(0.,0.,1.));
#5515 = ORIENTED_EDGE('',*,*,#5484,.T.);
#5516 = ORIENTED_EDGE('',*,*,#5360,.F.);
#5517 = ORIENTED_EDGE('',*,*,#5440,.F.);
#5518 = PLANE('',#5519);
#5519 = AXIS2_PLACEMENT_3D('',#5520,#5521,#5522);
#5520 = CARTESIAN_POINT('',(3.498742631289,-2.02,0.));
#5521 = DIRECTION('',(-1.,5.5E-16,0.));
#5522 = DIRECTION('',(5.5E-16,1.,0.));
#5523 = ADVANCED_FACE('',(#5524),#5535,.F.);
#5524 = FACE_BOUND('',#5525,.F.);
#5525 = EDGE_LOOP('',(#5526,#5527,#5528,#5534));
#5526 = ORIENTED_EDGE('',*,*,#5400,.T.);
#5527 = ORIENTED_EDGE('',*,*,#5468,.T.);
#5528 = ORIENTED_EDGE('',*,*,#5529,.F.);
#5529 = EDGE_CURVE('',#5425,#5469,#5530,.T.);
#5530 = LINE('',#5531,#5532);
#5531 = CARTESIAN_POINT('',(-4.4E-16,-4.04,0.));
#5532 = VECTOR('',#5533,1.);
#5533 = DIRECTION('',(0.,0.,1.));
#5534 = ORIENTED_EDGE('',*,*,#5424,.F.);
#5535 = PLANE('',#5536);
#5536 = AXIS2_PLACEMENT_3D('',#5537,#5538,#5539);
#5537 = CARTESIAN_POINT('',(-3.498742631289,-2.02,0.));
#5538 = DIRECTION('',(0.5,0.866025403784,0.));
#5539 = DIRECTION('',(0.866025403784,-0.5,0.));
#5540 = ADVANCED_FACE('',(#5541),#5547,.F.);
#5541 = FACE_BOUND('',#5542,.F.);
#5542 = EDGE_LOOP('',(#5543,#5544,#5545,#5546));
#5543 = ORIENTED_EDGE('',*,*,#5529,.T.);
#5544 = ORIENTED_EDGE('',*,*,#5476,.T.);
#5545 = ORIENTED_EDGE('',*,*,#5510,.F.);
#5546 = ORIENTED_EDGE('',*,*,#5432,.F.);
#5547 = PLANE('',#5548);
#5548 = AXIS2_PLACEMENT_3D('',#5549,#5550,#5551);
#5549 = CARTESIAN_POINT('',(-4.4E-16,-4.04,0.));
#5550 = DIRECTION('',(-0.5,0.866025403784,0.));
#5551 = DIRECTION('',(0.866025403784,0.5,0.));
#5552 = ADVANCED_FACE('',(#5553),#5564,.F.);
#5553 = FACE_BOUND('',#5554,.F.);
#5554 = EDGE_LOOP('',(#5555,#5561,#5562,#5563));
#5555 = ORIENTED_EDGE('',*,*,#5556,.T.);
#5556 = EDGE_CURVE('',#5450,#5494,#5557,.T.);
#5557 = LINE('',#5558,#5559);
#5558 = CARTESIAN_POINT('',(2.,0.,0.));
#5559 = VECTOR('',#5560,1.);
#5560 = DIRECTION('',(0.,0.,1.));
#5561 = ORIENTED_EDGE('',*,*,#5493,.T.);
#5562 = ORIENTED_EDGE('',*,*,#5556,.F.);
#5563 = ORIENTED_EDGE('',*,*,#5449,.T.);
#5564 = CYLINDRICAL_SURFACE('',#5565,2.);
#5565 = AXIS2_PLACEMENT_3D('',#5566,#5567,#5568);
#5566 = CARTESIAN_POINT('',(0.,0.,0.));
#5567 = DIRECTION('',(-0.,-0.,-1.));
#5568 = DIRECTION('',(1.,0.,0.));
#5569 = ( GEOMETRIC_REPRESENTATION_CONTEXT(3) 
GLOBAL_UNCERTAINTY_ASSIGNED_CONTEXT((#5573)) 
GLOBAL_UNIT_ASSIGNED_CONTEXT((#5570,#5571,#5572)) REPRESENTATION_CONTEXT
('Context #1','3D Context with UNIT and UNCERTAINTY') );
#5570 = ( LENGTH_UNIT() NAMED_UNIT(*) SI_UNIT(.MILLI.,.METRE.) );
#5571 = ( NAMED_UNIT(*) PLANE_ANGLE_UNIT() SI_UNIT($,.RADIAN.) );
#5572 = ( NAMED_UNIT(*) SI_UNIT($,.STERADIAN.) SOLID_ANGLE_UNIT() );
#5573 = UNCERTAINTY_MEASURE_WITH_UNIT(LENGTH_MEASURE(1.E-07),#5570,
  'distance_accuracy_value','confusion accuracy');
#5574 = CONTEXT_DEPENDENT_SHAPE_REPRESENTATION(#5575,#5577);
#5575 = ( REPRESENTATION_RELATIONSHIP('','',#5313,#56) 
REPRESENTATION_RELATIONSHIP_WITH_TRANSFORMATION(#5576) 
SHAPE_REPRESENTATION_RELATIONSHIP() );
#5576 = ITEM_DEFINED_TRANSFORMATION('','',#11,#105);
#5577 = PRODUCT_DEFINITION_SHAPE('Placement','Placement of an item',
  #5578);
#5578 = NEXT_ASSEMBLY_USAGE_OCCURRENCE('13','m4_nut_5','',#51,#5308,$);
#5579 = PRODUCT_RELATED_PRODUCT_CATEGORY('part',$,(#5310));
#5580 = SHAPE_DEFINITION_REPRESENTATION(#5581,#5587);
#5581 = PRODUCT_DEFINITION_SHAPE('','',#5582);
#5582 = PRODUCT_DEFINITION('design','',#5583,#5586);
#5583 = PRODUCT_DEFINITION_FORMATION('','',#5584);
#5584 = PRODUCT('m4_nut_6','m4_nut_6','',(#5585));
#5585 = PRODUCT_CONTEXT('',#2,'mechanical');
#5586 = PRODUCT_DEFINITION_CONTEXT('part definition',#2,'design');
#5587 = ADVANCED_BREP_SHAPE_REPRESENTATION('',(#11,#5588),#5843);
#5588 = MANIFOLD_SOLID_BREP('',#5589);
#5589 = CLOSED_SHELL('',(#5590,#5630,#5661,#5692,#5736,#5780,#5797,#5814
    ,#5826));
#5590 = ADVANCED_FACE('',(#5591),#5625,.F.);
#5591 = FACE_BOUND('',#5592,.F.);
#5592 = EDGE_LOOP('',(#5593,#5603,#5611,#5619));
#5593 = ORIENTED_EDGE('',*,*,#5594,.T.);
#5594 = EDGE_CURVE('',#5595,#5597,#5599,.T.);
#5595 = VERTEX_POINT('',#5596);
#5596 = CARTESIAN_POINT('',(0.,4.04,0.));
#5597 = VERTEX_POINT('',#5598);
#5598 = CARTESIAN_POINT('',(0.,4.04,3.2));
#5599 = LINE('',#5600,#5601);
#5600 = CARTESIAN_POINT('',(0.,4.04,0.));
#5601 = VECTOR('',#5602,1.);
#5602 = DIRECTION('',(0.,0.,1.));
#5603 = ORIENTED_EDGE('',*,*,#5604,.T.);
#5604 = EDGE_CURVE('',#5597,#5605,#5607,.T.);
#5605 = VERTEX_POINT('',#5606);
#5606 = CARTESIAN_POINT('',(-3.498742631289,2.02,3.2));
#5607 = LINE('',#5608,#5609);
#5608 = CARTESIAN_POINT('',(0.,4.04,3.2));
#5609 = VECTOR('',#5610,1.);
#5610 = DIRECTION('',(-0.866025403784,-0.5,0.));
#5611 = ORIENTED_EDGE('',*,*,#5612,.F.);
#5612 = EDGE_CURVE('',#5613,#5605,#5615,.T.);
#5613 = VERTEX_POINT('',#5614);
#5614 = CARTESIAN_POINT('',(-3.498742631289,2.02,0.));
#5615 = LINE('',#5616,#5617);
#5616 = CARTESIAN_POINT('',(-3.498742631289,2.02,0.));
#5617 = VECTOR('',#5618,1.);
#5618 = DIRECTION('',(0.,0.,1.));
#5619 = ORIENTED_EDGE('',*,*,#5620,.F.);
#5620 = EDGE_CURVE('',#5595,#5613,#5621,.T.);
#5621 = LINE('',#5622,#5623);
#5622 = CARTESIAN_POINT('',(0.,4.04,0.));
#5623 = VECTOR('',#5624,1.);
#5624 = DIRECTION('',(-0.866025403784,-0.5,0.));
#5625 = PLANE('',#5626);
#5626 = AXIS2_PLACEMENT_3D('',#5627,#5628,#5629);
#5627 = CARTESIAN_POINT('',(0.,4.04,0.));
#5628 = DIRECTION('',(0.5,-0.866025403784,0.));
#5629 = DIRECTION('',(-0.866025403784,-0.5,0.));
#5630 = ADVANCED_FACE('',(#5631),#5656,.F.);
#5631 = FACE_BOUND('',#5632,.F.);
#5632 = EDGE_LOOP('',(#5633,#5643,#5649,#5650));
#5633 = ORIENTED_EDGE('',*,*,#5634,.T.);
#5634 = EDGE_CURVE('',#5635,#5637,#5639,.T.);
#5635 = VERTEX_POINT('',#5636);
#5636 = CARTESIAN_POINT('',(3.498742631289,2.02,0.));
#5637 = VERTEX_POINT('',#5638);
#5638 = CARTESIAN_POINT('',(3.498742631289,2.02,3.2));
#5639 = LINE('',#5640,#5641);
#5640 = CARTESIAN_POINT('',(3.498742631289,2.02,0.));
#5641 = VECTOR('',#5642,1.);
#5642 = DIRECTION('',(0.,0.,1.));
#5643 = ORIENTED_EDGE('',*,*,#5644,.T.);
#5644 = EDGE_CURVE('',#5637,#5597,#5645,.T.);
#5645 = LINE('',#5646,#5647);
#5646 = CARTESIAN_POINT('',(3.498742631289,2.02,3.2));
#5647 = VECTOR('',#5648,1.);
#5648 = DIRECTION('',(-0.866025403784,0.5,0.));
#5649 = ORIENTED_EDGE('',*,*,#5594,.F.);
#5650 = ORIENTED_EDGE('',*,*,#5651,.F.);
#5651 = EDGE_CURVE('',#5635,#5595,#5652,.T.);
#5652 = LINE('',#5653,#5654);
#5653 = CARTESIAN_POINT('',(3.498742631289,2.02,0.));
#5654 = VECTOR('',#5655,1.);
#5655 = DIRECTION('',(-0.866025403784,0.5,0.));
#5656 = PLANE('',#5657);
#5657 = AXIS2_PLACEMENT_3D('',#5658,#5659,#5660);
#5658 = CARTESIAN_POINT('',(3.498742631289,2.02,0.));
#5659 = DIRECTION('',(-0.5,-0.866025403784,0.));
#5660 = DIRECTION('',(-0.866025403784,0.5,0.));
#5661 = ADVANCED_FACE('',(#5662),#5687,.F.);
#5662 = FACE_BOUND('',#5663,.F.);
#5663 = EDGE_LOOP('',(#5664,#5665,#5673,#5681));
#5664 = ORIENTED_EDGE('',*,*,#5612,.T.);
#5665 = ORIENTED_EDGE('',*,*,#5666,.T.);
#5666 = EDGE_CURVE('',#5605,#5667,#5669,.T.);
#5667 = VERTEX_POINT('',#5668);
#5668 = CARTESIAN_POINT('',(-3.498742631289,-2.02,3.2));
#5669 = LINE('',#5670,#5671);
#5670 = CARTESIAN_POINT('',(-3.498742631289,2.02,3.2));
#5671 = VECTOR('',#5672,1.);
#5672 = DIRECTION('',(-1.1E-16,-1.,0.));
#5673 = ORIENTED_EDGE('',*,*,#5674,.F.);
#5674 = EDGE_CURVE('',#5675,#5667,#5677,.T.);
#5675 = VERTEX_POINT('',#5676);
#5676 = CARTESIAN_POINT('',(-3.498742631289,-2.02,0.));
#5677 = LINE('',#5678,#5679);
#5678 = CARTESIAN_POINT('',(-3.498742631289,-2.02,0.));
#5679 = VECTOR('',#5680,1.);
#5680 = DIRECTION('',(0.,0.,1.));
#5681 = ORIENTED_EDGE('',*,*,#5682,.F.);
#5682 = EDGE_CURVE('',#5613,#5675,#5683,.T.);
#5683 = LINE('',#5684,#5685);
#5684 = CARTESIAN_POINT('',(-3.498742631289,2.02,0.));
#5685 = VECTOR('',#5686,1.);
#5686 = DIRECTION('',(-1.1E-16,-1.,0.));
#5687 = PLANE('',#5688);
#5688 = AXIS2_PLACEMENT_3D('',#5689,#5690,#5691);
#5689 = CARTESIAN_POINT('',(-3.498742631289,2.02,0.));
#5690 = DIRECTION('',(1.,-1.1E-16,0.));
#5691 = DIRECTION('',(-1.1E-16,-1.,0.));
#5692 = ADVANCED_FACE('',(#5693,#5720),#5731,.F.);
#5693 = FACE_BOUND('',#5694,.F.);
#5694 = EDGE_LOOP('',(#5695,#5696,#5697,#5705,#5713,#5719));
#5695 = ORIENTED_EDGE('',*,*,#5620,.T.);
#5696 = ORIENTED_EDGE('',*,*,#5682,.T.);
#5697 = ORIENTED_EDGE('',*,*,#5698,.T.);
#5698 = EDGE_CURVE('',#5675,#5699,#5701,.T.);
#5699 = VERTEX_POINT('',#5700);
#5700 = CARTESIAN_POINT('',(-0.,-4.04,0.));
#5701 = LINE('',#5702,#5703);
#5702 = CARTESIAN_POINT('',(-3.498742631289,-2.02,0.));
#5703 = VECTOR('',#5704,1.);
#5704 = DIRECTION('',(0.866025403784,-0.5,0.));
#5705 = ORIENTED_EDGE('',*,*,#5706,.T.);
#5706 = EDGE_CURVE('',#5699,#5707,#5709,.T.);
#5707 = VERTEX_POINT('',#5708);
#5708 = CARTESIAN_POINT('',(3.498742631289,-2.02,0.));
#5709 = LINE('',#5710,#5711);
#5710 = CARTESIAN_POINT('',(-4.4E-16,-4.04,0.));
#5711 = VECTOR('',#5712,1.);
#5712 = DIRECTION('',(0.866025403784,0.5,0.));
#5713 = ORIENTED_EDGE('',*,*,#5714,.T.);
#5714 = EDGE_CURVE('',#5707,#5635,#5715,.T.);
#5715 = LINE('',#5716,#5717);
#5716 = CARTESIAN_POINT('',(3.498742631289,-2.02,0.));
#5717 = VECTOR('',#5718,1.);
#5718 = DIRECTION('',(5.5E-16,1.,0.));
#5719 = ORIENTED_EDGE('',*,*,#5651,.T.);
#5720 = FACE_BOUND('',#5721,.F.);
#5721 = EDGE_LOOP('',(#5722));
#5722 = ORIENTED_EDGE('',*,*,#5723,.F.);
#5723 = EDGE_CURVE('',#5724,#5724,#5726,.T.);
#5724 = VERTEX_POINT('',#5725);
#5725 = CARTESIAN_POINT('',(2.,0.,0.));
#5726 = CIRCLE('',#5727,2.);
#5727 = AXIS2_PLACEMENT_3D('',#5728,#5729,#5730);
#5728 = CARTESIAN_POINT('',(0.,0.,0.));
#5729 = DIRECTION('',(0.,0.,1.));
#5730 = DIRECTION('',(1.,0.,-0.));
#5731 = PLANE('',#5732);
#5732 = AXIS2_PLACEMENT_3D('',#5733,#5734,#5735);
#5733 = CARTESIAN_POINT('',(2.6E-16,0.,0.));
#5734 = DIRECTION('',(0.,0.,1.));
#5735 = DIRECTION('',(1.,0.,-0.));
#5736 = ADVANCED_FACE('',(#5737,#5764),#5775,.T.);
#5737 = FACE_BOUND('',#5738,.T.);
#5738 = EDGE_LOOP('',(#5739,#5740,#5741,#5749,#5757,#5763));
#5739 = ORIENTED_EDGE('',*,*,#5604,.T.);
#5740 = ORIENTED_EDGE('',*,*,#5666,.T.);
#5741 = ORIENTED_EDGE('',*,*,#5742,.T.);
#5742 = EDGE_CURVE('',#5667,#5743,#5745,.T.);
#5743 = VERTEX_POINT('',#5744);
#5744 = CARTESIAN_POINT('',(-0.,-4.04,3.2));
#5745 = LINE('',#5746,#5747);
#5746 = CARTESIAN_POINT('',(-3.498742631289,-2.02,3.2));
#5747 = VECTOR('',#5748,1.);
#5748 = DIRECTION('',(0.866025403784,-0.5,0.));
#5749 = ORIENTED_EDGE('',*,*,#5750,.T.);
#5750 = EDGE_CURVE('',#5743,#5751,#5753,.T.);
#5751 = VERTEX_POINT('',#5752);
#5752 = CARTESIAN_POINT('',(3.498742631289,-2.02,3.2));
#5753 = LINE('',#5754,#5755);
#5754 = CARTESIAN_POINT('',(-4.4E-16,-4.04,3.2));
#5755 = VECTOR('',#5756,1.);
#5756 = DIRECTION('',(0.866025403784,0.5,0.));
#5757 = ORIENTED_EDGE('',*,*,#5758,.T.);
#5758 = EDGE_CURVE('',#5751,#5637,#5759,.T.);
#5759 = LINE('',#5760,#5761);
#5760 = CARTESIAN_POINT('',(3.498742631289,-2.02,3.2));
#5761 = VECTOR('',#5762,1.);
#5762 = DIRECTION('',(5.5E-16,1.,0.));
#5763 = ORIENTED_EDGE('',*,*,#5644,.T.);
#5764 = FACE_BOUND('',#5765,.T.);
#5765 = EDGE_LOOP('',(#5766));
#5766 = ORIENTED_EDGE('',*,*,#5767,.T.);
#5767 = EDGE_CURVE('',#5768,#5768,#5770,.T.);
#5768 = VERTEX_POINT('',#5769);
#5769 = CARTESIAN_POINT('',(2.,0.,3.2));
#5770 = CIRCLE('',#5771,2.);
#5771 = AXIS2_PLACEMENT_3D('',#5772,#5773,#5774);
#5772 = CARTESIAN_POINT('',(0.,0.,3.2));
#5773 = DIRECTION('',(0.,0.,-1.));
#5774 = DIRECTION('',(1.,0.,0.));
#5775 = PLANE('',#5776);
#5776 = AXIS2_PLACEMENT_3D('',#5777,#5778,#5779);
#5777 = CARTESIAN_POINT('',(2.6E-16,0.,3.2));
#5778 = DIRECTION('',(0.,0.,1.));
#5779 = DIRECTION('',(1.,0.,-0.));
#5780 = ADVANCED_FACE('',(#5781),#5792,.F.);
#5781 = FACE_BOUND('',#5782,.F.);
#5782 = EDGE_LOOP('',(#5783,#5789,#5790,#5791));
#5783 = ORIENTED_EDGE('',*,*,#5784,.T.);
#5784 = EDGE_CURVE('',#5707,#5751,#5785,.T.);
#5785 = LINE('',#5786,#5787);
#5786 = CARTESIAN_POINT('',(3.498742631289,-2.02,0.));
#5787 = VECTOR('',#5788,1.);
#5788 = DIRECTION('',(0.,0.,1.));
#5789 = ORIENTED_EDGE('',*,*,#5758,.T.);
#5790 = ORIENTED_EDGE('',*,*,#5634,.F.);
#5791 = ORIENTED_EDGE('',*,*,#5714,.F.);
#5792 = PLANE('',#5793);
#5793 = AXIS2_PLACEMENT_3D('',#5794,#5795,#5796);
#5794 = CARTESIAN_POINT('',(3.498742631289,-2.02,0.));
#5795 = DIRECTION('',(-1.,5.5E-16,0.));
#5796 = DIRECTION('',(5.5E-16,1.,0.));
#5797 = ADVANCED_FACE('',(#5798),#5809,.F.);
#5798 = FACE_BOUND('',#5799,.F.);
#5799 = EDGE_LOOP('',(#5800,#5801,#5802,#5808));
#5800 = ORIENTED_EDGE('',*,*,#5674,.T.);
#5801 = ORIENTED_EDGE('',*,*,#5742,.T.);
#5802 = ORIENTED_EDGE('',*,*,#5803,.F.);
#5803 = EDGE_CURVE('',#5699,#5743,#5804,.T.);
#5804 = LINE('',#5805,#5806);
#5805 = CARTESIAN_POINT('',(-4.4E-16,-4.04,0.));
#5806 = VECTOR('',#5807,1.);
#5807 = DIRECTION('',(0.,0.,1.));
#5808 = ORIENTED_EDGE('',*,*,#5698,.F.);
#5809 = PLANE('',#5810);
#5810 = AXIS2_PLACEMENT_3D('',#5811,#5812,#5813);
#5811 = CARTESIAN_POINT('',(-3.498742631289,-2.02,0.));
#5812 = DIRECTION('',(0.5,0.866025403784,0.));
#5813 = DIRECTION('',(0.866025403784,-0.5,0.));
#5814 = ADVANCED_FACE('',(#5815),#5821,.F.);
#5815 = FACE_BOUND('',#5816,.F.);
#5816 = EDGE_LOOP('',(#5817,#5818,#5819,#5820));
#5817 = ORIENTED_EDGE('',*,*,#5803,.T.);
#5818 = ORIENTED_EDGE('',*,*,#5750,.T.);
#5819 = ORIENTED_EDGE('',*,*,#5784,.F.);
#5820 = ORIENTED_EDGE('',*,*,#5706,.F.);
#5821 = PLANE('',#5822);
#5822 = AXIS2_PLACEMENT_3D('',#5823,#5824,#5825);
#5823 = CARTESIAN_POINT('',(-4.4E-16,-4.04,0.));
#5824 = DIRECTION('',(-0.5,0.866025403784,0.));
#5825 = DIRECTION('',(0.866025403784,0.5,0.));
#5826 = ADVANCED_FACE('',(#5827),#5838,.F.);
#5827 = FACE_BOUND('',#5828,.F.);
#5828 = EDGE_LOOP('',(#5829,#5835,#5836,#5837));
#5829 = ORIENTED_EDGE('',*,*,#5830,.T.);
#5830 = EDGE_CURVE('',#5724,#5768,#5831,.T.);
#5831 = LINE('',#5832,#5833);
#5832 = CARTESIAN_POINT('',(2.,0.,0.));
#5833 = VECTOR('',#5834,1.);
#5834 = DIRECTION('',(0.,0.,1.));
#5835 = ORIENTED_EDGE('',*,*,#5767,.T.);
#5836 = ORIENTED_EDGE('',*,*,#5830,.F.);
#5837 = ORIENTED_EDGE('',*,*,#5723,.T.);
#5838 = CYLINDRICAL_SURFACE('',#5839,2.);
#5839 = AXIS2_PLACEMENT_3D('',#5840,#5841,#5842);
#5840 = CARTESIAN_POINT('',(0.,0.,0.));
#5841 = DIRECTION('',(-0.,-0.,-1.));
#5842 = DIRECTION('',(1.,0.,0.));
#5843 = ( GEOMETRIC_REPRESENTATION_CONTEXT(3) 
GLOBAL_UNCERTAINTY_ASSIGNED_CONTEXT((#5847)) 
GLOBAL_UNIT_ASSIGNED_CONTEXT((#5844,#5845,#5846)) REPRESENTATION_CONTEXT
('Context #1','3D Context with UNIT and UNCERTAINTY') );
#5844 = ( LENGTH_UNIT() NAMED_UNIT(*) SI_UNIT(.MILLI.,.METRE.) );
#5845 = ( NAMED_UNIT(*) PLANE_ANGLE_UNIT() SI_UNIT($,.RADIAN.) );
#5846 = ( NAMED_UNIT(*) SI_UNIT($,.STERADIAN.) SOLID_ANGLE_UNIT() );
#5847 = UNCERTAINTY_MEASURE_WITH_UNIT(LENGTH_MEASURE(1.E-07),#5844,
  'distance_accuracy_value','confusion accuracy');
#5848 = CONTEXT_DEPENDENT_SHAPE_REPRESENTATION(#5849,#5851);
#5849 = ( REPRESENTATION_RELATIONSHIP('','',#5587,#56) 
REPRESENTATION_RELATIONSHIP_WITH_TRANSFORMATION(#5850) 
SHAPE_REPRESENTATION_RELATIONSHIP() );
#5850 = ITEM_DEFINED_TRANSFORMATION('','',#11,#109);
#5851 = PRODUCT_DEFINITION_SHAPE('Placement','Placement of an item',
  #5852);
#5852 = NEXT_ASSEMBLY_USAGE_OCCURRENCE('14','m4_nut_6','',#51,#5582,$);
#5853 = PRODUCT_RELATED_PRODUCT_CATEGORY('part',$,(#5584));
#5854 = SHAPE_DEFINITION_REPRESENTATION(#5855,#5861);
#5855 = PRODUCT_DEFINITION_SHAPE('','',#5856);
#5856 = PRODUCT_DEFINITION('design','',#5857,#5860);
#5857 = PRODUCT_DEFINITION_FORMATION('','',#5858);
#5858 = PRODUCT('cover_casette001','cover_casette001','',(#5859));
#5859 = PRODUCT_CONTEXT('',#2,'mechanical');
#5860 = PRODUCT_DEFINITION_CONTEXT('part definition',#2,'design');
#5861 = ADVANCED_BREP_SHAPE_REPRESENTATION('',(#11,#5862),#6471);
#5862 = MANIFOLD_SOLID_BREP('',#5863);
#5863 = CLOSED_SHELL('',(#5864,#5898,#5907,#6059,#6085,#6094,#6120,#6129
    ,#6155,#6164,#6190,#6199,#6225,#6234,#6260,#6269,#6352,#6369,#6386,
    #6403,#6420,#6437,#6454));
#5864 = ADVANCED_FACE('',(#5865),#5893,.F.);
#5865 = FACE_BOUND('',#5866,.F.);
#5866 = EDGE_LOOP('',(#5867,#5878,#5885,#5886));
#5867 = ORIENTED_EDGE('',*,*,#5868,.T.);
#5868 = EDGE_CURVE('',#5869,#5871,#5873,.T.);
#5869 = VERTEX_POINT('',#5870);
#5870 = CARTESIAN_POINT('',(4.,-17.32,0.));
#5871 = VERTEX_POINT('',#5872);
#5872 = CARTESIAN_POINT('',(2.,-17.32,0.));
#5873 = CIRCLE('',#5874,1.);
#5874 = AXIS2_PLACEMENT_3D('',#5875,#5876,#5877);
#5875 = CARTESIAN_POINT('',(3.,-17.32,0.));
#5876 = DIRECTION('',(0.,-1.,0.));
#5877 = DIRECTION('',(-1.,0.,0.));
#5878 = ORIENTED_EDGE('',*,*,#5879,.F.);
#5879 = EDGE_CURVE('',#5871,#5871,#5880,.T.);
#5880 = CIRCLE('',#5881,8.);
#5881 = AXIS2_PLACEMENT_3D('',#5882,#5883,#5884);
#5882 = CARTESIAN_POINT('',(10.,-17.32,0.));
#5883 = DIRECTION('',(0.,0.,-1.));
#5884 = DIRECTION('',(-1.,0.,0.));
#5885 = ORIENTED_EDGE('',*,*,#5868,.F.);
#5886 = ORIENTED_EDGE('',*,*,#5887,.F.);
#5887 = EDGE_CURVE('',#5869,#5869,#5888,.T.);
#5888 = CIRCLE('',#5889,6.);
#5889 = AXIS2_PLACEMENT_3D('',#5890,#5891,#5892);
#5890 = CARTESIAN_POINT('',(10.,-17.32,0.));
#5891 = DIRECTION('',(0.,0.,1.));
#5892 = DIRECTION('',(-1.,0.,0.));
#5893 = TOROIDAL_SURFACE('',#5894,7.,1.);
#5894 = AXIS2_PLACEMENT_3D('',#5895,#5896,#5897);
#5895 = CARTESIAN_POINT('',(10.,-17.32,0.));
#5896 = DIRECTION('',(0.,0.,-1.));
#5897 = DIRECTION('',(1.,0.,0.));
#5898 = ADVANCED_FACE('',(#5899),#5902,.F.);
#5899 = FACE_BOUND('',#5900,.T.);
#5900 = EDGE_LOOP('',(#5901));
#5901 = ORIENTED_EDGE('',*,*,#5887,.F.);
#5902 = PLANE('',#5903);
#5903 = AXIS2_PLACEMENT_3D('',#5904,#5905,#5906);
#5904 = CARTESIAN_POINT('',(0.,0.,0.));
#5905 = DIRECTION('',(0.,0.,1.));
#5906 = DIRECTION('',(1.,0.,-0.));
#5907 = ADVANCED_FACE('',(#5908,#5919,#5930,#5941,#5952,#5963,#5974,
    #5985,#5996,#6007,#6018,#6029,#6040,#6051),#6054,.F.);
#5908 = FACE_BOUND('',#5909,.T.);
#5909 = EDGE_LOOP('',(#5910));
#5910 = ORIENTED_EDGE('',*,*,#5911,.F.);
#5911 = EDGE_CURVE('',#5912,#5912,#5914,.T.);
#5912 = VERTEX_POINT('',#5913);
#5913 = CARTESIAN_POINT('',(-34.5,-4.225031457058E-15,0.));
#5914 = CIRCLE('',#5915,34.5);
#5915 = AXIS2_PLACEMENT_3D('',#5916,#5917,#5918);
#5916 = CARTESIAN_POINT('',(0.,0.,0.));
#5917 = DIRECTION('',(0.,0.,1.));
#5918 = DIRECTION('',(1.,0.,-0.));
#5919 = FACE_BOUND('',#5920,.T.);
#5920 = EDGE_LOOP('',(#5921));
#5921 = ORIENTED_EDGE('',*,*,#5922,.F.);
#5922 = EDGE_CURVE('',#5923,#5923,#5925,.T.);
#5923 = VERTEX_POINT('',#5924);
#5924 = CARTESIAN_POINT('',(-2.,-17.32,0.));
#5925 = CIRCLE('',#5926,8.);
#5926 = AXIS2_PLACEMENT_3D('',#5927,#5928,#5929);
#5927 = CARTESIAN_POINT('',(-10.,-17.32,0.));
#5928 = DIRECTION('',(0.,0.,-1.));
#5929 = DIRECTION('',(-1.,0.,0.));
#5930 = FACE_BOUND('',#5931,.T.);
#5931 = EDGE_LOOP('',(#5932));
#5932 = ORIENTED_EDGE('',*,*,#5933,.T.);
#5933 = EDGE_CURVE('',#5934,#5934,#5936,.T.);
#5934 = VERTEX_POINT('',#5935);
#5935 = CARTESIAN_POINT('',(-2.,17.32,0.));
#5936 = CIRCLE('',#5937,8.);
#5937 = AXIS2_PLACEMENT_3D('',#5938,#5939,#5940);
#5938 = CARTESIAN_POINT('',(-10.,17.32,0.));
#5939 = DIRECTION('',(0.,0.,1.));
#5940 = DIRECTION('',(-1.,0.,0.));
#5941 = FACE_BOUND('',#5942,.T.);
#5942 = EDGE_LOOP('',(#5943));
#5943 = ORIENTED_EDGE('',*,*,#5944,.T.);
#5944 = EDGE_CURVE('',#5945,#5945,#5947,.T.);
#5945 = VERTEX_POINT('',#5946);
#5946 = CARTESIAN_POINT('',(-28.00000080466,-9.797175013633E-16,0.));
#5947 = CIRCLE('',#5948,8.000000506639);
#5948 = AXIS2_PLACEMENT_3D('',#5949,#5950,#5951);
#5949 = CARTESIAN_POINT('',(-20.00000029802,0.,0.));
#5950 = DIRECTION('',(0.,0.,1.));
#5951 = DIRECTION('',(1.,0.,-0.));
#5952 = FACE_BOUND('',#5953,.T.);
#5953 = EDGE_LOOP('',(#5954));
#5954 = ORIENTED_EDGE('',*,*,#5955,.F.);
#5955 = EDGE_CURVE('',#5956,#5956,#5958,.T.);
#5956 = VERTEX_POINT('',#5957);
#5957 = CARTESIAN_POINT('',(23.98,15.,0.));
#5958 = CIRCLE('',#5959,2.);
#5959 = AXIS2_PLACEMENT_3D('',#5960,#5961,#5962);
#5960 = CARTESIAN_POINT('',(25.98,15.,0.));
#5961 = DIRECTION('',(0.,0.,-1.));
#5962 = DIRECTION('',(1.,0.,0.));
#5963 = FACE_BOUND('',#5964,.T.);
#5964 = EDGE_LOOP('',(#5965));
#5965 = ORIENTED_EDGE('',*,*,#5966,.F.);
#5966 = EDGE_CURVE('',#5967,#5967,#5969,.T.);
#5967 = VERTEX_POINT('',#5968);
#5968 = CARTESIAN_POINT('',(23.98,-15.,0.));
#5969 = CIRCLE('',#5970,2.);
#5970 = AXIS2_PLACEMENT_3D('',#5971,#5972,#5973);
#5971 = CARTESIAN_POINT('',(25.98,-15.,0.));
#5972 = DIRECTION('',(0.,0.,-1.));
#5973 = DIRECTION('',(1.,0.,0.));
#5974 = FACE_BOUND('',#5975,.T.);
#5975 = EDGE_LOOP('',(#5976));
#5976 = ORIENTED_EDGE('',*,*,#5977,.F.);
#5977 = EDGE_CURVE('',#5978,#5978,#5980,.T.);
#5978 = VERTEX_POINT('',#5979);
#5979 = CARTESIAN_POINT('',(-2.,-30.,0.));
#5980 = CIRCLE('',#5981,2.);
#5981 = AXIS2_PLACEMENT_3D('',#5982,#5983,#5984);
#5982 = CARTESIAN_POINT('',(0.,-30.,0.));
#5983 = DIRECTION('',(0.,0.,-1.));
#5984 = DIRECTION('',(1.,0.,0.));
#5985 = FACE_BOUND('',#5986,.T.);
#5986 = EDGE_LOOP('',(#5987));
#5987 = ORIENTED_EDGE('',*,*,#5988,.F.);
#5988 = EDGE_CURVE('',#5989,#5989,#5991,.T.);
#5989 = VERTEX_POINT('',#5990);
#5990 = CARTESIAN_POINT('',(-27.98,-15.,0.));
#5991 = CIRCLE('',#5992,2.);
#5992 = AXIS2_PLACEMENT_3D('',#5993,#5994,#5995);
#5993 = CARTESIAN_POINT('',(-25.98,-15.,0.));
#5994 = DIRECTION('',(0.,0.,-1.));
#5995 = DIRECTION('',(1.,0.,0.));
#5996 = FACE_BOUND('',#5997,.T.);
#5997 = EDGE_LOOP('',(#5998));
#5998 = ORIENTED_EDGE('',*,*,#5999,.F.);
#5999 = EDGE_CURVE('',#6000,#6000,#6002,.T.);
#6000 = VERTEX_POINT('',#6001);
#6001 = CARTESIAN_POINT('',(-27.98,15.,0.));
#6002 = CIRCLE('',#6003,2.);
#6003 = AXIS2_PLACEMENT_3D('',#6004,#6005,#6006);
#6004 = CARTESIAN_POINT('',(-25.98,15.,0.));
#6005 = DIRECTION('',(0.,0.,-1.));
#6006 = DIRECTION('',(1.,0.,0.));
#6007 = FACE_BOUND('',#6008,.T.);
#6008 = EDGE_LOOP('',(#6009));
#6009 = ORIENTED_EDGE('',*,*,#6010,.F.);
#6010 = EDGE_CURVE('',#6011,#6011,#6013,.T.);
#6011 = VERTEX_POINT('',#6012);
#6012 = CARTESIAN_POINT('',(-2.,30.,0.));
#6013 = CIRCLE('',#6014,2.);
#6014 = AXIS2_PLACEMENT_3D('',#6015,#6016,#6017);
#6015 = CARTESIAN_POINT('',(0.,30.,0.));
#6016 = DIRECTION('',(0.,0.,-1.));
#6017 = DIRECTION('',(1.,0.,0.));
#6018 = FACE_BOUND('',#6019,.T.);
#6019 = EDGE_LOOP('',(#6020));
#6020 = ORIENTED_EDGE('',*,*,#6021,.T.);
#6021 = EDGE_CURVE('',#6022,#6022,#6024,.T.);
#6022 = VERTEX_POINT('',#6023);
#6023 = CARTESIAN_POINT('',(-8.000000119209,-9.797174539168E-16,0.));
#6024 = CIRCLE('',#6025,8.000000119209);
#6025 = AXIS2_PLACEMENT_3D('',#6026,#6027,#6028);
#6026 = CARTESIAN_POINT('',(0.,0.,0.));
#6027 = DIRECTION('',(0.,0.,1.));
#6028 = DIRECTION('',(1.,0.,-0.));
#6029 = FACE_BOUND('',#6030,.T.);
#6030 = EDGE_LOOP('',(#6031));
#6031 = ORIENTED_EDGE('',*,*,#6032,.F.);
#6032 = EDGE_CURVE('',#6033,#6033,#6035,.T.);
#6033 = VERTEX_POINT('',#6034);
#6034 = CARTESIAN_POINT('',(28.000000804663,-9.797175013633E-16,0.));
#6035 = CIRCLE('',#6036,8.000000506639);
#6036 = AXIS2_PLACEMENT_3D('',#6037,#6038,#6039);
#6037 = CARTESIAN_POINT('',(20.000000298023,0.,0.));
#6038 = DIRECTION('',(0.,0.,-1.));
#6039 = DIRECTION('',(1.,0.,0.));
#6040 = FACE_BOUND('',#6041,.T.);
#6041 = EDGE_LOOP('',(#6042));
#6042 = ORIENTED_EDGE('',*,*,#6043,.F.);
#6043 = EDGE_CURVE('',#6044,#6044,#6046,.T.);
#6044 = VERTEX_POINT('',#6045);
#6045 = CARTESIAN_POINT('',(2.,17.32,0.));
#6046 = CIRCLE('',#6047,8.);
#6047 = AXIS2_PLACEMENT_3D('',#6048,#6049,#6050);
#6048 = CARTESIAN_POINT('',(10.,17.32,0.));
#6049 = DIRECTION('',(0.,0.,-1.));
#6050 = DIRECTION('',(-1.,0.,0.));
#6051 = FACE_BOUND('',#6052,.T.);
#6052 = EDGE_LOOP('',(#6053));
#6053 = ORIENTED_EDGE('',*,*,#5879,.F.);
#6054 = PLANE('',#6055);
#6055 = AXIS2_PLACEMENT_3D('',#6056,#6057,#6058);
#6056 = CARTESIAN_POINT('',(0.,0.,0.));
#6057 = DIRECTION('',(0.,0.,1.));
#6058 = DIRECTION('',(1.,0.,-0.));
#6059 = ADVANCED_FACE('',(#6060),#6080,.F.);
#6060 = FACE_BOUND('',#6061,.F.);
#6061 = EDGE_LOOP('',(#6062,#6071,#6072,#6073));
#6062 = ORIENTED_EDGE('',*,*,#6063,.T.);
#6063 = EDGE_CURVE('',#6064,#5923,#6066,.T.);
#6064 = VERTEX_POINT('',#6065);
#6065 = CARTESIAN_POINT('',(-4.,-17.32,0.));
#6066 = CIRCLE('',#6067,1.);
#6067 = AXIS2_PLACEMENT_3D('',#6068,#6069,#6070);
#6068 = CARTESIAN_POINT('',(-3.,-17.32,0.));
#6069 = DIRECTION('',(-0.,1.,0.));
#6070 = DIRECTION('',(1.,0.,0.));
#6071 = ORIENTED_EDGE('',*,*,#5922,.F.);
#6072 = ORIENTED_EDGE('',*,*,#6063,.F.);
#6073 = ORIENTED_EDGE('',*,*,#6074,.F.);
#6074 = EDGE_CURVE('',#6064,#6064,#6075,.T.);
#6075 = CIRCLE('',#6076,6.);
#6076 = AXIS2_PLACEMENT_3D('',#6077,#6078,#6079);
#6077 = CARTESIAN_POINT('',(-10.,-17.32,0.));
#6078 = DIRECTION('',(0.,0.,1.));
#6079 = DIRECTION('',(-1.,0.,0.));
#6080 = TOROIDAL_SURFACE('',#6081,7.,1.);
#6081 = AXIS2_PLACEMENT_3D('',#6082,#6083,#6084);
#6082 = CARTESIAN_POINT('',(-10.,-17.32,0.));
#6083 = DIRECTION('',(0.,0.,-1.));
#6084 = DIRECTION('',(-1.,0.,0.));
#6085 = ADVANCED_FACE('',(#6086),#6089,.F.);
#6086 = FACE_BOUND('',#6087,.T.);
#6087 = EDGE_LOOP('',(#6088));
#6088 = ORIENTED_EDGE('',*,*,#6074,.F.);
#6089 = PLANE('',#6090);
#6090 = AXIS2_PLACEMENT_3D('',#6091,#6092,#6093);
#6091 = CARTESIAN_POINT('',(0.,0.,0.));
#6092 = DIRECTION('',(0.,0.,1.));
#6093 = DIRECTION('',(1.,0.,-0.));
#6094 = ADVANCED_FACE('',(#6095),#6115,.F.);
#6095 = FACE_BOUND('',#6096,.F.);
#6096 = EDGE_LOOP('',(#6097,#6106,#6107,#6108));
#6097 = ORIENTED_EDGE('',*,*,#6098,.T.);
#6098 = EDGE_CURVE('',#6099,#6044,#6101,.T.);
#6099 = VERTEX_POINT('',#6100);
#6100 = CARTESIAN_POINT('',(4.,17.32,0.));
#6101 = CIRCLE('',#6102,1.);
#6102 = AXIS2_PLACEMENT_3D('',#6103,#6104,#6105);
#6103 = CARTESIAN_POINT('',(3.,17.32,0.));
#6104 = DIRECTION('',(0.,-1.,0.));
#6105 = DIRECTION('',(-1.,0.,0.));
#6106 = ORIENTED_EDGE('',*,*,#6043,.F.);
#6107 = ORIENTED_EDGE('',*,*,#6098,.F.);
#6108 = ORIENTED_EDGE('',*,*,#6109,.F.);
#6109 = EDGE_CURVE('',#6099,#6099,#6110,.T.);
#6110 = CIRCLE('',#6111,6.);
#6111 = AXIS2_PLACEMENT_3D('',#6112,#6113,#6114);
#6112 = CARTESIAN_POINT('',(10.,17.32,0.));
#6113 = DIRECTION('',(0.,0.,1.));
#6114 = DIRECTION('',(-1.,0.,0.));
#6115 = TOROIDAL_SURFACE('',#6116,7.,1.);
#6116 = AXIS2_PLACEMENT_3D('',#6117,#6118,#6119);
#6117 = CARTESIAN_POINT('',(10.,17.32,0.));
#6118 = DIRECTION('',(0.,0.,-1.));
#6119 = DIRECTION('',(1.,0.,0.));
#6120 = ADVANCED_FACE('',(#6121),#6124,.F.);
#6121 = FACE_BOUND('',#6122,.T.);
#6122 = EDGE_LOOP('',(#6123));
#6123 = ORIENTED_EDGE('',*,*,#6109,.F.);
#6124 = PLANE('',#6125);
#6125 = AXIS2_PLACEMENT_3D('',#6126,#6127,#6128);
#6126 = CARTESIAN_POINT('',(0.,0.,0.));
#6127 = DIRECTION('',(0.,0.,1.));
#6128 = DIRECTION('',(1.,0.,-0.));
#6129 = ADVANCED_FACE('',(#6130),#6150,.F.);
#6130 = FACE_BOUND('',#6131,.F.);
#6131 = EDGE_LOOP('',(#6132,#6141,#6142,#6143));
#6132 = ORIENTED_EDGE('',*,*,#6133,.T.);
#6133 = EDGE_CURVE('',#6134,#5934,#6136,.T.);
#6134 = VERTEX_POINT('',#6135);
#6135 = CARTESIAN_POINT('',(-4.,17.32,0.));
#6136 = CIRCLE('',#6137,1.);
#6137 = AXIS2_PLACEMENT_3D('',#6138,#6139,#6140);
#6138 = CARTESIAN_POINT('',(-3.,17.32,0.));
#6139 = DIRECTION('',(-0.,1.,0.));
#6140 = DIRECTION('',(1.,0.,0.));
#6141 = ORIENTED_EDGE('',*,*,#5933,.T.);
#6142 = ORIENTED_EDGE('',*,*,#6133,.F.);
#6143 = ORIENTED_EDGE('',*,*,#6144,.T.);
#6144 = EDGE_CURVE('',#6134,#6134,#6145,.T.);
#6145 = CIRCLE('',#6146,6.);
#6146 = AXIS2_PLACEMENT_3D('',#6147,#6148,#6149);
#6147 = CARTESIAN_POINT('',(-10.,17.32,0.));
#6148 = DIRECTION('',(0.,0.,-1.));
#6149 = DIRECTION('',(-1.,0.,0.));
#6150 = TOROIDAL_SURFACE('',#6151,7.,1.);
#6151 = AXIS2_PLACEMENT_3D('',#6152,#6153,#6154);
#6152 = CARTESIAN_POINT('',(-10.,17.32,0.));
#6153 = DIRECTION('',(0.,0.,-1.));
#6154 = DIRECTION('',(-1.,0.,0.));
#6155 = ADVANCED_FACE('',(#6156),#6159,.F.);
#6156 = FACE_BOUND('',#6157,.T.);
#6157 = EDGE_LOOP('',(#6158));
#6158 = ORIENTED_EDGE('',*,*,#6144,.T.);
#6159 = PLANE('',#6160);
#6160 = AXIS2_PLACEMENT_3D('',#6161,#6162,#6163);
#6161 = CARTESIAN_POINT('',(0.,0.,0.));
#6162 = DIRECTION('',(0.,0.,1.));
#6163 = DIRECTION('',(1.,0.,-0.));
#6164 = ADVANCED_FACE('',(#6165),#6185,.F.);
#6165 = FACE_BOUND('',#6166,.F.);
#6166 = EDGE_LOOP('',(#6167,#6176,#6183,#6184));
#6167 = ORIENTED_EDGE('',*,*,#6168,.T.);
#6168 = EDGE_CURVE('',#6033,#6169,#6171,.T.);
#6169 = VERTEX_POINT('',#6170);
#6170 = CARTESIAN_POINT('',(26.00000038743,-7.347880904376E-16,0.));
#6171 = CIRCLE('',#6172,1.000000208616);
#6172 = AXIS2_PLACEMENT_3D('',#6173,#6174,#6175);
#6173 = CARTESIAN_POINT('',(27.000000596046,-8.572527959005E-16,0.));
#6174 = DIRECTION('',(-1.224646799147E-16,-1.,0.));
#6175 = DIRECTION('',(1.,-1.224646799147E-16,0.));
#6176 = ORIENTED_EDGE('',*,*,#6177,.F.);
#6177 = EDGE_CURVE('',#6169,#6169,#6178,.T.);
#6178 = CIRCLE('',#6179,6.000000089407);
#6179 = AXIS2_PLACEMENT_3D('',#6180,#6181,#6182);
#6180 = CARTESIAN_POINT('',(20.000000298023,0.,0.));
#6181 = DIRECTION('',(0.,0.,1.));
#6182 = DIRECTION('',(1.,0.,-0.));
#6183 = ORIENTED_EDGE('',*,*,#6168,.F.);
#6184 = ORIENTED_EDGE('',*,*,#6032,.F.);
#6185 = TOROIDAL_SURFACE('',#6186,7.000000298023,1.000000208616);
#6186 = AXIS2_PLACEMENT_3D('',#6187,#6188,#6189);
#6187 = CARTESIAN_POINT('',(20.000000298023,0.,0.));
#6188 = DIRECTION('',(0.,0.,1.));
#6189 = DIRECTION('',(-1.,0.,0.));
#6190 = ADVANCED_FACE('',(#6191),#6194,.F.);
#6191 = FACE_BOUND('',#6192,.T.);
#6192 = EDGE_LOOP('',(#6193));
#6193 = ORIENTED_EDGE('',*,*,#6177,.F.);
#6194 = PLANE('',#6195);
#6195 = AXIS2_PLACEMENT_3D('',#6196,#6197,#6198);
#6196 = CARTESIAN_POINT('',(0.,0.,0.));
#6197 = DIRECTION('',(0.,0.,1.));
#6198 = DIRECTION('',(1.,0.,-0.));
#6199 = ADVANCED_FACE('',(#6200),#6220,.F.);
#6200 = FACE_BOUND('',#6201,.F.);
#6201 = EDGE_LOOP('',(#6202,#6211,#6218,#6219));
#6202 = ORIENTED_EDGE('',*,*,#6203,.T.);
#6203 = EDGE_CURVE('',#5945,#6204,#6206,.T.);
#6204 = VERTEX_POINT('',#6205);
#6205 = CARTESIAN_POINT('',(-26.00000038743,-7.347880904376E-16,0.));
#6206 = CIRCLE('',#6207,1.000000208616);
#6207 = AXIS2_PLACEMENT_3D('',#6208,#6209,#6210);
#6208 = CARTESIAN_POINT('',(-27.00000059604,-8.572527959005E-16,0.));
#6209 = DIRECTION('',(-1.224646799147E-16,1.,0.));
#6210 = DIRECTION('',(-1.,-1.224646799147E-16,0.));
#6211 = ORIENTED_EDGE('',*,*,#6212,.T.);
#6212 = EDGE_CURVE('',#6204,#6204,#6213,.T.);
#6213 = CIRCLE('',#6214,6.000000089407);
#6214 = AXIS2_PLACEMENT_3D('',#6215,#6216,#6217);
#6215 = CARTESIAN_POINT('',(-20.00000029802,0.,0.));
#6216 = DIRECTION('',(0.,0.,-1.));
#6217 = DIRECTION('',(1.,0.,0.));
#6218 = ORIENTED_EDGE('',*,*,#6203,.F.);
#6219 = ORIENTED_EDGE('',*,*,#5944,.T.);
#6220 = TOROIDAL_SURFACE('',#6221,7.000000298023,1.000000208616);
#6221 = AXIS2_PLACEMENT_3D('',#6222,#6223,#6224);
#6222 = CARTESIAN_POINT('',(-20.00000029802,0.,0.));
#6223 = DIRECTION('',(0.,0.,1.));
#6224 = DIRECTION('',(1.,0.,-0.));
#6225 = ADVANCED_FACE('',(#6226),#6229,.F.);
#6226 = FACE_BOUND('',#6227,.T.);
#6227 = EDGE_LOOP('',(#6228));
#6228 = ORIENTED_EDGE('',*,*,#6212,.T.);
#6229 = PLANE('',#6230);
#6230 = AXIS2_PLACEMENT_3D('',#6231,#6232,#6233);
#6231 = CARTESIAN_POINT('',(0.,0.,0.));
#6232 = DIRECTION('',(0.,0.,1.));
#6233 = DIRECTION('',(1.,0.,-0.));
#6234 = ADVANCED_FACE('',(#6235),#6255,.F.);
#6235 = FACE_BOUND('',#6236,.F.);
#6236 = EDGE_LOOP('',(#6237,#6246,#6253,#6254));
#6237 = ORIENTED_EDGE('',*,*,#6238,.T.);
#6238 = EDGE_CURVE('',#6022,#6239,#6241,.T.);
#6239 = VERTEX_POINT('',#6240);
#6240 = CARTESIAN_POINT('',(-6.000000089407,-7.347880904376E-16,0.));
#6241 = CIRCLE('',#6242,1.000000014901);
#6242 = AXIS2_PLACEMENT_3D('',#6243,#6244,#6245);
#6243 = CARTESIAN_POINT('',(-7.000000104308,-8.572527721772E-16,0.));
#6244 = DIRECTION('',(-1.224646799147E-16,1.,0.));
#6245 = DIRECTION('',(-1.,-1.224646799147E-16,0.));
#6246 = ORIENTED_EDGE('',*,*,#6247,.T.);
#6247 = EDGE_CURVE('',#6239,#6239,#6248,.T.);
#6248 = CIRCLE('',#6249,6.000000089407);
#6249 = AXIS2_PLACEMENT_3D('',#6250,#6251,#6252);
#6250 = CARTESIAN_POINT('',(0.,0.,0.));
#6251 = DIRECTION('',(0.,0.,-1.));
#6252 = DIRECTION('',(1.,0.,0.));
#6253 = ORIENTED_EDGE('',*,*,#6238,.F.);
#6254 = ORIENTED_EDGE('',*,*,#6021,.T.);
#6255 = TOROIDAL_SURFACE('',#6256,7.000000104308,1.000000014901);
#6256 = AXIS2_PLACEMENT_3D('',#6257,#6258,#6259);
#6257 = CARTESIAN_POINT('',(0.,0.,0.));
#6258 = DIRECTION('',(0.,0.,1.));
#6259 = DIRECTION('',(1.,0.,-0.));
#6260 = ADVANCED_FACE('',(#6261),#6264,.F.);
#6261 = FACE_BOUND('',#6262,.T.);
#6262 = EDGE_LOOP('',(#6263));
#6263 = ORIENTED_EDGE('',*,*,#6247,.T.);
#6264 = PLANE('',#6265);
#6265 = AXIS2_PLACEMENT_3D('',#6266,#6267,#6268);
#6266 = CARTESIAN_POINT('',(0.,0.,0.));
#6267 = DIRECTION('',(0.,0.,1.));
#6268 = DIRECTION('',(1.,0.,-0.));
#6269 = ADVANCED_FACE('',(#6270,#6281,#6292,#6303,#6314,#6325,#6336),
  #6347,.T.);
#6270 = FACE_BOUND('',#6271,.T.);
#6271 = EDGE_LOOP('',(#6272));
#6272 = ORIENTED_EDGE('',*,*,#6273,.T.);
#6273 = EDGE_CURVE('',#6274,#6274,#6276,.T.);
#6274 = VERTEX_POINT('',#6275);
#6275 = CARTESIAN_POINT('',(-34.5,-4.440892098501E-15,6.));
#6276 = CIRCLE('',#6277,34.5);
#6277 = AXIS2_PLACEMENT_3D('',#6278,#6279,#6280);
#6278 = CARTESIAN_POINT('',(0.,0.,6.));
#6279 = DIRECTION('',(0.,0.,1.));
#6280 = DIRECTION('',(1.,0.,-0.));
#6281 = FACE_BOUND('',#6282,.T.);
#6282 = EDGE_LOOP('',(#6283));
#6283 = ORIENTED_EDGE('',*,*,#6284,.T.);
#6284 = EDGE_CURVE('',#6285,#6285,#6287,.T.);
#6285 = VERTEX_POINT('',#6286);
#6286 = CARTESIAN_POINT('',(-2.,30.,6.));
#6287 = CIRCLE('',#6288,2.);
#6288 = AXIS2_PLACEMENT_3D('',#6289,#6290,#6291);
#6289 = CARTESIAN_POINT('',(0.,30.,6.));
#6290 = DIRECTION('',(0.,0.,-1.));
#6291 = DIRECTION('',(1.,0.,0.));
#6292 = FACE_BOUND('',#6293,.T.);
#6293 = EDGE_LOOP('',(#6294));
#6294 = ORIENTED_EDGE('',*,*,#6295,.T.);
#6295 = EDGE_CURVE('',#6296,#6296,#6298,.T.);
#6296 = VERTEX_POINT('',#6297);
#6297 = CARTESIAN_POINT('',(-27.98,15.,6.));
#6298 = CIRCLE('',#6299,2.);
#6299 = AXIS2_PLACEMENT_3D('',#6300,#6301,#6302);
#6300 = CARTESIAN_POINT('',(-25.98,15.,6.));
#6301 = DIRECTION('',(0.,0.,-1.));
#6302 = DIRECTION('',(1.,0.,0.));
#6303 = FACE_BOUND('',#6304,.T.);
#6304 = EDGE_LOOP('',(#6305));
#6305 = ORIENTED_EDGE('',*,*,#6306,.T.);
#6306 = EDGE_CURVE('',#6307,#6307,#6309,.T.);
#6307 = VERTEX_POINT('',#6308);
#6308 = CARTESIAN_POINT('',(-27.98,-15.,6.));
#6309 = CIRCLE('',#6310,2.);
#6310 = AXIS2_PLACEMENT_3D('',#6311,#6312,#6313);
#6311 = CARTESIAN_POINT('',(-25.98,-15.,6.));
#6312 = DIRECTION('',(0.,0.,-1.));
#6313 = DIRECTION('',(1.,0.,0.));
#6314 = FACE_BOUND('',#6315,.T.);
#6315 = EDGE_LOOP('',(#6316));
#6316 = ORIENTED_EDGE('',*,*,#6317,.T.);
#6317 = EDGE_CURVE('',#6318,#6318,#6320,.T.);
#6318 = VERTEX_POINT('',#6319);
#6319 = CARTESIAN_POINT('',(-2.,-30.,6.));
#6320 = CIRCLE('',#6321,2.);
#6321 = AXIS2_PLACEMENT_3D('',#6322,#6323,#6324);
#6322 = CARTESIAN_POINT('',(0.,-30.,6.));
#6323 = DIRECTION('',(0.,0.,-1.));
#6324 = DIRECTION('',(1.,0.,0.));
#6325 = FACE_BOUND('',#6326,.T.);
#6326 = EDGE_LOOP('',(#6327));
#6327 = ORIENTED_EDGE('',*,*,#6328,.T.);
#6328 = EDGE_CURVE('',#6329,#6329,#6331,.T.);
#6329 = VERTEX_POINT('',#6330);
#6330 = CARTESIAN_POINT('',(23.98,-15.,6.));
#6331 = CIRCLE('',#6332,2.);
#6332 = AXIS2_PLACEMENT_3D('',#6333,#6334,#6335);
#6333 = CARTESIAN_POINT('',(25.98,-15.,6.));
#6334 = DIRECTION('',(0.,0.,-1.));
#6335 = DIRECTION('',(1.,0.,0.));
#6336 = FACE_BOUND('',#6337,.T.);
#6337 = EDGE_LOOP('',(#6338));
#6338 = ORIENTED_EDGE('',*,*,#6339,.T.);
#6339 = EDGE_CURVE('',#6340,#6340,#6342,.T.);
#6340 = VERTEX_POINT('',#6341);
#6341 = CARTESIAN_POINT('',(23.98,15.,6.));
#6342 = CIRCLE('',#6343,2.);
#6343 = AXIS2_PLACEMENT_3D('',#6344,#6345,#6346);
#6344 = CARTESIAN_POINT('',(25.98,15.,6.));
#6345 = DIRECTION('',(0.,0.,-1.));
#6346 = DIRECTION('',(1.,0.,0.));
#6347 = PLANE('',#6348);
#6348 = AXIS2_PLACEMENT_3D('',#6349,#6350,#6351);
#6349 = CARTESIAN_POINT('',(0.,0.,6.));
#6350 = DIRECTION('',(0.,0.,1.));
#6351 = DIRECTION('',(1.,0.,-0.));
#6352 = ADVANCED_FACE('',(#6353),#6364,.F.);
#6353 = FACE_BOUND('',#6354,.F.);
#6354 = EDGE_LOOP('',(#6355,#6361,#6362,#6363));
#6355 = ORIENTED_EDGE('',*,*,#6356,.T.);
#6356 = EDGE_CURVE('',#6340,#5956,#6357,.T.);
#6357 = LINE('',#6358,#6359);
#6358 = CARTESIAN_POINT('',(23.98,15.,0.));
#6359 = VECTOR('',#6360,1.);
#6360 = DIRECTION('',(0.,0.,-1.));
#6361 = ORIENTED_EDGE('',*,*,#5955,.F.);
#6362 = ORIENTED_EDGE('',*,*,#6356,.F.);
#6363 = ORIENTED_EDGE('',*,*,#6339,.T.);
#6364 = CYLINDRICAL_SURFACE('',#6365,2.);
#6365 = AXIS2_PLACEMENT_3D('',#6366,#6367,#6368);
#6366 = CARTESIAN_POINT('',(25.98,15.,0.));
#6367 = DIRECTION('',(0.,0.,1.));
#6368 = DIRECTION('',(1.,0.,-0.));
#6369 = ADVANCED_FACE('',(#6370),#6381,.F.);
#6370 = FACE_BOUND('',#6371,.F.);
#6371 = EDGE_LOOP('',(#6372,#6378,#6379,#6380));
#6372 = ORIENTED_EDGE('',*,*,#6373,.T.);
#6373 = EDGE_CURVE('',#6329,#5967,#6374,.T.);
#6374 = LINE('',#6375,#6376);
#6375 = CARTESIAN_POINT('',(23.98,-15.,0.));
#6376 = VECTOR('',#6377,1.);
#6377 = DIRECTION('',(0.,0.,-1.));
#6378 = ORIENTED_EDGE('',*,*,#5966,.F.);
#6379 = ORIENTED_EDGE('',*,*,#6373,.F.);
#6380 = ORIENTED_EDGE('',*,*,#6328,.T.);
#6381 = CYLINDRICAL_SURFACE('',#6382,2.);
#6382 = AXIS2_PLACEMENT_3D('',#6383,#6384,#6385);
#6383 = CARTESIAN_POINT('',(25.98,-15.,0.));
#6384 = DIRECTION('',(0.,0.,1.));
#6385 = DIRECTION('',(1.,0.,-0.));
#6386 = ADVANCED_FACE('',(#6387),#6398,.F.);
#6387 = FACE_BOUND('',#6388,.F.);
#6388 = EDGE_LOOP('',(#6389,#6395,#6396,#6397));
#6389 = ORIENTED_EDGE('',*,*,#6390,.T.);
#6390 = EDGE_CURVE('',#6318,#5978,#6391,.T.);
#6391 = LINE('',#6392,#6393);
#6392 = CARTESIAN_POINT('',(-2.,-30.,0.));
#6393 = VECTOR('',#6394,1.);
#6394 = DIRECTION('',(0.,0.,-1.));
#6395 = ORIENTED_EDGE('',*,*,#5977,.F.);
#6396 = ORIENTED_EDGE('',*,*,#6390,.F.);
#6397 = ORIENTED_EDGE('',*,*,#6317,.T.);
#6398 = CYLINDRICAL_SURFACE('',#6399,2.);
#6399 = AXIS2_PLACEMENT_3D('',#6400,#6401,#6402);
#6400 = CARTESIAN_POINT('',(0.,-30.,0.));
#6401 = DIRECTION('',(0.,0.,1.));
#6402 = DIRECTION('',(1.,0.,-0.));
#6403 = ADVANCED_FACE('',(#6404),#6415,.F.);
#6404 = FACE_BOUND('',#6405,.F.);
#6405 = EDGE_LOOP('',(#6406,#6412,#6413,#6414));
#6406 = ORIENTED_EDGE('',*,*,#6407,.T.);
#6407 = EDGE_CURVE('',#6307,#5989,#6408,.T.);
#6408 = LINE('',#6409,#6410);
#6409 = CARTESIAN_POINT('',(-27.98,-15.,0.));
#6410 = VECTOR('',#6411,1.);
#6411 = DIRECTION('',(0.,0.,-1.));
#6412 = ORIENTED_EDGE('',*,*,#5988,.F.);
#6413 = ORIENTED_EDGE('',*,*,#6407,.F.);
#6414 = ORIENTED_EDGE('',*,*,#6306,.T.);
#6415 = CYLINDRICAL_SURFACE('',#6416,2.);
#6416 = AXIS2_PLACEMENT_3D('',#6417,#6418,#6419);
#6417 = CARTESIAN_POINT('',(-25.98,-15.,0.));
#6418 = DIRECTION('',(0.,0.,1.));
#6419 = DIRECTION('',(1.,0.,-0.));
#6420 = ADVANCED_FACE('',(#6421),#6432,.F.);
#6421 = FACE_BOUND('',#6422,.F.);
#6422 = EDGE_LOOP('',(#6423,#6429,#6430,#6431));
#6423 = ORIENTED_EDGE('',*,*,#6424,.T.);
#6424 = EDGE_CURVE('',#6296,#6000,#6425,.T.);
#6425 = LINE('',#6426,#6427);
#6426 = CARTESIAN_POINT('',(-27.98,15.,0.));
#6427 = VECTOR('',#6428,1.);
#6428 = DIRECTION('',(0.,0.,-1.));
#6429 = ORIENTED_EDGE('',*,*,#5999,.F.);
#6430 = ORIENTED_EDGE('',*,*,#6424,.F.);
#6431 = ORIENTED_EDGE('',*,*,#6295,.T.);
#6432 = CYLINDRICAL_SURFACE('',#6433,2.);
#6433 = AXIS2_PLACEMENT_3D('',#6434,#6435,#6436);
#6434 = CARTESIAN_POINT('',(-25.98,15.,0.));
#6435 = DIRECTION('',(0.,0.,1.));
#6436 = DIRECTION('',(1.,0.,-0.));
#6437 = ADVANCED_FACE('',(#6438),#6449,.F.);
#6438 = FACE_BOUND('',#6439,.F.);
#6439 = EDGE_LOOP('',(#6440,#6446,#6447,#6448));
#6440 = ORIENTED_EDGE('',*,*,#6441,.T.);
#6441 = EDGE_CURVE('',#6285,#6011,#6442,.T.);
#6442 = LINE('',#6443,#6444);
#6443 = CARTESIAN_POINT('',(-2.,30.,0.));
#6444 = VECTOR('',#6445,1.);
#6445 = DIRECTION('',(0.,0.,-1.));
#6446 = ORIENTED_EDGE('',*,*,#6010,.F.);
#6447 = ORIENTED_EDGE('',*,*,#6441,.F.);
#6448 = ORIENTED_EDGE('',*,*,#6284,.T.);
#6449 = CYLINDRICAL_SURFACE('',#6450,2.);
#6450 = AXIS2_PLACEMENT_3D('',#6451,#6452,#6453);
#6451 = CARTESIAN_POINT('',(0.,30.,0.));
#6452 = DIRECTION('',(0.,0.,1.));
#6453 = DIRECTION('',(1.,0.,-0.));
#6454 = ADVANCED_FACE('',(#6455),#6466,.T.);
#6455 = FACE_BOUND('',#6456,.T.);
#6456 = EDGE_LOOP('',(#6457,#6458,#6464,#6465));
#6457 = ORIENTED_EDGE('',*,*,#6273,.F.);
#6458 = ORIENTED_EDGE('',*,*,#6459,.T.);
#6459 = EDGE_CURVE('',#6274,#5912,#6460,.T.);
#6460 = LINE('',#6461,#6462);
#6461 = CARTESIAN_POINT('',(-34.5,-4.225031457058E-15,0.));
#6462 = VECTOR('',#6463,1.);
#6463 = DIRECTION('',(0.,0.,-1.));
#6464 = ORIENTED_EDGE('',*,*,#5911,.T.);
#6465 = ORIENTED_EDGE('',*,*,#6459,.F.);
#6466 = CYLINDRICAL_SURFACE('',#6467,34.5);
#6467 = AXIS2_PLACEMENT_3D('',#6468,#6469,#6470);
#6468 = CARTESIAN_POINT('',(0.,0.,0.));
#6469 = DIRECTION('',(0.,0.,1.));
#6470 = DIRECTION('',(1.,0.,-0.));
#6471 = ( GEOMETRIC_REPRESENTATION_CONTEXT(3) 
GLOBAL_UNCERTAINTY_ASSIGNED_CONTEXT((#6475)) 
GLOBAL_UNIT_ASSIGNED_CONTEXT((#6472,#6473,#6474)) REPRESENTATION_CONTEXT
('Context #1','3D Context with UNIT and UNCERTAINTY') );
#6472 = ( LENGTH_UNIT() NAMED_UNIT(*) SI_UNIT(.MILLI.,.METRE.) );
#6473 = ( NAMED_UNIT(*) PLANE_ANGLE_UNIT() SI_UNIT($,.RADIAN.) );
#6474 = ( NAMED_UNIT(*) SI_UNIT($,.STERADIAN.) SOLID_ANGLE_UNIT() );
#6475 = UNCERTAINTY_MEASURE_WITH_UNIT(LENGTH_MEASURE(1.E-07),#6472,
  'distance_accuracy_value','confusion accuracy');
#6476 = CONTEXT_DEPENDENT_SHAPE_REPRESENTATION(#6477,#6479);
#6477 = ( REPRESENTATION_RELATIONSHIP('','',#5861,#56) 
REPRESENTATION_RELATIONSHIP_WITH_TRANSFORMATION(#6478) 
SHAPE_REPRESENTATION_RELATIONSHIP() );
#6478 = ITEM_DEFINED_TRANSFORMATION('','',#11,#113);
#6479 = PRODUCT_DEFINITION_SHAPE('Placement','Placement of an item',
  #6480);
#6480 = NEXT_ASSEMBLY_USAGE_OCCURRENCE('15','cover_casette001','',#51,
  #5856,$);
#6481 = PRODUCT_RELATED_PRODUCT_CATEGORY('part',$,(#5858));
#6482 = SHAPE_DEFINITION_REPRESENTATION(#6483,#6489);
#6483 = PRODUCT_DEFINITION_SHAPE('','',#6484);
#6484 = PRODUCT_DEFINITION('design','',#6485,#6488);
#6485 = PRODUCT_DEFINITION_FORMATION('','',#6486);
#6486 = PRODUCT('m4_25_001','m4_25_001','',(#6487));
#6487 = PRODUCT_CONTEXT('',#2,'mechanical');
#6488 = PRODUCT_DEFINITION_CONTEXT('part definition',#2,'design');
#6489 = ADVANCED_BREP_SHAPE_REPRESENTATION('',(#11,#6490),#6847);
#6490 = MANIFOLD_SOLID_BREP('',#6491);
#6491 = CLOSED_SHELL('',(#6492,#6525,#6550,#6570,#6579,#6604,#6630,#6689
    ,#6720,#6744,#6768,#6792,#6816,#6833));
#6492 = ADVANCED_FACE('',(#6493),#6520,.T.);
#6493 = FACE_BOUND('',#6494,.T.);
#6494 = EDGE_LOOP('',(#6495,#6505,#6512,#6513));
#6495 = ORIENTED_EDGE('',*,*,#6496,.T.);
#6496 = EDGE_CURVE('',#6497,#6499,#6501,.T.);
#6497 = VERTEX_POINT('',#6498);
#6498 = CARTESIAN_POINT('',(2.,0.,0.));
#6499 = VERTEX_POINT('',#6500);
#6500 = CARTESIAN_POINT('',(2.,0.,-24.685));
#6501 = LINE('',#6502,#6503);
#6502 = CARTESIAN_POINT('',(2.,0.,0.));
#6503 = VECTOR('',#6504,1.);
#6504 = DIRECTION('',(-0.,-0.,-1.));
#6505 = ORIENTED_EDGE('',*,*,#6506,.T.);
#6506 = EDGE_CURVE('',#6499,#6499,#6507,.T.);
#6507 = CIRCLE('',#6508,2.);
#6508 = AXIS2_PLACEMENT_3D('',#6509,#6510,#6511);
#6509 = CARTESIAN_POINT('',(0.,0.,-24.685));
#6510 = DIRECTION('',(0.,0.,1.));
#6511 = DIRECTION('',(1.,0.,-0.));
#6512 = ORIENTED_EDGE('',*,*,#6496,.F.);
#6513 = ORIENTED_EDGE('',*,*,#6514,.F.);
#6514 = EDGE_CURVE('',#6497,#6497,#6515,.T.);
#6515 = CIRCLE('',#6516,2.);
#6516 = AXIS2_PLACEMENT_3D('',#6517,#6518,#6519);
#6517 = CARTESIAN_POINT('',(0.,0.,0.));
#6518 = DIRECTION('',(0.,0.,1.));
#6519 = DIRECTION('',(1.,0.,-0.));
#6520 = CYLINDRICAL_SURFACE('',#6521,2.);
#6521 = AXIS2_PLACEMENT_3D('',#6522,#6523,#6524);
#6522 = CARTESIAN_POINT('',(0.,0.,0.));
#6523 = DIRECTION('',(0.,0.,1.));
#6524 = DIRECTION('',(1.,0.,-0.));
#6525 = ADVANCED_FACE('',(#6526),#6545,.T.);
#6526 = FACE_BOUND('',#6527,.T.);
#6527 = EDGE_LOOP('',(#6528,#6537,#6543,#6544));
#6528 = ORIENTED_EDGE('',*,*,#6529,.T.);
#6529 = EDGE_CURVE('',#6530,#6530,#6532,.T.);
#6530 = VERTEX_POINT('',#6531);
#6531 = CARTESIAN_POINT('',(1.685,0.,-25.));
#6532 = CIRCLE('',#6533,1.685);
#6533 = AXIS2_PLACEMENT_3D('',#6534,#6535,#6536);
#6534 = CARTESIAN_POINT('',(0.,0.,-25.));
#6535 = DIRECTION('',(0.,0.,1.));
#6536 = DIRECTION('',(1.,0.,-0.));
#6537 = ORIENTED_EDGE('',*,*,#6538,.F.);
#6538 = EDGE_CURVE('',#6499,#6530,#6539,.T.);
#6539 = LINE('',#6540,#6541);
#6540 = CARTESIAN_POINT('',(2.,0.,-24.685));
#6541 = VECTOR('',#6542,1.);
#6542 = DIRECTION('',(-0.707106781187,-0.,-0.707106781187));
#6543 = ORIENTED_EDGE('',*,*,#6506,.F.);
#6544 = ORIENTED_EDGE('',*,*,#6538,.T.);
#6545 = CONICAL_SURFACE('',#6546,2.,0.785398163397);
#6546 = AXIS2_PLACEMENT_3D('',#6547,#6548,#6549);
#6547 = CARTESIAN_POINT('',(0.,0.,-24.685));
#6548 = DIRECTION('',(0.,0.,1.));
#6549 = DIRECTION('',(1.,0.,-0.));
#6550 = ADVANCED_FACE('',(#6551,#6562),#6565,.F.);
#6551 = FACE_BOUND('',#6552,.F.);
#6552 = EDGE_LOOP('',(#6553));
#6553 = ORIENTED_EDGE('',*,*,#6554,.T.);
#6554 = EDGE_CURVE('',#6555,#6555,#6557,.T.);
#6555 = VERTEX_POINT('',#6556);
#6556 = CARTESIAN_POINT('',(3.5,0.,0.));
#6557 = CIRCLE('',#6558,3.5);
#6558 = AXIS2_PLACEMENT_3D('',#6559,#6560,#6561);
#6559 = CARTESIAN_POINT('',(0.,0.,0.));
#6560 = DIRECTION('',(0.,0.,1.));
#6561 = DIRECTION('',(1.,0.,-0.));
#6562 = FACE_BOUND('',#6563,.F.);
#6563 = EDGE_LOOP('',(#6564));
#6564 = ORIENTED_EDGE('',*,*,#6514,.F.);
#6565 = PLANE('',#6566);
#6566 = AXIS2_PLACEMENT_3D('',#6567,#6568,#6569);
#6567 = CARTESIAN_POINT('',(-1.953485903628E-16,-1.428754599005E-16,0.)
  );
#6568 = DIRECTION('',(0.,0.,1.));
#6569 = DIRECTION('',(1.,0.,-0.));
#6570 = ADVANCED_FACE('',(#6571),#6574,.F.);
#6571 = FACE_BOUND('',#6572,.F.);
#6572 = EDGE_LOOP('',(#6573));
#6573 = ORIENTED_EDGE('',*,*,#6529,.T.);
#6574 = PLANE('',#6575);
#6575 = AXIS2_PLACEMENT_3D('',#6576,#6577,#6578);
#6576 = CARTESIAN_POINT('',(-1.281975124256E-16,3.821888340557E-18,-25.)
  );
#6577 = DIRECTION('',(0.,0.,1.));
#6578 = DIRECTION('',(1.,0.,-0.));
#6579 = ADVANCED_FACE('',(#6580),#6599,.T.);
#6580 = FACE_BOUND('',#6581,.T.);
#6581 = EDGE_LOOP('',(#6582,#6583,#6591,#6598));
#6582 = ORIENTED_EDGE('',*,*,#6554,.T.);
#6583 = ORIENTED_EDGE('',*,*,#6584,.T.);
#6584 = EDGE_CURVE('',#6555,#6585,#6587,.T.);
#6585 = VERTEX_POINT('',#6586);
#6586 = CARTESIAN_POINT('',(3.5,0.,3.6));
#6587 = LINE('',#6588,#6589);
#6588 = CARTESIAN_POINT('',(3.5,0.,0.));
#6589 = VECTOR('',#6590,1.);
#6590 = DIRECTION('',(0.,0.,1.));
#6591 = ORIENTED_EDGE('',*,*,#6592,.F.);
#6592 = EDGE_CURVE('',#6585,#6585,#6593,.T.);
#6593 = CIRCLE('',#6594,3.5);
#6594 = AXIS2_PLACEMENT_3D('',#6595,#6596,#6597);
#6595 = CARTESIAN_POINT('',(0.,0.,3.6));
#6596 = DIRECTION('',(0.,0.,1.));
#6597 = DIRECTION('',(1.,0.,-0.));
#6598 = ORIENTED_EDGE('',*,*,#6584,.F.);
#6599 = CYLINDRICAL_SURFACE('',#6600,3.5);
#6600 = AXIS2_PLACEMENT_3D('',#6601,#6602,#6603);
#6601 = CARTESIAN_POINT('',(0.,0.,0.));
#6602 = DIRECTION('',(-0.,-0.,-1.));
#6603 = DIRECTION('',(1.,0.,0.));
#6604 = ADVANCED_FACE('',(#6605),#6625,.T.);
#6605 = FACE_BOUND('',#6606,.T.);
#6606 = EDGE_LOOP('',(#6607,#6616,#6617,#6618));
#6607 = ORIENTED_EDGE('',*,*,#6608,.F.);
#6608 = EDGE_CURVE('',#6585,#6609,#6611,.T.);
#6609 = VERTEX_POINT('',#6610);
#6610 = CARTESIAN_POINT('',(3.1,0.,4.));
#6611 = CIRCLE('',#6612,0.4);
#6612 = AXIS2_PLACEMENT_3D('',#6613,#6614,#6615);
#6613 = CARTESIAN_POINT('',(3.1,0.,3.6));
#6614 = DIRECTION('',(0.,-1.,0.));
#6615 = DIRECTION('',(1.,0.,0.));
#6616 = ORIENTED_EDGE('',*,*,#6592,.T.);
#6617 = ORIENTED_EDGE('',*,*,#6608,.T.);
#6618 = ORIENTED_EDGE('',*,*,#6619,.F.);
#6619 = EDGE_CURVE('',#6609,#6609,#6620,.T.);
#6620 = CIRCLE('',#6621,3.1);
#6621 = AXIS2_PLACEMENT_3D('',#6622,#6623,#6624);
#6622 = CARTESIAN_POINT('',(0.,0.,4.));
#6623 = DIRECTION('',(0.,0.,1.));
#6624 = DIRECTION('',(1.,0.,-0.));
#6625 = TOROIDAL_SURFACE('',#6626,3.1,0.4);
#6626 = AXIS2_PLACEMENT_3D('',#6627,#6628,#6629);
#6627 = CARTESIAN_POINT('',(0.,0.,3.6));
#6628 = DIRECTION('',(0.,0.,1.));
#6629 = DIRECTION('',(1.,0.,-0.));
#6630 = ADVANCED_FACE('',(#6631,#6634),#6684,.T.);
#6631 = FACE_BOUND('',#6632,.T.);
#6632 = EDGE_LOOP('',(#6633));
#6633 = ORIENTED_EDGE('',*,*,#6619,.T.);
#6634 = FACE_BOUND('',#6635,.T.);
#6635 = EDGE_LOOP('',(#6636,#6646,#6654,#6662,#6670,#6678));
#6636 = ORIENTED_EDGE('',*,*,#6637,.F.);
#6637 = EDGE_CURVE('',#6638,#6640,#6642,.T.);
#6638 = VERTEX_POINT('',#6639);
#6639 = CARTESIAN_POINT('',(1.73,1.184610418071E-23,4.));
#6640 = VERTEX_POINT('',#6641);
#6641 = CARTESIAN_POINT('',(0.865,1.498223948547,4.));
#6642 = LINE('',#6643,#6644);
#6643 = CARTESIAN_POINT('',(1.73,1.184610418071E-23,4.));
#6644 = VECTOR('',#6645,1.);
#6645 = DIRECTION('',(-0.5,0.866025403784,0.));
#6646 = ORIENTED_EDGE('',*,*,#6647,.F.);
#6647 = EDGE_CURVE('',#6648,#6638,#6650,.T.);
#6648 = VERTEX_POINT('',#6649);
#6649 = CARTESIAN_POINT('',(0.865,-1.498223948547,4.));
#6650 = LINE('',#6651,#6652);
#6651 = CARTESIAN_POINT('',(0.865,-1.498223948547,4.));
#6652 = VECTOR('',#6653,1.);
#6653 = DIRECTION('',(0.5,0.866025403784,0.));
#6654 = ORIENTED_EDGE('',*,*,#6655,.F.);
#6655 = EDGE_CURVE('',#6656,#6648,#6658,.T.);
#6656 = VERTEX_POINT('',#6657);
#6657 = CARTESIAN_POINT('',(-0.865,-1.498223948547,4.));
#6658 = LINE('',#6659,#6660);
#6659 = CARTESIAN_POINT('',(-0.865,-1.498223948547,4.));
#6660 = VECTOR('',#6661,1.);
#6661 = DIRECTION('',(1.,0.,0.));
#6662 = ORIENTED_EDGE('',*,*,#6663,.F.);
#6663 = EDGE_CURVE('',#6664,#6656,#6666,.T.);
#6664 = VERTEX_POINT('',#6665);
#6665 = CARTESIAN_POINT('',(-1.73,0.,4.));
#6666 = LINE('',#6667,#6668);
#6667 = CARTESIAN_POINT('',(-1.73,0.,4.));
#6668 = VECTOR('',#6669,1.);
#6669 = DIRECTION('',(0.5,-0.866025403784,0.));
#6670 = ORIENTED_EDGE('',*,*,#6671,.F.);
#6671 = EDGE_CURVE('',#6672,#6664,#6674,.T.);
#6672 = VERTEX_POINT('',#6673);
#6673 = CARTESIAN_POINT('',(-0.865,1.498223948547,4.));
#6674 = LINE('',#6675,#6676);
#6675 = CARTESIAN_POINT('',(-0.865,1.498223948547,4.));
#6676 = VECTOR('',#6677,1.);
#6677 = DIRECTION('',(-0.5,-0.866025403784,0.));
#6678 = ORIENTED_EDGE('',*,*,#6679,.F.);
#6679 = EDGE_CURVE('',#6640,#6672,#6680,.T.);
#6680 = LINE('',#6681,#6682);
#6681 = CARTESIAN_POINT('',(0.865,1.498223948547,4.));
#6682 = VECTOR('',#6683,1.);
#6683 = DIRECTION('',(-1.,0.,0.));
#6684 = PLANE('',#6685);
#6685 = AXIS2_PLACEMENT_3D('',#6686,#6687,#6688);
#6686 = CARTESIAN_POINT('',(-1.953485903628E-16,-1.428754599005E-16,4.)
  );
#6687 = DIRECTION('',(0.,0.,1.));
#6688 = DIRECTION('',(1.,0.,-0.));
#6689 = ADVANCED_FACE('',(#6690),#6715,.F.);
#6690 = FACE_BOUND('',#6691,.F.);
#6691 = EDGE_LOOP('',(#6692,#6700,#6708,#6714));
#6692 = ORIENTED_EDGE('',*,*,#6693,.T.);
#6693 = EDGE_CURVE('',#6638,#6694,#6696,.T.);
#6694 = VERTEX_POINT('',#6695);
#6695 = CARTESIAN_POINT('',(1.73,1.184610418071E-23,2.));
#6696 = LINE('',#6697,#6698);
#6697 = CARTESIAN_POINT('',(1.73,1.184610418071E-23,4.));
#6698 = VECTOR('',#6699,1.);
#6699 = DIRECTION('',(-0.,-0.,-1.));
#6700 = ORIENTED_EDGE('',*,*,#6701,.T.);
#6701 = EDGE_CURVE('',#6694,#6702,#6704,.T.);
#6702 = VERTEX_POINT('',#6703);
#6703 = CARTESIAN_POINT('',(0.865,1.498223948547,2.));
#6704 = LINE('',#6705,#6706);
#6705 = CARTESIAN_POINT('',(1.73,1.184610418071E-23,2.));
#6706 = VECTOR('',#6707,1.);
#6707 = DIRECTION('',(-0.5,0.866025403784,0.));
#6708 = ORIENTED_EDGE('',*,*,#6709,.F.);
#6709 = EDGE_CURVE('',#6640,#6702,#6710,.T.);
#6710 = LINE('',#6711,#6712);
#6711 = CARTESIAN_POINT('',(0.865,1.498223948547,4.));
#6712 = VECTOR('',#6713,1.);
#6713 = DIRECTION('',(-0.,-0.,-1.));
#6714 = ORIENTED_EDGE('',*,*,#6637,.F.);
#6715 = PLANE('',#6716);
#6716 = AXIS2_PLACEMENT_3D('',#6717,#6718,#6719);
#6717 = CARTESIAN_POINT('',(1.73,1.184610418071E-23,4.));
#6718 = DIRECTION('',(0.866025403784,0.5,0.));
#6719 = DIRECTION('',(-0.5,0.866025403784,0.));
#6720 = ADVANCED_FACE('',(#6721),#6739,.F.);
#6721 = FACE_BOUND('',#6722,.F.);
#6722 = EDGE_LOOP('',(#6723,#6724,#6732,#6738));
#6723 = ORIENTED_EDGE('',*,*,#6709,.T.);
#6724 = ORIENTED_EDGE('',*,*,#6725,.T.);
#6725 = EDGE_CURVE('',#6702,#6726,#6728,.T.);
#6726 = VERTEX_POINT('',#6727);
#6727 = CARTESIAN_POINT('',(-0.865,1.498223948547,2.));
#6728 = LINE('',#6729,#6730);
#6729 = CARTESIAN_POINT('',(0.865,1.498223948547,2.));
#6730 = VECTOR('',#6731,1.);
#6731 = DIRECTION('',(-1.,0.,0.));
#6732 = ORIENTED_EDGE('',*,*,#6733,.F.);
#6733 = EDGE_CURVE('',#6672,#6726,#6734,.T.);
#6734 = LINE('',#6735,#6736);
#6735 = CARTESIAN_POINT('',(-0.865,1.498223948547,4.));
#6736 = VECTOR('',#6737,1.);
#6737 = DIRECTION('',(-0.,-0.,-1.));
#6738 = ORIENTED_EDGE('',*,*,#6679,.F.);
#6739 = PLANE('',#6740);
#6740 = AXIS2_PLACEMENT_3D('',#6741,#6742,#6743);
#6741 = CARTESIAN_POINT('',(0.865,1.498223948547,4.));
#6742 = DIRECTION('',(0.,1.,0.));
#6743 = DIRECTION('',(-1.,0.,0.));
#6744 = ADVANCED_FACE('',(#6745),#6763,.F.);
#6745 = FACE_BOUND('',#6746,.F.);
#6746 = EDGE_LOOP('',(#6747,#6748,#6756,#6762));
#6747 = ORIENTED_EDGE('',*,*,#6733,.T.);
#6748 = ORIENTED_EDGE('',*,*,#6749,.T.);
#6749 = EDGE_CURVE('',#6726,#6750,#6752,.T.);
#6750 = VERTEX_POINT('',#6751);
#6751 = CARTESIAN_POINT('',(-1.73,0.,2.));
#6752 = LINE('',#6753,#6754);
#6753 = CARTESIAN_POINT('',(-0.865,1.498223948547,2.));
#6754 = VECTOR('',#6755,1.);
#6755 = DIRECTION('',(-0.5,-0.866025403784,0.));
#6756 = ORIENTED_EDGE('',*,*,#6757,.F.);
#6757 = EDGE_CURVE('',#6664,#6750,#6758,.T.);
#6758 = LINE('',#6759,#6760);
#6759 = CARTESIAN_POINT('',(-1.73,0.,4.));
#6760 = VECTOR('',#6761,1.);
#6761 = DIRECTION('',(-0.,-0.,-1.));
#6762 = ORIENTED_EDGE('',*,*,#6671,.F.);
#6763 = PLANE('',#6764);
#6764 = AXIS2_PLACEMENT_3D('',#6765,#6766,#6767);
#6765 = CARTESIAN_POINT('',(-0.865,1.498223948547,4.));
#6766 = DIRECTION('',(-0.866025403784,0.5,0.));
#6767 = DIRECTION('',(-0.5,-0.866025403784,0.));
#6768 = ADVANCED_FACE('',(#6769),#6787,.F.);
#6769 = FACE_BOUND('',#6770,.F.);
#6770 = EDGE_LOOP('',(#6771,#6772,#6780,#6786));
#6771 = ORIENTED_EDGE('',*,*,#6757,.T.);
#6772 = ORIENTED_EDGE('',*,*,#6773,.T.);
#6773 = EDGE_CURVE('',#6750,#6774,#6776,.T.);
#6774 = VERTEX_POINT('',#6775);
#6775 = CARTESIAN_POINT('',(-0.865,-1.498223948547,2.));
#6776 = LINE('',#6777,#6778);
#6777 = CARTESIAN_POINT('',(-1.73,0.,2.));
#6778 = VECTOR('',#6779,1.);
#6779 = DIRECTION('',(0.5,-0.866025403784,0.));
#6780 = ORIENTED_EDGE('',*,*,#6781,.F.);
#6781 = EDGE_CURVE('',#6656,#6774,#6782,.T.);
#6782 = LINE('',#6783,#6784);
#6783 = CARTESIAN_POINT('',(-0.865,-1.498223948547,4.));
#6784 = VECTOR('',#6785,1.);
#6785 = DIRECTION('',(-0.,-0.,-1.));
#6786 = ORIENTED_EDGE('',*,*,#6663,.F.);
#6787 = PLANE('',#6788);
#6788 = AXIS2_PLACEMENT_3D('',#6789,#6790,#6791);
#6789 = CARTESIAN_POINT('',(-1.73,0.,4.));
#6790 = DIRECTION('',(-0.866025403784,-0.5,0.));
#6791 = DIRECTION('',(0.5,-0.866025403784,0.));
#6792 = ADVANCED_FACE('',(#6793),#6811,.F.);
#6793 = FACE_BOUND('',#6794,.F.);
#6794 = EDGE_LOOP('',(#6795,#6796,#6804,#6810));
#6795 = ORIENTED_EDGE('',*,*,#6781,.T.);
#6796 = ORIENTED_EDGE('',*,*,#6797,.T.);
#6797 = EDGE_CURVE('',#6774,#6798,#6800,.T.);
#6798 = VERTEX_POINT('',#6799);
#6799 = CARTESIAN_POINT('',(0.865,-1.498223948547,2.));
#6800 = LINE('',#6801,#6802);
#6801 = CARTESIAN_POINT('',(-0.865,-1.498223948547,2.));
#6802 = VECTOR('',#6803,1.);
#6803 = DIRECTION('',(1.,0.,0.));
#6804 = ORIENTED_EDGE('',*,*,#6805,.F.);
#6805 = EDGE_CURVE('',#6648,#6798,#6806,.T.);
#6806 = LINE('',#6807,#6808);
#6807 = CARTESIAN_POINT('',(0.865,-1.498223948547,4.));
#6808 = VECTOR('',#6809,1.);
#6809 = DIRECTION('',(-0.,-0.,-1.));
#6810 = ORIENTED_EDGE('',*,*,#6655,.F.);
#6811 = PLANE('',#6812);
#6812 = AXIS2_PLACEMENT_3D('',#6813,#6814,#6815);
#6813 = CARTESIAN_POINT('',(-0.865,-1.498223948547,4.));
#6814 = DIRECTION('',(0.,-1.,0.));
#6815 = DIRECTION('',(1.,0.,0.));
#6816 = ADVANCED_FACE('',(#6817),#6828,.F.);
#6817 = FACE_BOUND('',#6818,.F.);
#6818 = EDGE_LOOP('',(#6819,#6820,#6826,#6827));
#6819 = ORIENTED_EDGE('',*,*,#6805,.T.);
#6820 = ORIENTED_EDGE('',*,*,#6821,.T.);
#6821 = EDGE_CURVE('',#6798,#6694,#6822,.T.);
#6822 = LINE('',#6823,#6824);
#6823 = CARTESIAN_POINT('',(0.865,-1.498223948547,2.));
#6824 = VECTOR('',#6825,1.);
#6825 = DIRECTION('',(0.5,0.866025403784,0.));
#6826 = ORIENTED_EDGE('',*,*,#6693,.F.);
#6827 = ORIENTED_EDGE('',*,*,#6647,.F.);
#6828 = PLANE('',#6829);
#6829 = AXIS2_PLACEMENT_3D('',#6830,#6831,#6832);
#6830 = CARTESIAN_POINT('',(0.865,-1.498223948547,4.));
#6831 = DIRECTION('',(0.866025403784,-0.5,0.));
#6832 = DIRECTION('',(0.5,0.866025403784,0.));
#6833 = ADVANCED_FACE('',(#6834),#6842,.T.);
#6834 = FACE_BOUND('',#6835,.T.);
#6835 = EDGE_LOOP('',(#6836,#6837,#6838,#6839,#6840,#6841));
#6836 = ORIENTED_EDGE('',*,*,#6701,.T.);
#6837 = ORIENTED_EDGE('',*,*,#6725,.T.);
#6838 = ORIENTED_EDGE('',*,*,#6749,.T.);
#6839 = ORIENTED_EDGE('',*,*,#6773,.T.);
#6840 = ORIENTED_EDGE('',*,*,#6797,.T.);
#6841 = ORIENTED_EDGE('',*,*,#6821,.T.);
#6842 = PLANE('',#6843);
#6843 = AXIS2_PLACEMENT_3D('',#6844,#6845,#6846);
#6844 = CARTESIAN_POINT('',(-2.139158043594E-17,2.139158043594E-17,2.));
#6845 = DIRECTION('',(0.,0.,1.));
#6846 = DIRECTION('',(1.,0.,-0.));
#6847 = ( GEOMETRIC_REPRESENTATION_CONTEXT(3) 
GLOBAL_UNCERTAINTY_ASSIGNED_CONTEXT((#6851)) 
GLOBAL_UNIT_ASSIGNED_CONTEXT((#6848,#6849,#6850)) REPRESENTATION_CONTEXT
('Context #1','3D Context with UNIT and UNCERTAINTY') );
#6848 = ( LENGTH_UNIT() NAMED_UNIT(*) SI_UNIT(.MILLI.,.METRE.) );
#6849 = ( NAMED_UNIT(*) PLANE_ANGLE_UNIT() SI_UNIT($,.RADIAN.) );
#6850 = ( NAMED_UNIT(*) SI_UNIT($,.STERADIAN.) SOLID_ANGLE_UNIT() );
#6851 = UNCERTAINTY_MEASURE_WITH_UNIT(LENGTH_MEASURE(1.E-07),#6848,
  'distance_accuracy_value','confusion accuracy');
#6852 = CONTEXT_DEPENDENT_SHAPE_REPRESENTATION(#6853,#6855);
#6853 = ( REPRESENTATION_RELATIONSHIP('','',#6489,#10) 
REPRESENTATION_RELATIONSHIP_WITH_TRANSFORMATION(#6854) 
SHAPE_REPRESENTATION_RELATIONSHIP() );
#6854 = ITEM_DEFINED_TRANSFORMATION('','',#11,#19);
#6855 = PRODUCT_DEFINITION_SHAPE('Placement','Placement of an item',
  #6856);
#6856 = NEXT_ASSEMBLY_USAGE_OCCURRENCE('17','m4_25_001','',#5,#6484,$);
#6857 = PRODUCT_RELATED_PRODUCT_CATEGORY('part',$,(#6486));
#6858 = SHAPE_DEFINITION_REPRESENTATION(#6859,#6865);
#6859 = PRODUCT_DEFINITION_SHAPE('','',#6860);
#6860 = PRODUCT_DEFINITION('design','',#6861,#6864);
#6861 = PRODUCT_DEFINITION_FORMATION('','',#6862);
#6862 = PRODUCT('m4_25_002','m4_25_002','',(#6863));
#6863 = PRODUCT_CONTEXT('',#2,'mechanical');
#6864 = PRODUCT_DEFINITION_CONTEXT('part definition',#2,'design');
#6865 = ADVANCED_BREP_SHAPE_REPRESENTATION('',(#11,#6866),#7223);
#6866 = MANIFOLD_SOLID_BREP('',#6867);
#6867 = CLOSED_SHELL('',(#6868,#6901,#6926,#6946,#6955,#6980,#7006,#7065
    ,#7096,#7120,#7144,#7168,#7192,#7209));
#6868 = ADVANCED_FACE('',(#6869),#6896,.T.);
#6869 = FACE_BOUND('',#6870,.T.);
#6870 = EDGE_LOOP('',(#6871,#6881,#6888,#6889));
#6871 = ORIENTED_EDGE('',*,*,#6872,.T.);
#6872 = EDGE_CURVE('',#6873,#6875,#6877,.T.);
#6873 = VERTEX_POINT('',#6874);
#6874 = CARTESIAN_POINT('',(2.,0.,0.));
#6875 = VERTEX_POINT('',#6876);
#6876 = CARTESIAN_POINT('',(2.,0.,-24.685));
#6877 = LINE('',#6878,#6879);
#6878 = CARTESIAN_POINT('',(2.,0.,0.));
#6879 = VECTOR('',#6880,1.);
#6880 = DIRECTION('',(-0.,-0.,-1.));
#6881 = ORIENTED_EDGE('',*,*,#6882,.T.);
#6882 = EDGE_CURVE('',#6875,#6875,#6883,.T.);
#6883 = CIRCLE('',#6884,2.);
#6884 = AXIS2_PLACEMENT_3D('',#6885,#6886,#6887);
#6885 = CARTESIAN_POINT('',(0.,0.,-24.685));
#6886 = DIRECTION('',(0.,0.,1.));
#6887 = DIRECTION('',(1.,0.,-0.));
#6888 = ORIENTED_EDGE('',*,*,#6872,.F.);
#6889 = ORIENTED_EDGE('',*,*,#6890,.F.);
#6890 = EDGE_CURVE('',#6873,#6873,#6891,.T.);
#6891 = CIRCLE('',#6892,2.);
#6892 = AXIS2_PLACEMENT_3D('',#6893,#6894,#6895);
#6893 = CARTESIAN_POINT('',(0.,0.,0.));
#6894 = DIRECTION('',(0.,0.,1.));
#6895 = DIRECTION('',(1.,0.,-0.));
#6896 = CYLINDRICAL_SURFACE('',#6897,2.);
#6897 = AXIS2_PLACEMENT_3D('',#6898,#6899,#6900);
#6898 = CARTESIAN_POINT('',(0.,0.,0.));
#6899 = DIRECTION('',(0.,0.,1.));
#6900 = DIRECTION('',(1.,0.,-0.));
#6901 = ADVANCED_FACE('',(#6902),#6921,.T.);
#6902 = FACE_BOUND('',#6903,.T.);
#6903 = EDGE_LOOP('',(#6904,#6913,#6919,#6920));
#6904 = ORIENTED_EDGE('',*,*,#6905,.T.);
#6905 = EDGE_CURVE('',#6906,#6906,#6908,.T.);
#6906 = VERTEX_POINT('',#6907);
#6907 = CARTESIAN_POINT('',(1.685,0.,-25.));
#6908 = CIRCLE('',#6909,1.685);
#6909 = AXIS2_PLACEMENT_3D('',#6910,#6911,#6912);
#6910 = CARTESIAN_POINT('',(0.,0.,-25.));
#6911 = DIRECTION('',(0.,0.,1.));
#6912 = DIRECTION('',(1.,0.,-0.));
#6913 = ORIENTED_EDGE('',*,*,#6914,.F.);
#6914 = EDGE_CURVE('',#6875,#6906,#6915,.T.);
#6915 = LINE('',#6916,#6917);
#6916 = CARTESIAN_POINT('',(2.,0.,-24.685));
#6917 = VECTOR('',#6918,1.);
#6918 = DIRECTION('',(-0.707106781187,-0.,-0.707106781187));
#6919 = ORIENTED_EDGE('',*,*,#6882,.F.);
#6920 = ORIENTED_EDGE('',*,*,#6914,.T.);
#6921 = CONICAL_SURFACE('',#6922,2.,0.785398163397);
#6922 = AXIS2_PLACEMENT_3D('',#6923,#6924,#6925);
#6923 = CARTESIAN_POINT('',(0.,0.,-24.685));
#6924 = DIRECTION('',(0.,0.,1.));
#6925 = DIRECTION('',(1.,0.,-0.));
#6926 = ADVANCED_FACE('',(#6927,#6938),#6941,.F.);
#6927 = FACE_BOUND('',#6928,.F.);
#6928 = EDGE_LOOP('',(#6929));
#6929 = ORIENTED_EDGE('',*,*,#6930,.T.);
#6930 = EDGE_CURVE('',#6931,#6931,#6933,.T.);
#6931 = VERTEX_POINT('',#6932);
#6932 = CARTESIAN_POINT('',(3.5,0.,0.));
#6933 = CIRCLE('',#6934,3.5);
#6934 = AXIS2_PLACEMENT_3D('',#6935,#6936,#6937);
#6935 = CARTESIAN_POINT('',(0.,0.,0.));
#6936 = DIRECTION('',(0.,0.,1.));
#6937 = DIRECTION('',(1.,0.,-0.));
#6938 = FACE_BOUND('',#6939,.F.);
#6939 = EDGE_LOOP('',(#6940));
#6940 = ORIENTED_EDGE('',*,*,#6890,.F.);
#6941 = PLANE('',#6942);
#6942 = AXIS2_PLACEMENT_3D('',#6943,#6944,#6945);
#6943 = CARTESIAN_POINT('',(-1.953485903628E-16,-1.428754599005E-16,0.)
  );
#6944 = DIRECTION('',(0.,0.,1.));
#6945 = DIRECTION('',(1.,0.,-0.));
#6946 = ADVANCED_FACE('',(#6947),#6950,.F.);
#6947 = FACE_BOUND('',#6948,.F.);
#6948 = EDGE_LOOP('',(#6949));
#6949 = ORIENTED_EDGE('',*,*,#6905,.T.);
#6950 = PLANE('',#6951);
#6951 = AXIS2_PLACEMENT_3D('',#6952,#6953,#6954);
#6952 = CARTESIAN_POINT('',(-1.281975124256E-16,3.821888340557E-18,-25.)
  );
#6953 = DIRECTION('',(0.,0.,1.));
#6954 = DIRECTION('',(1.,0.,-0.));
#6955 = ADVANCED_FACE('',(#6956),#6975,.T.);
#6956 = FACE_BOUND('',#6957,.T.);
#6957 = EDGE_LOOP('',(#6958,#6959,#6967,#6974));
#6958 = ORIENTED_EDGE('',*,*,#6930,.T.);
#6959 = ORIENTED_EDGE('',*,*,#6960,.T.);
#6960 = EDGE_CURVE('',#6931,#6961,#6963,.T.);
#6961 = VERTEX_POINT('',#6962);
#6962 = CARTESIAN_POINT('',(3.5,0.,3.6));
#6963 = LINE('',#6964,#6965);
#6964 = CARTESIAN_POINT('',(3.5,0.,0.));
#6965 = VECTOR('',#6966,1.);
#6966 = DIRECTION('',(0.,0.,1.));
#6967 = ORIENTED_EDGE('',*,*,#6968,.F.);
#6968 = EDGE_CURVE('',#6961,#6961,#6969,.T.);
#6969 = CIRCLE('',#6970,3.5);
#6970 = AXIS2_PLACEMENT_3D('',#6971,#6972,#6973);
#6971 = CARTESIAN_POINT('',(0.,0.,3.6));
#6972 = DIRECTION('',(0.,0.,1.));
#6973 = DIRECTION('',(1.,0.,-0.));
#6974 = ORIENTED_EDGE('',*,*,#6960,.F.);
#6975 = CYLINDRICAL_SURFACE('',#6976,3.5);
#6976 = AXIS2_PLACEMENT_3D('',#6977,#6978,#6979);
#6977 = CARTESIAN_POINT('',(0.,0.,0.));
#6978 = DIRECTION('',(-0.,-0.,-1.));
#6979 = DIRECTION('',(1.,0.,0.));
#6980 = ADVANCED_FACE('',(#6981),#7001,.T.);
#6981 = FACE_BOUND('',#6982,.T.);
#6982 = EDGE_LOOP('',(#6983,#6992,#6993,#6994));
#6983 = ORIENTED_EDGE('',*,*,#6984,.F.);
#6984 = EDGE_CURVE('',#6961,#6985,#6987,.T.);
#6985 = VERTEX_POINT('',#6986);
#6986 = CARTESIAN_POINT('',(3.1,0.,4.));
#6987 = CIRCLE('',#6988,0.4);
#6988 = AXIS2_PLACEMENT_3D('',#6989,#6990,#6991);
#6989 = CARTESIAN_POINT('',(3.1,0.,3.6));
#6990 = DIRECTION('',(0.,-1.,0.));
#6991 = DIRECTION('',(1.,0.,0.));
#6992 = ORIENTED_EDGE('',*,*,#6968,.T.);
#6993 = ORIENTED_EDGE('',*,*,#6984,.T.);
#6994 = ORIENTED_EDGE('',*,*,#6995,.F.);
#6995 = EDGE_CURVE('',#6985,#6985,#6996,.T.);
#6996 = CIRCLE('',#6997,3.1);
#6997 = AXIS2_PLACEMENT_3D('',#6998,#6999,#7000);
#6998 = CARTESIAN_POINT('',(0.,0.,4.));
#6999 = DIRECTION('',(0.,0.,1.));
#7000 = DIRECTION('',(1.,0.,-0.));
#7001 = TOROIDAL_SURFACE('',#7002,3.1,0.4);
#7002 = AXIS2_PLACEMENT_3D('',#7003,#7004,#7005);
#7003 = CARTESIAN_POINT('',(0.,0.,3.6));
#7004 = DIRECTION('',(0.,0.,1.));
#7005 = DIRECTION('',(1.,0.,-0.));
#7006 = ADVANCED_FACE('',(#7007,#7010),#7060,.T.);
#7007 = FACE_BOUND('',#7008,.T.);
#7008 = EDGE_LOOP('',(#7009));
#7009 = ORIENTED_EDGE('',*,*,#6995,.T.);
#7010 = FACE_BOUND('',#7011,.T.);
#7011 = EDGE_LOOP('',(#7012,#7022,#7030,#7038,#7046,#7054));
#7012 = ORIENTED_EDGE('',*,*,#7013,.F.);
#7013 = EDGE_CURVE('',#7014,#7016,#7018,.T.);
#7014 = VERTEX_POINT('',#7015);
#7015 = CARTESIAN_POINT('',(1.73,1.184610418071E-23,4.));
#7016 = VERTEX_POINT('',#7017);
#7017 = CARTESIAN_POINT('',(0.865,1.498223948547,4.));
#7018 = LINE('',#7019,#7020);
#7019 = CARTESIAN_POINT('',(1.73,1.184610418071E-23,4.));
#7020 = VECTOR('',#7021,1.);
#7021 = DIRECTION('',(-0.5,0.866025403784,0.));
#7022 = ORIENTED_EDGE('',*,*,#7023,.F.);
#7023 = EDGE_CURVE('',#7024,#7014,#7026,.T.);
#7024 = VERTEX_POINT('',#7025);
#7025 = CARTESIAN_POINT('',(0.865,-1.498223948547,4.));
#7026 = LINE('',#7027,#7028);
#7027 = CARTESIAN_POINT('',(0.865,-1.498223948547,4.));
#7028 = VECTOR('',#7029,1.);
#7029 = DIRECTION('',(0.5,0.866025403784,0.));
#7030 = ORIENTED_EDGE('',*,*,#7031,.F.);
#7031 = EDGE_CURVE('',#7032,#7024,#7034,.T.);
#7032 = VERTEX_POINT('',#7033);
#7033 = CARTESIAN_POINT('',(-0.865,-1.498223948547,4.));
#7034 = LINE('',#7035,#7036);
#7035 = CARTESIAN_POINT('',(-0.865,-1.498223948547,4.));
#7036 = VECTOR('',#7037,1.);
#7037 = DIRECTION('',(1.,0.,0.));
#7038 = ORIENTED_EDGE('',*,*,#7039,.F.);
#7039 = EDGE_CURVE('',#7040,#7032,#7042,.T.);
#7040 = VERTEX_POINT('',#7041);
#7041 = CARTESIAN_POINT('',(-1.73,0.,4.));
#7042 = LINE('',#7043,#7044);
#7043 = CARTESIAN_POINT('',(-1.73,0.,4.));
#7044 = VECTOR('',#7045,1.);
#7045 = DIRECTION('',(0.5,-0.866025403784,0.));
#7046 = ORIENTED_EDGE('',*,*,#7047,.F.);
#7047 = EDGE_CURVE('',#7048,#7040,#7050,.T.);
#7048 = VERTEX_POINT('',#7049);
#7049 = CARTESIAN_POINT('',(-0.865,1.498223948547,4.));
#7050 = LINE('',#7051,#7052);
#7051 = CARTESIAN_POINT('',(-0.865,1.498223948547,4.));
#7052 = VECTOR('',#7053,1.);
#7053 = DIRECTION('',(-0.5,-0.866025403784,0.));
#7054 = ORIENTED_EDGE('',*,*,#7055,.F.);
#7055 = EDGE_CURVE('',#7016,#7048,#7056,.T.);
#7056 = LINE('',#7057,#7058);
#7057 = CARTESIAN_POINT('',(0.865,1.498223948547,4.));
#7058 = VECTOR('',#7059,1.);
#7059 = DIRECTION('',(-1.,0.,0.));
#7060 = PLANE('',#7061);
#7061 = AXIS2_PLACEMENT_3D('',#7062,#7063,#7064);
#7062 = CARTESIAN_POINT('',(-1.953485903628E-16,-1.428754599005E-16,4.)
  );
#7063 = DIRECTION('',(0.,0.,1.));
#7064 = DIRECTION('',(1.,0.,-0.));
#7065 = ADVANCED_FACE('',(#7066),#7091,.F.);
#7066 = FACE_BOUND('',#7067,.F.);
#7067 = EDGE_LOOP('',(#7068,#7076,#7084,#7090));
#7068 = ORIENTED_EDGE('',*,*,#7069,.T.);
#7069 = EDGE_CURVE('',#7014,#7070,#7072,.T.);
#7070 = VERTEX_POINT('',#7071);
#7071 = CARTESIAN_POINT('',(1.73,1.184610418071E-23,2.));
#7072 = LINE('',#7073,#7074);
#7073 = CARTESIAN_POINT('',(1.73,1.184610418071E-23,4.));
#7074 = VECTOR('',#7075,1.);
#7075 = DIRECTION('',(-0.,-0.,-1.));
#7076 = ORIENTED_EDGE('',*,*,#7077,.T.);
#7077 = EDGE_CURVE('',#7070,#7078,#7080,.T.);
#7078 = VERTEX_POINT('',#7079);
#7079 = CARTESIAN_POINT('',(0.865,1.498223948547,2.));
#7080 = LINE('',#7081,#7082);
#7081 = CARTESIAN_POINT('',(1.73,1.184610418071E-23,2.));
#7082 = VECTOR('',#7083,1.);
#7083 = DIRECTION('',(-0.5,0.866025403784,0.));
#7084 = ORIENTED_EDGE('',*,*,#7085,.F.);
#7085 = EDGE_CURVE('',#7016,#7078,#7086,.T.);
#7086 = LINE('',#7087,#7088);
#7087 = CARTESIAN_POINT('',(0.865,1.498223948547,4.));
#7088 = VECTOR('',#7089,1.);
#7089 = DIRECTION('',(-0.,-0.,-1.));
#7090 = ORIENTED_EDGE('',*,*,#7013,.F.);
#7091 = PLANE('',#7092);
#7092 = AXIS2_PLACEMENT_3D('',#7093,#7094,#7095);
#7093 = CARTESIAN_POINT('',(1.73,1.184610418071E-23,4.));
#7094 = DIRECTION('',(0.866025403784,0.5,0.));
#7095 = DIRECTION('',(-0.5,0.866025403784,0.));
#7096 = ADVANCED_FACE('',(#7097),#7115,.F.);
#7097 = FACE_BOUND('',#7098,.F.);
#7098 = EDGE_LOOP('',(#7099,#7100,#7108,#7114));
#7099 = ORIENTED_EDGE('',*,*,#7085,.T.);
#7100 = ORIENTED_EDGE('',*,*,#7101,.T.);
#7101 = EDGE_CURVE('',#7078,#7102,#7104,.T.);
#7102 = VERTEX_POINT('',#7103);
#7103 = CARTESIAN_POINT('',(-0.865,1.498223948547,2.));
#7104 = LINE('',#7105,#7106);
#7105 = CARTESIAN_POINT('',(0.865,1.498223948547,2.));
#7106 = VECTOR('',#7107,1.);
#7107 = DIRECTION('',(-1.,0.,0.));
#7108 = ORIENTED_EDGE('',*,*,#7109,.F.);
#7109 = EDGE_CURVE('',#7048,#7102,#7110,.T.);
#7110 = LINE('',#7111,#7112);
#7111 = CARTESIAN_POINT('',(-0.865,1.498223948547,4.));
#7112 = VECTOR('',#7113,1.);
#7113 = DIRECTION('',(-0.,-0.,-1.));
#7114 = ORIENTED_EDGE('',*,*,#7055,.F.);
#7115 = PLANE('',#7116);
#7116 = AXIS2_PLACEMENT_3D('',#7117,#7118,#7119);
#7117 = CARTESIAN_POINT('',(0.865,1.498223948547,4.));
#7118 = DIRECTION('',(0.,1.,0.));
#7119 = DIRECTION('',(-1.,0.,0.));
#7120 = ADVANCED_FACE('',(#7121),#7139,.F.);
#7121 = FACE_BOUND('',#7122,.F.);
#7122 = EDGE_LOOP('',(#7123,#7124,#7132,#7138));
#7123 = ORIENTED_EDGE('',*,*,#7109,.T.);
#7124 = ORIENTED_EDGE('',*,*,#7125,.T.);
#7125 = EDGE_CURVE('',#7102,#7126,#7128,.T.);
#7126 = VERTEX_POINT('',#7127);
#7127 = CARTESIAN_POINT('',(-1.73,0.,2.));
#7128 = LINE('',#7129,#7130);
#7129 = CARTESIAN_POINT('',(-0.865,1.498223948547,2.));
#7130 = VECTOR('',#7131,1.);
#7131 = DIRECTION('',(-0.5,-0.866025403784,0.));
#7132 = ORIENTED_EDGE('',*,*,#7133,.F.);
#7133 = EDGE_CURVE('',#7040,#7126,#7134,.T.);
#7134 = LINE('',#7135,#7136);
#7135 = CARTESIAN_POINT('',(-1.73,0.,4.));
#7136 = VECTOR('',#7137,1.);
#7137 = DIRECTION('',(-0.,-0.,-1.));
#7138 = ORIENTED_EDGE('',*,*,#7047,.F.);
#7139 = PLANE('',#7140);
#7140 = AXIS2_PLACEMENT_3D('',#7141,#7142,#7143);
#7141 = CARTESIAN_POINT('',(-0.865,1.498223948547,4.));
#7142 = DIRECTION('',(-0.866025403784,0.5,0.));
#7143 = DIRECTION('',(-0.5,-0.866025403784,0.));
#7144 = ADVANCED_FACE('',(#7145),#7163,.F.);
#7145 = FACE_BOUND('',#7146,.F.);
#7146 = EDGE_LOOP('',(#7147,#7148,#7156,#7162));
#7147 = ORIENTED_EDGE('',*,*,#7133,.T.);
#7148 = ORIENTED_EDGE('',*,*,#7149,.T.);
#7149 = EDGE_CURVE('',#7126,#7150,#7152,.T.);
#7150 = VERTEX_POINT('',#7151);
#7151 = CARTESIAN_POINT('',(-0.865,-1.498223948547,2.));
#7152 = LINE('',#7153,#7154);
#7153 = CARTESIAN_POINT('',(-1.73,0.,2.));
#7154 = VECTOR('',#7155,1.);
#7155 = DIRECTION('',(0.5,-0.866025403784,0.));
#7156 = ORIENTED_EDGE('',*,*,#7157,.F.);
#7157 = EDGE_CURVE('',#7032,#7150,#7158,.T.);
#7158 = LINE('',#7159,#7160);
#7159 = CARTESIAN_POINT('',(-0.865,-1.498223948547,4.));
#7160 = VECTOR('',#7161,1.);
#7161 = DIRECTION('',(-0.,-0.,-1.));
#7162 = ORIENTED_EDGE('',*,*,#7039,.F.);
#7163 = PLANE('',#7164);
#7164 = AXIS2_PLACEMENT_3D('',#7165,#7166,#7167);
#7165 = CARTESIAN_POINT('',(-1.73,0.,4.));
#7166 = DIRECTION('',(-0.866025403784,-0.5,0.));
#7167 = DIRECTION('',(0.5,-0.866025403784,0.));
#7168 = ADVANCED_FACE('',(#7169),#7187,.F.);
#7169 = FACE_BOUND('',#7170,.F.);
#7170 = EDGE_LOOP('',(#7171,#7172,#7180,#7186));
#7171 = ORIENTED_EDGE('',*,*,#7157,.T.);
#7172 = ORIENTED_EDGE('',*,*,#7173,.T.);
#7173 = EDGE_CURVE('',#7150,#7174,#7176,.T.);
#7174 = VERTEX_POINT('',#7175);
#7175 = CARTESIAN_POINT('',(0.865,-1.498223948547,2.));
#7176 = LINE('',#7177,#7178);
#7177 = CARTESIAN_POINT('',(-0.865,-1.498223948547,2.));
#7178 = VECTOR('',#7179,1.);
#7179 = DIRECTION('',(1.,0.,0.));
#7180 = ORIENTED_EDGE('',*,*,#7181,.F.);
#7181 = EDGE_CURVE('',#7024,#7174,#7182,.T.);
#7182 = LINE('',#7183,#7184);
#7183 = CARTESIAN_POINT('',(0.865,-1.498223948547,4.));
#7184 = VECTOR('',#7185,1.);
#7185 = DIRECTION('',(-0.,-0.,-1.));
#7186 = ORIENTED_EDGE('',*,*,#7031,.F.);
#7187 = PLANE('',#7188);
#7188 = AXIS2_PLACEMENT_3D('',#7189,#7190,#7191);
#7189 = CARTESIAN_POINT('',(-0.865,-1.498223948547,4.));
#7190 = DIRECTION('',(0.,-1.,0.));
#7191 = DIRECTION('',(1.,0.,0.));
#7192 = ADVANCED_FACE('',(#7193),#7204,.F.);
#7193 = FACE_BOUND('',#7194,.F.);
#7194 = EDGE_LOOP('',(#7195,#7196,#7202,#7203));
#7195 = ORIENTED_EDGE('',*,*,#7181,.T.);
#7196 = ORIENTED_EDGE('',*,*,#7197,.T.);
#7197 = EDGE_CURVE('',#7174,#7070,#7198,.T.);
#7198 = LINE('',#7199,#7200);
#7199 = CARTESIAN_POINT('',(0.865,-1.498223948547,2.));
#7200 = VECTOR('',#7201,1.);
#7201 = DIRECTION('',(0.5,0.866025403784,0.));
#7202 = ORIENTED_EDGE('',*,*,#7069,.F.);
#7203 = ORIENTED_EDGE('',*,*,#7023,.F.);
#7204 = PLANE('',#7205);
#7205 = AXIS2_PLACEMENT_3D('',#7206,#7207,#7208);
#7206 = CARTESIAN_POINT('',(0.865,-1.498223948547,4.));
#7207 = DIRECTION('',(0.866025403784,-0.5,0.));
#7208 = DIRECTION('',(0.5,0.866025403784,0.));
#7209 = ADVANCED_FACE('',(#7210),#7218,.T.);
#7210 = FACE_BOUND('',#7211,.T.);
#7211 = EDGE_LOOP('',(#7212,#7213,#7214,#7215,#7216,#7217));
#7212 = ORIENTED_EDGE('',*,*,#7077,.T.);
#7213 = ORIENTED_EDGE('',*,*,#7101,.T.);
#7214 = ORIENTED_EDGE('',*,*,#7125,.T.);
#7215 = ORIENTED_EDGE('',*,*,#7149,.T.);
#7216 = ORIENTED_EDGE('',*,*,#7173,.T.);
#7217 = ORIENTED_EDGE('',*,*,#7197,.T.);
#7218 = PLANE('',#7219);
#7219 = AXIS2_PLACEMENT_3D('',#7220,#7221,#7222);
#7220 = CARTESIAN_POINT('',(-2.139158043594E-17,2.139158043594E-17,2.));
#7221 = DIRECTION('',(0.,0.,1.));
#7222 = DIRECTION('',(1.,0.,-0.));
#7223 = ( GEOMETRIC_REPRESENTATION_CONTEXT(3) 
GLOBAL_UNCERTAINTY_ASSIGNED_CONTEXT((#7227)) 
GLOBAL_UNIT_ASSIGNED_CONTEXT((#7224,#7225,#7226)) REPRESENTATION_CONTEXT
('Context #1','3D Context with UNIT and UNCERTAINTY') );
#7224 = ( LENGTH_UNIT() NAMED_UNIT(*) SI_UNIT(.MILLI.,.METRE.) );
#7225 = ( NAMED_UNIT(*) PLANE_ANGLE_UNIT() SI_UNIT($,.RADIAN.) );
#7226 = ( NAMED_UNIT(*) SI_UNIT($,.STERADIAN.) SOLID_ANGLE_UNIT() );
#7227 = UNCERTAINTY_MEASURE_WITH_UNIT(LENGTH_MEASURE(1.E-07),#7224,
  'distance_accuracy_value','confusion accuracy');
#7228 = CONTEXT_DEPENDENT_SHAPE_REPRESENTATION(#7229,#7231);
#7229 = ( REPRESENTATION_RELATIONSHIP('','',#6865,#10) 
REPRESENTATION_RELATIONSHIP_WITH_TRANSFORMATION(#7230) 
SHAPE_REPRESENTATION_RELATIONSHIP() );
#7230 = ITEM_DEFINED_TRANSFORMATION('','',#11,#23);
#7231 = PRODUCT_DEFINITION_SHAPE('Placement','Placement of an item',
  #7232);
#7232 = NEXT_ASSEMBLY_USAGE_OCCURRENCE('18','m4_25_002','',#5,#6860,$);
#7233 = PRODUCT_RELATED_PRODUCT_CATEGORY('part',$,(#6862));
#7234 = SHAPE_DEFINITION_REPRESENTATION(#7235,#7241);
#7235 = PRODUCT_DEFINITION_SHAPE('','',#7236);
#7236 = PRODUCT_DEFINITION('design','',#7237,#7240);
#7237 = PRODUCT_DEFINITION_FORMATION('','',#7238);
#7238 = PRODUCT('m4_25_003','m4_25_003','',(#7239));
#7239 = PRODUCT_CONTEXT('',#2,'mechanical');
#7240 = PRODUCT_DEFINITION_CONTEXT('part definition',#2,'design');
#7241 = ADVANCED_BREP_SHAPE_REPRESENTATION('',(#11,#7242),#7599);
#7242 = MANIFOLD_SOLID_BREP('',#7243);
#7243 = CLOSED_SHELL('',(#7244,#7277,#7302,#7322,#7331,#7356,#7382,#7441
    ,#7472,#7496,#7520,#7544,#7568,#7585));
#7244 = ADVANCED_FACE('',(#7245),#7272,.T.);
#7245 = FACE_BOUND('',#7246,.T.);
#7246 = EDGE_LOOP('',(#7247,#7257,#7264,#7265));
#7247 = ORIENTED_EDGE('',*,*,#7248,.T.);
#7248 = EDGE_CURVE('',#7249,#7251,#7253,.T.);
#7249 = VERTEX_POINT('',#7250);
#7250 = CARTESIAN_POINT('',(2.,0.,0.));
#7251 = VERTEX_POINT('',#7252);
#7252 = CARTESIAN_POINT('',(2.,0.,-24.685));
#7253 = LINE('',#7254,#7255);
#7254 = CARTESIAN_POINT('',(2.,0.,0.));
#7255 = VECTOR('',#7256,1.);
#7256 = DIRECTION('',(-0.,-0.,-1.));
#7257 = ORIENTED_EDGE('',*,*,#7258,.T.);
#7258 = EDGE_CURVE('',#7251,#7251,#7259,.T.);
#7259 = CIRCLE('',#7260,2.);
#7260 = AXIS2_PLACEMENT_3D('',#7261,#7262,#7263);
#7261 = CARTESIAN_POINT('',(0.,0.,-24.685));
#7262 = DIRECTION('',(0.,0.,1.));
#7263 = DIRECTION('',(1.,0.,-0.));
#7264 = ORIENTED_EDGE('',*,*,#7248,.F.);
#7265 = ORIENTED_EDGE('',*,*,#7266,.F.);
#7266 = EDGE_CURVE('',#7249,#7249,#7267,.T.);
#7267 = CIRCLE('',#7268,2.);
#7268 = AXIS2_PLACEMENT_3D('',#7269,#7270,#7271);
#7269 = CARTESIAN_POINT('',(0.,0.,0.));
#7270 = DIRECTION('',(0.,0.,1.));
#7271 = DIRECTION('',(1.,0.,-0.));
#7272 = CYLINDRICAL_SURFACE('',#7273,2.);
#7273 = AXIS2_PLACEMENT_3D('',#7274,#7275,#7276);
#7274 = CARTESIAN_POINT('',(0.,0.,0.));
#7275 = DIRECTION('',(0.,0.,1.));
#7276 = DIRECTION('',(1.,0.,-0.));
#7277 = ADVANCED_FACE('',(#7278),#7297,.T.);
#7278 = FACE_BOUND('',#7279,.T.);
#7279 = EDGE_LOOP('',(#7280,#7289,#7295,#7296));
#7280 = ORIENTED_EDGE('',*,*,#7281,.T.);
#7281 = EDGE_CURVE('',#7282,#7282,#7284,.T.);
#7282 = VERTEX_POINT('',#7283);
#7283 = CARTESIAN_POINT('',(1.685,0.,-25.));
#7284 = CIRCLE('',#7285,1.685);
#7285 = AXIS2_PLACEMENT_3D('',#7286,#7287,#7288);
#7286 = CARTESIAN_POINT('',(0.,0.,-25.));
#7287 = DIRECTION('',(0.,0.,1.));
#7288 = DIRECTION('',(1.,0.,-0.));
#7289 = ORIENTED_EDGE('',*,*,#7290,.F.);
#7290 = EDGE_CURVE('',#7251,#7282,#7291,.T.);
#7291 = LINE('',#7292,#7293);
#7292 = CARTESIAN_POINT('',(2.,0.,-24.685));
#7293 = VECTOR('',#7294,1.);
#7294 = DIRECTION('',(-0.707106781187,-0.,-0.707106781187));
#7295 = ORIENTED_EDGE('',*,*,#7258,.F.);
#7296 = ORIENTED_EDGE('',*,*,#7290,.T.);
#7297 = CONICAL_SURFACE('',#7298,2.,0.785398163397);
#7298 = AXIS2_PLACEMENT_3D('',#7299,#7300,#7301);
#7299 = CARTESIAN_POINT('',(0.,0.,-24.685));
#7300 = DIRECTION('',(0.,0.,1.));
#7301 = DIRECTION('',(1.,0.,-0.));
#7302 = ADVANCED_FACE('',(#7303,#7314),#7317,.F.);
#7303 = FACE_BOUND('',#7304,.F.);
#7304 = EDGE_LOOP('',(#7305));
#7305 = ORIENTED_EDGE('',*,*,#7306,.T.);
#7306 = EDGE_CURVE('',#7307,#7307,#7309,.T.);
#7307 = VERTEX_POINT('',#7308);
#7308 = CARTESIAN_POINT('',(3.5,0.,0.));
#7309 = CIRCLE('',#7310,3.5);
#7310 = AXIS2_PLACEMENT_3D('',#7311,#7312,#7313);
#7311 = CARTESIAN_POINT('',(0.,0.,0.));
#7312 = DIRECTION('',(0.,0.,1.));
#7313 = DIRECTION('',(1.,0.,-0.));
#7314 = FACE_BOUND('',#7315,.F.);
#7315 = EDGE_LOOP('',(#7316));
#7316 = ORIENTED_EDGE('',*,*,#7266,.F.);
#7317 = PLANE('',#7318);
#7318 = AXIS2_PLACEMENT_3D('',#7319,#7320,#7321);
#7319 = CARTESIAN_POINT('',(-1.953485903628E-16,-1.428754599005E-16,0.)
  );
#7320 = DIRECTION('',(0.,0.,1.));
#7321 = DIRECTION('',(1.,0.,-0.));
#7322 = ADVANCED_FACE('',(#7323),#7326,.F.);
#7323 = FACE_BOUND('',#7324,.F.);
#7324 = EDGE_LOOP('',(#7325));
#7325 = ORIENTED_EDGE('',*,*,#7281,.T.);
#7326 = PLANE('',#7327);
#7327 = AXIS2_PLACEMENT_3D('',#7328,#7329,#7330);
#7328 = CARTESIAN_POINT('',(-1.281975124256E-16,3.821888340557E-18,-25.)
  );
#7329 = DIRECTION('',(0.,0.,1.));
#7330 = DIRECTION('',(1.,0.,-0.));
#7331 = ADVANCED_FACE('',(#7332),#7351,.T.);
#7332 = FACE_BOUND('',#7333,.T.);
#7333 = EDGE_LOOP('',(#7334,#7335,#7343,#7350));
#7334 = ORIENTED_EDGE('',*,*,#7306,.T.);
#7335 = ORIENTED_EDGE('',*,*,#7336,.T.);
#7336 = EDGE_CURVE('',#7307,#7337,#7339,.T.);
#7337 = VERTEX_POINT('',#7338);
#7338 = CARTESIAN_POINT('',(3.5,0.,3.6));
#7339 = LINE('',#7340,#7341);
#7340 = CARTESIAN_POINT('',(3.5,0.,0.));
#7341 = VECTOR('',#7342,1.);
#7342 = DIRECTION('',(0.,0.,1.));
#7343 = ORIENTED_EDGE('',*,*,#7344,.F.);
#7344 = EDGE_CURVE('',#7337,#7337,#7345,.T.);
#7345 = CIRCLE('',#7346,3.5);
#7346 = AXIS2_PLACEMENT_3D('',#7347,#7348,#7349);
#7347 = CARTESIAN_POINT('',(0.,0.,3.6));
#7348 = DIRECTION('',(0.,0.,1.));
#7349 = DIRECTION('',(1.,0.,-0.));
#7350 = ORIENTED_EDGE('',*,*,#7336,.F.);
#7351 = CYLINDRICAL_SURFACE('',#7352,3.5);
#7352 = AXIS2_PLACEMENT_3D('',#7353,#7354,#7355);
#7353 = CARTESIAN_POINT('',(0.,0.,0.));
#7354 = DIRECTION('',(-0.,-0.,-1.));
#7355 = DIRECTION('',(1.,0.,0.));
#7356 = ADVANCED_FACE('',(#7357),#7377,.T.);
#7357 = FACE_BOUND('',#7358,.T.);
#7358 = EDGE_LOOP('',(#7359,#7368,#7369,#7370));
#7359 = ORIENTED_EDGE('',*,*,#7360,.F.);
#7360 = EDGE_CURVE('',#7337,#7361,#7363,.T.);
#7361 = VERTEX_POINT('',#7362);
#7362 = CARTESIAN_POINT('',(3.1,0.,4.));
#7363 = CIRCLE('',#7364,0.4);
#7364 = AXIS2_PLACEMENT_3D('',#7365,#7366,#7367);
#7365 = CARTESIAN_POINT('',(3.1,0.,3.6));
#7366 = DIRECTION('',(0.,-1.,0.));
#7367 = DIRECTION('',(1.,0.,0.));
#7368 = ORIENTED_EDGE('',*,*,#7344,.T.);
#7369 = ORIENTED_EDGE('',*,*,#7360,.T.);
#7370 = ORIENTED_EDGE('',*,*,#7371,.F.);
#7371 = EDGE_CURVE('',#7361,#7361,#7372,.T.);
#7372 = CIRCLE('',#7373,3.1);
#7373 = AXIS2_PLACEMENT_3D('',#7374,#7375,#7376);
#7374 = CARTESIAN_POINT('',(0.,0.,4.));
#7375 = DIRECTION('',(0.,0.,1.));
#7376 = DIRECTION('',(1.,0.,-0.));
#7377 = TOROIDAL_SURFACE('',#7378,3.1,0.4);
#7378 = AXIS2_PLACEMENT_3D('',#7379,#7380,#7381);
#7379 = CARTESIAN_POINT('',(0.,0.,3.6));
#7380 = DIRECTION('',(0.,0.,1.));
#7381 = DIRECTION('',(1.,0.,-0.));
#7382 = ADVANCED_FACE('',(#7383,#7386),#7436,.T.);
#7383 = FACE_BOUND('',#7384,.T.);
#7384 = EDGE_LOOP('',(#7385));
#7385 = ORIENTED_EDGE('',*,*,#7371,.T.);
#7386 = FACE_BOUND('',#7387,.T.);
#7387 = EDGE_LOOP('',(#7388,#7398,#7406,#7414,#7422,#7430));
#7388 = ORIENTED_EDGE('',*,*,#7389,.F.);
#7389 = EDGE_CURVE('',#7390,#7392,#7394,.T.);
#7390 = VERTEX_POINT('',#7391);
#7391 = CARTESIAN_POINT('',(1.73,1.184610418071E-23,4.));
#7392 = VERTEX_POINT('',#7393);
#7393 = CARTESIAN_POINT('',(0.865,1.498223948547,4.));
#7394 = LINE('',#7395,#7396);
#7395 = CARTESIAN_POINT('',(1.73,1.184610418071E-23,4.));
#7396 = VECTOR('',#7397,1.);
#7397 = DIRECTION('',(-0.5,0.866025403784,0.));
#7398 = ORIENTED_EDGE('',*,*,#7399,.F.);
#7399 = EDGE_CURVE('',#7400,#7390,#7402,.T.);
#7400 = VERTEX_POINT('',#7401);
#7401 = CARTESIAN_POINT('',(0.865,-1.498223948547,4.));
#7402 = LINE('',#7403,#7404);
#7403 = CARTESIAN_POINT('',(0.865,-1.498223948547,4.));
#7404 = VECTOR('',#7405,1.);
#7405 = DIRECTION('',(0.5,0.866025403784,0.));
#7406 = ORIENTED_EDGE('',*,*,#7407,.F.);
#7407 = EDGE_CURVE('',#7408,#7400,#7410,.T.);
#7408 = VERTEX_POINT('',#7409);
#7409 = CARTESIAN_POINT('',(-0.865,-1.498223948547,4.));
#7410 = LINE('',#7411,#7412);
#7411 = CARTESIAN_POINT('',(-0.865,-1.498223948547,4.));
#7412 = VECTOR('',#7413,1.);
#7413 = DIRECTION('',(1.,0.,0.));
#7414 = ORIENTED_EDGE('',*,*,#7415,.F.);
#7415 = EDGE_CURVE('',#7416,#7408,#7418,.T.);
#7416 = VERTEX_POINT('',#7417);
#7417 = CARTESIAN_POINT('',(-1.73,0.,4.));
#7418 = LINE('',#7419,#7420);
#7419 = CARTESIAN_POINT('',(-1.73,0.,4.));
#7420 = VECTOR('',#7421,1.);
#7421 = DIRECTION('',(0.5,-0.866025403784,0.));
#7422 = ORIENTED_EDGE('',*,*,#7423,.F.);
#7423 = EDGE_CURVE('',#7424,#7416,#7426,.T.);
#7424 = VERTEX_POINT('',#7425);
#7425 = CARTESIAN_POINT('',(-0.865,1.498223948547,4.));
#7426 = LINE('',#7427,#7428);
#7427 = CARTESIAN_POINT('',(-0.865,1.498223948547,4.));
#7428 = VECTOR('',#7429,1.);
#7429 = DIRECTION('',(-0.5,-0.866025403784,0.));
#7430 = ORIENTED_EDGE('',*,*,#7431,.F.);
#7431 = EDGE_CURVE('',#7392,#7424,#7432,.T.);
#7432 = LINE('',#7433,#7434);
#7433 = CARTESIAN_POINT('',(0.865,1.498223948547,4.));
#7434 = VECTOR('',#7435,1.);
#7435 = DIRECTION('',(-1.,0.,0.));
#7436 = PLANE('',#7437);
#7437 = AXIS2_PLACEMENT_3D('',#7438,#7439,#7440);
#7438 = CARTESIAN_POINT('',(-1.953485903628E-16,-1.428754599005E-16,4.)
  );
#7439 = DIRECTION('',(0.,0.,1.));
#7440 = DIRECTION('',(1.,0.,-0.));
#7441 = ADVANCED_FACE('',(#7442),#7467,.F.);
#7442 = FACE_BOUND('',#7443,.F.);
#7443 = EDGE_LOOP('',(#7444,#7452,#7460,#7466));
#7444 = ORIENTED_EDGE('',*,*,#7445,.T.);
#7445 = EDGE_CURVE('',#7390,#7446,#7448,.T.);
#7446 = VERTEX_POINT('',#7447);
#7447 = CARTESIAN_POINT('',(1.73,1.184610418071E-23,2.));
#7448 = LINE('',#7449,#7450);
#7449 = CARTESIAN_POINT('',(1.73,1.184610418071E-23,4.));
#7450 = VECTOR('',#7451,1.);
#7451 = DIRECTION('',(-0.,-0.,-1.));
#7452 = ORIENTED_EDGE('',*,*,#7453,.T.);
#7453 = EDGE_CURVE('',#7446,#7454,#7456,.T.);
#7454 = VERTEX_POINT('',#7455);
#7455 = CARTESIAN_POINT('',(0.865,1.498223948547,2.));
#7456 = LINE('',#7457,#7458);
#7457 = CARTESIAN_POINT('',(1.73,1.184610418071E-23,2.));
#7458 = VECTOR('',#7459,1.);
#7459 = DIRECTION('',(-0.5,0.866025403784,0.));
#7460 = ORIENTED_EDGE('',*,*,#7461,.F.);
#7461 = EDGE_CURVE('',#7392,#7454,#7462,.T.);
#7462 = LINE('',#7463,#7464);
#7463 = CARTESIAN_POINT('',(0.865,1.498223948547,4.));
#7464 = VECTOR('',#7465,1.);
#7465 = DIRECTION('',(-0.,-0.,-1.));
#7466 = ORIENTED_EDGE('',*,*,#7389,.F.);
#7467 = PLANE('',#7468);
#7468 = AXIS2_PLACEMENT_3D('',#7469,#7470,#7471);
#7469 = CARTESIAN_POINT('',(1.73,1.184610418071E-23,4.));
#7470 = DIRECTION('',(0.866025403784,0.5,0.));
#7471 = DIRECTION('',(-0.5,0.866025403784,0.));
#7472 = ADVANCED_FACE('',(#7473),#7491,.F.);
#7473 = FACE_BOUND('',#7474,.F.);
#7474 = EDGE_LOOP('',(#7475,#7476,#7484,#7490));
#7475 = ORIENTED_EDGE('',*,*,#7461,.T.);
#7476 = ORIENTED_EDGE('',*,*,#7477,.T.);
#7477 = EDGE_CURVE('',#7454,#7478,#7480,.T.);
#7478 = VERTEX_POINT('',#7479);
#7479 = CARTESIAN_POINT('',(-0.865,1.498223948547,2.));
#7480 = LINE('',#7481,#7482);
#7481 = CARTESIAN_POINT('',(0.865,1.498223948547,2.));
#7482 = VECTOR('',#7483,1.);
#7483 = DIRECTION('',(-1.,0.,0.));
#7484 = ORIENTED_EDGE('',*,*,#7485,.F.);
#7485 = EDGE_CURVE('',#7424,#7478,#7486,.T.);
#7486 = LINE('',#7487,#7488);
#7487 = CARTESIAN_POINT('',(-0.865,1.498223948547,4.));
#7488 = VECTOR('',#7489,1.);
#7489 = DIRECTION('',(-0.,-0.,-1.));
#7490 = ORIENTED_EDGE('',*,*,#7431,.F.);
#7491 = PLANE('',#7492);
#7492 = AXIS2_PLACEMENT_3D('',#7493,#7494,#7495);
#7493 = CARTESIAN_POINT('',(0.865,1.498223948547,4.));
#7494 = DIRECTION('',(0.,1.,0.));
#7495 = DIRECTION('',(-1.,0.,0.));
#7496 = ADVANCED_FACE('',(#7497),#7515,.F.);
#7497 = FACE_BOUND('',#7498,.F.);
#7498 = EDGE_LOOP('',(#7499,#7500,#7508,#7514));
#7499 = ORIENTED_EDGE('',*,*,#7485,.T.);
#7500 = ORIENTED_EDGE('',*,*,#7501,.T.);
#7501 = EDGE_CURVE('',#7478,#7502,#7504,.T.);
#7502 = VERTEX_POINT('',#7503);
#7503 = CARTESIAN_POINT('',(-1.73,0.,2.));
#7504 = LINE('',#7505,#7506);
#7505 = CARTESIAN_POINT('',(-0.865,1.498223948547,2.));
#7506 = VECTOR('',#7507,1.);
#7507 = DIRECTION('',(-0.5,-0.866025403784,0.));
#7508 = ORIENTED_EDGE('',*,*,#7509,.F.);
#7509 = EDGE_CURVE('',#7416,#7502,#7510,.T.);
#7510 = LINE('',#7511,#7512);
#7511 = CARTESIAN_POINT('',(-1.73,0.,4.));
#7512 = VECTOR('',#7513,1.);
#7513 = DIRECTION('',(-0.,-0.,-1.));
#7514 = ORIENTED_EDGE('',*,*,#7423,.F.);
#7515 = PLANE('',#7516);
#7516 = AXIS2_PLACEMENT_3D('',#7517,#7518,#7519);
#7517 = CARTESIAN_POINT('',(-0.865,1.498223948547,4.));
#7518 = DIRECTION('',(-0.866025403784,0.5,0.));
#7519 = DIRECTION('',(-0.5,-0.866025403784,0.));
#7520 = ADVANCED_FACE('',(#7521),#7539,.F.);
#7521 = FACE_BOUND('',#7522,.F.);
#7522 = EDGE_LOOP('',(#7523,#7524,#7532,#7538));
#7523 = ORIENTED_EDGE('',*,*,#7509,.T.);
#7524 = ORIENTED_EDGE('',*,*,#7525,.T.);
#7525 = EDGE_CURVE('',#7502,#7526,#7528,.T.);
#7526 = VERTEX_POINT('',#7527);
#7527 = CARTESIAN_POINT('',(-0.865,-1.498223948547,2.));
#7528 = LINE('',#7529,#7530);
#7529 = CARTESIAN_POINT('',(-1.73,0.,2.));
#7530 = VECTOR('',#7531,1.);
#7531 = DIRECTION('',(0.5,-0.866025403784,0.));
#7532 = ORIENTED_EDGE('',*,*,#7533,.F.);
#7533 = EDGE_CURVE('',#7408,#7526,#7534,.T.);
#7534 = LINE('',#7535,#7536);
#7535 = CARTESIAN_POINT('',(-0.865,-1.498223948547,4.));
#7536 = VECTOR('',#7537,1.);
#7537 = DIRECTION('',(-0.,-0.,-1.));
#7538 = ORIENTED_EDGE('',*,*,#7415,.F.);
#7539 = PLANE('',#7540);
#7540 = AXIS2_PLACEMENT_3D('',#7541,#7542,#7543);
#7541 = CARTESIAN_POINT('',(-1.73,0.,4.));
#7542 = DIRECTION('',(-0.866025403784,-0.5,0.));
#7543 = DIRECTION('',(0.5,-0.866025403784,0.));
#7544 = ADVANCED_FACE('',(#7545),#7563,.F.);
#7545 = FACE_BOUND('',#7546,.F.);
#7546 = EDGE_LOOP('',(#7547,#7548,#7556,#7562));
#7547 = ORIENTED_EDGE('',*,*,#7533,.T.);
#7548 = ORIENTED_EDGE('',*,*,#7549,.T.);
#7549 = EDGE_CURVE('',#7526,#7550,#7552,.T.);
#7550 = VERTEX_POINT('',#7551);
#7551 = CARTESIAN_POINT('',(0.865,-1.498223948547,2.));
#7552 = LINE('',#7553,#7554);
#7553 = CARTESIAN_POINT('',(-0.865,-1.498223948547,2.));
#7554 = VECTOR('',#7555,1.);
#7555 = DIRECTION('',(1.,0.,0.));
#7556 = ORIENTED_EDGE('',*,*,#7557,.F.);
#7557 = EDGE_CURVE('',#7400,#7550,#7558,.T.);
#7558 = LINE('',#7559,#7560);
#7559 = CARTESIAN_POINT('',(0.865,-1.498223948547,4.));
#7560 = VECTOR('',#7561,1.);
#7561 = DIRECTION('',(-0.,-0.,-1.));
#7562 = ORIENTED_EDGE('',*,*,#7407,.F.);
#7563 = PLANE('',#7564);
#7564 = AXIS2_PLACEMENT_3D('',#7565,#7566,#7567);
#7565 = CARTESIAN_POINT('',(-0.865,-1.498223948547,4.));
#7566 = DIRECTION('',(0.,-1.,0.));
#7567 = DIRECTION('',(1.,0.,0.));
#7568 = ADVANCED_FACE('',(#7569),#7580,.F.);
#7569 = FACE_BOUND('',#7570,.F.);
#7570 = EDGE_LOOP('',(#7571,#7572,#7578,#7579));
#7571 = ORIENTED_EDGE('',*,*,#7557,.T.);
#7572 = ORIENTED_EDGE('',*,*,#7573,.T.);
#7573 = EDGE_CURVE('',#7550,#7446,#7574,.T.);
#7574 = LINE('',#7575,#7576);
#7575 = CARTESIAN_POINT('',(0.865,-1.498223948547,2.));
#7576 = VECTOR('',#7577,1.);
#7577 = DIRECTION('',(0.5,0.866025403784,0.));
#7578 = ORIENTED_EDGE('',*,*,#7445,.F.);
#7579 = ORIENTED_EDGE('',*,*,#7399,.F.);
#7580 = PLANE('',#7581);
#7581 = AXIS2_PLACEMENT_3D('',#7582,#7583,#7584);
#7582 = CARTESIAN_POINT('',(0.865,-1.498223948547,4.));
#7583 = DIRECTION('',(0.866025403784,-0.5,0.));
#7584 = DIRECTION('',(0.5,0.866025403784,0.));
#7585 = ADVANCED_FACE('',(#7586),#7594,.T.);
#7586 = FACE_BOUND('',#7587,.T.);
#7587 = EDGE_LOOP('',(#7588,#7589,#7590,#7591,#7592,#7593));
#7588 = ORIENTED_EDGE('',*,*,#7453,.T.);
#7589 = ORIENTED_EDGE('',*,*,#7477,.T.);
#7590 = ORIENTED_EDGE('',*,*,#7501,.T.);
#7591 = ORIENTED_EDGE('',*,*,#7525,.T.);
#7592 = ORIENTED_EDGE('',*,*,#7549,.T.);
#7593 = ORIENTED_EDGE('',*,*,#7573,.T.);
#7594 = PLANE('',#7595);
#7595 = AXIS2_PLACEMENT_3D('',#7596,#7597,#7598);
#7596 = CARTESIAN_POINT('',(-2.139158043594E-17,2.139158043594E-17,2.));
#7597 = DIRECTION('',(0.,0.,1.));
#7598 = DIRECTION('',(1.,0.,-0.));
#7599 = ( GEOMETRIC_REPRESENTATION_CONTEXT(3) 
GLOBAL_UNCERTAINTY_ASSIGNED_CONTEXT((#7603)) 
GLOBAL_UNIT_ASSIGNED_CONTEXT((#7600,#7601,#7602)) REPRESENTATION_CONTEXT
('Context #1','3D Context with UNIT and UNCERTAINTY') );
#7600 = ( LENGTH_UNIT() NAMED_UNIT(*) SI_UNIT(.MILLI.,.METRE.) );
#7601 = ( NAMED_UNIT(*) PLANE_ANGLE_UNIT() SI_UNIT($,.RADIAN.) );
#7602 = ( NAMED_UNIT(*) SI_UNIT($,.STERADIAN.) SOLID_ANGLE_UNIT() );
#7603 = UNCERTAINTY_MEASURE_WITH_UNIT(LENGTH_MEASURE(1.E-07),#7600,
  'distance_accuracy_value','confusion accuracy');
#7604 = CONTEXT_DEPENDENT_SHAPE_REPRESENTATION(#7605,#7607);
#7605 = ( REPRESENTATION_RELATIONSHIP('','',#7241,#10) 
REPRESENTATION_RELATIONSHIP_WITH_TRANSFORMATION(#7606) 
SHAPE_REPRESENTATION_RELATIONSHIP() );
#7606 = ITEM_DEFINED_TRANSFORMATION('','',#11,#27);
#7607 = PRODUCT_DEFINITION_SHAPE('Placement','Placement of an item',
  #7608);
#7608 = NEXT_ASSEMBLY_USAGE_OCCURRENCE('19','m4_25_003','',#5,#7236,$);
#7609 = PRODUCT_RELATED_PRODUCT_CATEGORY('part',$,(#7238));
#7610 = SHAPE_DEFINITION_REPRESENTATION(#7611,#7617);
#7611 = PRODUCT_DEFINITION_SHAPE('','',#7612);
#7612 = PRODUCT_DEFINITION('design','',#7613,#7616);
#7613 = PRODUCT_DEFINITION_FORMATION('','',#7614);
#7614 = PRODUCT('m4_25_004','m4_25_004','',(#7615));
#7615 = PRODUCT_CONTEXT('',#2,'mechanical');
#7616 = PRODUCT_DEFINITION_CONTEXT('part definition',#2,'design');
#7617 = ADVANCED_BREP_SHAPE_REPRESENTATION('',(#11,#7618),#7975);
#7618 = MANIFOLD_SOLID_BREP('',#7619);
#7619 = CLOSED_SHELL('',(#7620,#7653,#7678,#7698,#7707,#7732,#7758,#7817
    ,#7848,#7872,#7896,#7920,#7944,#7961));
#7620 = ADVANCED_FACE('',(#7621),#7648,.T.);
#7621 = FACE_BOUND('',#7622,.T.);
#7622 = EDGE_LOOP('',(#7623,#7633,#7640,#7641));
#7623 = ORIENTED_EDGE('',*,*,#7624,.T.);
#7624 = EDGE_CURVE('',#7625,#7627,#7629,.T.);
#7625 = VERTEX_POINT('',#7626);
#7626 = CARTESIAN_POINT('',(2.,0.,0.));
#7627 = VERTEX_POINT('',#7628);
#7628 = CARTESIAN_POINT('',(2.,0.,-24.685));
#7629 = LINE('',#7630,#7631);
#7630 = CARTESIAN_POINT('',(2.,0.,0.));
#7631 = VECTOR('',#7632,1.);
#7632 = DIRECTION('',(-0.,-0.,-1.));
#7633 = ORIENTED_EDGE('',*,*,#7634,.T.);
#7634 = EDGE_CURVE('',#7627,#7627,#7635,.T.);
#7635 = CIRCLE('',#7636,2.);
#7636 = AXIS2_PLACEMENT_3D('',#7637,#7638,#7639);
#7637 = CARTESIAN_POINT('',(0.,0.,-24.685));
#7638 = DIRECTION('',(0.,0.,1.));
#7639 = DIRECTION('',(1.,0.,-0.));
#7640 = ORIENTED_EDGE('',*,*,#7624,.F.);
#7641 = ORIENTED_EDGE('',*,*,#7642,.F.);
#7642 = EDGE_CURVE('',#7625,#7625,#7643,.T.);
#7643 = CIRCLE('',#7644,2.);
#7644 = AXIS2_PLACEMENT_3D('',#7645,#7646,#7647);
#7645 = CARTESIAN_POINT('',(0.,0.,0.));
#7646 = DIRECTION('',(0.,0.,1.));
#7647 = DIRECTION('',(1.,0.,-0.));
#7648 = CYLINDRICAL_SURFACE('',#7649,2.);
#7649 = AXIS2_PLACEMENT_3D('',#7650,#7651,#7652);
#7650 = CARTESIAN_POINT('',(0.,0.,0.));
#7651 = DIRECTION('',(0.,0.,1.));
#7652 = DIRECTION('',(1.,0.,-0.));
#7653 = ADVANCED_FACE('',(#7654),#7673,.T.);
#7654 = FACE_BOUND('',#7655,.T.);
#7655 = EDGE_LOOP('',(#7656,#7665,#7671,#7672));
#7656 = ORIENTED_EDGE('',*,*,#7657,.T.);
#7657 = EDGE_CURVE('',#7658,#7658,#7660,.T.);
#7658 = VERTEX_POINT('',#7659);
#7659 = CARTESIAN_POINT('',(1.685,0.,-25.));
#7660 = CIRCLE('',#7661,1.685);
#7661 = AXIS2_PLACEMENT_3D('',#7662,#7663,#7664);
#7662 = CARTESIAN_POINT('',(0.,0.,-25.));
#7663 = DIRECTION('',(0.,0.,1.));
#7664 = DIRECTION('',(1.,0.,-0.));
#7665 = ORIENTED_EDGE('',*,*,#7666,.F.);
#7666 = EDGE_CURVE('',#7627,#7658,#7667,.T.);
#7667 = LINE('',#7668,#7669);
#7668 = CARTESIAN_POINT('',(2.,0.,-24.685));
#7669 = VECTOR('',#7670,1.);
#7670 = DIRECTION('',(-0.707106781187,-0.,-0.707106781187));
#7671 = ORIENTED_EDGE('',*,*,#7634,.F.);
#7672 = ORIENTED_EDGE('',*,*,#7666,.T.);
#7673 = CONICAL_SURFACE('',#7674,2.,0.785398163397);
#7674 = AXIS2_PLACEMENT_3D('',#7675,#7676,#7677);
#7675 = CARTESIAN_POINT('',(0.,0.,-24.685));
#7676 = DIRECTION('',(0.,0.,1.));
#7677 = DIRECTION('',(1.,0.,-0.));
#7678 = ADVANCED_FACE('',(#7679,#7690),#7693,.F.);
#7679 = FACE_BOUND('',#7680,.F.);
#7680 = EDGE_LOOP('',(#7681));
#7681 = ORIENTED_EDGE('',*,*,#7682,.T.);
#7682 = EDGE_CURVE('',#7683,#7683,#7685,.T.);
#7683 = VERTEX_POINT('',#7684);
#7684 = CARTESIAN_POINT('',(3.5,0.,0.));
#7685 = CIRCLE('',#7686,3.5);
#7686 = AXIS2_PLACEMENT_3D('',#7687,#7688,#7689);
#7687 = CARTESIAN_POINT('',(0.,0.,0.));
#7688 = DIRECTION('',(0.,0.,1.));
#7689 = DIRECTION('',(1.,0.,-0.));
#7690 = FACE_BOUND('',#7691,.F.);
#7691 = EDGE_LOOP('',(#7692));
#7692 = ORIENTED_EDGE('',*,*,#7642,.F.);
#7693 = PLANE('',#7694);
#7694 = AXIS2_PLACEMENT_3D('',#7695,#7696,#7697);
#7695 = CARTESIAN_POINT('',(-1.953485903628E-16,-1.428754599005E-16,0.)
  );
#7696 = DIRECTION('',(0.,0.,1.));
#7697 = DIRECTION('',(1.,0.,-0.));
#7698 = ADVANCED_FACE('',(#7699),#7702,.F.);
#7699 = FACE_BOUND('',#7700,.F.);
#7700 = EDGE_LOOP('',(#7701));
#7701 = ORIENTED_EDGE('',*,*,#7657,.T.);
#7702 = PLANE('',#7703);
#7703 = AXIS2_PLACEMENT_3D('',#7704,#7705,#7706);
#7704 = CARTESIAN_POINT('',(-1.281975124256E-16,3.821888340557E-18,-25.)
  );
#7705 = DIRECTION('',(0.,0.,1.));
#7706 = DIRECTION('',(1.,0.,-0.));
#7707 = ADVANCED_FACE('',(#7708),#7727,.T.);
#7708 = FACE_BOUND('',#7709,.T.);
#7709 = EDGE_LOOP('',(#7710,#7711,#7719,#7726));
#7710 = ORIENTED_EDGE('',*,*,#7682,.T.);
#7711 = ORIENTED_EDGE('',*,*,#7712,.T.);
#7712 = EDGE_CURVE('',#7683,#7713,#7715,.T.);
#7713 = VERTEX_POINT('',#7714);
#7714 = CARTESIAN_POINT('',(3.5,0.,3.6));
#7715 = LINE('',#7716,#7717);
#7716 = CARTESIAN_POINT('',(3.5,0.,0.));
#7717 = VECTOR('',#7718,1.);
#7718 = DIRECTION('',(0.,0.,1.));
#7719 = ORIENTED_EDGE('',*,*,#7720,.F.);
#7720 = EDGE_CURVE('',#7713,#7713,#7721,.T.);
#7721 = CIRCLE('',#7722,3.5);
#7722 = AXIS2_PLACEMENT_3D('',#7723,#7724,#7725);
#7723 = CARTESIAN_POINT('',(0.,0.,3.6));
#7724 = DIRECTION('',(0.,0.,1.));
#7725 = DIRECTION('',(1.,0.,-0.));
#7726 = ORIENTED_EDGE('',*,*,#7712,.F.);
#7727 = CYLINDRICAL_SURFACE('',#7728,3.5);
#7728 = AXIS2_PLACEMENT_3D('',#7729,#7730,#7731);
#7729 = CARTESIAN_POINT('',(0.,0.,0.));
#7730 = DIRECTION('',(-0.,-0.,-1.));
#7731 = DIRECTION('',(1.,0.,0.));
#7732 = ADVANCED_FACE('',(#7733),#7753,.T.);
#7733 = FACE_BOUND('',#7734,.T.);
#7734 = EDGE_LOOP('',(#7735,#7744,#7745,#7746));
#7735 = ORIENTED_EDGE('',*,*,#7736,.F.);
#7736 = EDGE_CURVE('',#7713,#7737,#7739,.T.);
#7737 = VERTEX_POINT('',#7738);
#7738 = CARTESIAN_POINT('',(3.1,0.,4.));
#7739 = CIRCLE('',#7740,0.4);
#7740 = AXIS2_PLACEMENT_3D('',#7741,#7742,#7743);
#7741 = CARTESIAN_POINT('',(3.1,0.,3.6));
#7742 = DIRECTION('',(0.,-1.,0.));
#7743 = DIRECTION('',(1.,0.,0.));
#7744 = ORIENTED_EDGE('',*,*,#7720,.T.);
#7745 = ORIENTED_EDGE('',*,*,#7736,.T.);
#7746 = ORIENTED_EDGE('',*,*,#7747,.F.);
#7747 = EDGE_CURVE('',#7737,#7737,#7748,.T.);
#7748 = CIRCLE('',#7749,3.1);
#7749 = AXIS2_PLACEMENT_3D('',#7750,#7751,#7752);
#7750 = CARTESIAN_POINT('',(0.,0.,4.));
#7751 = DIRECTION('',(0.,0.,1.));
#7752 = DIRECTION('',(1.,0.,-0.));
#7753 = TOROIDAL_SURFACE('',#7754,3.1,0.4);
#7754 = AXIS2_PLACEMENT_3D('',#7755,#7756,#7757);
#7755 = CARTESIAN_POINT('',(0.,0.,3.6));
#7756 = DIRECTION('',(0.,0.,1.));
#7757 = DIRECTION('',(1.,0.,-0.));
#7758 = ADVANCED_FACE('',(#7759,#7762),#7812,.T.);
#7759 = FACE_BOUND('',#7760,.T.);
#7760 = EDGE_LOOP('',(#7761));
#7761 = ORIENTED_EDGE('',*,*,#7747,.T.);
#7762 = FACE_BOUND('',#7763,.T.);
#7763 = EDGE_LOOP('',(#7764,#7774,#7782,#7790,#7798,#7806));
#7764 = ORIENTED_EDGE('',*,*,#7765,.F.);
#7765 = EDGE_CURVE('',#7766,#7768,#7770,.T.);
#7766 = VERTEX_POINT('',#7767);
#7767 = CARTESIAN_POINT('',(1.73,1.184610418071E-23,4.));
#7768 = VERTEX_POINT('',#7769);
#7769 = CARTESIAN_POINT('',(0.865,1.498223948547,4.));
#7770 = LINE('',#7771,#7772);
#7771 = CARTESIAN_POINT('',(1.73,1.184610418071E-23,4.));
#7772 = VECTOR('',#7773,1.);
#7773 = DIRECTION('',(-0.5,0.866025403784,0.));
#7774 = ORIENTED_EDGE('',*,*,#7775,.F.);
#7775 = EDGE_CURVE('',#7776,#7766,#7778,.T.);
#7776 = VERTEX_POINT('',#7777);
#7777 = CARTESIAN_POINT('',(0.865,-1.498223948547,4.));
#7778 = LINE('',#7779,#7780);
#7779 = CARTESIAN_POINT('',(0.865,-1.498223948547,4.));
#7780 = VECTOR('',#7781,1.);
#7781 = DIRECTION('',(0.5,0.866025403784,0.));
#7782 = ORIENTED_EDGE('',*,*,#7783,.F.);
#7783 = EDGE_CURVE('',#7784,#7776,#7786,.T.);
#7784 = VERTEX_POINT('',#7785);
#7785 = CARTESIAN_POINT('',(-0.865,-1.498223948547,4.));
#7786 = LINE('',#7787,#7788);
#7787 = CARTESIAN_POINT('',(-0.865,-1.498223948547,4.));
#7788 = VECTOR('',#7789,1.);
#7789 = DIRECTION('',(1.,0.,0.));
#7790 = ORIENTED_EDGE('',*,*,#7791,.F.);
#7791 = EDGE_CURVE('',#7792,#7784,#7794,.T.);
#7792 = VERTEX_POINT('',#7793);
#7793 = CARTESIAN_POINT('',(-1.73,0.,4.));
#7794 = LINE('',#7795,#7796);
#7795 = CARTESIAN_POINT('',(-1.73,0.,4.));
#7796 = VECTOR('',#7797,1.);
#7797 = DIRECTION('',(0.5,-0.866025403784,0.));
#7798 = ORIENTED_EDGE('',*,*,#7799,.F.);
#7799 = EDGE_CURVE('',#7800,#7792,#7802,.T.);
#7800 = VERTEX_POINT('',#7801);
#7801 = CARTESIAN_POINT('',(-0.865,1.498223948547,4.));
#7802 = LINE('',#7803,#7804);
#7803 = CARTESIAN_POINT('',(-0.865,1.498223948547,4.));
#7804 = VECTOR('',#7805,1.);
#7805 = DIRECTION('',(-0.5,-0.866025403784,0.));
#7806 = ORIENTED_EDGE('',*,*,#7807,.F.);
#7807 = EDGE_CURVE('',#7768,#7800,#7808,.T.);
#7808 = LINE('',#7809,#7810);
#7809 = CARTESIAN_POINT('',(0.865,1.498223948547,4.));
#7810 = VECTOR('',#7811,1.);
#7811 = DIRECTION('',(-1.,0.,0.));
#7812 = PLANE('',#7813);
#7813 = AXIS2_PLACEMENT_3D('',#7814,#7815,#7816);
#7814 = CARTESIAN_POINT('',(-1.953485903628E-16,-1.428754599005E-16,4.)
  );
#7815 = DIRECTION('',(0.,0.,1.));
#7816 = DIRECTION('',(1.,0.,-0.));
#7817 = ADVANCED_FACE('',(#7818),#7843,.F.);
#7818 = FACE_BOUND('',#7819,.F.);
#7819 = EDGE_LOOP('',(#7820,#7828,#7836,#7842));
#7820 = ORIENTED_EDGE('',*,*,#7821,.T.);
#7821 = EDGE_CURVE('',#7766,#7822,#7824,.T.);
#7822 = VERTEX_POINT('',#7823);
#7823 = CARTESIAN_POINT('',(1.73,1.184610418071E-23,2.));
#7824 = LINE('',#7825,#7826);
#7825 = CARTESIAN_POINT('',(1.73,1.184610418071E-23,4.));
#7826 = VECTOR('',#7827,1.);
#7827 = DIRECTION('',(-0.,-0.,-1.));
#7828 = ORIENTED_EDGE('',*,*,#7829,.T.);
#7829 = EDGE_CURVE('',#7822,#7830,#7832,.T.);
#7830 = VERTEX_POINT('',#7831);
#7831 = CARTESIAN_POINT('',(0.865,1.498223948547,2.));
#7832 = LINE('',#7833,#7834);
#7833 = CARTESIAN_POINT('',(1.73,1.184610418071E-23,2.));
#7834 = VECTOR('',#7835,1.);
#7835 = DIRECTION('',(-0.5,0.866025403784,0.));
#7836 = ORIENTED_EDGE('',*,*,#7837,.F.);
#7837 = EDGE_CURVE('',#7768,#7830,#7838,.T.);
#7838 = LINE('',#7839,#7840);
#7839 = CARTESIAN_POINT('',(0.865,1.498223948547,4.));
#7840 = VECTOR('',#7841,1.);
#7841 = DIRECTION('',(-0.,-0.,-1.));
#7842 = ORIENTED_EDGE('',*,*,#7765,.F.);
#7843 = PLANE('',#7844);
#7844 = AXIS2_PLACEMENT_3D('',#7845,#7846,#7847);
#7845 = CARTESIAN_POINT('',(1.73,1.184610418071E-23,4.));
#7846 = DIRECTION('',(0.866025403784,0.5,0.));
#7847 = DIRECTION('',(-0.5,0.866025403784,0.));
#7848 = ADVANCED_FACE('',(#7849),#7867,.F.);
#7849 = FACE_BOUND('',#7850,.F.);
#7850 = EDGE_LOOP('',(#7851,#7852,#7860,#7866));
#7851 = ORIENTED_EDGE('',*,*,#7837,.T.);
#7852 = ORIENTED_EDGE('',*,*,#7853,.T.);
#7853 = EDGE_CURVE('',#7830,#7854,#7856,.T.);
#7854 = VERTEX_POINT('',#7855);
#7855 = CARTESIAN_POINT('',(-0.865,1.498223948547,2.));
#7856 = LINE('',#7857,#7858);
#7857 = CARTESIAN_POINT('',(0.865,1.498223948547,2.));
#7858 = VECTOR('',#7859,1.);
#7859 = DIRECTION('',(-1.,0.,0.));
#7860 = ORIENTED_EDGE('',*,*,#7861,.F.);
#7861 = EDGE_CURVE('',#7800,#7854,#7862,.T.);
#7862 = LINE('',#7863,#7864);
#7863 = CARTESIAN_POINT('',(-0.865,1.498223948547,4.));
#7864 = VECTOR('',#7865,1.);
#7865 = DIRECTION('',(-0.,-0.,-1.));
#7866 = ORIENTED_EDGE('',*,*,#7807,.F.);
#7867 = PLANE('',#7868);
#7868 = AXIS2_PLACEMENT_3D('',#7869,#7870,#7871);
#7869 = CARTESIAN_POINT('',(0.865,1.498223948547,4.));
#7870 = DIRECTION('',(0.,1.,0.));
#7871 = DIRECTION('',(-1.,0.,0.));
#7872 = ADVANCED_FACE('',(#7873),#7891,.F.);
#7873 = FACE_BOUND('',#7874,.F.);
#7874 = EDGE_LOOP('',(#7875,#7876,#7884,#7890));
#7875 = ORIENTED_EDGE('',*,*,#7861,.T.);
#7876 = ORIENTED_EDGE('',*,*,#7877,.T.);
#7877 = EDGE_CURVE('',#7854,#7878,#7880,.T.);
#7878 = VERTEX_POINT('',#7879);
#7879 = CARTESIAN_POINT('',(-1.73,0.,2.));
#7880 = LINE('',#7881,#7882);
#7881 = CARTESIAN_POINT('',(-0.865,1.498223948547,2.));
#7882 = VECTOR('',#7883,1.);
#7883 = DIRECTION('',(-0.5,-0.866025403784,0.));
#7884 = ORIENTED_EDGE('',*,*,#7885,.F.);
#7885 = EDGE_CURVE('',#7792,#7878,#7886,.T.);
#7886 = LINE('',#7887,#7888);
#7887 = CARTESIAN_POINT('',(-1.73,0.,4.));
#7888 = VECTOR('',#7889,1.);
#7889 = DIRECTION('',(-0.,-0.,-1.));
#7890 = ORIENTED_EDGE('',*,*,#7799,.F.);
#7891 = PLANE('',#7892);
#7892 = AXIS2_PLACEMENT_3D('',#7893,#7894,#7895);
#7893 = CARTESIAN_POINT('',(-0.865,1.498223948547,4.));
#7894 = DIRECTION('',(-0.866025403784,0.5,0.));
#7895 = DIRECTION('',(-0.5,-0.866025403784,0.));
#7896 = ADVANCED_FACE('',(#7897),#7915,.F.);
#7897 = FACE_BOUND('',#7898,.F.);
#7898 = EDGE_LOOP('',(#7899,#7900,#7908,#7914));
#7899 = ORIENTED_EDGE('',*,*,#7885,.T.);
#7900 = ORIENTED_EDGE('',*,*,#7901,.T.);
#7901 = EDGE_CURVE('',#7878,#7902,#7904,.T.);
#7902 = VERTEX_POINT('',#7903);
#7903 = CARTESIAN_POINT('',(-0.865,-1.498223948547,2.));
#7904 = LINE('',#7905,#7906);
#7905 = CARTESIAN_POINT('',(-1.73,0.,2.));
#7906 = VECTOR('',#7907,1.);
#7907 = DIRECTION('',(0.5,-0.866025403784,0.));
#7908 = ORIENTED_EDGE('',*,*,#7909,.F.);
#7909 = EDGE_CURVE('',#7784,#7902,#7910,.T.);
#7910 = LINE('',#7911,#7912);
#7911 = CARTESIAN_POINT('',(-0.865,-1.498223948547,4.));
#7912 = VECTOR('',#7913,1.);
#7913 = DIRECTION('',(-0.,-0.,-1.));
#7914 = ORIENTED_EDGE('',*,*,#7791,.F.);
#7915 = PLANE('',#7916);
#7916 = AXIS2_PLACEMENT_3D('',#7917,#7918,#7919);
#7917 = CARTESIAN_POINT('',(-1.73,0.,4.));
#7918 = DIRECTION('',(-0.866025403784,-0.5,0.));
#7919 = DIRECTION('',(0.5,-0.866025403784,0.));
#7920 = ADVANCED_FACE('',(#7921),#7939,.F.);
#7921 = FACE_BOUND('',#7922,.F.);
#7922 = EDGE_LOOP('',(#7923,#7924,#7932,#7938));
#7923 = ORIENTED_EDGE('',*,*,#7909,.T.);
#7924 = ORIENTED_EDGE('',*,*,#7925,.T.);
#7925 = EDGE_CURVE('',#7902,#7926,#7928,.T.);
#7926 = VERTEX_POINT('',#7927);
#7927 = CARTESIAN_POINT('',(0.865,-1.498223948547,2.));
#7928 = LINE('',#7929,#7930);
#7929 = CARTESIAN_POINT('',(-0.865,-1.498223948547,2.));
#7930 = VECTOR('',#7931,1.);
#7931 = DIRECTION('',(1.,0.,0.));
#7932 = ORIENTED_EDGE('',*,*,#7933,.F.);
#7933 = EDGE_CURVE('',#7776,#7926,#7934,.T.);
#7934 = LINE('',#7935,#7936);
#7935 = CARTESIAN_POINT('',(0.865,-1.498223948547,4.));
#7936 = VECTOR('',#7937,1.);
#7937 = DIRECTION('',(-0.,-0.,-1.));
#7938 = ORIENTED_EDGE('',*,*,#7783,.F.);
#7939 = PLANE('',#7940);
#7940 = AXIS2_PLACEMENT_3D('',#7941,#7942,#7943);
#7941 = CARTESIAN_POINT('',(-0.865,-1.498223948547,4.));
#7942 = DIRECTION('',(0.,-1.,0.));
#7943 = DIRECTION('',(1.,0.,0.));
#7944 = ADVANCED_FACE('',(#7945),#7956,.F.);
#7945 = FACE_BOUND('',#7946,.F.);
#7946 = EDGE_LOOP('',(#7947,#7948,#7954,#7955));
#7947 = ORIENTED_EDGE('',*,*,#7933,.T.);
#7948 = ORIENTED_EDGE('',*,*,#7949,.T.);
#7949 = EDGE_CURVE('',#7926,#7822,#7950,.T.);
#7950 = LINE('',#7951,#7952);
#7951 = CARTESIAN_POINT('',(0.865,-1.498223948547,2.));
#7952 = VECTOR('',#7953,1.);
#7953 = DIRECTION('',(0.5,0.866025403784,0.));
#7954 = ORIENTED_EDGE('',*,*,#7821,.F.);
#7955 = ORIENTED_EDGE('',*,*,#7775,.F.);
#7956 = PLANE('',#7957);
#7957 = AXIS2_PLACEMENT_3D('',#7958,#7959,#7960);
#7958 = CARTESIAN_POINT('',(0.865,-1.498223948547,4.));
#7959 = DIRECTION('',(0.866025403784,-0.5,0.));
#7960 = DIRECTION('',(0.5,0.866025403784,0.));
#7961 = ADVANCED_FACE('',(#7962),#7970,.T.);
#7962 = FACE_BOUND('',#7963,.T.);
#7963 = EDGE_LOOP('',(#7964,#7965,#7966,#7967,#7968,#7969));
#7964 = ORIENTED_EDGE('',*,*,#7829,.T.);
#7965 = ORIENTED_EDGE('',*,*,#7853,.T.);
#7966 = ORIENTED_EDGE('',*,*,#7877,.T.);
#7967 = ORIENTED_EDGE('',*,*,#7901,.T.);
#7968 = ORIENTED_EDGE('',*,*,#7925,.T.);
#7969 = ORIENTED_EDGE('',*,*,#7949,.T.);
#7970 = PLANE('',#7971);
#7971 = AXIS2_PLACEMENT_3D('',#7972,#7973,#7974);
#7972 = CARTESIAN_POINT('',(-2.139158043594E-17,2.139158043594E-17,2.));
#7973 = DIRECTION('',(0.,0.,1.));
#7974 = DIRECTION('',(1.,0.,-0.));
#7975 = ( GEOMETRIC_REPRESENTATION_CONTEXT(3) 
GLOBAL_UNCERTAINTY_ASSIGNED_CONTEXT((#7979)) 
GLOBAL_UNIT_ASSIGNED_CONTEXT((#7976,#7977,#7978)) REPRESENTATION_CONTEXT
('Context #1','3D Context with UNIT and UNCERTAINTY') );
#7976 = ( LENGTH_UNIT() NAMED_UNIT(*) SI_UNIT(.MILLI.,.METRE.) );
#7977 = ( NAMED_UNIT(*) PLANE_ANGLE_UNIT() SI_UNIT($,.RADIAN.) );
#7978 = ( NAMED_UNIT(*) SI_UNIT($,.STERADIAN.) SOLID_ANGLE_UNIT() );
#7979 = UNCERTAINTY_MEASURE_WITH_UNIT(LENGTH_MEASURE(1.E-07),#7976,
  'distance_accuracy_value','confusion accuracy');
#7980 = CONTEXT_DEPENDENT_SHAPE_REPRESENTATION(#7981,#7983);
#7981 = ( REPRESENTATION_RELATIONSHIP('','',#7617,#10) 
REPRESENTATION_RELATIONSHIP_WITH_TRANSFORMATION(#7982) 
SHAPE_REPRESENTATION_RELATIONSHIP() );
#7982 = ITEM_DEFINED_TRANSFORMATION('','',#11,#31);
#7983 = PRODUCT_DEFINITION_SHAPE('Placement','Placement of an item',
  #7984);
#7984 = NEXT_ASSEMBLY_USAGE_OCCURRENCE('20','m4_25_004','',#5,#7612,$);
#7985 = PRODUCT_RELATED_PRODUCT_CATEGORY('part',$,(#7614));
#7986 = SHAPE_DEFINITION_REPRESENTATION(#7987,#7993);
#7987 = PRODUCT_DEFINITION_SHAPE('','',#7988);
#7988 = PRODUCT_DEFINITION('design','',#7989,#7992);
#7989 = PRODUCT_DEFINITION_FORMATION('','',#7990);
#7990 = PRODUCT('m4_25_005','m4_25_005','',(#7991));
#7991 = PRODUCT_CONTEXT('',#2,'mechanical');
#7992 = PRODUCT_DEFINITION_CONTEXT('part definition',#2,'design');
#7993 = ADVANCED_BREP_SHAPE_REPRESENTATION('',(#11,#7994),#8351);
#7994 = MANIFOLD_SOLID_BREP('',#7995);
#7995 = CLOSED_SHELL('',(#7996,#8029,#8054,#8074,#8083,#8108,#8134,#8193
    ,#8224,#8248,#8272,#8296,#8320,#8337));
#7996 = ADVANCED_FACE('',(#7997),#8024,.T.);
#7997 = FACE_BOUND('',#7998,.T.);
#7998 = EDGE_LOOP('',(#7999,#8009,#8016,#8017));
#7999 = ORIENTED_EDGE('',*,*,#8000,.T.);
#8000 = EDGE_CURVE('',#8001,#8003,#8005,.T.);
#8001 = VERTEX_POINT('',#8002);
#8002 = CARTESIAN_POINT('',(2.,0.,0.));
#8003 = VERTEX_POINT('',#8004);
#8004 = CARTESIAN_POINT('',(2.,0.,-24.685));
#8005 = LINE('',#8006,#8007);
#8006 = CARTESIAN_POINT('',(2.,0.,0.));
#8007 = VECTOR('',#8008,1.);
#8008 = DIRECTION('',(-0.,-0.,-1.));
#8009 = ORIENTED_EDGE('',*,*,#8010,.T.);
#8010 = EDGE_CURVE('',#8003,#8003,#8011,.T.);
#8011 = CIRCLE('',#8012,2.);
#8012 = AXIS2_PLACEMENT_3D('',#8013,#8014,#8015);
#8013 = CARTESIAN_POINT('',(0.,0.,-24.685));
#8014 = DIRECTION('',(0.,0.,1.));
#8015 = DIRECTION('',(1.,0.,-0.));
#8016 = ORIENTED_EDGE('',*,*,#8000,.F.);
#8017 = ORIENTED_EDGE('',*,*,#8018,.F.);
#8018 = EDGE_CURVE('',#8001,#8001,#8019,.T.);
#8019 = CIRCLE('',#8020,2.);
#8020 = AXIS2_PLACEMENT_3D('',#8021,#8022,#8023);
#8021 = CARTESIAN_POINT('',(0.,0.,0.));
#8022 = DIRECTION('',(0.,0.,1.));
#8023 = DIRECTION('',(1.,0.,-0.));
#8024 = CYLINDRICAL_SURFACE('',#8025,2.);
#8025 = AXIS2_PLACEMENT_3D('',#8026,#8027,#8028);
#8026 = CARTESIAN_POINT('',(0.,0.,0.));
#8027 = DIRECTION('',(0.,0.,1.));
#8028 = DIRECTION('',(1.,0.,-0.));
#8029 = ADVANCED_FACE('',(#8030),#8049,.T.);
#8030 = FACE_BOUND('',#8031,.T.);
#8031 = EDGE_LOOP('',(#8032,#8041,#8047,#8048));
#8032 = ORIENTED_EDGE('',*,*,#8033,.T.);
#8033 = EDGE_CURVE('',#8034,#8034,#8036,.T.);
#8034 = VERTEX_POINT('',#8035);
#8035 = CARTESIAN_POINT('',(1.685,0.,-25.));
#8036 = CIRCLE('',#8037,1.685);
#8037 = AXIS2_PLACEMENT_3D('',#8038,#8039,#8040);
#8038 = CARTESIAN_POINT('',(0.,0.,-25.));
#8039 = DIRECTION('',(0.,0.,1.));
#8040 = DIRECTION('',(1.,0.,-0.));
#8041 = ORIENTED_EDGE('',*,*,#8042,.F.);
#8042 = EDGE_CURVE('',#8003,#8034,#8043,.T.);
#8043 = LINE('',#8044,#8045);
#8044 = CARTESIAN_POINT('',(2.,0.,-24.685));
#8045 = VECTOR('',#8046,1.);
#8046 = DIRECTION('',(-0.707106781187,-0.,-0.707106781187));
#8047 = ORIENTED_EDGE('',*,*,#8010,.F.);
#8048 = ORIENTED_EDGE('',*,*,#8042,.T.);
#8049 = CONICAL_SURFACE('',#8050,2.,0.785398163397);
#8050 = AXIS2_PLACEMENT_3D('',#8051,#8052,#8053);
#8051 = CARTESIAN_POINT('',(0.,0.,-24.685));
#8052 = DIRECTION('',(0.,0.,1.));
#8053 = DIRECTION('',(1.,0.,-0.));
#8054 = ADVANCED_FACE('',(#8055,#8066),#8069,.F.);
#8055 = FACE_BOUND('',#8056,.F.);
#8056 = EDGE_LOOP('',(#8057));
#8057 = ORIENTED_EDGE('',*,*,#8058,.T.);
#8058 = EDGE_CURVE('',#8059,#8059,#8061,.T.);
#8059 = VERTEX_POINT('',#8060);
#8060 = CARTESIAN_POINT('',(3.5,0.,0.));
#8061 = CIRCLE('',#8062,3.5);
#8062 = AXIS2_PLACEMENT_3D('',#8063,#8064,#8065);
#8063 = CARTESIAN_POINT('',(0.,0.,0.));
#8064 = DIRECTION('',(0.,0.,1.));
#8065 = DIRECTION('',(1.,0.,-0.));
#8066 = FACE_BOUND('',#8067,.F.);
#8067 = EDGE_LOOP('',(#8068));
#8068 = ORIENTED_EDGE('',*,*,#8018,.F.);
#8069 = PLANE('',#8070);
#8070 = AXIS2_PLACEMENT_3D('',#8071,#8072,#8073);
#8071 = CARTESIAN_POINT('',(-1.953485903628E-16,-1.428754599005E-16,0.)
  );
#8072 = DIRECTION('',(0.,0.,1.));
#8073 = DIRECTION('',(1.,0.,-0.));
#8074 = ADVANCED_FACE('',(#8075),#8078,.F.);
#8075 = FACE_BOUND('',#8076,.F.);
#8076 = EDGE_LOOP('',(#8077));
#8077 = ORIENTED_EDGE('',*,*,#8033,.T.);
#8078 = PLANE('',#8079);
#8079 = AXIS2_PLACEMENT_3D('',#8080,#8081,#8082);
#8080 = CARTESIAN_POINT('',(-1.281975124256E-16,3.821888340557E-18,-25.)
  );
#8081 = DIRECTION('',(0.,0.,1.));
#8082 = DIRECTION('',(1.,0.,-0.));
#8083 = ADVANCED_FACE('',(#8084),#8103,.T.);
#8084 = FACE_BOUND('',#8085,.T.);
#8085 = EDGE_LOOP('',(#8086,#8087,#8095,#8102));
#8086 = ORIENTED_EDGE('',*,*,#8058,.T.);
#8087 = ORIENTED_EDGE('',*,*,#8088,.T.);
#8088 = EDGE_CURVE('',#8059,#8089,#8091,.T.);
#8089 = VERTEX_POINT('',#8090);
#8090 = CARTESIAN_POINT('',(3.5,0.,3.6));
#8091 = LINE('',#8092,#8093);
#8092 = CARTESIAN_POINT('',(3.5,0.,0.));
#8093 = VECTOR('',#8094,1.);
#8094 = DIRECTION('',(0.,0.,1.));
#8095 = ORIENTED_EDGE('',*,*,#8096,.F.);
#8096 = EDGE_CURVE('',#8089,#8089,#8097,.T.);
#8097 = CIRCLE('',#8098,3.5);
#8098 = AXIS2_PLACEMENT_3D('',#8099,#8100,#8101);
#8099 = CARTESIAN_POINT('',(0.,0.,3.6));
#8100 = DIRECTION('',(0.,0.,1.));
#8101 = DIRECTION('',(1.,0.,-0.));
#8102 = ORIENTED_EDGE('',*,*,#8088,.F.);
#8103 = CYLINDRICAL_SURFACE('',#8104,3.5);
#8104 = AXIS2_PLACEMENT_3D('',#8105,#8106,#8107);
#8105 = CARTESIAN_POINT('',(0.,0.,0.));
#8106 = DIRECTION('',(-0.,-0.,-1.));
#8107 = DIRECTION('',(1.,0.,0.));
#8108 = ADVANCED_FACE('',(#8109),#8129,.T.);
#8109 = FACE_BOUND('',#8110,.T.);
#8110 = EDGE_LOOP('',(#8111,#8120,#8121,#8122));
#8111 = ORIENTED_EDGE('',*,*,#8112,.F.);
#8112 = EDGE_CURVE('',#8089,#8113,#8115,.T.);
#8113 = VERTEX_POINT('',#8114);
#8114 = CARTESIAN_POINT('',(3.1,0.,4.));
#8115 = CIRCLE('',#8116,0.4);
#8116 = AXIS2_PLACEMENT_3D('',#8117,#8118,#8119);
#8117 = CARTESIAN_POINT('',(3.1,0.,3.6));
#8118 = DIRECTION('',(0.,-1.,0.));
#8119 = DIRECTION('',(1.,0.,0.));
#8120 = ORIENTED_EDGE('',*,*,#8096,.T.);
#8121 = ORIENTED_EDGE('',*,*,#8112,.T.);
#8122 = ORIENTED_EDGE('',*,*,#8123,.F.);
#8123 = EDGE_CURVE('',#8113,#8113,#8124,.T.);
#8124 = CIRCLE('',#8125,3.1);
#8125 = AXIS2_PLACEMENT_3D('',#8126,#8127,#8128);
#8126 = CARTESIAN_POINT('',(0.,0.,4.));
#8127 = DIRECTION('',(0.,0.,1.));
#8128 = DIRECTION('',(1.,0.,-0.));
#8129 = TOROIDAL_SURFACE('',#8130,3.1,0.4);
#8130 = AXIS2_PLACEMENT_3D('',#8131,#8132,#8133);
#8131 = CARTESIAN_POINT('',(0.,0.,3.6));
#8132 = DIRECTION('',(0.,0.,1.));
#8133 = DIRECTION('',(1.,0.,-0.));
#8134 = ADVANCED_FACE('',(#8135,#8138),#8188,.T.);
#8135 = FACE_BOUND('',#8136,.T.);
#8136 = EDGE_LOOP('',(#8137));
#8137 = ORIENTED_EDGE('',*,*,#8123,.T.);
#8138 = FACE_BOUND('',#8139,.T.);
#8139 = EDGE_LOOP('',(#8140,#8150,#8158,#8166,#8174,#8182));
#8140 = ORIENTED_EDGE('',*,*,#8141,.F.);
#8141 = EDGE_CURVE('',#8142,#8144,#8146,.T.);
#8142 = VERTEX_POINT('',#8143);
#8143 = CARTESIAN_POINT('',(1.73,1.184610418071E-23,4.));
#8144 = VERTEX_POINT('',#8145);
#8145 = CARTESIAN_POINT('',(0.865,1.498223948547,4.));
#8146 = LINE('',#8147,#8148);
#8147 = CARTESIAN_POINT('',(1.73,1.184610418071E-23,4.));
#8148 = VECTOR('',#8149,1.);
#8149 = DIRECTION('',(-0.5,0.866025403784,0.));
#8150 = ORIENTED_EDGE('',*,*,#8151,.F.);
#8151 = EDGE_CURVE('',#8152,#8142,#8154,.T.);
#8152 = VERTEX_POINT('',#8153);
#8153 = CARTESIAN_POINT('',(0.865,-1.498223948547,4.));
#8154 = LINE('',#8155,#8156);
#8155 = CARTESIAN_POINT('',(0.865,-1.498223948547,4.));
#8156 = VECTOR('',#8157,1.);
#8157 = DIRECTION('',(0.5,0.866025403784,0.));
#8158 = ORIENTED_EDGE('',*,*,#8159,.F.);
#8159 = EDGE_CURVE('',#8160,#8152,#8162,.T.);
#8160 = VERTEX_POINT('',#8161);
#8161 = CARTESIAN_POINT('',(-0.865,-1.498223948547,4.));
#8162 = LINE('',#8163,#8164);
#8163 = CARTESIAN_POINT('',(-0.865,-1.498223948547,4.));
#8164 = VECTOR('',#8165,1.);
#8165 = DIRECTION('',(1.,0.,0.));
#8166 = ORIENTED_EDGE('',*,*,#8167,.F.);
#8167 = EDGE_CURVE('',#8168,#8160,#8170,.T.);
#8168 = VERTEX_POINT('',#8169);
#8169 = CARTESIAN_POINT('',(-1.73,0.,4.));
#8170 = LINE('',#8171,#8172);
#8171 = CARTESIAN_POINT('',(-1.73,0.,4.));
#8172 = VECTOR('',#8173,1.);
#8173 = DIRECTION('',(0.5,-0.866025403784,0.));
#8174 = ORIENTED_EDGE('',*,*,#8175,.F.);
#8175 = EDGE_CURVE('',#8176,#8168,#8178,.T.);
#8176 = VERTEX_POINT('',#8177);
#8177 = CARTESIAN_POINT('',(-0.865,1.498223948547,4.));
#8178 = LINE('',#8179,#8180);
#8179 = CARTESIAN_POINT('',(-0.865,1.498223948547,4.));
#8180 = VECTOR('',#8181,1.);
#8181 = DIRECTION('',(-0.5,-0.866025403784,0.));
#8182 = ORIENTED_EDGE('',*,*,#8183,.F.);
#8183 = EDGE_CURVE('',#8144,#8176,#8184,.T.);
#8184 = LINE('',#8185,#8186);
#8185 = CARTESIAN_POINT('',(0.865,1.498223948547,4.));
#8186 = VECTOR('',#8187,1.);
#8187 = DIRECTION('',(-1.,0.,0.));
#8188 = PLANE('',#8189);
#8189 = AXIS2_PLACEMENT_3D('',#8190,#8191,#8192);
#8190 = CARTESIAN_POINT('',(-1.953485903628E-16,-1.428754599005E-16,4.)
  );
#8191 = DIRECTION('',(0.,0.,1.));
#8192 = DIRECTION('',(1.,0.,-0.));
#8193 = ADVANCED_FACE('',(#8194),#8219,.F.);
#8194 = FACE_BOUND('',#8195,.F.);
#8195 = EDGE_LOOP('',(#8196,#8204,#8212,#8218));
#8196 = ORIENTED_EDGE('',*,*,#8197,.T.);
#8197 = EDGE_CURVE('',#8142,#8198,#8200,.T.);
#8198 = VERTEX_POINT('',#8199);
#8199 = CARTESIAN_POINT('',(1.73,1.184610418071E-23,2.));
#8200 = LINE('',#8201,#8202);
#8201 = CARTESIAN_POINT('',(1.73,1.184610418071E-23,4.));
#8202 = VECTOR('',#8203,1.);
#8203 = DIRECTION('',(-0.,-0.,-1.));
#8204 = ORIENTED_EDGE('',*,*,#8205,.T.);
#8205 = EDGE_CURVE('',#8198,#8206,#8208,.T.);
#8206 = VERTEX_POINT('',#8207);
#8207 = CARTESIAN_POINT('',(0.865,1.498223948547,2.));
#8208 = LINE('',#8209,#8210);
#8209 = CARTESIAN_POINT('',(1.73,1.184610418071E-23,2.));
#8210 = VECTOR('',#8211,1.);
#8211 = DIRECTION('',(-0.5,0.866025403784,0.));
#8212 = ORIENTED_EDGE('',*,*,#8213,.F.);
#8213 = EDGE_CURVE('',#8144,#8206,#8214,.T.);
#8214 = LINE('',#8215,#8216);
#8215 = CARTESIAN_POINT('',(0.865,1.498223948547,4.));
#8216 = VECTOR('',#8217,1.);
#8217 = DIRECTION('',(-0.,-0.,-1.));
#8218 = ORIENTED_EDGE('',*,*,#8141,.F.);
#8219 = PLANE('',#8220);
#8220 = AXIS2_PLACEMENT_3D('',#8221,#8222,#8223);
#8221 = CARTESIAN_POINT('',(1.73,1.184610418071E-23,4.));
#8222 = DIRECTION('',(0.866025403784,0.5,0.));
#8223 = DIRECTION('',(-0.5,0.866025403784,0.));
#8224 = ADVANCED_FACE('',(#8225),#8243,.F.);
#8225 = FACE_BOUND('',#8226,.F.);
#8226 = EDGE_LOOP('',(#8227,#8228,#8236,#8242));
#8227 = ORIENTED_EDGE('',*,*,#8213,.T.);
#8228 = ORIENTED_EDGE('',*,*,#8229,.T.);
#8229 = EDGE_CURVE('',#8206,#8230,#8232,.T.);
#8230 = VERTEX_POINT('',#8231);
#8231 = CARTESIAN_POINT('',(-0.865,1.498223948547,2.));
#8232 = LINE('',#8233,#8234);
#8233 = CARTESIAN_POINT('',(0.865,1.498223948547,2.));
#8234 = VECTOR('',#8235,1.);
#8235 = DIRECTION('',(-1.,0.,0.));
#8236 = ORIENTED_EDGE('',*,*,#8237,.F.);
#8237 = EDGE_CURVE('',#8176,#8230,#8238,.T.);
#8238 = LINE('',#8239,#8240);
#8239 = CARTESIAN_POINT('',(-0.865,1.498223948547,4.));
#8240 = VECTOR('',#8241,1.);
#8241 = DIRECTION('',(-0.,-0.,-1.));
#8242 = ORIENTED_EDGE('',*,*,#8183,.F.);
#8243 = PLANE('',#8244);
#8244 = AXIS2_PLACEMENT_3D('',#8245,#8246,#8247);
#8245 = CARTESIAN_POINT('',(0.865,1.498223948547,4.));
#8246 = DIRECTION('',(0.,1.,0.));
#8247 = DIRECTION('',(-1.,0.,0.));
#8248 = ADVANCED_FACE('',(#8249),#8267,.F.);
#8249 = FACE_BOUND('',#8250,.F.);
#8250 = EDGE_LOOP('',(#8251,#8252,#8260,#8266));
#8251 = ORIENTED_EDGE('',*,*,#8237,.T.);
#8252 = ORIENTED_EDGE('',*,*,#8253,.T.);
#8253 = EDGE_CURVE('',#8230,#8254,#8256,.T.);
#8254 = VERTEX_POINT('',#8255);
#8255 = CARTESIAN_POINT('',(-1.73,0.,2.));
#8256 = LINE('',#8257,#8258);
#8257 = CARTESIAN_POINT('',(-0.865,1.498223948547,2.));
#8258 = VECTOR('',#8259,1.);
#8259 = DIRECTION('',(-0.5,-0.866025403784,0.));
#8260 = ORIENTED_EDGE('',*,*,#8261,.F.);
#8261 = EDGE_CURVE('',#8168,#8254,#8262,.T.);
#8262 = LINE('',#8263,#8264);
#8263 = CARTESIAN_POINT('',(-1.73,0.,4.));
#8264 = VECTOR('',#8265,1.);
#8265 = DIRECTION('',(-0.,-0.,-1.));
#8266 = ORIENTED_EDGE('',*,*,#8175,.F.);
#8267 = PLANE('',#8268);
#8268 = AXIS2_PLACEMENT_3D('',#8269,#8270,#8271);
#8269 = CARTESIAN_POINT('',(-0.865,1.498223948547,4.));
#8270 = DIRECTION('',(-0.866025403784,0.5,0.));
#8271 = DIRECTION('',(-0.5,-0.866025403784,0.));
#8272 = ADVANCED_FACE('',(#8273),#8291,.F.);
#8273 = FACE_BOUND('',#8274,.F.);
#8274 = EDGE_LOOP('',(#8275,#8276,#8284,#8290));
#8275 = ORIENTED_EDGE('',*,*,#8261,.T.);
#8276 = ORIENTED_EDGE('',*,*,#8277,.T.);
#8277 = EDGE_CURVE('',#8254,#8278,#8280,.T.);
#8278 = VERTEX_POINT('',#8279);
#8279 = CARTESIAN_POINT('',(-0.865,-1.498223948547,2.));
#8280 = LINE('',#8281,#8282);
#8281 = CARTESIAN_POINT('',(-1.73,0.,2.));
#8282 = VECTOR('',#8283,1.);
#8283 = DIRECTION('',(0.5,-0.866025403784,0.));
#8284 = ORIENTED_EDGE('',*,*,#8285,.F.);
#8285 = EDGE_CURVE('',#8160,#8278,#8286,.T.);
#8286 = LINE('',#8287,#8288);
#8287 = CARTESIAN_POINT('',(-0.865,-1.498223948547,4.));
#8288 = VECTOR('',#8289,1.);
#8289 = DIRECTION('',(-0.,-0.,-1.));
#8290 = ORIENTED_EDGE('',*,*,#8167,.F.);
#8291 = PLANE('',#8292);
#8292 = AXIS2_PLACEMENT_3D('',#8293,#8294,#8295);
#8293 = CARTESIAN_POINT('',(-1.73,0.,4.));
#8294 = DIRECTION('',(-0.866025403784,-0.5,0.));
#8295 = DIRECTION('',(0.5,-0.866025403784,0.));
#8296 = ADVANCED_FACE('',(#8297),#8315,.F.);
#8297 = FACE_BOUND('',#8298,.F.);
#8298 = EDGE_LOOP('',(#8299,#8300,#8308,#8314));
#8299 = ORIENTED_EDGE('',*,*,#8285,.T.);
#8300 = ORIENTED_EDGE('',*,*,#8301,.T.);
#8301 = EDGE_CURVE('',#8278,#8302,#8304,.T.);
#8302 = VERTEX_POINT('',#8303);
#8303 = CARTESIAN_POINT('',(0.865,-1.498223948547,2.));
#8304 = LINE('',#8305,#8306);
#8305 = CARTESIAN_POINT('',(-0.865,-1.498223948547,2.));
#8306 = VECTOR('',#8307,1.);
#8307 = DIRECTION('',(1.,0.,0.));
#8308 = ORIENTED_EDGE('',*,*,#8309,.F.);
#8309 = EDGE_CURVE('',#8152,#8302,#8310,.T.);
#8310 = LINE('',#8311,#8312);
#8311 = CARTESIAN_POINT('',(0.865,-1.498223948547,4.));
#8312 = VECTOR('',#8313,1.);
#8313 = DIRECTION('',(-0.,-0.,-1.));
#8314 = ORIENTED_EDGE('',*,*,#8159,.F.);
#8315 = PLANE('',#8316);
#8316 = AXIS2_PLACEMENT_3D('',#8317,#8318,#8319);
#8317 = CARTESIAN_POINT('',(-0.865,-1.498223948547,4.));
#8318 = DIRECTION('',(0.,-1.,0.));
#8319 = DIRECTION('',(1.,0.,0.));
#8320 = ADVANCED_FACE('',(#8321),#8332,.F.);
#8321 = FACE_BOUND('',#8322,.F.);
#8322 = EDGE_LOOP('',(#8323,#8324,#8330,#8331));
#8323 = ORIENTED_EDGE('',*,*,#8309,.T.);
#8324 = ORIENTED_EDGE('',*,*,#8325,.T.);
#8325 = EDGE_CURVE('',#8302,#8198,#8326,.T.);
#8326 = LINE('',#8327,#8328);
#8327 = CARTESIAN_POINT('',(0.865,-1.498223948547,2.));
#8328 = VECTOR('',#8329,1.);
#8329 = DIRECTION('',(0.5,0.866025403784,0.));
#8330 = ORIENTED_EDGE('',*,*,#8197,.F.);
#8331 = ORIENTED_EDGE('',*,*,#8151,.F.);
#8332 = PLANE('',#8333);
#8333 = AXIS2_PLACEMENT_3D('',#8334,#8335,#8336);
#8334 = CARTESIAN_POINT('',(0.865,-1.498223948547,4.));
#8335 = DIRECTION('',(0.866025403784,-0.5,0.));
#8336 = DIRECTION('',(0.5,0.866025403784,0.));
#8337 = ADVANCED_FACE('',(#8338),#8346,.T.);
#8338 = FACE_BOUND('',#8339,.T.);
#8339 = EDGE_LOOP('',(#8340,#8341,#8342,#8343,#8344,#8345));
#8340 = ORIENTED_EDGE('',*,*,#8205,.T.);
#8341 = ORIENTED_EDGE('',*,*,#8229,.T.);
#8342 = ORIENTED_EDGE('',*,*,#8253,.T.);
#8343 = ORIENTED_EDGE('',*,*,#8277,.T.);
#8344 = ORIENTED_EDGE('',*,*,#8301,.T.);
#8345 = ORIENTED_EDGE('',*,*,#8325,.T.);
#8346 = PLANE('',#8347);
#8347 = AXIS2_PLACEMENT_3D('',#8348,#8349,#8350);
#8348 = CARTESIAN_POINT('',(-2.139158043594E-17,2.139158043594E-17,2.));
#8349 = DIRECTION('',(0.,0.,1.));
#8350 = DIRECTION('',(1.,0.,-0.));
#8351 = ( GEOMETRIC_REPRESENTATION_CONTEXT(3) 
GLOBAL_UNCERTAINTY_ASSIGNED_CONTEXT((#8355)) 
GLOBAL_UNIT_ASSIGNED_CONTEXT((#8352,#8353,#8354)) REPRESENTATION_CONTEXT
('Context #1','3D Context with UNIT and UNCERTAINTY') );
#8352 = ( LENGTH_UNIT() NAMED_UNIT(*) SI_UNIT(.MILLI.,.METRE.) );
#8353 = ( NAMED_UNIT(*) PLANE_ANGLE_UNIT() SI_UNIT($,.RADIAN.) );
#8354 = ( NAMED_UNIT(*) SI_UNIT($,.STERADIAN.) SOLID_ANGLE_UNIT() );
#8355 = UNCERTAINTY_MEASURE_WITH_UNIT(LENGTH_MEASURE(1.E-07),#8352,
  'distance_accuracy_value','confusion accuracy');
#8356 = CONTEXT_DEPENDENT_SHAPE_REPRESENTATION(#8357,#8359);
#8357 = ( REPRESENTATION_RELATIONSHIP('','',#7993,#10) 
REPRESENTATION_RELATIONSHIP_WITH_TRANSFORMATION(#8358) 
SHAPE_REPRESENTATION_RELATIONSHIP() );
#8358 = ITEM_DEFINED_TRANSFORMATION('','',#11,#35);
#8359 = PRODUCT_DEFINITION_SHAPE('Placement','Placement of an item',
  #8360);
#8360 = NEXT_ASSEMBLY_USAGE_OCCURRENCE('21','m4_25_005','',#5,#7988,$);
#8361 = PRODUCT_RELATED_PRODUCT_CATEGORY('part',$,(#7990));
#8362 = SHAPE_DEFINITION_REPRESENTATION(#8363,#8369);
#8363 = PRODUCT_DEFINITION_SHAPE('','',#8364);
#8364 = PRODUCT_DEFINITION('design','',#8365,#8368);
#8365 = PRODUCT_DEFINITION_FORMATION('','',#8366);
#8366 = PRODUCT('m4_25_006','m4_25_006','',(#8367));
#8367 = PRODUCT_CONTEXT('',#2,'mechanical');
#8368 = PRODUCT_DEFINITION_CONTEXT('part definition',#2,'design');
#8369 = ADVANCED_BREP_SHAPE_REPRESENTATION('',(#11,#8370),#8727);
#8370 = MANIFOLD_SOLID_BREP('',#8371);
#8371 = CLOSED_SHELL('',(#8372,#8405,#8430,#8450,#8459,#8484,#8510,#8569
    ,#8600,#8624,#8648,#8672,#8696,#8713));
#8372 = ADVANCED_FACE('',(#8373),#8400,.T.);
#8373 = FACE_BOUND('',#8374,.T.);
#8374 = EDGE_LOOP('',(#8375,#8385,#8392,#8393));
#8375 = ORIENTED_EDGE('',*,*,#8376,.T.);
#8376 = EDGE_CURVE('',#8377,#8379,#8381,.T.);
#8377 = VERTEX_POINT('',#8378);
#8378 = CARTESIAN_POINT('',(2.,0.,0.));
#8379 = VERTEX_POINT('',#8380);
#8380 = CARTESIAN_POINT('',(2.,0.,-24.685));
#8381 = LINE('',#8382,#8383);
#8382 = CARTESIAN_POINT('',(2.,0.,0.));
#8383 = VECTOR('',#8384,1.);
#8384 = DIRECTION('',(-0.,-0.,-1.));
#8385 = ORIENTED_EDGE('',*,*,#8386,.T.);
#8386 = EDGE_CURVE('',#8379,#8379,#8387,.T.);
#8387 = CIRCLE('',#8388,2.);
#8388 = AXIS2_PLACEMENT_3D('',#8389,#8390,#8391);
#8389 = CARTESIAN_POINT('',(0.,0.,-24.685));
#8390 = DIRECTION('',(0.,0.,1.));
#8391 = DIRECTION('',(1.,0.,-0.));
#8392 = ORIENTED_EDGE('',*,*,#8376,.F.);
#8393 = ORIENTED_EDGE('',*,*,#8394,.F.);
#8394 = EDGE_CURVE('',#8377,#8377,#8395,.T.);
#8395 = CIRCLE('',#8396,2.);
#8396 = AXIS2_PLACEMENT_3D('',#8397,#8398,#8399);
#8397 = CARTESIAN_POINT('',(0.,0.,0.));
#8398 = DIRECTION('',(0.,0.,1.));
#8399 = DIRECTION('',(1.,0.,-0.));
#8400 = CYLINDRICAL_SURFACE('',#8401,2.);
#8401 = AXIS2_PLACEMENT_3D('',#8402,#8403,#8404);
#8402 = CARTESIAN_POINT('',(0.,0.,0.));
#8403 = DIRECTION('',(0.,0.,1.));
#8404 = DIRECTION('',(1.,0.,-0.));
#8405 = ADVANCED_FACE('',(#8406),#8425,.T.);
#8406 = FACE_BOUND('',#8407,.T.);
#8407 = EDGE_LOOP('',(#8408,#8417,#8423,#8424));
#8408 = ORIENTED_EDGE('',*,*,#8409,.T.);
#8409 = EDGE_CURVE('',#8410,#8410,#8412,.T.);
#8410 = VERTEX_POINT('',#8411);
#8411 = CARTESIAN_POINT('',(1.685,0.,-25.));
#8412 = CIRCLE('',#8413,1.685);
#8413 = AXIS2_PLACEMENT_3D('',#8414,#8415,#8416);
#8414 = CARTESIAN_POINT('',(0.,0.,-25.));
#8415 = DIRECTION('',(0.,0.,1.));
#8416 = DIRECTION('',(1.,0.,-0.));
#8417 = ORIENTED_EDGE('',*,*,#8418,.F.);
#8418 = EDGE_CURVE('',#8379,#8410,#8419,.T.);
#8419 = LINE('',#8420,#8421);
#8420 = CARTESIAN_POINT('',(2.,0.,-24.685));
#8421 = VECTOR('',#8422,1.);
#8422 = DIRECTION('',(-0.707106781187,-0.,-0.707106781187));
#8423 = ORIENTED_EDGE('',*,*,#8386,.F.);
#8424 = ORIENTED_EDGE('',*,*,#8418,.T.);
#8425 = CONICAL_SURFACE('',#8426,2.,0.785398163397);
#8426 = AXIS2_PLACEMENT_3D('',#8427,#8428,#8429);
#8427 = CARTESIAN_POINT('',(0.,0.,-24.685));
#8428 = DIRECTION('',(0.,0.,1.));
#8429 = DIRECTION('',(1.,0.,-0.));
#8430 = ADVANCED_FACE('',(#8431,#8442),#8445,.F.);
#8431 = FACE_BOUND('',#8432,.F.);
#8432 = EDGE_LOOP('',(#8433));
#8433 = ORIENTED_EDGE('',*,*,#8434,.T.);
#8434 = EDGE_CURVE('',#8435,#8435,#8437,.T.);
#8435 = VERTEX_POINT('',#8436);
#8436 = CARTESIAN_POINT('',(3.5,0.,0.));
#8437 = CIRCLE('',#8438,3.5);
#8438 = AXIS2_PLACEMENT_3D('',#8439,#8440,#8441);
#8439 = CARTESIAN_POINT('',(0.,0.,0.));
#8440 = DIRECTION('',(0.,0.,1.));
#8441 = DIRECTION('',(1.,0.,-0.));
#8442 = FACE_BOUND('',#8443,.F.);
#8443 = EDGE_LOOP('',(#8444));
#8444 = ORIENTED_EDGE('',*,*,#8394,.F.);
#8445 = PLANE('',#8446);
#8446 = AXIS2_PLACEMENT_3D('',#8447,#8448,#8449);
#8447 = CARTESIAN_POINT('',(-1.953485903628E-16,-1.428754599005E-16,0.)
  );
#8448 = DIRECTION('',(0.,0.,1.));
#8449 = DIRECTION('',(1.,0.,-0.));
#8450 = ADVANCED_FACE('',(#8451),#8454,.F.);
#8451 = FACE_BOUND('',#8452,.F.);
#8452 = EDGE_LOOP('',(#8453));
#8453 = ORIENTED_EDGE('',*,*,#8409,.T.);
#8454 = PLANE('',#8455);
#8455 = AXIS2_PLACEMENT_3D('',#8456,#8457,#8458);
#8456 = CARTESIAN_POINT('',(-1.281975124256E-16,3.821888340557E-18,-25.)
  );
#8457 = DIRECTION('',(0.,0.,1.));
#8458 = DIRECTION('',(1.,0.,-0.));
#8459 = ADVANCED_FACE('',(#8460),#8479,.T.);
#8460 = FACE_BOUND('',#8461,.T.);
#8461 = EDGE_LOOP('',(#8462,#8463,#8471,#8478));
#8462 = ORIENTED_EDGE('',*,*,#8434,.T.);
#8463 = ORIENTED_EDGE('',*,*,#8464,.T.);
#8464 = EDGE_CURVE('',#8435,#8465,#8467,.T.);
#8465 = VERTEX_POINT('',#8466);
#8466 = CARTESIAN_POINT('',(3.5,0.,3.6));
#8467 = LINE('',#8468,#8469);
#8468 = CARTESIAN_POINT('',(3.5,0.,0.));
#8469 = VECTOR('',#8470,1.);
#8470 = DIRECTION('',(0.,0.,1.));
#8471 = ORIENTED_EDGE('',*,*,#8472,.F.);
#8472 = EDGE_CURVE('',#8465,#8465,#8473,.T.);
#8473 = CIRCLE('',#8474,3.5);
#8474 = AXIS2_PLACEMENT_3D('',#8475,#8476,#8477);
#8475 = CARTESIAN_POINT('',(0.,0.,3.6));
#8476 = DIRECTION('',(0.,0.,1.));
#8477 = DIRECTION('',(1.,0.,-0.));
#8478 = ORIENTED_EDGE('',*,*,#8464,.F.);
#8479 = CYLINDRICAL_SURFACE('',#8480,3.5);
#8480 = AXIS2_PLACEMENT_3D('',#8481,#8482,#8483);
#8481 = CARTESIAN_POINT('',(0.,0.,0.));
#8482 = DIRECTION('',(-0.,-0.,-1.));
#8483 = DIRECTION('',(1.,0.,0.));
#8484 = ADVANCED_FACE('',(#8485),#8505,.T.);
#8485 = FACE_BOUND('',#8486,.T.);
#8486 = EDGE_LOOP('',(#8487,#8496,#8497,#8498));
#8487 = ORIENTED_EDGE('',*,*,#8488,.F.);
#8488 = EDGE_CURVE('',#8465,#8489,#8491,.T.);
#8489 = VERTEX_POINT('',#8490);
#8490 = CARTESIAN_POINT('',(3.1,0.,4.));
#8491 = CIRCLE('',#8492,0.4);
#8492 = AXIS2_PLACEMENT_3D('',#8493,#8494,#8495);
#8493 = CARTESIAN_POINT('',(3.1,0.,3.6));
#8494 = DIRECTION('',(0.,-1.,0.));
#8495 = DIRECTION('',(1.,0.,0.));
#8496 = ORIENTED_EDGE('',*,*,#8472,.T.);
#8497 = ORIENTED_EDGE('',*,*,#8488,.T.);
#8498 = ORIENTED_EDGE('',*,*,#8499,.F.);
#8499 = EDGE_CURVE('',#8489,#8489,#8500,.T.);
#8500 = CIRCLE('',#8501,3.1);
#8501 = AXIS2_PLACEMENT_3D('',#8502,#8503,#8504);
#8502 = CARTESIAN_POINT('',(0.,0.,4.));
#8503 = DIRECTION('',(0.,0.,1.));
#8504 = DIRECTION('',(1.,0.,-0.));
#8505 = TOROIDAL_SURFACE('',#8506,3.1,0.4);
#8506 = AXIS2_PLACEMENT_3D('',#8507,#8508,#8509);
#8507 = CARTESIAN_POINT('',(0.,0.,3.6));
#8508 = DIRECTION('',(0.,0.,1.));
#8509 = DIRECTION('',(1.,0.,-0.));
#8510 = ADVANCED_FACE('',(#8511,#8514),#8564,.T.);
#8511 = FACE_BOUND('',#8512,.T.);
#8512 = EDGE_LOOP('',(#8513));
#8513 = ORIENTED_EDGE('',*,*,#8499,.T.);
#8514 = FACE_BOUND('',#8515,.T.);
#8515 = EDGE_LOOP('',(#8516,#8526,#8534,#8542,#8550,#8558));
#8516 = ORIENTED_EDGE('',*,*,#8517,.F.);
#8517 = EDGE_CURVE('',#8518,#8520,#8522,.T.);
#8518 = VERTEX_POINT('',#8519);
#8519 = CARTESIAN_POINT('',(1.73,1.184610418071E-23,4.));
#8520 = VERTEX_POINT('',#8521);
#8521 = CARTESIAN_POINT('',(0.865,1.498223948547,4.));
#8522 = LINE('',#8523,#8524);
#8523 = CARTESIAN_POINT('',(1.73,1.184610418071E-23,4.));
#8524 = VECTOR('',#8525,1.);
#8525 = DIRECTION('',(-0.5,0.866025403784,0.));
#8526 = ORIENTED_EDGE('',*,*,#8527,.F.);
#8527 = EDGE_CURVE('',#8528,#8518,#8530,.T.);
#8528 = VERTEX_POINT('',#8529);
#8529 = CARTESIAN_POINT('',(0.865,-1.498223948547,4.));
#8530 = LINE('',#8531,#8532);
#8531 = CARTESIAN_POINT('',(0.865,-1.498223948547,4.));
#8532 = VECTOR('',#8533,1.);
#8533 = DIRECTION('',(0.5,0.866025403784,0.));
#8534 = ORIENTED_EDGE('',*,*,#8535,.F.);
#8535 = EDGE_CURVE('',#8536,#8528,#8538,.T.);
#8536 = VERTEX_POINT('',#8537);
#8537 = CARTESIAN_POINT('',(-0.865,-1.498223948547,4.));
#8538 = LINE('',#8539,#8540);
#8539 = CARTESIAN_POINT('',(-0.865,-1.498223948547,4.));
#8540 = VECTOR('',#8541,1.);
#8541 = DIRECTION('',(1.,0.,0.));
#8542 = ORIENTED_EDGE('',*,*,#8543,.F.);
#8543 = EDGE_CURVE('',#8544,#8536,#8546,.T.);
#8544 = VERTEX_POINT('',#8545);
#8545 = CARTESIAN_POINT('',(-1.73,0.,4.));
#8546 = LINE('',#8547,#8548);
#8547 = CARTESIAN_POINT('',(-1.73,0.,4.));
#8548 = VECTOR('',#8549,1.);
#8549 = DIRECTION('',(0.5,-0.866025403784,0.));
#8550 = ORIENTED_EDGE('',*,*,#8551,.F.);
#8551 = EDGE_CURVE('',#8552,#8544,#8554,.T.);
#8552 = VERTEX_POINT('',#8553);
#8553 = CARTESIAN_POINT('',(-0.865,1.498223948547,4.));
#8554 = LINE('',#8555,#8556);
#8555 = CARTESIAN_POINT('',(-0.865,1.498223948547,4.));
#8556 = VECTOR('',#8557,1.);
#8557 = DIRECTION('',(-0.5,-0.866025403784,0.));
#8558 = ORIENTED_EDGE('',*,*,#8559,.F.);
#8559 = EDGE_CURVE('',#8520,#8552,#8560,.T.);
#8560 = LINE('',#8561,#8562);
#8561 = CARTESIAN_POINT('',(0.865,1.498223948547,4.));
#8562 = VECTOR('',#8563,1.);
#8563 = DIRECTION('',(-1.,0.,0.));
#8564 = PLANE('',#8565);
#8565 = AXIS2_PLACEMENT_3D('',#8566,#8567,#8568);
#8566 = CARTESIAN_POINT('',(-1.953485903628E-16,-1.428754599005E-16,4.)
  );
#8567 = DIRECTION('',(0.,0.,1.));
#8568 = DIRECTION('',(1.,0.,-0.));
#8569 = ADVANCED_FACE('',(#8570),#8595,.F.);
#8570 = FACE_BOUND('',#8571,.F.);
#8571 = EDGE_LOOP('',(#8572,#8580,#8588,#8594));
#8572 = ORIENTED_EDGE('',*,*,#8573,.T.);
#8573 = EDGE_CURVE('',#8518,#8574,#8576,.T.);
#8574 = VERTEX_POINT('',#8575);
#8575 = CARTESIAN_POINT('',(1.73,1.184610418071E-23,2.));
#8576 = LINE('',#8577,#8578);
#8577 = CARTESIAN_POINT('',(1.73,1.184610418071E-23,4.));
#8578 = VECTOR('',#8579,1.);
#8579 = DIRECTION('',(-0.,-0.,-1.));
#8580 = ORIENTED_EDGE('',*,*,#8581,.T.);
#8581 = EDGE_CURVE('',#8574,#8582,#8584,.T.);
#8582 = VERTEX_POINT('',#8583);
#8583 = CARTESIAN_POINT('',(0.865,1.498223948547,2.));
#8584 = LINE('',#8585,#8586);
#8585 = CARTESIAN_POINT('',(1.73,1.184610418071E-23,2.));
#8586 = VECTOR('',#8587,1.);
#8587 = DIRECTION('',(-0.5,0.866025403784,0.));
#8588 = ORIENTED_EDGE('',*,*,#8589,.F.);
#8589 = EDGE_CURVE('',#8520,#8582,#8590,.T.);
#8590 = LINE('',#8591,#8592);
#8591 = CARTESIAN_POINT('',(0.865,1.498223948547,4.));
#8592 = VECTOR('',#8593,1.);
#8593 = DIRECTION('',(-0.,-0.,-1.));
#8594 = ORIENTED_EDGE('',*,*,#8517,.F.);
#8595 = PLANE('',#8596);
#8596 = AXIS2_PLACEMENT_3D('',#8597,#8598,#8599);
#8597 = CARTESIAN_POINT('',(1.73,1.184610418071E-23,4.));
#8598 = DIRECTION('',(0.866025403784,0.5,0.));
#8599 = DIRECTION('',(-0.5,0.866025403784,0.));
#8600 = ADVANCED_FACE('',(#8601),#8619,.F.);
#8601 = FACE_BOUND('',#8602,.F.);
#8602 = EDGE_LOOP('',(#8603,#8604,#8612,#8618));
#8603 = ORIENTED_EDGE('',*,*,#8589,.T.);
#8604 = ORIENTED_EDGE('',*,*,#8605,.T.);
#8605 = EDGE_CURVE('',#8582,#8606,#8608,.T.);
#8606 = VERTEX_POINT('',#8607);
#8607 = CARTESIAN_POINT('',(-0.865,1.498223948547,2.));
#8608 = LINE('',#8609,#8610);
#8609 = CARTESIAN_POINT('',(0.865,1.498223948547,2.));
#8610 = VECTOR('',#8611,1.);
#8611 = DIRECTION('',(-1.,0.,0.));
#8612 = ORIENTED_EDGE('',*,*,#8613,.F.);
#8613 = EDGE_CURVE('',#8552,#8606,#8614,.T.);
#8614 = LINE('',#8615,#8616);
#8615 = CARTESIAN_POINT('',(-0.865,1.498223948547,4.));
#8616 = VECTOR('',#8617,1.);
#8617 = DIRECTION('',(-0.,-0.,-1.));
#8618 = ORIENTED_EDGE('',*,*,#8559,.F.);
#8619 = PLANE('',#8620);
#8620 = AXIS2_PLACEMENT_3D('',#8621,#8622,#8623);
#8621 = CARTESIAN_POINT('',(0.865,1.498223948547,4.));
#8622 = DIRECTION('',(0.,1.,0.));
#8623 = DIRECTION('',(-1.,0.,0.));
#8624 = ADVANCED_FACE('',(#8625),#8643,.F.);
#8625 = FACE_BOUND('',#8626,.F.);
#8626 = EDGE_LOOP('',(#8627,#8628,#8636,#8642));
#8627 = ORIENTED_EDGE('',*,*,#8613,.T.);
#8628 = ORIENTED_EDGE('',*,*,#8629,.T.);
#8629 = EDGE_CURVE('',#8606,#8630,#8632,.T.);
#8630 = VERTEX_POINT('',#8631);
#8631 = CARTESIAN_POINT('',(-1.73,0.,2.));
#8632 = LINE('',#8633,#8634);
#8633 = CARTESIAN_POINT('',(-0.865,1.498223948547,2.));
#8634 = VECTOR('',#8635,1.);
#8635 = DIRECTION('',(-0.5,-0.866025403784,0.));
#8636 = ORIENTED_EDGE('',*,*,#8637,.F.);
#8637 = EDGE_CURVE('',#8544,#8630,#8638,.T.);
#8638 = LINE('',#8639,#8640);
#8639 = CARTESIAN_POINT('',(-1.73,0.,4.));
#8640 = VECTOR('',#8641,1.);
#8641 = DIRECTION('',(-0.,-0.,-1.));
#8642 = ORIENTED_EDGE('',*,*,#8551,.F.);
#8643 = PLANE('',#8644);
#8644 = AXIS2_PLACEMENT_3D('',#8645,#8646,#8647);
#8645 = CARTESIAN_POINT('',(-0.865,1.498223948547,4.));
#8646 = DIRECTION('',(-0.866025403784,0.5,0.));
#8647 = DIRECTION('',(-0.5,-0.866025403784,0.));
#8648 = ADVANCED_FACE('',(#8649),#8667,.F.);
#8649 = FACE_BOUND('',#8650,.F.);
#8650 = EDGE_LOOP('',(#8651,#8652,#8660,#8666));
#8651 = ORIENTED_EDGE('',*,*,#8637,.T.);
#8652 = ORIENTED_EDGE('',*,*,#8653,.T.);
#8653 = EDGE_CURVE('',#8630,#8654,#8656,.T.);
#8654 = VERTEX_POINT('',#8655);
#8655 = CARTESIAN_POINT('',(-0.865,-1.498223948547,2.));
#8656 = LINE('',#8657,#8658);
#8657 = CARTESIAN_POINT('',(-1.73,0.,2.));
#8658 = VECTOR('',#8659,1.);
#8659 = DIRECTION('',(0.5,-0.866025403784,0.));
#8660 = ORIENTED_EDGE('',*,*,#8661,.F.);
#8661 = EDGE_CURVE('',#8536,#8654,#8662,.T.);
#8662 = LINE('',#8663,#8664);
#8663 = CARTESIAN_POINT('',(-0.865,-1.498223948547,4.));
#8664 = VECTOR('',#8665,1.);
#8665 = DIRECTION('',(-0.,-0.,-1.));
#8666 = ORIENTED_EDGE('',*,*,#8543,.F.);
#8667 = PLANE('',#8668);
#8668 = AXIS2_PLACEMENT_3D('',#8669,#8670,#8671);
#8669 = CARTESIAN_POINT('',(-1.73,0.,4.));
#8670 = DIRECTION('',(-0.866025403784,-0.5,0.));
#8671 = DIRECTION('',(0.5,-0.866025403784,0.));
#8672 = ADVANCED_FACE('',(#8673),#8691,.F.);
#8673 = FACE_BOUND('',#8674,.F.);
#8674 = EDGE_LOOP('',(#8675,#8676,#8684,#8690));
#8675 = ORIENTED_EDGE('',*,*,#8661,.T.);
#8676 = ORIENTED_EDGE('',*,*,#8677,.T.);
#8677 = EDGE_CURVE('',#8654,#8678,#8680,.T.);
#8678 = VERTEX_POINT('',#8679);
#8679 = CARTESIAN_POINT('',(0.865,-1.498223948547,2.));
#8680 = LINE('',#8681,#8682);
#8681 = CARTESIAN_POINT('',(-0.865,-1.498223948547,2.));
#8682 = VECTOR('',#8683,1.);
#8683 = DIRECTION('',(1.,0.,0.));
#8684 = ORIENTED_EDGE('',*,*,#8685,.F.);
#8685 = EDGE_CURVE('',#8528,#8678,#8686,.T.);
#8686 = LINE('',#8687,#8688);
#8687 = CARTESIAN_POINT('',(0.865,-1.498223948547,4.));
#8688 = VECTOR('',#8689,1.);
#8689 = DIRECTION('',(-0.,-0.,-1.));
#8690 = ORIENTED_EDGE('',*,*,#8535,.F.);
#8691 = PLANE('',#8692);
#8692 = AXIS2_PLACEMENT_3D('',#8693,#8694,#8695);
#8693 = CARTESIAN_POINT('',(-0.865,-1.498223948547,4.));
#8694 = DIRECTION('',(0.,-1.,0.));
#8695 = DIRECTION('',(1.,0.,0.));
#8696 = ADVANCED_FACE('',(#8697),#8708,.F.);
#8697 = FACE_BOUND('',#8698,.F.);
#8698 = EDGE_LOOP('',(#8699,#8700,#8706,#8707));
#8699 = ORIENTED_EDGE('',*,*,#8685,.T.);
#8700 = ORIENTED_EDGE('',*,*,#8701,.T.);
#8701 = EDGE_CURVE('',#8678,#8574,#8702,.T.);
#8702 = LINE('',#8703,#8704);
#8703 = CARTESIAN_POINT('',(0.865,-1.498223948547,2.));
#8704 = VECTOR('',#8705,1.);
#8705 = DIRECTION('',(0.5,0.866025403784,0.));
#8706 = ORIENTED_EDGE('',*,*,#8573,.F.);
#8707 = ORIENTED_EDGE('',*,*,#8527,.F.);
#8708 = PLANE('',#8709);
#8709 = AXIS2_PLACEMENT_3D('',#8710,#8711,#8712);
#8710 = CARTESIAN_POINT('',(0.865,-1.498223948547,4.));
#8711 = DIRECTION('',(0.866025403784,-0.5,0.));
#8712 = DIRECTION('',(0.5,0.866025403784,0.));
#8713 = ADVANCED_FACE('',(#8714),#8722,.T.);
#8714 = FACE_BOUND('',#8715,.T.);
#8715 = EDGE_LOOP('',(#8716,#8717,#8718,#8719,#8720,#8721));
#8716 = ORIENTED_EDGE('',*,*,#8581,.T.);
#8717 = ORIENTED_EDGE('',*,*,#8605,.T.);
#8718 = ORIENTED_EDGE('',*,*,#8629,.T.);
#8719 = ORIENTED_EDGE('',*,*,#8653,.T.);
#8720 = ORIENTED_EDGE('',*,*,#8677,.T.);
#8721 = ORIENTED_EDGE('',*,*,#8701,.T.);
#8722 = PLANE('',#8723);
#8723 = AXIS2_PLACEMENT_3D('',#8724,#8725,#8726);
#8724 = CARTESIAN_POINT('',(-2.139158043594E-17,2.139158043594E-17,2.));
#8725 = DIRECTION('',(0.,0.,1.));
#8726 = DIRECTION('',(1.,0.,-0.));
#8727 = ( GEOMETRIC_REPRESENTATION_CONTEXT(3) 
GLOBAL_UNCERTAINTY_ASSIGNED_CONTEXT((#8731)) 
GLOBAL_UNIT_ASSIGNED_CONTEXT((#8728,#8729,#8730)) REPRESENTATION_CONTEXT
('Context #1','3D Context with UNIT and UNCERTAINTY') );
#8728 = ( LENGTH_UNIT() NAMED_UNIT(*) SI_UNIT(.MILLI.,.METRE.) );
#8729 = ( NAMED_UNIT(*) PLANE_ANGLE_UNIT() SI_UNIT($,.RADIAN.) );
#8730 = ( NAMED_UNIT(*) SI_UNIT($,.STERADIAN.) SOLID_ANGLE_UNIT() );
#8731 = UNCERTAINTY_MEASURE_WITH_UNIT(LENGTH_MEASURE(1.E-07),#8728,
  'distance_accuracy_value','confusion accuracy');
#8732 = CONTEXT_DEPENDENT_SHAPE_REPRESENTATION(#8733,#8735);
#8733 = ( REPRESENTATION_RELATIONSHIP('','',#8369,#10) 
REPRESENTATION_RELATIONSHIP_WITH_TRANSFORMATION(#8734) 
SHAPE_REPRESENTATION_RELATIONSHIP() );
#8734 = ITEM_DEFINED_TRANSFORMATION('','',#11,#39);
#8735 = PRODUCT_DEFINITION_SHAPE('Placement','Placement of an item',
  #8736);
#8736 = NEXT_ASSEMBLY_USAGE_OCCURRENCE('22','m4_25_006','',#5,#8364,$);
#8737 = PRODUCT_RELATED_PRODUCT_CATEGORY('part',$,(#8366));
#8738 = MECHANICAL_DESIGN_GEOMETRIC_PRESENTATION_REPRESENTATION('',(
    #8739),#5295);
#8739 = STYLED_ITEM('color',(#8740),#5040);
#8740 = PRESENTATION_STYLE_ASSIGNMENT((#8741,#8747));
#8741 = SURFACE_STYLE_USAGE(.BOTH.,#8742);
#8742 = SURFACE_SIDE_STYLE('',(#8743));
#8743 = SURFACE_STYLE_FILL_AREA(#8744);
#8744 = FILL_AREA_STYLE('',(#8745));
#8745 = FILL_AREA_STYLE_COLOUR('',#8746);
#8746 = COLOUR_RGB('',0.447058818107,0.474509808674,0.501960817233);
#8747 = CURVE_STYLE('',#8748,POSITIVE_LENGTH_MEASURE(0.1),#8749);
#8748 = DRAUGHTING_PRE_DEFINED_CURVE_FONT('continuous');
#8749 = COLOUR_RGB('',9.803921802644E-02,9.803921802644E-02,
  9.803921802644E-02);
#8750 = MECHANICAL_DESIGN_GEOMETRIC_PRESENTATION_REPRESENTATION('',(
    #8751),#7599);
#8751 = STYLED_ITEM('color',(#8752),#7242);
#8752 = PRESENTATION_STYLE_ASSIGNMENT((#8753,#8758));
#8753 = SURFACE_STYLE_USAGE(.BOTH.,#8754);
#8754 = SURFACE_SIDE_STYLE('',(#8755));
#8755 = SURFACE_STYLE_FILL_AREA(#8756);
#8756 = FILL_AREA_STYLE('',(#8757));
#8757 = FILL_AREA_STYLE_COLOUR('',#8746);
#8758 = CURVE_STYLE('',#8759,POSITIVE_LENGTH_MEASURE(0.1),#8749);
#8759 = DRAUGHTING_PRE_DEFINED_CURVE_FONT('continuous');
#8760 = MECHANICAL_DESIGN_GEOMETRIC_PRESENTATION_REPRESENTATION('',(
    #8761),#5021);
#8761 = STYLED_ITEM('color',(#8762),#4766);
#8762 = PRESENTATION_STYLE_ASSIGNMENT((#8763,#8768));
#8763 = SURFACE_STYLE_USAGE(.BOTH.,#8764);
#8764 = SURFACE_SIDE_STYLE('',(#8765));
#8765 = SURFACE_STYLE_FILL_AREA(#8766);
#8766 = FILL_AREA_STYLE('',(#8767));
#8767 = FILL_AREA_STYLE_COLOUR('',#8746);
#8768 = CURVE_STYLE('',#8769,POSITIVE_LENGTH_MEASURE(0.1),#8749);
#8769 = DRAUGHTING_PRE_DEFINED_CURVE_FONT('continuous');
#8770 = MECHANICAL_DESIGN_GEOMETRIC_PRESENTATION_REPRESENTATION('',(
    #8771),#8351);
#8771 = STYLED_ITEM('color',(#8772),#7994);
#8772 = PRESENTATION_STYLE_ASSIGNMENT((#8773,#8778));
#8773 = SURFACE_STYLE_USAGE(.BOTH.,#8774);
#8774 = SURFACE_SIDE_STYLE('',(#8775));
#8775 = SURFACE_STYLE_FILL_AREA(#8776);
#8776 = FILL_AREA_STYLE('',(#8777));
#8777 = FILL_AREA_STYLE_COLOUR('',#8746);
#8778 = CURVE_STYLE('',#8779,POSITIVE_LENGTH_MEASURE(0.1),#8749);
#8779 = DRAUGHTING_PRE_DEFINED_CURVE_FONT('continuous');
#8780 = MECHANICAL_DESIGN_GEOMETRIC_PRESENTATION_REPRESENTATION('',(
    #8781),#6471);
#8781 = STYLED_ITEM('color',(#8782),#5862);
#8782 = PRESENTATION_STYLE_ASSIGNMENT((#8783,#8789));
#8783 = SURFACE_STYLE_USAGE(.BOTH.,#8784);
#8784 = SURFACE_SIDE_STYLE('',(#8785));
#8785 = SURFACE_STYLE_FILL_AREA(#8786);
#8786 = FILL_AREA_STYLE('',(#8787));
#8787 = FILL_AREA_STYLE_COLOUR('',#8788);
#8788 = COLOUR_RGB('',0.627451011593,0.627451011593,0.627451011593);
#8789 = CURVE_STYLE('',#8790,POSITIVE_LENGTH_MEASURE(0.1),#8749);
#8790 = DRAUGHTING_PRE_DEFINED_CURVE_FONT('continuous');
#8791 = MECHANICAL_DESIGN_GEOMETRIC_PRESENTATION_REPRESENTATION('',(
    #8792),#1943);
#8792 = STYLED_ITEM('color',(#8793),#1334);
#8793 = PRESENTATION_STYLE_ASSIGNMENT((#8794,#8799));
#8794 = SURFACE_STYLE_USAGE(.BOTH.,#8795);
#8795 = SURFACE_SIDE_STYLE('',(#8796));
#8796 = SURFACE_STYLE_FILL_AREA(#8797);
#8797 = FILL_AREA_STYLE('',(#8798));
#8798 = FILL_AREA_STYLE_COLOUR('',#8788);
#8799 = CURVE_STYLE('',#8800,POSITIVE_LENGTH_MEASURE(0.1),#8749);
#8800 = DRAUGHTING_PRE_DEFINED_CURVE_FONT('continuous');
#8801 = MECHANICAL_DESIGN_GEOMETRIC_PRESENTATION_REPRESENTATION('',(
    #8802),#3071);
#8802 = STYLED_ITEM('color',(#8803),#2714);
#8803 = PRESENTATION_STYLE_ASSIGNMENT((#8804,#8809));
#8804 = SURFACE_STYLE_USAGE(.BOTH.,#8805);
#8805 = SURFACE_SIDE_STYLE('',(#8806));
#8806 = SURFACE_STYLE_FILL_AREA(#8807);
#8807 = FILL_AREA_STYLE('',(#8808));
#8808 = FILL_AREA_STYLE_COLOUR('',#8746);
#8809 = CURVE_STYLE('',#8810,POSITIVE_LENGTH_MEASURE(0.1),#8749);
#8810 = DRAUGHTING_PRE_DEFINED_CURVE_FONT('continuous');
#8811 = MECHANICAL_DESIGN_GEOMETRIC_PRESENTATION_REPRESENTATION('',(
    #8812),#4747);
#8812 = STYLED_ITEM('color',(#8813),#4492);
#8813 = PRESENTATION_STYLE_ASSIGNMENT((#8814,#8819));
#8814 = SURFACE_STYLE_USAGE(.BOTH.,#8815);
#8815 = SURFACE_SIDE_STYLE('',(#8816));
#8816 = SURFACE_STYLE_FILL_AREA(#8817);
#8817 = FILL_AREA_STYLE('',(#8818));
#8818 = FILL_AREA_STYLE_COLOUR('',#8746);
#8819 = CURVE_STYLE('',#8820,POSITIVE_LENGTH_MEASURE(0.1),#8749);
#8820 = DRAUGHTING_PRE_DEFINED_CURVE_FONT('continuous');
#8821 = MECHANICAL_DESIGN_GEOMETRIC_PRESENTATION_REPRESENTATION('',(
    #8822),#6847);
#8822 = STYLED_ITEM('color',(#8823),#6490);
#8823 = PRESENTATION_STYLE_ASSIGNMENT((#8824,#8829));
#8824 = SURFACE_STYLE_USAGE(.BOTH.,#8825);
#8825 = SURFACE_SIDE_STYLE('',(#8826));
#8826 = SURFACE_STYLE_FILL_AREA(#8827);
#8827 = FILL_AREA_STYLE('',(#8828));
#8828 = FILL_AREA_STYLE_COLOUR('',#8746);
#8829 = CURVE_STYLE('',#8830,POSITIVE_LENGTH_MEASURE(0.1),#8749);
#8830 = DRAUGHTING_PRE_DEFINED_CURVE_FONT('continuous');
#8831 = MECHANICAL_DESIGN_GEOMETRIC_PRESENTATION_REPRESENTATION('',(
    #8832),#3823);
#8832 = STYLED_ITEM('color',(#8833),#3466);
#8833 = PRESENTATION_STYLE_ASSIGNMENT((#8834,#8839));
#8834 = SURFACE_STYLE_USAGE(.BOTH.,#8835);
#8835 = SURFACE_SIDE_STYLE('',(#8836));
#8836 = SURFACE_STYLE_FILL_AREA(#8837);
#8837 = FILL_AREA_STYLE('',(#8838));
#8838 = FILL_AREA_STYLE_COLOUR('',#8746);
#8839 = CURVE_STYLE('',#8840,POSITIVE_LENGTH_MEASURE(0.1),#8749);
#8840 = DRAUGHTING_PRE_DEFINED_CURVE_FONT('continuous');
#8841 = MECHANICAL_DESIGN_GEOMETRIC_PRESENTATION_REPRESENTATION('',(
    #8842),#4473);
#8842 = STYLED_ITEM('color',(#8843),#4218);
#8843 = PRESENTATION_STYLE_ASSIGNMENT((#8844,#8849));
#8844 = SURFACE_STYLE_USAGE(.BOTH.,#8845);
#8845 = SURFACE_SIDE_STYLE('',(#8846));
#8846 = SURFACE_STYLE_FILL_AREA(#8847);
#8847 = FILL_AREA_STYLE('',(#8848));
#8848 = FILL_AREA_STYLE_COLOUR('',#8746);
#8849 = CURVE_STYLE('',#8850,POSITIVE_LENGTH_MEASURE(0.1),#8749);
#8850 = DRAUGHTING_PRE_DEFINED_CURVE_FONT('continuous');
#8851 = MECHANICAL_DESIGN_GEOMETRIC_PRESENTATION_REPRESENTATION('',(
    #8852),#2319);
#8852 = STYLED_ITEM('color',(#8853),#1962);
#8853 = PRESENTATION_STYLE_ASSIGNMENT((#8854,#8859));
#8854 = SURFACE_STYLE_USAGE(.BOTH.,#8855);
#8855 = SURFACE_SIDE_STYLE('',(#8856));
#8856 = SURFACE_STYLE_FILL_AREA(#8857);
#8857 = FILL_AREA_STYLE('',(#8858));
#8858 = FILL_AREA_STYLE_COLOUR('',#8746);
#8859 = CURVE_STYLE('',#8860,POSITIVE_LENGTH_MEASURE(0.1),#8749);
#8860 = DRAUGHTING_PRE_DEFINED_CURVE_FONT('continuous');
#8861 = MECHANICAL_DESIGN_GEOMETRIC_PRESENTATION_REPRESENTATION('',(
    #8862),#5569);
#8862 = STYLED_ITEM('color',(#8863),#5314);
#8863 = PRESENTATION_STYLE_ASSIGNMENT((#8864,#8869));
#8864 = SURFACE_STYLE_USAGE(.BOTH.,#8865);
#8865 = SURFACE_SIDE_STYLE('',(#8866));
#8866 = SURFACE_STYLE_FILL_AREA(#8867);
#8867 = FILL_AREA_STYLE('',(#8868));
#8868 = FILL_AREA_STYLE_COLOUR('',#8746);
#8869 = CURVE_STYLE('',#8870,POSITIVE_LENGTH_MEASURE(0.1),#8749);
#8870 = DRAUGHTING_PRE_DEFINED_CURVE_FONT('continuous');
#8871 = MECHANICAL_DESIGN_GEOMETRIC_PRESENTATION_REPRESENTATION('',(
    #8872),#8727);
#8872 = STYLED_ITEM('color',(#8873),#8370);
#8873 = PRESENTATION_STYLE_ASSIGNMENT((#8874,#8879));
#8874 = SURFACE_STYLE_USAGE(.BOTH.,#8875);
#8875 = SURFACE_SIDE_STYLE('',(#8876));
#8876 = SURFACE_STYLE_FILL_AREA(#8877);
#8877 = FILL_AREA_STYLE('',(#8878));
#8878 = FILL_AREA_STYLE_COLOUR('',#8746);
#8879 = CURVE_STYLE('',#8880,POSITIVE_LENGTH_MEASURE(0.1),#8749);
#8880 = DRAUGHTING_PRE_DEFINED_CURVE_FONT('continuous');
#8881 = MECHANICAL_DESIGN_GEOMETRIC_PRESENTATION_REPRESENTATION('',(
    #8882),#7223);
#8882 = STYLED_ITEM('color',(#8883),#6866);
#8883 = PRESENTATION_STYLE_ASSIGNMENT((#8884,#8889));
#8884 = SURFACE_STYLE_USAGE(.BOTH.,#8885);
#8885 = SURFACE_SIDE_STYLE('',(#8886));
#8886 = SURFACE_STYLE_FILL_AREA(#8887);
#8887 = FILL_AREA_STYLE('',(#8888));
#8888 = FILL_AREA_STYLE_COLOUR('',#8746);
#8889 = CURVE_STYLE('',#8890,POSITIVE_LENGTH_MEASURE(0.1),#8749);
#8890 = DRAUGHTING_PRE_DEFINED_CURVE_FONT('continuous');
#8891 = MECHANICAL_DESIGN_GEOMETRIC_PRESENTATION_REPRESENTATION('',(
    #8892),#2695);
#8892 = STYLED_ITEM('color',(#8893),#2338);
#8893 = PRESENTATION_STYLE_ASSIGNMENT((#8894,#8899));
#8894 = SURFACE_STYLE_USAGE(.BOTH.,#8895);
#8895 = SURFACE_SIDE_STYLE('',(#8896));
#8896 = SURFACE_STYLE_FILL_AREA(#8897);
#8897 = FILL_AREA_STYLE('',(#8898));
#8898 = FILL_AREA_STYLE_COLOUR('',#8746);
#8899 = CURVE_STYLE('',#8900,POSITIVE_LENGTH_MEASURE(0.1),#8749);
#8900 = DRAUGHTING_PRE_DEFINED_CURVE_FONT('continuous');
#8901 = MECHANICAL_DESIGN_GEOMETRIC_PRESENTATION_REPRESENTATION('',(
    #8902),#5843);
#8902 = STYLED_ITEM('color',(#8903),#5588);
#8903 = PRESENTATION_STYLE_ASSIGNMENT((#8904,#8909));
#8904 = SURFACE_STYLE_USAGE(.BOTH.,#8905);
#8905 = SURFACE_SIDE_STYLE('',(#8906));
#8906 = SURFACE_STYLE_FILL_AREA(#8907);
#8907 = FILL_AREA_STYLE('',(#8908));
#8908 = FILL_AREA_STYLE_COLOUR('',#8746);
#8909 = CURVE_STYLE('',#8910,POSITIVE_LENGTH_MEASURE(0.1),#8749);
#8910 = DRAUGHTING_PRE_DEFINED_CURVE_FONT('continuous');
#8911 = MECHANICAL_DESIGN_GEOMETRIC_PRESENTATION_REPRESENTATION('',(
    #8912),#4199);
#8912 = STYLED_ITEM('color',(#8913),#3842);
#8913 = PRESENTATION_STYLE_ASSIGNMENT((#8914,#8919));
#8914 = SURFACE_STYLE_USAGE(.BOTH.,#8915);
#8915 = SURFACE_SIDE_STYLE('',(#8916));
#8916 = SURFACE_STYLE_FILL_AREA(#8917);
#8917 = FILL_AREA_STYLE('',(#8918));
#8918 = FILL_AREA_STYLE_COLOUR('',#8746);
#8919 = CURVE_STYLE('',#8920,POSITIVE_LENGTH_MEASURE(0.1),#8749);
#8920 = DRAUGHTING_PRE_DEFINED_CURVE_FONT('continuous');
#8921 = MECHANICAL_DESIGN_GEOMETRIC_PRESENTATION_REPRESENTATION('',(
    #8922),#7975);
#8922 = STYLED_ITEM('color',(#8923),#7618);
#8923 = PRESENTATION_STYLE_ASSIGNMENT((#8924,#8929));
#8924 = SURFACE_STYLE_USAGE(.BOTH.,#8925);
#8925 = SURFACE_SIDE_STYLE('',(#8926));
#8926 = SURFACE_STYLE_FILL_AREA(#8927);
#8927 = FILL_AREA_STYLE('',(#8928));
#8928 = FILL_AREA_STYLE_COLOUR('',#8746);
#8929 = CURVE_STYLE('',#8930,POSITIVE_LENGTH_MEASURE(0.1),#8749);
#8930 = DRAUGHTING_PRE_DEFINED_CURVE_FONT('continuous');
#8931 = MECHANICAL_DESIGN_GEOMETRIC_PRESENTATION_REPRESENTATION('',(
    #8932),#3447);
#8932 = STYLED_ITEM('color',(#8933),#3090);
#8933 = PRESENTATION_STYLE_ASSIGNMENT((#8934,#8939));
#8934 = SURFACE_STYLE_USAGE(.BOTH.,#8935);
#8935 = SURFACE_SIDE_STYLE('',(#8936));
#8936 = SURFACE_STYLE_FILL_AREA(#8937);
#8937 = FILL_AREA_STYLE('',(#8938));
#8938 = FILL_AREA_STYLE_COLOUR('',#8746);
#8939 = CURVE_STYLE('',#8940,POSITIVE_LENGTH_MEASURE(0.1),#8749);
#8940 = DRAUGHTING_PRE_DEFINED_CURVE_FONT('continuous');
#8941 = MECHANICAL_DESIGN_GEOMETRIC_PRESENTATION_REPRESENTATION('',(
    #8942),#1315);
#8942 = STYLED_ITEM('color',(#8943),#136);
#8943 = PRESENTATION_STYLE_ASSIGNMENT((#8944,#8949));
#8944 = SURFACE_STYLE_USAGE(.BOTH.,#8945);
#8945 = SURFACE_SIDE_STYLE('',(#8946));
#8946 = SURFACE_STYLE_FILL_AREA(#8947);
#8947 = FILL_AREA_STYLE('',(#8948));
#8948 = FILL_AREA_STYLE_COLOUR('',#8788);
#8949 = CURVE_STYLE('',#8950,POSITIVE_LENGTH_MEASURE(0.1),#8749);
#8950 = DRAUGHTING_PRE_DEFINED_CURVE_FONT('continuous');
ENDSEC;
END-ISO-10303-21;
