ISO-10303-21;
HEADER;
FILE_DESCRIPTION(('FreeCAD Model'),'2;1');
FILE_NAME('Open CASCADE Shape Model','2026-09-28T16:11:30',('Author'),(
    ''),'Open CASCADE STEP processor 7.8','FreeCAD','Unknown');
FILE_SCHEMA(('AUTOMOTIVE_DESIGN { 1 0 10303 214 1 1 1 1 }'));
ENDSEC;
DATA;
#1 = APPLICATION_PROTOCOL_DEFINITION('international standard',
  'automotive_design',2000,#2);
#2 = APPLICATION_CONTEXT(
  'core data for automotive mechanical design processes');
#3 = SHAPE_DEFINITION_REPRESENTATION(#4,#10);
#4 = PRODUCT_DEFINITION_SHAPE('','',#5);
#5 = PRODUCT_DEFINITION('design','',#6,#9);
#6 = PRODUCT_DEFINITION_FORMATION('','',#7);
#7 = PRODUCT('Assembly','Assembly','',(#8));
#8 = PRODUCT_CONTEXT('',#2,'mechanical');
#9 = PRODUCT_DEFINITION_CONTEXT('part definition',#2,'design');
#10 = SHAPE_REPRESENTATION('',(#11,#15,#19,#23,#27,#31,#35,#39,#43,#47,
    #51,#55,#59,#63,#67,#71),#75);
#11 = AXIS2_PLACEMENT_3D('',#12,#13,#14);
#12 = CARTESIAN_POINT('',(0.,0.,0.));
#13 = DIRECTION('',(0.,0.,1.));
#14 = DIRECTION('',(1.,0.,-0.));
#15 = AXIS2_PLACEMENT_3D('',#16,#17,#18);
#16 = CARTESIAN_POINT('',(0.,0.,0.));
#17 = DIRECTION('',(0.,0.,1.));
#18 = DIRECTION('',(1.,0.,0.));
#19 = AXIS2_PLACEMENT_3D('',#20,#21,#22);
#20 = CARTESIAN_POINT('',(8.881784197001E-16,-2.520767909294E-16,20.));
#21 = DIRECTION('',(0.,0.,1.));
#22 = DIRECTION('',(1.,0.,0.));
#23 = AXIS2_PLACEMENT_3D('',#24,#25,#26);
#24 = CARTESIAN_POINT('',(25.98,-15.,-6.));
#25 = DIRECTION('',(1.615587133893E-27,1.665334536938E-16,-1.));
#26 = DIRECTION('',(1.,-1.615587133893E-27,1.615587133893E-27));
#27 = AXIS2_PLACEMENT_3D('',#28,#29,#30);
#28 = CARTESIAN_POINT('',(-5.329070518201E-15,30.,-6.));
#29 = DIRECTION('',(0.,0.,-1.));
#30 = DIRECTION('',(1.,0.,0.));
#31 = AXIS2_PLACEMENT_3D('',#32,#33,#34);
#32 = CARTESIAN_POINT('',(-5.329070518201E-15,-30.,-6.));
#33 = DIRECTION('',(0.,0.,-1.));
#34 = DIRECTION('',(1.,0.,0.));
#35 = AXIS2_PLACEMENT_3D('',#36,#37,#38);
#36 = CARTESIAN_POINT('',(25.98,15.,-6.));
#37 = DIRECTION('',(-6.310887241768E-29,1.665334536938E-16,-1.));
#38 = DIRECTION('',(1.,1.514612938024E-28,-6.310887241768E-29));
#39 = AXIS2_PLACEMENT_3D('',#40,#41,#42);
#40 = CARTESIAN_POINT('',(-25.98,-15.,-6.));
#41 = DIRECTION('',(0.,0.,-1.));
#42 = DIRECTION('',(1.,0.,0.));
#43 = AXIS2_PLACEMENT_3D('',#44,#45,#46);
#44 = CARTESIAN_POINT('',(-25.98,15.,-6.));
#45 = DIRECTION('',(0.,0.,-1.));
#46 = DIRECTION('',(1.,0.,0.));
#47 = AXIS2_PLACEMENT_3D('',#48,#49,#50);
#48 = CARTESIAN_POINT('',(25.98,-15.,26.));
#49 = DIRECTION('',(-3.081487910302E-33,-1.224646799147E-16,1.));
#50 = DIRECTION('',(1.,-1.886867152981E-49,3.081487910302E-33));
#51 = AXIS2_PLACEMENT_3D('',#52,#53,#54);
#52 = CARTESIAN_POINT('',(25.98,15.,26.));
#53 = DIRECTION('',(0.,-1.224646799147E-16,1.));
#54 = DIRECTION('',(1.,0.,0.));
#55 = AXIS2_PLACEMENT_3D('',#56,#57,#58);
#56 = CARTESIAN_POINT('',(8.881784197001E-16,30.,26.));
#57 = DIRECTION('',(0.,-1.224646799147E-16,1.));
#58 = DIRECTION('',(1.,0.,0.));
#59 = AXIS2_PLACEMENT_3D('',#60,#61,#62);
#60 = CARTESIAN_POINT('',(-25.98,15.,26.));
#61 = DIRECTION('',(0.,-1.224646799147E-16,1.));
#62 = DIRECTION('',(1.,0.,0.));
#63 = AXIS2_PLACEMENT_3D('',#64,#65,#66);
#64 = CARTESIAN_POINT('',(8.881784197001E-16,-30.,26.));
#65 = DIRECTION('',(0.,-1.224646799147E-16,1.));
#66 = DIRECTION('',(1.,0.,0.));
#67 = AXIS2_PLACEMENT_3D('',#68,#69,#70);
#68 = CARTESIAN_POINT('',(-25.98,-15.,26.));
#69 = DIRECTION('',(0.,-1.224646799147E-16,1.));
#70 = DIRECTION('',(1.,0.,0.));
#71 = AXIS2_PLACEMENT_3D('',#72,#73,#74);
#72 = CARTESIAN_POINT('',(-5.329070518201E-15,-1.709324876758E-15,0.));
#73 = DIRECTION('',(0.,0.,-1.));
#74 = DIRECTION('',(1.,0.,0.));
#75 = ( GEOMETRIC_REPRESENTATION_CONTEXT(3) 
GLOBAL_UNCERTAINTY_ASSIGNED_CONTEXT((#79)) GLOBAL_UNIT_ASSIGNED_CONTEXT(
(#76,#77,#78)) REPRESENTATION_CONTEXT('Context #1',
  '3D Context with UNIT and UNCERTAINTY') );
#76 = ( LENGTH_UNIT() NAMED_UNIT(*) SI_UNIT(.MILLI.,.METRE.) );
#77 = ( NAMED_UNIT(*) PLANE_ANGLE_UNIT() SI_UNIT($,.RADIAN.) );
#78 = ( NAMED_UNIT(*) SI_UNIT($,.STERADIAN.) SOLID_ANGLE_UNIT() );
#79 = UNCERTAINTY_MEASURE_WITH_UNIT(LENGTH_MEASURE(1.E-07),#76,
  'distance_accuracy_value','confusion accuracy');
#80 = PRODUCT_RELATED_PRODUCT_CATEGORY('part',$,(#7));
#81 = SHAPE_DEFINITION_REPRESENTATION(#82,#88);
#82 = PRODUCT_DEFINITION_SHAPE('','',#83);
#83 = PRODUCT_DEFINITION('design','',#84,#87);
#84 = PRODUCT_DEFINITION_FORMATION('','',#85);
#85 = PRODUCT('cavity_casette','cavity_casette','',(#86));
#86 = PRODUCT_CONTEXT('',#2,'mechanical');
#87 = PRODUCT_DEFINITION_CONTEXT('part definition',#2,'design');
#88 = ADVANCED_BREP_SHAPE_REPRESENTATION('',(#11,#89),#1268);
#89 = MANIFOLD_SOLID_BREP('',#90);
#90 = CLOSED_SHELL('',(#91,#133,#448,#473,#505,#530,#548,#831,#853,#870,
    #882,#899,#916,#933,#945,#962,#979,#996,#1013,#1030,#1047,#1064,
    #1081,#1098,#1115,#1132,#1149,#1166,#1183,#1200,#1217,#1234,#1251));
#91 = ADVANCED_FACE('',(#92),#128,.F.);
#92 = FACE_BOUND('',#93,.F.);
#93 = EDGE_LOOP('',(#94,#105,#113,#122));
#94 = ORIENTED_EDGE('',*,*,#95,.F.);
#95 = EDGE_CURVE('',#96,#98,#100,.T.);
#96 = VERTEX_POINT('',#97);
#97 = CARTESIAN_POINT('',(-19.06861265204,42.410352645624,0.));
#98 = VERTEX_POINT('',#99);
#99 = CARTESIAN_POINT('',(-27.19669981116,37.717231067262,0.));
#100 = CIRCLE('',#101,4.75);
#101 = AXIS2_PLACEMENT_3D('',#102,#103,#104);
#102 = CARTESIAN_POINT('',(-23.5,40.7,0.));
#103 = DIRECTION('',(0.,0.,-1.));
#104 = DIRECTION('',(-1.,0.,0.));
#105 = ORIENTED_EDGE('',*,*,#106,.F.);
#106 = EDGE_CURVE('',#107,#96,#109,.T.);
#107 = VERTEX_POINT('',#108);
#108 = CARTESIAN_POINT('',(-19.06861265204,42.410352645624,20.));
#109 = LINE('',#110,#111);
#110 = CARTESIAN_POINT('',(-19.06861265204,42.410352645624,7.5));
#111 = VECTOR('',#112,1.);
#112 = DIRECTION('',(0.,0.,-1.));
#113 = ORIENTED_EDGE('',*,*,#114,.F.);
#114 = EDGE_CURVE('',#115,#107,#117,.T.);
#115 = VERTEX_POINT('',#116);
#116 = CARTESIAN_POINT('',(-27.19669981116,37.717231067262,20.));
#117 = CIRCLE('',#118,4.75);
#118 = AXIS2_PLACEMENT_3D('',#119,#120,#121);
#119 = CARTESIAN_POINT('',(-23.5,40.7,20.));
#120 = DIRECTION('',(0.,0.,1.));
#121 = DIRECTION('',(-1.,0.,0.));
#122 = ORIENTED_EDGE('',*,*,#123,.F.);
#123 = EDGE_CURVE('',#98,#115,#124,.T.);
#124 = LINE('',#125,#126);
#125 = CARTESIAN_POINT('',(-27.19669981116,37.717231067262,7.5));
#126 = VECTOR('',#127,1.);
#127 = DIRECTION('',(0.,0.,1.));
#128 = CYLINDRICAL_SURFACE('',#129,4.75);
#129 = AXIS2_PLACEMENT_3D('',#130,#131,#132);
#130 = CARTESIAN_POINT('',(-23.5,40.7,7.5));
#131 = DIRECTION('',(0.,0.,-1.));
#132 = DIRECTION('',(0.500029427677,-0.866008413041,0.));
#133 = ADVANCED_FACE('',(#134,#234,#245,#256,#267,#278,#289,#300,#311,
    #322,#333,#344,#355,#366,#377,#388,#399,#410,#421,#432),#443,.T.);
#134 = FACE_BOUND('',#135,.T.);
#135 = EDGE_LOOP('',(#136,#137,#146,#155,#164,#173,#182,#191,#200,#209,
    #218,#227));
#136 = ORIENTED_EDGE('',*,*,#114,.F.);
#137 = ORIENTED_EDGE('',*,*,#138,.T.);
#138 = EDGE_CURVE('',#115,#139,#141,.T.);
#139 = VERTEX_POINT('',#140);
#140 = CARTESIAN_POINT('',(-46.26263297872,4.692418339826,20.));
#141 = CIRCLE('',#142,46.5);
#142 = AXIS2_PLACEMENT_3D('',#143,#144,#145);
#143 = CARTESIAN_POINT('',(0.,0.,20.));
#144 = DIRECTION('',(0.,0.,1.));
#145 = DIRECTION('',(1.,0.,-0.));
#146 = ORIENTED_EDGE('',*,*,#147,.F.);
#147 = EDGE_CURVE('',#148,#139,#150,.T.);
#148 = VERTEX_POINT('',#149);
#149 = CARTESIAN_POINT('',(-46.26263297872,-4.692418339826,20.));
#150 = CIRCLE('',#151,4.75);
#151 = AXIS2_PLACEMENT_3D('',#152,#153,#154);
#152 = CARTESIAN_POINT('',(-47.,0.,20.));
#153 = DIRECTION('',(0.,0.,1.));
#154 = DIRECTION('',(-1.,0.,0.));
#155 = ORIENTED_EDGE('',*,*,#156,.T.);
#156 = EDGE_CURVE('',#148,#157,#159,.T.);
#157 = VERTEX_POINT('',#158);
#158 = CARTESIAN_POINT('',(-27.19669981116,-37.71723106726,20.));
#159 = CIRCLE('',#160,46.5);
#160 = AXIS2_PLACEMENT_3D('',#161,#162,#163);
#161 = CARTESIAN_POINT('',(0.,0.,20.));
#162 = DIRECTION('',(0.,0.,1.));
#163 = DIRECTION('',(1.,0.,-0.));
#164 = ORIENTED_EDGE('',*,*,#165,.F.);
#165 = EDGE_CURVE('',#166,#157,#168,.T.);
#166 = VERTEX_POINT('',#167);
#167 = CARTESIAN_POINT('',(-19.06861265204,-42.41035264562,20.));
#168 = CIRCLE('',#169,4.75);
#169 = AXIS2_PLACEMENT_3D('',#170,#171,#172);
#170 = CARTESIAN_POINT('',(-23.5,-40.7,20.));
#171 = DIRECTION('',(0.,0.,1.));
#172 = DIRECTION('',(-1.,0.,0.));
#173 = ORIENTED_EDGE('',*,*,#174,.T.);
#174 = EDGE_CURVE('',#166,#175,#177,.T.);
#175 = VERTEX_POINT('',#176);
#176 = CARTESIAN_POINT('',(19.068612652046,-42.41035264562,20.));
#177 = CIRCLE('',#178,46.5);
#178 = AXIS2_PLACEMENT_3D('',#179,#180,#181);
#179 = CARTESIAN_POINT('',(0.,0.,20.));
#180 = DIRECTION('',(0.,0.,1.));
#181 = DIRECTION('',(1.,0.,-0.));
#182 = ORIENTED_EDGE('',*,*,#183,.T.);
#183 = EDGE_CURVE('',#175,#184,#186,.T.);
#184 = VERTEX_POINT('',#185);
#185 = CARTESIAN_POINT('',(27.196699811168,-37.71723106726,20.));
#186 = CIRCLE('',#187,4.75);
#187 = AXIS2_PLACEMENT_3D('',#188,#189,#190);
#188 = CARTESIAN_POINT('',(23.5,-40.7,20.));
#189 = DIRECTION('',(0.,0.,-1.));
#190 = DIRECTION('',(1.,0.,0.));
#191 = ORIENTED_EDGE('',*,*,#192,.T.);
#192 = EDGE_CURVE('',#184,#193,#195,.T.);
#193 = VERTEX_POINT('',#194);
#194 = CARTESIAN_POINT('',(46.262632978723,-4.692418339826,20.));
#195 = CIRCLE('',#196,46.5);
#196 = AXIS2_PLACEMENT_3D('',#197,#198,#199);
#197 = CARTESIAN_POINT('',(0.,0.,20.));
#198 = DIRECTION('',(0.,0.,1.));
#199 = DIRECTION('',(1.,0.,-0.));
#200 = ORIENTED_EDGE('',*,*,#201,.T.);
#201 = EDGE_CURVE('',#193,#202,#204,.T.);
#202 = VERTEX_POINT('',#203);
#203 = CARTESIAN_POINT('',(46.262632978723,4.692418339826,20.));
#204 = CIRCLE('',#205,4.75);
#205 = AXIS2_PLACEMENT_3D('',#206,#207,#208);
#206 = CARTESIAN_POINT('',(47.,0.,20.));
#207 = DIRECTION('',(0.,0.,-1.));
#208 = DIRECTION('',(1.,0.,0.));
#209 = ORIENTED_EDGE('',*,*,#210,.T.);
#210 = EDGE_CURVE('',#202,#211,#213,.T.);
#211 = VERTEX_POINT('',#212);
#212 = CARTESIAN_POINT('',(27.196699811168,37.717231067262,20.));
#213 = CIRCLE('',#214,46.5);
#214 = AXIS2_PLACEMENT_3D('',#215,#216,#217);
#215 = CARTESIAN_POINT('',(0.,0.,20.));
#216 = DIRECTION('',(0.,0.,1.));
#217 = DIRECTION('',(1.,0.,-0.));
#218 = ORIENTED_EDGE('',*,*,#219,.F.);
#219 = EDGE_CURVE('',#220,#211,#222,.T.);
#220 = VERTEX_POINT('',#221);
#221 = CARTESIAN_POINT('',(19.068612652046,42.410352645624,20.));
#222 = CIRCLE('',#223,4.75);
#223 = AXIS2_PLACEMENT_3D('',#224,#225,#226);
#224 = CARTESIAN_POINT('',(23.5,40.7,20.));
#225 = DIRECTION('',(0.,0.,1.));
#226 = DIRECTION('',(1.,0.,-0.));
#227 = ORIENTED_EDGE('',*,*,#228,.T.);
#228 = EDGE_CURVE('',#220,#107,#229,.T.);
#229 = CIRCLE('',#230,46.5);
#230 = AXIS2_PLACEMENT_3D('',#231,#232,#233);
#231 = CARTESIAN_POINT('',(0.,0.,20.));
#232 = DIRECTION('',(0.,0.,1.));
#233 = DIRECTION('',(1.,0.,-0.));
#234 = FACE_BOUND('',#235,.T.);
#235 = EDGE_LOOP('',(#236));
#236 = ORIENTED_EDGE('',*,*,#237,.T.);
#237 = EDGE_CURVE('',#238,#238,#240,.T.);
#238 = VERTEX_POINT('',#239);
#239 = CARTESIAN_POINT('',(5.,17.32,20.));
#240 = CIRCLE('',#241,5.);
#241 = AXIS2_PLACEMENT_3D('',#242,#243,#244);
#242 = CARTESIAN_POINT('',(10.,17.32,20.));
#243 = DIRECTION('',(0.,0.,-1.));
#244 = DIRECTION('',(1.,0.,0.));
#245 = FACE_BOUND('',#246,.T.);
#246 = EDGE_LOOP('',(#247));
#247 = ORIENTED_EDGE('',*,*,#248,.T.);
#248 = EDGE_CURVE('',#249,#249,#251,.T.);
#249 = VERTEX_POINT('',#250);
#250 = CARTESIAN_POINT('',(15.,0.,20.));
#251 = CIRCLE('',#252,5.);
#252 = AXIS2_PLACEMENT_3D('',#253,#254,#255);
#253 = CARTESIAN_POINT('',(20.,0.,20.));
#254 = DIRECTION('',(0.,0.,-1.));
#255 = DIRECTION('',(1.,0.,0.));
#256 = FACE_BOUND('',#257,.T.);
#257 = EDGE_LOOP('',(#258));
#258 = ORIENTED_EDGE('',*,*,#259,.T.);
#259 = EDGE_CURVE('',#260,#260,#262,.T.);
#260 = VERTEX_POINT('',#261);
#261 = CARTESIAN_POINT('',(32.64,-20.,20.));
#262 = CIRCLE('',#263,2.);
#263 = AXIS2_PLACEMENT_3D('',#264,#265,#266);
#264 = CARTESIAN_POINT('',(34.64,-20.,20.));
#265 = DIRECTION('',(0.,0.,-1.));
#266 = DIRECTION('',(1.,0.,0.));
#267 = FACE_BOUND('',#268,.T.);
#268 = EDGE_LOOP('',(#269));
#269 = ORIENTED_EDGE('',*,*,#270,.T.);
#270 = EDGE_CURVE('',#271,#271,#273,.T.);
#271 = VERTEX_POINT('',#272);
#272 = CARTESIAN_POINT('',(-2.,40.,20.));
#273 = CIRCLE('',#274,2.);
#274 = AXIS2_PLACEMENT_3D('',#275,#276,#277);
#275 = CARTESIAN_POINT('',(0.,40.,20.));
#276 = DIRECTION('',(0.,0.,-1.));
#277 = DIRECTION('',(1.,0.,0.));
#278 = FACE_BOUND('',#279,.T.);
#279 = EDGE_LOOP('',(#280));
#280 = ORIENTED_EDGE('',*,*,#281,.T.);
#281 = EDGE_CURVE('',#282,#282,#284,.T.);
#282 = VERTEX_POINT('',#283);
#283 = CARTESIAN_POINT('',(32.64,20.,20.));
#284 = CIRCLE('',#285,2.);
#285 = AXIS2_PLACEMENT_3D('',#286,#287,#288);
#286 = CARTESIAN_POINT('',(34.64,20.,20.));
#287 = DIRECTION('',(0.,0.,-1.));
#288 = DIRECTION('',(1.,0.,0.));
#289 = FACE_BOUND('',#290,.T.);
#290 = EDGE_LOOP('',(#291));
#291 = ORIENTED_EDGE('',*,*,#292,.T.);
#292 = EDGE_CURVE('',#293,#293,#295,.T.);
#293 = VERTEX_POINT('',#294);
#294 = CARTESIAN_POINT('',(-2.,-40.,20.));
#295 = CIRCLE('',#296,2.);
#296 = AXIS2_PLACEMENT_3D('',#297,#298,#299);
#297 = CARTESIAN_POINT('',(0.,-40.,20.));
#298 = DIRECTION('',(0.,0.,-1.));
#299 = DIRECTION('',(1.,0.,0.));
#300 = FACE_BOUND('',#301,.T.);
#301 = EDGE_LOOP('',(#302));
#302 = ORIENTED_EDGE('',*,*,#303,.T.);
#303 = EDGE_CURVE('',#304,#304,#306,.T.);
#304 = VERTEX_POINT('',#305);
#305 = CARTESIAN_POINT('',(23.98,-15.,20.));
#306 = CIRCLE('',#307,2.);
#307 = AXIS2_PLACEMENT_3D('',#308,#309,#310);
#308 = CARTESIAN_POINT('',(25.98,-15.,20.));
#309 = DIRECTION('',(0.,0.,-1.));
#310 = DIRECTION('',(1.,0.,0.));
#311 = FACE_BOUND('',#312,.T.);
#312 = EDGE_LOOP('',(#313));
#313 = ORIENTED_EDGE('',*,*,#314,.T.);
#314 = EDGE_CURVE('',#315,#315,#317,.T.);
#315 = VERTEX_POINT('',#316);
#316 = CARTESIAN_POINT('',(-27.98,15.,20.));
#317 = CIRCLE('',#318,2.);
#318 = AXIS2_PLACEMENT_3D('',#319,#320,#321);
#319 = CARTESIAN_POINT('',(-25.98,15.,20.));
#320 = DIRECTION('',(0.,0.,-1.));
#321 = DIRECTION('',(1.,0.,0.));
#322 = FACE_BOUND('',#323,.T.);
#323 = EDGE_LOOP('',(#324));
#324 = ORIENTED_EDGE('',*,*,#325,.T.);
#325 = EDGE_CURVE('',#326,#326,#328,.T.);
#326 = VERTEX_POINT('',#327);
#327 = CARTESIAN_POINT('',(5.,-17.32,20.));
#328 = CIRCLE('',#329,5.);
#329 = AXIS2_PLACEMENT_3D('',#330,#331,#332);
#330 = CARTESIAN_POINT('',(10.,-17.32,20.));
#331 = DIRECTION('',(0.,0.,-1.));
#332 = DIRECTION('',(1.,0.,0.));
#333 = FACE_BOUND('',#334,.T.);
#334 = EDGE_LOOP('',(#335));
#335 = ORIENTED_EDGE('',*,*,#336,.T.);
#336 = EDGE_CURVE('',#337,#337,#339,.T.);
#337 = VERTEX_POINT('',#338);
#338 = CARTESIAN_POINT('',(-36.64,-20.,20.));
#339 = CIRCLE('',#340,2.);
#340 = AXIS2_PLACEMENT_3D('',#341,#342,#343);
#341 = CARTESIAN_POINT('',(-34.64,-20.,20.));
#342 = DIRECTION('',(0.,0.,-1.));
#343 = DIRECTION('',(1.,0.,0.));
#344 = FACE_BOUND('',#345,.T.);
#345 = EDGE_LOOP('',(#346));
#346 = ORIENTED_EDGE('',*,*,#347,.T.);
#347 = EDGE_CURVE('',#348,#348,#350,.T.);
#348 = VERTEX_POINT('',#349);
#349 = CARTESIAN_POINT('',(-2.,-30.,20.));
#350 = CIRCLE('',#351,2.);
#351 = AXIS2_PLACEMENT_3D('',#352,#353,#354);
#352 = CARTESIAN_POINT('',(0.,-30.,20.));
#353 = DIRECTION('',(0.,0.,-1.));
#354 = DIRECTION('',(1.,0.,0.));
#355 = FACE_BOUND('',#356,.T.);
#356 = EDGE_LOOP('',(#357));
#357 = ORIENTED_EDGE('',*,*,#358,.T.);
#358 = EDGE_CURVE('',#359,#359,#361,.T.);
#359 = VERTEX_POINT('',#360);
#360 = CARTESIAN_POINT('',(-27.98,-15.,20.));
#361 = CIRCLE('',#362,2.);
#362 = AXIS2_PLACEMENT_3D('',#363,#364,#365);
#363 = CARTESIAN_POINT('',(-25.98,-15.,20.));
#364 = DIRECTION('',(0.,0.,-1.));
#365 = DIRECTION('',(1.,0.,0.));
#366 = FACE_BOUND('',#367,.T.);
#367 = EDGE_LOOP('',(#368));
#368 = ORIENTED_EDGE('',*,*,#369,.T.);
#369 = EDGE_CURVE('',#370,#370,#372,.T.);
#370 = VERTEX_POINT('',#371);
#371 = CARTESIAN_POINT('',(-36.64,20.,20.));
#372 = CIRCLE('',#373,2.);
#373 = AXIS2_PLACEMENT_3D('',#374,#375,#376);
#374 = CARTESIAN_POINT('',(-34.64,20.,20.));
#375 = DIRECTION('',(0.,0.,-1.));
#376 = DIRECTION('',(1.,0.,0.));
#377 = FACE_BOUND('',#378,.T.);
#378 = EDGE_LOOP('',(#379));
#379 = ORIENTED_EDGE('',*,*,#380,.T.);
#380 = EDGE_CURVE('',#381,#381,#383,.T.);
#381 = VERTEX_POINT('',#382);
#382 = CARTESIAN_POINT('',(-25.,0.,20.));
#383 = CIRCLE('',#384,5.);
#384 = AXIS2_PLACEMENT_3D('',#385,#386,#387);
#385 = CARTESIAN_POINT('',(-20.,0.,20.));
#386 = DIRECTION('',(0.,0.,-1.));
#387 = DIRECTION('',(1.,0.,0.));
#388 = FACE_BOUND('',#389,.T.);
#389 = EDGE_LOOP('',(#390));
#390 = ORIENTED_EDGE('',*,*,#391,.T.);
#391 = EDGE_CURVE('',#392,#392,#394,.T.);
#392 = VERTEX_POINT('',#393);
#393 = CARTESIAN_POINT('',(-2.,30.,20.));
#394 = CIRCLE('',#395,2.);
#395 = AXIS2_PLACEMENT_3D('',#396,#397,#398);
#396 = CARTESIAN_POINT('',(0.,30.,20.));
#397 = DIRECTION('',(0.,0.,-1.));
#398 = DIRECTION('',(1.,0.,0.));
#399 = FACE_BOUND('',#400,.T.);
#400 = EDGE_LOOP('',(#401));
#401 = ORIENTED_EDGE('',*,*,#402,.T.);
#402 = EDGE_CURVE('',#403,#403,#405,.T.);
#403 = VERTEX_POINT('',#404);
#404 = CARTESIAN_POINT('',(-5.,0.,20.));
#405 = CIRCLE('',#406,5.);
#406 = AXIS2_PLACEMENT_3D('',#407,#408,#409);
#407 = CARTESIAN_POINT('',(0.,0.,20.));
#408 = DIRECTION('',(0.,0.,-1.));
#409 = DIRECTION('',(1.,0.,0.));
#410 = FACE_BOUND('',#411,.T.);
#411 = EDGE_LOOP('',(#412));
#412 = ORIENTED_EDGE('',*,*,#413,.T.);
#413 = EDGE_CURVE('',#414,#414,#416,.T.);
#414 = VERTEX_POINT('',#415);
#415 = CARTESIAN_POINT('',(-15.,17.32,20.));
#416 = CIRCLE('',#417,5.);
#417 = AXIS2_PLACEMENT_3D('',#418,#419,#420);
#418 = CARTESIAN_POINT('',(-10.,17.32,20.));
#419 = DIRECTION('',(0.,0.,-1.));
#420 = DIRECTION('',(1.,0.,0.));
#421 = FACE_BOUND('',#422,.T.);
#422 = EDGE_LOOP('',(#423));
#423 = ORIENTED_EDGE('',*,*,#424,.T.);
#424 = EDGE_CURVE('',#425,#425,#427,.T.);
#425 = VERTEX_POINT('',#426);
#426 = CARTESIAN_POINT('',(-15.,-17.32,20.));
#427 = CIRCLE('',#428,5.);
#428 = AXIS2_PLACEMENT_3D('',#429,#430,#431);
#429 = CARTESIAN_POINT('',(-10.,-17.32,20.));
#430 = DIRECTION('',(0.,0.,-1.));
#431 = DIRECTION('',(1.,0.,0.));
#432 = FACE_BOUND('',#433,.T.);
#433 = EDGE_LOOP('',(#434));
#434 = ORIENTED_EDGE('',*,*,#435,.T.);
#435 = EDGE_CURVE('',#436,#436,#438,.T.);
#436 = VERTEX_POINT('',#437);
#437 = CARTESIAN_POINT('',(23.98,15.,20.));
#438 = CIRCLE('',#439,2.);
#439 = AXIS2_PLACEMENT_3D('',#440,#441,#442);
#440 = CARTESIAN_POINT('',(25.98,15.,20.));
#441 = DIRECTION('',(0.,0.,-1.));
#442 = DIRECTION('',(1.,0.,0.));
#443 = PLANE('',#444);
#444 = AXIS2_PLACEMENT_3D('',#445,#446,#447);
#445 = CARTESIAN_POINT('',(0.,0.,20.));
#446 = DIRECTION('',(0.,0.,1.));
#447 = DIRECTION('',(1.,0.,-0.));
#448 = ADVANCED_FACE('',(#449),#468,.T.);
#449 = FACE_BOUND('',#450,.T.);
#450 = EDGE_LOOP('',(#451,#452,#461,#467));
#451 = ORIENTED_EDGE('',*,*,#123,.F.);
#452 = ORIENTED_EDGE('',*,*,#453,.T.);
#453 = EDGE_CURVE('',#98,#454,#456,.T.);
#454 = VERTEX_POINT('',#455);
#455 = CARTESIAN_POINT('',(-46.26263297872,4.692418339826,0.));
#456 = CIRCLE('',#457,46.5);
#457 = AXIS2_PLACEMENT_3D('',#458,#459,#460);
#458 = CARTESIAN_POINT('',(0.,0.,0.));
#459 = DIRECTION('',(0.,0.,1.));
#460 = DIRECTION('',(1.,0.,-0.));
#461 = ORIENTED_EDGE('',*,*,#462,.F.);
#462 = EDGE_CURVE('',#139,#454,#463,.T.);
#463 = LINE('',#464,#465);
#464 = CARTESIAN_POINT('',(-46.26263297872,4.692418339826,7.5));
#465 = VECTOR('',#466,1.);
#466 = DIRECTION('',(0.,0.,-1.));
#467 = ORIENTED_EDGE('',*,*,#138,.F.);
#468 = CYLINDRICAL_SURFACE('',#469,46.5);
#469 = AXIS2_PLACEMENT_3D('',#470,#471,#472);
#470 = CARTESIAN_POINT('',(0.,0.,0.));
#471 = DIRECTION('',(0.,0.,1.));
#472 = DIRECTION('',(1.,0.,-0.));
#473 = ADVANCED_FACE('',(#474),#500,.F.);
#474 = FACE_BOUND('',#475,.F.);
#475 = EDGE_LOOP('',(#476,#477,#485,#494));
#476 = ORIENTED_EDGE('',*,*,#219,.F.);
#477 = ORIENTED_EDGE('',*,*,#478,.F.);
#478 = EDGE_CURVE('',#479,#220,#481,.T.);
#479 = VERTEX_POINT('',#480);
#480 = CARTESIAN_POINT('',(19.068612652046,42.410352645624,0.));
#481 = LINE('',#482,#483);
#482 = CARTESIAN_POINT('',(19.068612652046,42.410352645624,7.5));
#483 = VECTOR('',#484,1.);
#484 = DIRECTION('',(0.,0.,1.));
#485 = ORIENTED_EDGE('',*,*,#486,.F.);
#486 = EDGE_CURVE('',#487,#479,#489,.T.);
#487 = VERTEX_POINT('',#488);
#488 = CARTESIAN_POINT('',(27.196699811168,37.717231067262,0.));
#489 = CIRCLE('',#490,4.75);
#490 = AXIS2_PLACEMENT_3D('',#491,#492,#493);
#491 = CARTESIAN_POINT('',(23.5,40.7,0.));
#492 = DIRECTION('',(0.,0.,-1.));
#493 = DIRECTION('',(1.,0.,0.));
#494 = ORIENTED_EDGE('',*,*,#495,.F.);
#495 = EDGE_CURVE('',#211,#487,#496,.T.);
#496 = LINE('',#497,#498);
#497 = CARTESIAN_POINT('',(27.196699811168,37.717231067262,7.5));
#498 = VECTOR('',#499,1.);
#499 = DIRECTION('',(0.,0.,-1.));
#500 = CYLINDRICAL_SURFACE('',#501,4.75);
#501 = AXIS2_PLACEMENT_3D('',#502,#503,#504);
#502 = CARTESIAN_POINT('',(23.5,40.7,7.5));
#503 = DIRECTION('',(0.,0.,1.));
#504 = DIRECTION('',(-0.500029427677,-0.866008413041,0.));
#505 = ADVANCED_FACE('',(#506),#525,.T.);
#506 = FACE_BOUND('',#507,.T.);
#507 = EDGE_LOOP('',(#508,#509,#510,#518));
#508 = ORIENTED_EDGE('',*,*,#495,.F.);
#509 = ORIENTED_EDGE('',*,*,#210,.F.);
#510 = ORIENTED_EDGE('',*,*,#511,.T.);
#511 = EDGE_CURVE('',#202,#512,#514,.T.);
#512 = VERTEX_POINT('',#513);
#513 = CARTESIAN_POINT('',(46.262632978723,4.692418339826,0.));
#514 = LINE('',#515,#516);
#515 = CARTESIAN_POINT('',(46.262632978723,4.692418339826,7.5));
#516 = VECTOR('',#517,1.);
#517 = DIRECTION('',(0.,0.,-1.));
#518 = ORIENTED_EDGE('',*,*,#519,.T.);
#519 = EDGE_CURVE('',#512,#487,#520,.T.);
#520 = CIRCLE('',#521,46.5);
#521 = AXIS2_PLACEMENT_3D('',#522,#523,#524);
#522 = CARTESIAN_POINT('',(0.,0.,0.));
#523 = DIRECTION('',(0.,0.,1.));
#524 = DIRECTION('',(1.,0.,-0.));
#525 = CYLINDRICAL_SURFACE('',#526,46.5);
#526 = AXIS2_PLACEMENT_3D('',#527,#528,#529);
#527 = CARTESIAN_POINT('',(0.,0.,0.));
#528 = DIRECTION('',(0.,0.,1.));
#529 = DIRECTION('',(1.,0.,-0.));
#530 = ADVANCED_FACE('',(#531),#543,.T.);
#531 = FACE_BOUND('',#532,.T.);
#532 = EDGE_LOOP('',(#533,#534,#535,#536));
#533 = ORIENTED_EDGE('',*,*,#106,.F.);
#534 = ORIENTED_EDGE('',*,*,#228,.F.);
#535 = ORIENTED_EDGE('',*,*,#478,.F.);
#536 = ORIENTED_EDGE('',*,*,#537,.T.);
#537 = EDGE_CURVE('',#479,#96,#538,.T.);
#538 = CIRCLE('',#539,46.5);
#539 = AXIS2_PLACEMENT_3D('',#540,#541,#542);
#540 = CARTESIAN_POINT('',(0.,0.,0.));
#541 = DIRECTION('',(0.,0.,1.));
#542 = DIRECTION('',(1.,0.,-0.));
#543 = CYLINDRICAL_SURFACE('',#544,46.5);
#544 = AXIS2_PLACEMENT_3D('',#545,#546,#547);
#545 = CARTESIAN_POINT('',(0.,0.,0.));
#546 = DIRECTION('',(0.,0.,1.));
#547 = DIRECTION('',(1.,0.,-0.));
#548 = ADVANCED_FACE('',(#549,#617,#628,#639,#650,#661,#672,#683,#694,
    #705,#716,#727,#738,#749,#760,#771,#782,#793,#804,#815),#826,.F.);
#549 = FACE_BOUND('',#550,.T.);
#550 = EDGE_LOOP('',(#551,#552,#553,#554,#555,#564,#573,#582,#591,#600,
    #609,#616));
#551 = ORIENTED_EDGE('',*,*,#95,.F.);
#552 = ORIENTED_EDGE('',*,*,#537,.F.);
#553 = ORIENTED_EDGE('',*,*,#486,.F.);
#554 = ORIENTED_EDGE('',*,*,#519,.F.);
#555 = ORIENTED_EDGE('',*,*,#556,.T.);
#556 = EDGE_CURVE('',#512,#557,#559,.T.);
#557 = VERTEX_POINT('',#558);
#558 = CARTESIAN_POINT('',(46.262632978723,-4.692418339826,0.));
#559 = CIRCLE('',#560,4.75);
#560 = AXIS2_PLACEMENT_3D('',#561,#562,#563);
#561 = CARTESIAN_POINT('',(47.,0.,0.));
#562 = DIRECTION('',(0.,0.,1.));
#563 = DIRECTION('',(1.,0.,-0.));
#564 = ORIENTED_EDGE('',*,*,#565,.F.);
#565 = EDGE_CURVE('',#566,#557,#568,.T.);
#566 = VERTEX_POINT('',#567);
#567 = CARTESIAN_POINT('',(27.196699811168,-37.71723106726,0.));
#568 = CIRCLE('',#569,46.5);
#569 = AXIS2_PLACEMENT_3D('',#570,#571,#572);
#570 = CARTESIAN_POINT('',(0.,0.,0.));
#571 = DIRECTION('',(0.,0.,1.));
#572 = DIRECTION('',(1.,0.,-0.));
#573 = ORIENTED_EDGE('',*,*,#574,.T.);
#574 = EDGE_CURVE('',#566,#575,#577,.T.);
#575 = VERTEX_POINT('',#576);
#576 = CARTESIAN_POINT('',(19.068612652046,-42.41035264562,0.));
#577 = CIRCLE('',#578,4.75);
#578 = AXIS2_PLACEMENT_3D('',#579,#580,#581);
#579 = CARTESIAN_POINT('',(23.5,-40.7,0.));
#580 = DIRECTION('',(0.,0.,1.));
#581 = DIRECTION('',(1.,0.,-0.));
#582 = ORIENTED_EDGE('',*,*,#583,.F.);
#583 = EDGE_CURVE('',#584,#575,#586,.T.);
#584 = VERTEX_POINT('',#585);
#585 = CARTESIAN_POINT('',(-19.06861265204,-42.41035264562,0.));
#586 = CIRCLE('',#587,46.5);
#587 = AXIS2_PLACEMENT_3D('',#588,#589,#590);
#588 = CARTESIAN_POINT('',(0.,0.,0.));
#589 = DIRECTION('',(0.,0.,1.));
#590 = DIRECTION('',(1.,0.,-0.));
#591 = ORIENTED_EDGE('',*,*,#592,.F.);
#592 = EDGE_CURVE('',#593,#584,#595,.T.);
#593 = VERTEX_POINT('',#594);
#594 = CARTESIAN_POINT('',(-27.19669981116,-37.71723106726,0.));
#595 = CIRCLE('',#596,4.75);
#596 = AXIS2_PLACEMENT_3D('',#597,#598,#599);
#597 = CARTESIAN_POINT('',(-23.5,-40.7,0.));
#598 = DIRECTION('',(0.,0.,-1.));
#599 = DIRECTION('',(-1.,0.,0.));
#600 = ORIENTED_EDGE('',*,*,#601,.F.);
#601 = EDGE_CURVE('',#602,#593,#604,.T.);
#602 = VERTEX_POINT('',#603);
#603 = CARTESIAN_POINT('',(-46.26263297872,-4.692418339826,0.));
#604 = CIRCLE('',#605,46.5);
#605 = AXIS2_PLACEMENT_3D('',#606,#607,#608);
#606 = CARTESIAN_POINT('',(0.,0.,0.));
#607 = DIRECTION('',(0.,0.,1.));
#608 = DIRECTION('',(1.,0.,-0.));
#609 = ORIENTED_EDGE('',*,*,#610,.F.);
#610 = EDGE_CURVE('',#454,#602,#611,.T.);
#611 = CIRCLE('',#612,4.75);
#612 = AXIS2_PLACEMENT_3D('',#613,#614,#615);
#613 = CARTESIAN_POINT('',(-47.,0.,0.));
#614 = DIRECTION('',(0.,0.,-1.));
#615 = DIRECTION('',(-1.,0.,0.));
#616 = ORIENTED_EDGE('',*,*,#453,.F.);
#617 = FACE_BOUND('',#618,.T.);
#618 = EDGE_LOOP('',(#619));
#619 = ORIENTED_EDGE('',*,*,#620,.F.);
#620 = EDGE_CURVE('',#621,#621,#623,.T.);
#621 = VERTEX_POINT('',#622);
#622 = CARTESIAN_POINT('',(5.,17.32,0.));
#623 = CIRCLE('',#624,5.);
#624 = AXIS2_PLACEMENT_3D('',#625,#626,#627);
#625 = CARTESIAN_POINT('',(10.,17.32,0.));
#626 = DIRECTION('',(0.,0.,-1.));
#627 = DIRECTION('',(1.,0.,0.));
#628 = FACE_BOUND('',#629,.T.);
#629 = EDGE_LOOP('',(#630));
#630 = ORIENTED_EDGE('',*,*,#631,.F.);
#631 = EDGE_CURVE('',#632,#632,#634,.T.);
#632 = VERTEX_POINT('',#633);
#633 = CARTESIAN_POINT('',(15.,-6.123233995737E-16,0.));
#634 = CIRCLE('',#635,5.);
#635 = AXIS2_PLACEMENT_3D('',#636,#637,#638);
#636 = CARTESIAN_POINT('',(20.,0.,0.));
#637 = DIRECTION('',(0.,0.,-1.));
#638 = DIRECTION('',(1.,0.,0.));
#639 = FACE_BOUND('',#640,.T.);
#640 = EDGE_LOOP('',(#641));
#641 = ORIENTED_EDGE('',*,*,#642,.F.);
#642 = EDGE_CURVE('',#643,#643,#645,.T.);
#643 = VERTEX_POINT('',#644);
#644 = CARTESIAN_POINT('',(32.64,-20.,0.));
#645 = CIRCLE('',#646,2.);
#646 = AXIS2_PLACEMENT_3D('',#647,#648,#649);
#647 = CARTESIAN_POINT('',(34.64,-20.,0.));
#648 = DIRECTION('',(0.,0.,-1.));
#649 = DIRECTION('',(1.,0.,0.));
#650 = FACE_BOUND('',#651,.T.);
#651 = EDGE_LOOP('',(#652));
#652 = ORIENTED_EDGE('',*,*,#653,.F.);
#653 = EDGE_CURVE('',#654,#654,#656,.T.);
#654 = VERTEX_POINT('',#655);
#655 = CARTESIAN_POINT('',(-2.,40.,0.));
#656 = CIRCLE('',#657,2.);
#657 = AXIS2_PLACEMENT_3D('',#658,#659,#660);
#658 = CARTESIAN_POINT('',(0.,40.,0.));
#659 = DIRECTION('',(0.,0.,-1.));
#660 = DIRECTION('',(1.,0.,0.));
#661 = FACE_BOUND('',#662,.T.);
#662 = EDGE_LOOP('',(#663));
#663 = ORIENTED_EDGE('',*,*,#664,.F.);
#664 = EDGE_CURVE('',#665,#665,#667,.T.);
#665 = VERTEX_POINT('',#666);
#666 = CARTESIAN_POINT('',(32.64,20.,0.));
#667 = CIRCLE('',#668,2.);
#668 = AXIS2_PLACEMENT_3D('',#669,#670,#671);
#669 = CARTESIAN_POINT('',(34.64,20.,0.));
#670 = DIRECTION('',(0.,0.,-1.));
#671 = DIRECTION('',(1.,0.,0.));
#672 = FACE_BOUND('',#673,.T.);
#673 = EDGE_LOOP('',(#674));
#674 = ORIENTED_EDGE('',*,*,#675,.F.);
#675 = EDGE_CURVE('',#676,#676,#678,.T.);
#676 = VERTEX_POINT('',#677);
#677 = CARTESIAN_POINT('',(-2.,-40.,0.));
#678 = CIRCLE('',#679,2.);
#679 = AXIS2_PLACEMENT_3D('',#680,#681,#682);
#680 = CARTESIAN_POINT('',(0.,-40.,0.));
#681 = DIRECTION('',(0.,0.,-1.));
#682 = DIRECTION('',(1.,0.,0.));
#683 = FACE_BOUND('',#684,.T.);
#684 = EDGE_LOOP('',(#685));
#685 = ORIENTED_EDGE('',*,*,#686,.F.);
#686 = EDGE_CURVE('',#687,#687,#689,.T.);
#687 = VERTEX_POINT('',#688);
#688 = CARTESIAN_POINT('',(23.98,-15.,0.));
#689 = CIRCLE('',#690,2.);
#690 = AXIS2_PLACEMENT_3D('',#691,#692,#693);
#691 = CARTESIAN_POINT('',(25.98,-15.,0.));
#692 = DIRECTION('',(0.,0.,-1.));
#693 = DIRECTION('',(1.,0.,0.));
#694 = FACE_BOUND('',#695,.T.);
#695 = EDGE_LOOP('',(#696));
#696 = ORIENTED_EDGE('',*,*,#697,.F.);
#697 = EDGE_CURVE('',#698,#698,#700,.T.);
#698 = VERTEX_POINT('',#699);
#699 = CARTESIAN_POINT('',(-27.98,15.,0.));
#700 = CIRCLE('',#701,2.);
#701 = AXIS2_PLACEMENT_3D('',#702,#703,#704);
#702 = CARTESIAN_POINT('',(-25.98,15.,0.));
#703 = DIRECTION('',(0.,0.,-1.));
#704 = DIRECTION('',(1.,0.,0.));
#705 = FACE_BOUND('',#706,.T.);
#706 = EDGE_LOOP('',(#707));
#707 = ORIENTED_EDGE('',*,*,#708,.F.);
#708 = EDGE_CURVE('',#709,#709,#711,.T.);
#709 = VERTEX_POINT('',#710);
#710 = CARTESIAN_POINT('',(5.,-17.32,0.));
#711 = CIRCLE('',#712,5.);
#712 = AXIS2_PLACEMENT_3D('',#713,#714,#715);
#713 = CARTESIAN_POINT('',(10.,-17.32,0.));
#714 = DIRECTION('',(0.,0.,-1.));
#715 = DIRECTION('',(1.,0.,0.));
#716 = FACE_BOUND('',#717,.T.);
#717 = EDGE_LOOP('',(#718));
#718 = ORIENTED_EDGE('',*,*,#719,.F.);
#719 = EDGE_CURVE('',#720,#720,#722,.T.);
#720 = VERTEX_POINT('',#721);
#721 = CARTESIAN_POINT('',(-36.64,-20.,0.));
#722 = CIRCLE('',#723,2.);
#723 = AXIS2_PLACEMENT_3D('',#724,#725,#726);
#724 = CARTESIAN_POINT('',(-34.64,-20.,0.));
#725 = DIRECTION('',(0.,0.,-1.));
#726 = DIRECTION('',(1.,0.,0.));
#727 = FACE_BOUND('',#728,.T.);
#728 = EDGE_LOOP('',(#729));
#729 = ORIENTED_EDGE('',*,*,#730,.F.);
#730 = EDGE_CURVE('',#731,#731,#733,.T.);
#731 = VERTEX_POINT('',#732);
#732 = CARTESIAN_POINT('',(-2.,-30.,0.));
#733 = CIRCLE('',#734,2.);
#734 = AXIS2_PLACEMENT_3D('',#735,#736,#737);
#735 = CARTESIAN_POINT('',(0.,-30.,0.));
#736 = DIRECTION('',(0.,0.,-1.));
#737 = DIRECTION('',(1.,0.,0.));
#738 = FACE_BOUND('',#739,.T.);
#739 = EDGE_LOOP('',(#740));
#740 = ORIENTED_EDGE('',*,*,#741,.F.);
#741 = EDGE_CURVE('',#742,#742,#744,.T.);
#742 = VERTEX_POINT('',#743);
#743 = CARTESIAN_POINT('',(-27.98,-15.,0.));
#744 = CIRCLE('',#745,2.);
#745 = AXIS2_PLACEMENT_3D('',#746,#747,#748);
#746 = CARTESIAN_POINT('',(-25.98,-15.,0.));
#747 = DIRECTION('',(0.,0.,-1.));
#748 = DIRECTION('',(1.,0.,0.));
#749 = FACE_BOUND('',#750,.T.);
#750 = EDGE_LOOP('',(#751));
#751 = ORIENTED_EDGE('',*,*,#752,.F.);
#752 = EDGE_CURVE('',#753,#753,#755,.T.);
#753 = VERTEX_POINT('',#754);
#754 = CARTESIAN_POINT('',(-36.64,20.,0.));
#755 = CIRCLE('',#756,2.);
#756 = AXIS2_PLACEMENT_3D('',#757,#758,#759);
#757 = CARTESIAN_POINT('',(-34.64,20.,0.));
#758 = DIRECTION('',(0.,0.,-1.));
#759 = DIRECTION('',(1.,0.,0.));
#760 = FACE_BOUND('',#761,.T.);
#761 = EDGE_LOOP('',(#762));
#762 = ORIENTED_EDGE('',*,*,#763,.F.);
#763 = EDGE_CURVE('',#764,#764,#766,.T.);
#764 = VERTEX_POINT('',#765);
#765 = CARTESIAN_POINT('',(-25.,-6.123233995737E-16,0.));
#766 = CIRCLE('',#767,5.);
#767 = AXIS2_PLACEMENT_3D('',#768,#769,#770);
#768 = CARTESIAN_POINT('',(-20.,0.,0.));
#769 = DIRECTION('',(0.,0.,-1.));
#770 = DIRECTION('',(1.,0.,0.));
#771 = FACE_BOUND('',#772,.T.);
#772 = EDGE_LOOP('',(#773));
#773 = ORIENTED_EDGE('',*,*,#774,.F.);
#774 = EDGE_CURVE('',#775,#775,#777,.T.);
#775 = VERTEX_POINT('',#776);
#776 = CARTESIAN_POINT('',(-2.,30.,0.));
#777 = CIRCLE('',#778,2.);
#778 = AXIS2_PLACEMENT_3D('',#779,#780,#781);
#779 = CARTESIAN_POINT('',(0.,30.,0.));
#780 = DIRECTION('',(0.,0.,-1.));
#781 = DIRECTION('',(1.,0.,0.));
#782 = FACE_BOUND('',#783,.T.);
#783 = EDGE_LOOP('',(#784));
#784 = ORIENTED_EDGE('',*,*,#785,.F.);
#785 = EDGE_CURVE('',#786,#786,#788,.T.);
#786 = VERTEX_POINT('',#787);
#787 = CARTESIAN_POINT('',(-5.,-6.123233995737E-16,0.));
#788 = CIRCLE('',#789,5.);
#789 = AXIS2_PLACEMENT_3D('',#790,#791,#792);
#790 = CARTESIAN_POINT('',(0.,0.,0.));
#791 = DIRECTION('',(0.,0.,-1.));
#792 = DIRECTION('',(1.,0.,0.));
#793 = FACE_BOUND('',#794,.T.);
#794 = EDGE_LOOP('',(#795));
#795 = ORIENTED_EDGE('',*,*,#796,.F.);
#796 = EDGE_CURVE('',#797,#797,#799,.T.);
#797 = VERTEX_POINT('',#798);
#798 = CARTESIAN_POINT('',(-15.,17.32,0.));
#799 = CIRCLE('',#800,5.);
#800 = AXIS2_PLACEMENT_3D('',#801,#802,#803);
#801 = CARTESIAN_POINT('',(-10.,17.32,0.));
#802 = DIRECTION('',(0.,0.,-1.));
#803 = DIRECTION('',(1.,0.,0.));
#804 = FACE_BOUND('',#805,.T.);
#805 = EDGE_LOOP('',(#806));
#806 = ORIENTED_EDGE('',*,*,#807,.F.);
#807 = EDGE_CURVE('',#808,#808,#810,.T.);
#808 = VERTEX_POINT('',#809);
#809 = CARTESIAN_POINT('',(-15.,-17.32,0.));
#810 = CIRCLE('',#811,5.);
#811 = AXIS2_PLACEMENT_3D('',#812,#813,#814);
#812 = CARTESIAN_POINT('',(-10.,-17.32,0.));
#813 = DIRECTION('',(0.,0.,-1.));
#814 = DIRECTION('',(1.,0.,0.));
#815 = FACE_BOUND('',#816,.T.);
#816 = EDGE_LOOP('',(#817));
#817 = ORIENTED_EDGE('',*,*,#818,.F.);
#818 = EDGE_CURVE('',#819,#819,#821,.T.);
#819 = VERTEX_POINT('',#820);
#820 = CARTESIAN_POINT('',(23.98,15.,0.));
#821 = CIRCLE('',#822,2.);
#822 = AXIS2_PLACEMENT_3D('',#823,#824,#825);
#823 = CARTESIAN_POINT('',(25.98,15.,0.));
#824 = DIRECTION('',(0.,0.,-1.));
#825 = DIRECTION('',(1.,0.,0.));
#826 = PLANE('',#827);
#827 = AXIS2_PLACEMENT_3D('',#828,#829,#830);
#828 = CARTESIAN_POINT('',(0.,0.,0.));
#829 = DIRECTION('',(0.,0.,1.));
#830 = DIRECTION('',(1.,0.,-0.));
#831 = ADVANCED_FACE('',(#832),#848,.F.);
#832 = FACE_BOUND('',#833,.F.);
#833 = EDGE_LOOP('',(#834,#835,#841,#842));
#834 = ORIENTED_EDGE('',*,*,#165,.F.);
#835 = ORIENTED_EDGE('',*,*,#836,.F.);
#836 = EDGE_CURVE('',#584,#166,#837,.T.);
#837 = LINE('',#838,#839);
#838 = CARTESIAN_POINT('',(-19.06861265204,-42.41035264562,7.5));
#839 = VECTOR('',#840,1.);
#840 = DIRECTION('',(0.,0.,1.));
#841 = ORIENTED_EDGE('',*,*,#592,.F.);
#842 = ORIENTED_EDGE('',*,*,#843,.F.);
#843 = EDGE_CURVE('',#157,#593,#844,.T.);
#844 = LINE('',#845,#846);
#845 = CARTESIAN_POINT('',(-27.19669981116,-37.71723106726,7.5));
#846 = VECTOR('',#847,1.);
#847 = DIRECTION('',(0.,0.,-1.));
#848 = CYLINDRICAL_SURFACE('',#849,4.75);
#849 = AXIS2_PLACEMENT_3D('',#850,#851,#852);
#850 = CARTESIAN_POINT('',(-23.5,-40.7,7.5));
#851 = DIRECTION('',(0.,0.,1.));
#852 = DIRECTION('',(0.500029427677,0.866008413041,-0.));
#853 = ADVANCED_FACE('',(#854),#865,.T.);
#854 = FACE_BOUND('',#855,.T.);
#855 = EDGE_LOOP('',(#856,#857,#858,#864));
#856 = ORIENTED_EDGE('',*,*,#843,.F.);
#857 = ORIENTED_EDGE('',*,*,#156,.F.);
#858 = ORIENTED_EDGE('',*,*,#859,.F.);
#859 = EDGE_CURVE('',#602,#148,#860,.T.);
#860 = LINE('',#861,#862);
#861 = CARTESIAN_POINT('',(-46.26263297872,-4.692418339826,7.5));
#862 = VECTOR('',#863,1.);
#863 = DIRECTION('',(0.,0.,1.));
#864 = ORIENTED_EDGE('',*,*,#601,.T.);
#865 = CYLINDRICAL_SURFACE('',#866,46.5);
#866 = AXIS2_PLACEMENT_3D('',#867,#868,#869);
#867 = CARTESIAN_POINT('',(0.,0.,0.));
#868 = DIRECTION('',(0.,0.,1.));
#869 = DIRECTION('',(1.,0.,-0.));
#870 = ADVANCED_FACE('',(#871),#877,.F.);
#871 = FACE_BOUND('',#872,.F.);
#872 = EDGE_LOOP('',(#873,#874,#875,#876));
#873 = ORIENTED_EDGE('',*,*,#610,.F.);
#874 = ORIENTED_EDGE('',*,*,#462,.F.);
#875 = ORIENTED_EDGE('',*,*,#147,.F.);
#876 = ORIENTED_EDGE('',*,*,#859,.F.);
#877 = CYLINDRICAL_SURFACE('',#878,4.75);
#878 = AXIS2_PLACEMENT_3D('',#879,#880,#881);
#879 = CARTESIAN_POINT('',(-47.,0.,7.5));
#880 = DIRECTION('',(0.,0.,1.));
#881 = DIRECTION('',(1.,7.657137397854E-16,-0.));
#882 = ADVANCED_FACE('',(#883),#894,.T.);
#883 = FACE_BOUND('',#884,.T.);
#884 = EDGE_LOOP('',(#885,#886,#887,#893));
#885 = ORIENTED_EDGE('',*,*,#836,.F.);
#886 = ORIENTED_EDGE('',*,*,#583,.T.);
#887 = ORIENTED_EDGE('',*,*,#888,.T.);
#888 = EDGE_CURVE('',#575,#175,#889,.T.);
#889 = LINE('',#890,#891);
#890 = CARTESIAN_POINT('',(19.068612652046,-42.41035264562,7.5));
#891 = VECTOR('',#892,1.);
#892 = DIRECTION('',(0.,0.,1.));
#893 = ORIENTED_EDGE('',*,*,#174,.F.);
#894 = CYLINDRICAL_SURFACE('',#895,46.5);
#895 = AXIS2_PLACEMENT_3D('',#896,#897,#898);
#896 = CARTESIAN_POINT('',(0.,0.,0.));
#897 = DIRECTION('',(0.,0.,1.));
#898 = DIRECTION('',(1.,0.,-0.));
#899 = ADVANCED_FACE('',(#900),#911,.F.);
#900 = FACE_BOUND('',#901,.F.);
#901 = EDGE_LOOP('',(#902,#903,#904,#905));
#902 = ORIENTED_EDGE('',*,*,#574,.T.);
#903 = ORIENTED_EDGE('',*,*,#888,.T.);
#904 = ORIENTED_EDGE('',*,*,#183,.T.);
#905 = ORIENTED_EDGE('',*,*,#906,.T.);
#906 = EDGE_CURVE('',#184,#566,#907,.T.);
#907 = LINE('',#908,#909);
#908 = CARTESIAN_POINT('',(27.196699811168,-37.71723106726,7.5));
#909 = VECTOR('',#910,1.);
#910 = DIRECTION('',(0.,0.,-1.));
#911 = CYLINDRICAL_SURFACE('',#912,4.75);
#912 = AXIS2_PLACEMENT_3D('',#913,#914,#915);
#913 = CARTESIAN_POINT('',(23.5,-40.7,7.5));
#914 = DIRECTION('',(0.,0.,-1.));
#915 = DIRECTION('',(-0.500029427677,0.866008413041,0.));
#916 = ADVANCED_FACE('',(#917),#928,.F.);
#917 = FACE_BOUND('',#918,.F.);
#918 = EDGE_LOOP('',(#919,#920,#921,#922));
#919 = ORIENTED_EDGE('',*,*,#201,.T.);
#920 = ORIENTED_EDGE('',*,*,#511,.T.);
#921 = ORIENTED_EDGE('',*,*,#556,.T.);
#922 = ORIENTED_EDGE('',*,*,#923,.T.);
#923 = EDGE_CURVE('',#557,#193,#924,.T.);
#924 = LINE('',#925,#926);
#925 = CARTESIAN_POINT('',(46.262632978723,-4.692418339826,7.5));
#926 = VECTOR('',#927,1.);
#927 = DIRECTION('',(0.,0.,1.));
#928 = CYLINDRICAL_SURFACE('',#929,4.75);
#929 = AXIS2_PLACEMENT_3D('',#930,#931,#932);
#930 = CARTESIAN_POINT('',(47.,0.,7.5));
#931 = DIRECTION('',(0.,0.,-1.));
#932 = DIRECTION('',(-1.,7.657137397854E-16,0.));
#933 = ADVANCED_FACE('',(#934),#940,.T.);
#934 = FACE_BOUND('',#935,.T.);
#935 = EDGE_LOOP('',(#936,#937,#938,#939));
#936 = ORIENTED_EDGE('',*,*,#906,.T.);
#937 = ORIENTED_EDGE('',*,*,#565,.T.);
#938 = ORIENTED_EDGE('',*,*,#923,.T.);
#939 = ORIENTED_EDGE('',*,*,#192,.F.);
#940 = CYLINDRICAL_SURFACE('',#941,46.5);
#941 = AXIS2_PLACEMENT_3D('',#942,#943,#944);
#942 = CARTESIAN_POINT('',(0.,0.,0.));
#943 = DIRECTION('',(0.,0.,1.));
#944 = DIRECTION('',(1.,0.,-0.));
#945 = ADVANCED_FACE('',(#946),#957,.F.);
#946 = FACE_BOUND('',#947,.F.);
#947 = EDGE_LOOP('',(#948,#954,#955,#956));
#948 = ORIENTED_EDGE('',*,*,#949,.T.);
#949 = EDGE_CURVE('',#238,#621,#950,.T.);
#950 = LINE('',#951,#952);
#951 = CARTESIAN_POINT('',(5.,17.32,0.));
#952 = VECTOR('',#953,1.);
#953 = DIRECTION('',(0.,0.,-1.));
#954 = ORIENTED_EDGE('',*,*,#620,.F.);
#955 = ORIENTED_EDGE('',*,*,#949,.F.);
#956 = ORIENTED_EDGE('',*,*,#237,.T.);
#957 = CYLINDRICAL_SURFACE('',#958,5.);
#958 = AXIS2_PLACEMENT_3D('',#959,#960,#961);
#959 = CARTESIAN_POINT('',(10.,17.32,0.));
#960 = DIRECTION('',(0.,0.,1.));
#961 = DIRECTION('',(1.,0.,-0.));
#962 = ADVANCED_FACE('',(#963),#974,.F.);
#963 = FACE_BOUND('',#964,.F.);
#964 = EDGE_LOOP('',(#965,#971,#972,#973));
#965 = ORIENTED_EDGE('',*,*,#966,.T.);
#966 = EDGE_CURVE('',#249,#632,#967,.T.);
#967 = LINE('',#968,#969);
#968 = CARTESIAN_POINT('',(15.,-6.123233995737E-16,0.));
#969 = VECTOR('',#970,1.);
#970 = DIRECTION('',(0.,0.,-1.));
#971 = ORIENTED_EDGE('',*,*,#631,.F.);
#972 = ORIENTED_EDGE('',*,*,#966,.F.);
#973 = ORIENTED_EDGE('',*,*,#248,.T.);
#974 = CYLINDRICAL_SURFACE('',#975,5.);
#975 = AXIS2_PLACEMENT_3D('',#976,#977,#978);
#976 = CARTESIAN_POINT('',(20.,0.,0.));
#977 = DIRECTION('',(0.,0.,1.));
#978 = DIRECTION('',(1.,0.,-0.));
#979 = ADVANCED_FACE('',(#980),#991,.F.);
#980 = FACE_BOUND('',#981,.F.);
#981 = EDGE_LOOP('',(#982,#988,#989,#990));
#982 = ORIENTED_EDGE('',*,*,#983,.T.);
#983 = EDGE_CURVE('',#260,#643,#984,.T.);
#984 = LINE('',#985,#986);
#985 = CARTESIAN_POINT('',(32.64,-20.,0.));
#986 = VECTOR('',#987,1.);
#987 = DIRECTION('',(0.,0.,-1.));
#988 = ORIENTED_EDGE('',*,*,#642,.F.);
#989 = ORIENTED_EDGE('',*,*,#983,.F.);
#990 = ORIENTED_EDGE('',*,*,#259,.T.);
#991 = CYLINDRICAL_SURFACE('',#992,2.);
#992 = AXIS2_PLACEMENT_3D('',#993,#994,#995);
#993 = CARTESIAN_POINT('',(34.64,-20.,0.));
#994 = DIRECTION('',(0.,0.,1.));
#995 = DIRECTION('',(1.,0.,-0.));
#996 = ADVANCED_FACE('',(#997),#1008,.F.);
#997 = FACE_BOUND('',#998,.F.);
#998 = EDGE_LOOP('',(#999,#1005,#1006,#1007));
#999 = ORIENTED_EDGE('',*,*,#1000,.T.);
#1000 = EDGE_CURVE('',#271,#654,#1001,.T.);
#1001 = LINE('',#1002,#1003);
#1002 = CARTESIAN_POINT('',(-2.,40.,0.));
#1003 = VECTOR('',#1004,1.);
#1004 = DIRECTION('',(0.,0.,-1.));
#1005 = ORIENTED_EDGE('',*,*,#653,.F.);
#1006 = ORIENTED_EDGE('',*,*,#1000,.F.);
#1007 = ORIENTED_EDGE('',*,*,#270,.T.);
#1008 = CYLINDRICAL_SURFACE('',#1009,2.);
#1009 = AXIS2_PLACEMENT_3D('',#1010,#1011,#1012);
#1010 = CARTESIAN_POINT('',(0.,40.,0.));
#1011 = DIRECTION('',(0.,0.,1.));
#1012 = DIRECTION('',(1.,0.,-0.));
#1013 = ADVANCED_FACE('',(#1014),#1025,.F.);
#1014 = FACE_BOUND('',#1015,.F.);
#1015 = EDGE_LOOP('',(#1016,#1022,#1023,#1024));
#1016 = ORIENTED_EDGE('',*,*,#1017,.T.);
#1017 = EDGE_CURVE('',#282,#665,#1018,.T.);
#1018 = LINE('',#1019,#1020);
#1019 = CARTESIAN_POINT('',(32.64,20.,0.));
#1020 = VECTOR('',#1021,1.);
#1021 = DIRECTION('',(0.,0.,-1.));
#1022 = ORIENTED_EDGE('',*,*,#664,.F.);
#1023 = ORIENTED_EDGE('',*,*,#1017,.F.);
#1024 = ORIENTED_EDGE('',*,*,#281,.T.);
#1025 = CYLINDRICAL_SURFACE('',#1026,2.);
#1026 = AXIS2_PLACEMENT_3D('',#1027,#1028,#1029);
#1027 = CARTESIAN_POINT('',(34.64,20.,0.));
#1028 = DIRECTION('',(0.,0.,1.));
#1029 = DIRECTION('',(1.,0.,-0.));
#1030 = ADVANCED_FACE('',(#1031),#1042,.F.);
#1031 = FACE_BOUND('',#1032,.F.);
#1032 = EDGE_LOOP('',(#1033,#1039,#1040,#1041));
#1033 = ORIENTED_EDGE('',*,*,#1034,.T.);
#1034 = EDGE_CURVE('',#293,#676,#1035,.T.);
#1035 = LINE('',#1036,#1037);
#1036 = CARTESIAN_POINT('',(-2.,-40.,0.));
#1037 = VECTOR('',#1038,1.);
#1038 = DIRECTION('',(0.,0.,-1.));
#1039 = ORIENTED_EDGE('',*,*,#675,.F.);
#1040 = ORIENTED_EDGE('',*,*,#1034,.F.);
#1041 = ORIENTED_EDGE('',*,*,#292,.T.);
#1042 = CYLINDRICAL_SURFACE('',#1043,2.);
#1043 = AXIS2_PLACEMENT_3D('',#1044,#1045,#1046);
#1044 = CARTESIAN_POINT('',(0.,-40.,0.));
#1045 = DIRECTION('',(0.,0.,1.));
#1046 = DIRECTION('',(1.,0.,-0.));
#1047 = ADVANCED_FACE('',(#1048),#1059,.F.);
#1048 = FACE_BOUND('',#1049,.F.);
#1049 = EDGE_LOOP('',(#1050,#1056,#1057,#1058));
#1050 = ORIENTED_EDGE('',*,*,#1051,.T.);
#1051 = EDGE_CURVE('',#304,#687,#1052,.T.);
#1052 = LINE('',#1053,#1054);
#1053 = CARTESIAN_POINT('',(23.98,-15.,0.));
#1054 = VECTOR('',#1055,1.);
#1055 = DIRECTION('',(0.,0.,-1.));
#1056 = ORIENTED_EDGE('',*,*,#686,.F.);
#1057 = ORIENTED_EDGE('',*,*,#1051,.F.);
#1058 = ORIENTED_EDGE('',*,*,#303,.T.);
#1059 = CYLINDRICAL_SURFACE('',#1060,2.);
#1060 = AXIS2_PLACEMENT_3D('',#1061,#1062,#1063);
#1061 = CARTESIAN_POINT('',(25.98,-15.,0.));
#1062 = DIRECTION('',(0.,0.,1.));
#1063 = DIRECTION('',(1.,0.,-0.));
#1064 = ADVANCED_FACE('',(#1065),#1076,.F.);
#1065 = FACE_BOUND('',#1066,.F.);
#1066 = EDGE_LOOP('',(#1067,#1073,#1074,#1075));
#1067 = ORIENTED_EDGE('',*,*,#1068,.T.);
#1068 = EDGE_CURVE('',#315,#698,#1069,.T.);
#1069 = LINE('',#1070,#1071);
#1070 = CARTESIAN_POINT('',(-27.98,15.,0.));
#1071 = VECTOR('',#1072,1.);
#1072 = DIRECTION('',(0.,0.,-1.));
#1073 = ORIENTED_EDGE('',*,*,#697,.F.);
#1074 = ORIENTED_EDGE('',*,*,#1068,.F.);
#1075 = ORIENTED_EDGE('',*,*,#314,.T.);
#1076 = CYLINDRICAL_SURFACE('',#1077,2.);
#1077 = AXIS2_PLACEMENT_3D('',#1078,#1079,#1080);
#1078 = CARTESIAN_POINT('',(-25.98,15.,0.));
#1079 = DIRECTION('',(0.,0.,1.));
#1080 = DIRECTION('',(1.,0.,-0.));
#1081 = ADVANCED_FACE('',(#1082),#1093,.F.);
#1082 = FACE_BOUND('',#1083,.F.);
#1083 = EDGE_LOOP('',(#1084,#1090,#1091,#1092));
#1084 = ORIENTED_EDGE('',*,*,#1085,.T.);
#1085 = EDGE_CURVE('',#326,#709,#1086,.T.);
#1086 = LINE('',#1087,#1088);
#1087 = CARTESIAN_POINT('',(5.,-17.32,0.));
#1088 = VECTOR('',#1089,1.);
#1089 = DIRECTION('',(0.,0.,-1.));
#1090 = ORIENTED_EDGE('',*,*,#708,.F.);
#1091 = ORIENTED_EDGE('',*,*,#1085,.F.);
#1092 = ORIENTED_EDGE('',*,*,#325,.T.);
#1093 = CYLINDRICAL_SURFACE('',#1094,5.);
#1094 = AXIS2_PLACEMENT_3D('',#1095,#1096,#1097);
#1095 = CARTESIAN_POINT('',(10.,-17.32,0.));
#1096 = DIRECTION('',(0.,0.,1.));
#1097 = DIRECTION('',(1.,0.,-0.));
#1098 = ADVANCED_FACE('',(#1099),#1110,.F.);
#1099 = FACE_BOUND('',#1100,.F.);
#1100 = EDGE_LOOP('',(#1101,#1107,#1108,#1109));
#1101 = ORIENTED_EDGE('',*,*,#1102,.T.);
#1102 = EDGE_CURVE('',#337,#720,#1103,.T.);
#1103 = LINE('',#1104,#1105);
#1104 = CARTESIAN_POINT('',(-36.64,-20.,0.));
#1105 = VECTOR('',#1106,1.);
#1106 = DIRECTION('',(0.,0.,-1.));
#1107 = ORIENTED_EDGE('',*,*,#719,.F.);
#1108 = ORIENTED_EDGE('',*,*,#1102,.F.);
#1109 = ORIENTED_EDGE('',*,*,#336,.T.);
#1110 = CYLINDRICAL_SURFACE('',#1111,2.);
#1111 = AXIS2_PLACEMENT_3D('',#1112,#1113,#1114);
#1112 = CARTESIAN_POINT('',(-34.64,-20.,0.));
#1113 = DIRECTION('',(0.,0.,1.));
#1114 = DIRECTION('',(1.,0.,-0.));
#1115 = ADVANCED_FACE('',(#1116),#1127,.F.);
#1116 = FACE_BOUND('',#1117,.F.);
#1117 = EDGE_LOOP('',(#1118,#1124,#1125,#1126));
#1118 = ORIENTED_EDGE('',*,*,#1119,.T.);
#1119 = EDGE_CURVE('',#348,#731,#1120,.T.);
#1120 = LINE('',#1121,#1122);
#1121 = CARTESIAN_POINT('',(-2.,-30.,0.));
#1122 = VECTOR('',#1123,1.);
#1123 = DIRECTION('',(0.,0.,-1.));
#1124 = ORIENTED_EDGE('',*,*,#730,.F.);
#1125 = ORIENTED_EDGE('',*,*,#1119,.F.);
#1126 = ORIENTED_EDGE('',*,*,#347,.T.);
#1127 = CYLINDRICAL_SURFACE('',#1128,2.);
#1128 = AXIS2_PLACEMENT_3D('',#1129,#1130,#1131);
#1129 = CARTESIAN_POINT('',(0.,-30.,0.));
#1130 = DIRECTION('',(0.,0.,1.));
#1131 = DIRECTION('',(1.,0.,-0.));
#1132 = ADVANCED_FACE('',(#1133),#1144,.F.);
#1133 = FACE_BOUND('',#1134,.F.);
#1134 = EDGE_LOOP('',(#1135,#1141,#1142,#1143));
#1135 = ORIENTED_EDGE('',*,*,#1136,.T.);
#1136 = EDGE_CURVE('',#359,#742,#1137,.T.);
#1137 = LINE('',#1138,#1139);
#1138 = CARTESIAN_POINT('',(-27.98,-15.,0.));
#1139 = VECTOR('',#1140,1.);
#1140 = DIRECTION('',(0.,0.,-1.));
#1141 = ORIENTED_EDGE('',*,*,#741,.F.);
#1142 = ORIENTED_EDGE('',*,*,#1136,.F.);
#1143 = ORIENTED_EDGE('',*,*,#358,.T.);
#1144 = CYLINDRICAL_SURFACE('',#1145,2.);
#1145 = AXIS2_PLACEMENT_3D('',#1146,#1147,#1148);
#1146 = CARTESIAN_POINT('',(-25.98,-15.,0.));
#1147 = DIRECTION('',(0.,0.,1.));
#1148 = DIRECTION('',(1.,0.,-0.));
#1149 = ADVANCED_FACE('',(#1150),#1161,.F.);
#1150 = FACE_BOUND('',#1151,.F.);
#1151 = EDGE_LOOP('',(#1152,#1158,#1159,#1160));
#1152 = ORIENTED_EDGE('',*,*,#1153,.T.);
#1153 = EDGE_CURVE('',#370,#753,#1154,.T.);
#1154 = LINE('',#1155,#1156);
#1155 = CARTESIAN_POINT('',(-36.64,20.,0.));
#1156 = VECTOR('',#1157,1.);
#1157 = DIRECTION('',(0.,0.,-1.));
#1158 = ORIENTED_EDGE('',*,*,#752,.F.);
#1159 = ORIENTED_EDGE('',*,*,#1153,.F.);
#1160 = ORIENTED_EDGE('',*,*,#369,.T.);
#1161 = CYLINDRICAL_SURFACE('',#1162,2.);
#1162 = AXIS2_PLACEMENT_3D('',#1163,#1164,#1165);
#1163 = CARTESIAN_POINT('',(-34.64,20.,0.));
#1164 = DIRECTION('',(0.,0.,1.));
#1165 = DIRECTION('',(1.,0.,-0.));
#1166 = ADVANCED_FACE('',(#1167),#1178,.F.);
#1167 = FACE_BOUND('',#1168,.F.);
#1168 = EDGE_LOOP('',(#1169,#1175,#1176,#1177));
#1169 = ORIENTED_EDGE('',*,*,#1170,.T.);
#1170 = EDGE_CURVE('',#381,#764,#1171,.T.);
#1171 = LINE('',#1172,#1173);
#1172 = CARTESIAN_POINT('',(-25.,-6.123233995737E-16,0.));
#1173 = VECTOR('',#1174,1.);
#1174 = DIRECTION('',(0.,0.,-1.));
#1175 = ORIENTED_EDGE('',*,*,#763,.F.);
#1176 = ORIENTED_EDGE('',*,*,#1170,.F.);
#1177 = ORIENTED_EDGE('',*,*,#380,.T.);
#1178 = CYLINDRICAL_SURFACE('',#1179,5.);
#1179 = AXIS2_PLACEMENT_3D('',#1180,#1181,#1182);
#1180 = CARTESIAN_POINT('',(-20.,0.,0.));
#1181 = DIRECTION('',(0.,0.,1.));
#1182 = DIRECTION('',(1.,0.,-0.));
#1183 = ADVANCED_FACE('',(#1184),#1195,.F.);
#1184 = FACE_BOUND('',#1185,.F.);
#1185 = EDGE_LOOP('',(#1186,#1192,#1193,#1194));
#1186 = ORIENTED_EDGE('',*,*,#1187,.T.);
#1187 = EDGE_CURVE('',#392,#775,#1188,.T.);
#1188 = LINE('',#1189,#1190);
#1189 = CARTESIAN_POINT('',(-2.,30.,0.));
#1190 = VECTOR('',#1191,1.);
#1191 = DIRECTION('',(0.,0.,-1.));
#1192 = ORIENTED_EDGE('',*,*,#774,.F.);
#1193 = ORIENTED_EDGE('',*,*,#1187,.F.);
#1194 = ORIENTED_EDGE('',*,*,#391,.T.);
#1195 = CYLINDRICAL_SURFACE('',#1196,2.);
#1196 = AXIS2_PLACEMENT_3D('',#1197,#1198,#1199);
#1197 = CARTESIAN_POINT('',(0.,30.,0.));
#1198 = DIRECTION('',(0.,0.,1.));
#1199 = DIRECTION('',(1.,0.,-0.));
#1200 = ADVANCED_FACE('',(#1201),#1212,.F.);
#1201 = FACE_BOUND('',#1202,.F.);
#1202 = EDGE_LOOP('',(#1203,#1209,#1210,#1211));
#1203 = ORIENTED_EDGE('',*,*,#1204,.T.);
#1204 = EDGE_CURVE('',#403,#786,#1205,.T.);
#1205 = LINE('',#1206,#1207);
#1206 = CARTESIAN_POINT('',(-5.,-6.123233995737E-16,0.));
#1207 = VECTOR('',#1208,1.);
#1208 = DIRECTION('',(0.,0.,-1.));
#1209 = ORIENTED_EDGE('',*,*,#785,.F.);
#1210 = ORIENTED_EDGE('',*,*,#1204,.F.);
#1211 = ORIENTED_EDGE('',*,*,#402,.T.);
#1212 = CYLINDRICAL_SURFACE('',#1213,5.);
#1213 = AXIS2_PLACEMENT_3D('',#1214,#1215,#1216);
#1214 = CARTESIAN_POINT('',(0.,0.,0.));
#1215 = DIRECTION('',(0.,0.,1.));
#1216 = DIRECTION('',(1.,0.,-0.));
#1217 = ADVANCED_FACE('',(#1218),#1229,.F.);
#1218 = FACE_BOUND('',#1219,.F.);
#1219 = EDGE_LOOP('',(#1220,#1226,#1227,#1228));
#1220 = ORIENTED_EDGE('',*,*,#1221,.T.);
#1221 = EDGE_CURVE('',#414,#797,#1222,.T.);
#1222 = LINE('',#1223,#1224);
#1223 = CARTESIAN_POINT('',(-15.,17.32,0.));
#1224 = VECTOR('',#1225,1.);
#1225 = DIRECTION('',(0.,0.,-1.));
#1226 = ORIENTED_EDGE('',*,*,#796,.F.);
#1227 = ORIENTED_EDGE('',*,*,#1221,.F.);
#1228 = ORIENTED_EDGE('',*,*,#413,.T.);
#1229 = CYLINDRICAL_SURFACE('',#1230,5.);
#1230 = AXIS2_PLACEMENT_3D('',#1231,#1232,#1233);
#1231 = CARTESIAN_POINT('',(-10.,17.32,0.));
#1232 = DIRECTION('',(0.,0.,1.));
#1233 = DIRECTION('',(1.,0.,-0.));
#1234 = ADVANCED_FACE('',(#1235),#1246,.F.);
#1235 = FACE_BOUND('',#1236,.F.);
#1236 = EDGE_LOOP('',(#1237,#1243,#1244,#1245));
#1237 = ORIENTED_EDGE('',*,*,#1238,.T.);
#1238 = EDGE_CURVE('',#425,#808,#1239,.T.);
#1239 = LINE('',#1240,#1241);
#1240 = CARTESIAN_POINT('',(-15.,-17.32,0.));
#1241 = VECTOR('',#1242,1.);
#1242 = DIRECTION('',(0.,0.,-1.));
#1243 = ORIENTED_EDGE('',*,*,#807,.F.);
#1244 = ORIENTED_EDGE('',*,*,#1238,.F.);
#1245 = ORIENTED_EDGE('',*,*,#424,.T.);
#1246 = CYLINDRICAL_SURFACE('',#1247,5.);
#1247 = AXIS2_PLACEMENT_3D('',#1248,#1249,#1250);
#1248 = CARTESIAN_POINT('',(-10.,-17.32,0.));
#1249 = DIRECTION('',(0.,0.,1.));
#1250 = DIRECTION('',(1.,0.,-0.));
#1251 = ADVANCED_FACE('',(#1252),#1263,.F.);
#1252 = FACE_BOUND('',#1253,.F.);
#1253 = EDGE_LOOP('',(#1254,#1260,#1261,#1262));
#1254 = ORIENTED_EDGE('',*,*,#1255,.T.);
#1255 = EDGE_CURVE('',#436,#819,#1256,.T.);
#1256 = LINE('',#1257,#1258);
#1257 = CARTESIAN_POINT('',(23.98,15.,0.));
#1258 = VECTOR('',#1259,1.);
#1259 = DIRECTION('',(0.,0.,-1.));
#1260 = ORIENTED_EDGE('',*,*,#818,.F.);
#1261 = ORIENTED_EDGE('',*,*,#1255,.F.);
#1262 = ORIENTED_EDGE('',*,*,#435,.T.);
#1263 = CYLINDRICAL_SURFACE('',#1264,2.);
#1264 = AXIS2_PLACEMENT_3D('',#1265,#1266,#1267);
#1265 = CARTESIAN_POINT('',(25.98,15.,0.));
#1266 = DIRECTION('',(0.,0.,1.));
#1267 = DIRECTION('',(1.,0.,-0.));
#1268 = ( GEOMETRIC_REPRESENTATION_CONTEXT(3) 
GLOBAL_UNCERTAINTY_ASSIGNED_CONTEXT((#1272)) 
GLOBAL_UNIT_ASSIGNED_CONTEXT((#1269,#1270,#1271)) REPRESENTATION_CONTEXT
('Context #1','3D Context with UNIT and UNCERTAINTY') );
#1269 = ( LENGTH_UNIT() NAMED_UNIT(*) SI_UNIT(.MILLI.,.METRE.) );
#1270 = ( NAMED_UNIT(*) PLANE_ANGLE_UNIT() SI_UNIT($,.RADIAN.) );
#1271 = ( NAMED_UNIT(*) SI_UNIT($,.STERADIAN.) SOLID_ANGLE_UNIT() );
#1272 = UNCERTAINTY_MEASURE_WITH_UNIT(LENGTH_MEASURE(1.E-07),#1269,
  'distance_accuracy_value','confusion accuracy');
#1273 = CONTEXT_DEPENDENT_SHAPE_REPRESENTATION(#1274,#1276);
#1274 = ( REPRESENTATION_RELATIONSHIP('','',#88,#10) 
REPRESENTATION_RELATIONSHIP_WITH_TRANSFORMATION(#1275) 
SHAPE_REPRESENTATION_RELATIONSHIP() );
#1275 = ITEM_DEFINED_TRANSFORMATION('','',#11,#15);
#1276 = PRODUCT_DEFINITION_SHAPE('Placement','Placement of an item',
  #1277);
#1277 = NEXT_ASSEMBLY_USAGE_OCCURRENCE('6','cavity_casette','',#5,#83,$
  );
#1278 = PRODUCT_RELATED_PRODUCT_CATEGORY('part',$,(#85));
#1279 = SHAPE_DEFINITION_REPRESENTATION(#1280,#1286);
#1280 = PRODUCT_DEFINITION_SHAPE('','',#1281);
#1281 = PRODUCT_DEFINITION('design','',#1282,#1285);
#1282 = PRODUCT_DEFINITION_FORMATION('','',#1283);
#1283 = PRODUCT('cover_casette','cover_casette','',(#1284));
#1284 = PRODUCT_CONTEXT('',#2,'mechanical');
#1285 = PRODUCT_DEFINITION_CONTEXT('part definition',#2,'design');
#1286 = ADVANCED_BREP_SHAPE_REPRESENTATION('',(#11,#1287),#1896);
#1287 = MANIFOLD_SOLID_BREP('',#1288);
#1288 = CLOSED_SHELL('',(#1289,#1323,#1332,#1484,#1510,#1519,#1545,#1554
    ,#1580,#1589,#1615,#1624,#1650,#1659,#1685,#1694,#1777,#1794,#1811,
    #1828,#1845,#1862,#1879));
#1289 = ADVANCED_FACE('',(#1290),#1318,.F.);
#1290 = FACE_BOUND('',#1291,.F.);
#1291 = EDGE_LOOP('',(#1292,#1303,#1310,#1311));
#1292 = ORIENTED_EDGE('',*,*,#1293,.T.);
#1293 = EDGE_CURVE('',#1294,#1296,#1298,.T.);
#1294 = VERTEX_POINT('',#1295);
#1295 = CARTESIAN_POINT('',(4.,-17.32,0.));
#1296 = VERTEX_POINT('',#1297);
#1297 = CARTESIAN_POINT('',(2.,-17.32,0.));
#1298 = CIRCLE('',#1299,1.);
#1299 = AXIS2_PLACEMENT_3D('',#1300,#1301,#1302);
#1300 = CARTESIAN_POINT('',(3.,-17.32,0.));
#1301 = DIRECTION('',(0.,-1.,0.));
#1302 = DIRECTION('',(-1.,0.,0.));
#1303 = ORIENTED_EDGE('',*,*,#1304,.F.);
#1304 = EDGE_CURVE('',#1296,#1296,#1305,.T.);
#1305 = CIRCLE('',#1306,8.);
#1306 = AXIS2_PLACEMENT_3D('',#1307,#1308,#1309);
#1307 = CARTESIAN_POINT('',(10.,-17.32,0.));
#1308 = DIRECTION('',(0.,0.,-1.));
#1309 = DIRECTION('',(-1.,0.,0.));
#1310 = ORIENTED_EDGE('',*,*,#1293,.F.);
#1311 = ORIENTED_EDGE('',*,*,#1312,.F.);
#1312 = EDGE_CURVE('',#1294,#1294,#1313,.T.);
#1313 = CIRCLE('',#1314,6.);
#1314 = AXIS2_PLACEMENT_3D('',#1315,#1316,#1317);
#1315 = CARTESIAN_POINT('',(10.,-17.32,0.));
#1316 = DIRECTION('',(0.,0.,1.));
#1317 = DIRECTION('',(-1.,0.,0.));
#1318 = TOROIDAL_SURFACE('',#1319,7.,1.);
#1319 = AXIS2_PLACEMENT_3D('',#1320,#1321,#1322);
#1320 = CARTESIAN_POINT('',(10.,-17.32,0.));
#1321 = DIRECTION('',(0.,0.,-1.));
#1322 = DIRECTION('',(1.,0.,0.));
#1323 = ADVANCED_FACE('',(#1324),#1327,.F.);
#1324 = FACE_BOUND('',#1325,.T.);
#1325 = EDGE_LOOP('',(#1326));
#1326 = ORIENTED_EDGE('',*,*,#1312,.F.);
#1327 = PLANE('',#1328);
#1328 = AXIS2_PLACEMENT_3D('',#1329,#1330,#1331);
#1329 = CARTESIAN_POINT('',(0.,0.,0.));
#1330 = DIRECTION('',(0.,0.,1.));
#1331 = DIRECTION('',(1.,0.,-0.));
#1332 = ADVANCED_FACE('',(#1333,#1344,#1355,#1366,#1377,#1388,#1399,
    #1410,#1421,#1432,#1443,#1454,#1465,#1476),#1479,.F.);
#1333 = FACE_BOUND('',#1334,.T.);
#1334 = EDGE_LOOP('',(#1335));
#1335 = ORIENTED_EDGE('',*,*,#1336,.F.);
#1336 = EDGE_CURVE('',#1337,#1337,#1339,.T.);
#1337 = VERTEX_POINT('',#1338);
#1338 = CARTESIAN_POINT('',(-34.5,-4.225031457058E-15,0.));
#1339 = CIRCLE('',#1340,34.5);
#1340 = AXIS2_PLACEMENT_3D('',#1341,#1342,#1343);
#1341 = CARTESIAN_POINT('',(0.,0.,0.));
#1342 = DIRECTION('',(0.,0.,1.));
#1343 = DIRECTION('',(1.,0.,-0.));
#1344 = FACE_BOUND('',#1345,.T.);
#1345 = EDGE_LOOP('',(#1346));
#1346 = ORIENTED_EDGE('',*,*,#1347,.F.);
#1347 = EDGE_CURVE('',#1348,#1348,#1350,.T.);
#1348 = VERTEX_POINT('',#1349);
#1349 = CARTESIAN_POINT('',(-2.,-17.32,0.));
#1350 = CIRCLE('',#1351,8.);
#1351 = AXIS2_PLACEMENT_3D('',#1352,#1353,#1354);
#1352 = CARTESIAN_POINT('',(-10.,-17.32,0.));
#1353 = DIRECTION('',(0.,0.,-1.));
#1354 = DIRECTION('',(-1.,0.,0.));
#1355 = FACE_BOUND('',#1356,.T.);
#1356 = EDGE_LOOP('',(#1357));
#1357 = ORIENTED_EDGE('',*,*,#1358,.T.);
#1358 = EDGE_CURVE('',#1359,#1359,#1361,.T.);
#1359 = VERTEX_POINT('',#1360);
#1360 = CARTESIAN_POINT('',(-2.,17.32,0.));
#1361 = CIRCLE('',#1362,8.);
#1362 = AXIS2_PLACEMENT_3D('',#1363,#1364,#1365);
#1363 = CARTESIAN_POINT('',(-10.,17.32,0.));
#1364 = DIRECTION('',(0.,0.,1.));
#1365 = DIRECTION('',(-1.,0.,0.));
#1366 = FACE_BOUND('',#1367,.T.);
#1367 = EDGE_LOOP('',(#1368));
#1368 = ORIENTED_EDGE('',*,*,#1369,.T.);
#1369 = EDGE_CURVE('',#1370,#1370,#1372,.T.);
#1370 = VERTEX_POINT('',#1371);
#1371 = CARTESIAN_POINT('',(-28.00000080466,-9.797175013633E-16,0.));
#1372 = CIRCLE('',#1373,8.000000506639);
#1373 = AXIS2_PLACEMENT_3D('',#1374,#1375,#1376);
#1374 = CARTESIAN_POINT('',(-20.00000029802,0.,0.));
#1375 = DIRECTION('',(0.,0.,1.));
#1376 = DIRECTION('',(1.,0.,-0.));
#1377 = FACE_BOUND('',#1378,.T.);
#1378 = EDGE_LOOP('',(#1379));
#1379 = ORIENTED_EDGE('',*,*,#1380,.F.);
#1380 = EDGE_CURVE('',#1381,#1381,#1383,.T.);
#1381 = VERTEX_POINT('',#1382);
#1382 = CARTESIAN_POINT('',(23.98,15.,0.));
#1383 = CIRCLE('',#1384,2.);
#1384 = AXIS2_PLACEMENT_3D('',#1385,#1386,#1387);
#1385 = CARTESIAN_POINT('',(25.98,15.,0.));
#1386 = DIRECTION('',(0.,0.,-1.));
#1387 = DIRECTION('',(1.,0.,0.));
#1388 = FACE_BOUND('',#1389,.T.);
#1389 = EDGE_LOOP('',(#1390));
#1390 = ORIENTED_EDGE('',*,*,#1391,.F.);
#1391 = EDGE_CURVE('',#1392,#1392,#1394,.T.);
#1392 = VERTEX_POINT('',#1393);
#1393 = CARTESIAN_POINT('',(23.98,-15.,0.));
#1394 = CIRCLE('',#1395,2.);
#1395 = AXIS2_PLACEMENT_3D('',#1396,#1397,#1398);
#1396 = CARTESIAN_POINT('',(25.98,-15.,0.));
#1397 = DIRECTION('',(0.,0.,-1.));
#1398 = DIRECTION('',(1.,0.,0.));
#1399 = FACE_BOUND('',#1400,.T.);
#1400 = EDGE_LOOP('',(#1401));
#1401 = ORIENTED_EDGE('',*,*,#1402,.F.);
#1402 = EDGE_CURVE('',#1403,#1403,#1405,.T.);
#1403 = VERTEX_POINT('',#1404);
#1404 = CARTESIAN_POINT('',(-2.,-30.,0.));
#1405 = CIRCLE('',#1406,2.);
#1406 = AXIS2_PLACEMENT_3D('',#1407,#1408,#1409);
#1407 = CARTESIAN_POINT('',(0.,-30.,0.));
#1408 = DIRECTION('',(0.,0.,-1.));
#1409 = DIRECTION('',(1.,0.,0.));
#1410 = FACE_BOUND('',#1411,.T.);
#1411 = EDGE_LOOP('',(#1412));
#1412 = ORIENTED_EDGE('',*,*,#1413,.F.);
#1413 = EDGE_CURVE('',#1414,#1414,#1416,.T.);
#1414 = VERTEX_POINT('',#1415);
#1415 = CARTESIAN_POINT('',(-27.98,-15.,0.));
#1416 = CIRCLE('',#1417,2.);
#1417 = AXIS2_PLACEMENT_3D('',#1418,#1419,#1420);
#1418 = CARTESIAN_POINT('',(-25.98,-15.,0.));
#1419 = DIRECTION('',(0.,0.,-1.));
#1420 = DIRECTION('',(1.,0.,0.));
#1421 = FACE_BOUND('',#1422,.T.);
#1422 = EDGE_LOOP('',(#1423));
#1423 = ORIENTED_EDGE('',*,*,#1424,.F.);
#1424 = EDGE_CURVE('',#1425,#1425,#1427,.T.);
#1425 = VERTEX_POINT('',#1426);
#1426 = CARTESIAN_POINT('',(-27.98,15.,0.));
#1427 = CIRCLE('',#1428,2.);
#1428 = AXIS2_PLACEMENT_3D('',#1429,#1430,#1431);
#1429 = CARTESIAN_POINT('',(-25.98,15.,0.));
#1430 = DIRECTION('',(0.,0.,-1.));
#1431 = DIRECTION('',(1.,0.,0.));
#1432 = FACE_BOUND('',#1433,.T.);
#1433 = EDGE_LOOP('',(#1434));
#1434 = ORIENTED_EDGE('',*,*,#1435,.F.);
#1435 = EDGE_CURVE('',#1436,#1436,#1438,.T.);
#1436 = VERTEX_POINT('',#1437);
#1437 = CARTESIAN_POINT('',(-2.,30.,0.));
#1438 = CIRCLE('',#1439,2.);
#1439 = AXIS2_PLACEMENT_3D('',#1440,#1441,#1442);
#1440 = CARTESIAN_POINT('',(0.,30.,0.));
#1441 = DIRECTION('',(0.,0.,-1.));
#1442 = DIRECTION('',(1.,0.,0.));
#1443 = FACE_BOUND('',#1444,.T.);
#1444 = EDGE_LOOP('',(#1445));
#1445 = ORIENTED_EDGE('',*,*,#1446,.T.);
#1446 = EDGE_CURVE('',#1447,#1447,#1449,.T.);
#1447 = VERTEX_POINT('',#1448);
#1448 = CARTESIAN_POINT('',(-8.000000119209,-9.797174539168E-16,0.));
#1449 = CIRCLE('',#1450,8.000000119209);
#1450 = AXIS2_PLACEMENT_3D('',#1451,#1452,#1453);
#1451 = CARTESIAN_POINT('',(0.,0.,0.));
#1452 = DIRECTION('',(0.,0.,1.));
#1453 = DIRECTION('',(1.,0.,-0.));
#1454 = FACE_BOUND('',#1455,.T.);
#1455 = EDGE_LOOP('',(#1456));
#1456 = ORIENTED_EDGE('',*,*,#1457,.F.);
#1457 = EDGE_CURVE('',#1458,#1458,#1460,.T.);
#1458 = VERTEX_POINT('',#1459);
#1459 = CARTESIAN_POINT('',(28.000000804663,-9.797175013633E-16,0.));
#1460 = CIRCLE('',#1461,8.000000506639);
#1461 = AXIS2_PLACEMENT_3D('',#1462,#1463,#1464);
#1462 = CARTESIAN_POINT('',(20.000000298023,0.,0.));
#1463 = DIRECTION('',(0.,0.,-1.));
#1464 = DIRECTION('',(1.,0.,0.));
#1465 = FACE_BOUND('',#1466,.T.);
#1466 = EDGE_LOOP('',(#1467));
#1467 = ORIENTED_EDGE('',*,*,#1468,.F.);
#1468 = EDGE_CURVE('',#1469,#1469,#1471,.T.);
#1469 = VERTEX_POINT('',#1470);
#1470 = CARTESIAN_POINT('',(2.,17.32,0.));
#1471 = CIRCLE('',#1472,8.);
#1472 = AXIS2_PLACEMENT_3D('',#1473,#1474,#1475);
#1473 = CARTESIAN_POINT('',(10.,17.32,0.));
#1474 = DIRECTION('',(0.,0.,-1.));
#1475 = DIRECTION('',(-1.,0.,0.));
#1476 = FACE_BOUND('',#1477,.T.);
#1477 = EDGE_LOOP('',(#1478));
#1478 = ORIENTED_EDGE('',*,*,#1304,.F.);
#1479 = PLANE('',#1480);
#1480 = AXIS2_PLACEMENT_3D('',#1481,#1482,#1483);
#1481 = CARTESIAN_POINT('',(0.,0.,0.));
#1482 = DIRECTION('',(0.,0.,1.));
#1483 = DIRECTION('',(1.,0.,-0.));
#1484 = ADVANCED_FACE('',(#1485),#1505,.F.);
#1485 = FACE_BOUND('',#1486,.F.);
#1486 = EDGE_LOOP('',(#1487,#1496,#1497,#1498));
#1487 = ORIENTED_EDGE('',*,*,#1488,.T.);
#1488 = EDGE_CURVE('',#1489,#1348,#1491,.T.);
#1489 = VERTEX_POINT('',#1490);
#1490 = CARTESIAN_POINT('',(-4.,-17.32,0.));
#1491 = CIRCLE('',#1492,1.);
#1492 = AXIS2_PLACEMENT_3D('',#1493,#1494,#1495);
#1493 = CARTESIAN_POINT('',(-3.,-17.32,0.));
#1494 = DIRECTION('',(-0.,1.,0.));
#1495 = DIRECTION('',(1.,0.,0.));
#1496 = ORIENTED_EDGE('',*,*,#1347,.F.);
#1497 = ORIENTED_EDGE('',*,*,#1488,.F.);
#1498 = ORIENTED_EDGE('',*,*,#1499,.F.);
#1499 = EDGE_CURVE('',#1489,#1489,#1500,.T.);
#1500 = CIRCLE('',#1501,6.);
#1501 = AXIS2_PLACEMENT_3D('',#1502,#1503,#1504);
#1502 = CARTESIAN_POINT('',(-10.,-17.32,0.));
#1503 = DIRECTION('',(0.,0.,1.));
#1504 = DIRECTION('',(-1.,0.,0.));
#1505 = TOROIDAL_SURFACE('',#1506,7.,1.);
#1506 = AXIS2_PLACEMENT_3D('',#1507,#1508,#1509);
#1507 = CARTESIAN_POINT('',(-10.,-17.32,0.));
#1508 = DIRECTION('',(0.,0.,-1.));
#1509 = DIRECTION('',(-1.,0.,0.));
#1510 = ADVANCED_FACE('',(#1511),#1514,.F.);
#1511 = FACE_BOUND('',#1512,.T.);
#1512 = EDGE_LOOP('',(#1513));
#1513 = ORIENTED_EDGE('',*,*,#1499,.F.);
#1514 = PLANE('',#1515);
#1515 = AXIS2_PLACEMENT_3D('',#1516,#1517,#1518);
#1516 = CARTESIAN_POINT('',(0.,0.,0.));
#1517 = DIRECTION('',(0.,0.,1.));
#1518 = DIRECTION('',(1.,0.,-0.));
#1519 = ADVANCED_FACE('',(#1520),#1540,.F.);
#1520 = FACE_BOUND('',#1521,.F.);
#1521 = EDGE_LOOP('',(#1522,#1531,#1532,#1533));
#1522 = ORIENTED_EDGE('',*,*,#1523,.T.);
#1523 = EDGE_CURVE('',#1524,#1469,#1526,.T.);
#1524 = VERTEX_POINT('',#1525);
#1525 = CARTESIAN_POINT('',(4.,17.32,0.));
#1526 = CIRCLE('',#1527,1.);
#1527 = AXIS2_PLACEMENT_3D('',#1528,#1529,#1530);
#1528 = CARTESIAN_POINT('',(3.,17.32,0.));
#1529 = DIRECTION('',(0.,-1.,0.));
#1530 = DIRECTION('',(-1.,0.,0.));
#1531 = ORIENTED_EDGE('',*,*,#1468,.F.);
#1532 = ORIENTED_EDGE('',*,*,#1523,.F.);
#1533 = ORIENTED_EDGE('',*,*,#1534,.F.);
#1534 = EDGE_CURVE('',#1524,#1524,#1535,.T.);
#1535 = CIRCLE('',#1536,6.);
#1536 = AXIS2_PLACEMENT_3D('',#1537,#1538,#1539);
#1537 = CARTESIAN_POINT('',(10.,17.32,0.));
#1538 = DIRECTION('',(0.,0.,1.));
#1539 = DIRECTION('',(-1.,0.,0.));
#1540 = TOROIDAL_SURFACE('',#1541,7.,1.);
#1541 = AXIS2_PLACEMENT_3D('',#1542,#1543,#1544);
#1542 = CARTESIAN_POINT('',(10.,17.32,0.));
#1543 = DIRECTION('',(0.,0.,-1.));
#1544 = DIRECTION('',(1.,0.,0.));
#1545 = ADVANCED_FACE('',(#1546),#1549,.F.);
#1546 = FACE_BOUND('',#1547,.T.);
#1547 = EDGE_LOOP('',(#1548));
#1548 = ORIENTED_EDGE('',*,*,#1534,.F.);
#1549 = PLANE('',#1550);
#1550 = AXIS2_PLACEMENT_3D('',#1551,#1552,#1553);
#1551 = CARTESIAN_POINT('',(0.,0.,0.));
#1552 = DIRECTION('',(0.,0.,1.));
#1553 = DIRECTION('',(1.,0.,-0.));
#1554 = ADVANCED_FACE('',(#1555),#1575,.F.);
#1555 = FACE_BOUND('',#1556,.F.);
#1556 = EDGE_LOOP('',(#1557,#1566,#1567,#1568));
#1557 = ORIENTED_EDGE('',*,*,#1558,.T.);
#1558 = EDGE_CURVE('',#1559,#1359,#1561,.T.);
#1559 = VERTEX_POINT('',#1560);
#1560 = CARTESIAN_POINT('',(-4.,17.32,0.));
#1561 = CIRCLE('',#1562,1.);
#1562 = AXIS2_PLACEMENT_3D('',#1563,#1564,#1565);
#1563 = CARTESIAN_POINT('',(-3.,17.32,0.));
#1564 = DIRECTION('',(-0.,1.,0.));
#1565 = DIRECTION('',(1.,0.,0.));
#1566 = ORIENTED_EDGE('',*,*,#1358,.T.);
#1567 = ORIENTED_EDGE('',*,*,#1558,.F.);
#1568 = ORIENTED_EDGE('',*,*,#1569,.T.);
#1569 = EDGE_CURVE('',#1559,#1559,#1570,.T.);
#1570 = CIRCLE('',#1571,6.);
#1571 = AXIS2_PLACEMENT_3D('',#1572,#1573,#1574);
#1572 = CARTESIAN_POINT('',(-10.,17.32,0.));
#1573 = DIRECTION('',(0.,0.,-1.));
#1574 = DIRECTION('',(-1.,0.,0.));
#1575 = TOROIDAL_SURFACE('',#1576,7.,1.);
#1576 = AXIS2_PLACEMENT_3D('',#1577,#1578,#1579);
#1577 = CARTESIAN_POINT('',(-10.,17.32,0.));
#1578 = DIRECTION('',(0.,0.,-1.));
#1579 = DIRECTION('',(-1.,0.,0.));
#1580 = ADVANCED_FACE('',(#1581),#1584,.F.);
#1581 = FACE_BOUND('',#1582,.T.);
#1582 = EDGE_LOOP('',(#1583));
#1583 = ORIENTED_EDGE('',*,*,#1569,.T.);
#1584 = PLANE('',#1585);
#1585 = AXIS2_PLACEMENT_3D('',#1586,#1587,#1588);
#1586 = CARTESIAN_POINT('',(0.,0.,0.));
#1587 = DIRECTION('',(0.,0.,1.));
#1588 = DIRECTION('',(1.,0.,-0.));
#1589 = ADVANCED_FACE('',(#1590),#1610,.F.);
#1590 = FACE_BOUND('',#1591,.F.);
#1591 = EDGE_LOOP('',(#1592,#1601,#1608,#1609));
#1592 = ORIENTED_EDGE('',*,*,#1593,.T.);
#1593 = EDGE_CURVE('',#1458,#1594,#1596,.T.);
#1594 = VERTEX_POINT('',#1595);
#1595 = CARTESIAN_POINT('',(26.00000038743,-7.347880904376E-16,0.));
#1596 = CIRCLE('',#1597,1.000000208616);
#1597 = AXIS2_PLACEMENT_3D('',#1598,#1599,#1600);
#1598 = CARTESIAN_POINT('',(27.000000596046,-8.572527959005E-16,0.));
#1599 = DIRECTION('',(-1.224646799147E-16,-1.,0.));
#1600 = DIRECTION('',(1.,-1.224646799147E-16,0.));
#1601 = ORIENTED_EDGE('',*,*,#1602,.F.);
#1602 = EDGE_CURVE('',#1594,#1594,#1603,.T.);
#1603 = CIRCLE('',#1604,6.000000089407);
#1604 = AXIS2_PLACEMENT_3D('',#1605,#1606,#1607);
#1605 = CARTESIAN_POINT('',(20.000000298023,0.,0.));
#1606 = DIRECTION('',(0.,0.,1.));
#1607 = DIRECTION('',(1.,0.,-0.));
#1608 = ORIENTED_EDGE('',*,*,#1593,.F.);
#1609 = ORIENTED_EDGE('',*,*,#1457,.F.);
#1610 = TOROIDAL_SURFACE('',#1611,7.000000298023,1.000000208616);
#1611 = AXIS2_PLACEMENT_3D('',#1612,#1613,#1614);
#1612 = CARTESIAN_POINT('',(20.000000298023,0.,0.));
#1613 = DIRECTION('',(0.,0.,1.));
#1614 = DIRECTION('',(-1.,0.,0.));
#1615 = ADVANCED_FACE('',(#1616),#1619,.F.);
#1616 = FACE_BOUND('',#1617,.T.);
#1617 = EDGE_LOOP('',(#1618));
#1618 = ORIENTED_EDGE('',*,*,#1602,.F.);
#1619 = PLANE('',#1620);
#1620 = AXIS2_PLACEMENT_3D('',#1621,#1622,#1623);
#1621 = CARTESIAN_POINT('',(0.,0.,0.));
#1622 = DIRECTION('',(0.,0.,1.));
#1623 = DIRECTION('',(1.,0.,-0.));
#1624 = ADVANCED_FACE('',(#1625),#1645,.F.);
#1625 = FACE_BOUND('',#1626,.F.);
#1626 = EDGE_LOOP('',(#1627,#1636,#1643,#1644));
#1627 = ORIENTED_EDGE('',*,*,#1628,.T.);
#1628 = EDGE_CURVE('',#1370,#1629,#1631,.T.);
#1629 = VERTEX_POINT('',#1630);
#1630 = CARTESIAN_POINT('',(-26.00000038743,-7.347880904376E-16,0.));
#1631 = CIRCLE('',#1632,1.000000208616);
#1632 = AXIS2_PLACEMENT_3D('',#1633,#1634,#1635);
#1633 = CARTESIAN_POINT('',(-27.00000059604,-8.572527959005E-16,0.));
#1634 = DIRECTION('',(-1.224646799147E-16,1.,0.));
#1635 = DIRECTION('',(-1.,-1.224646799147E-16,0.));
#1636 = ORIENTED_EDGE('',*,*,#1637,.T.);
#1637 = EDGE_CURVE('',#1629,#1629,#1638,.T.);
#1638 = CIRCLE('',#1639,6.000000089407);
#1639 = AXIS2_PLACEMENT_3D('',#1640,#1641,#1642);
#1640 = CARTESIAN_POINT('',(-20.00000029802,0.,0.));
#1641 = DIRECTION('',(0.,0.,-1.));
#1642 = DIRECTION('',(1.,0.,0.));
#1643 = ORIENTED_EDGE('',*,*,#1628,.F.);
#1644 = ORIENTED_EDGE('',*,*,#1369,.T.);
#1645 = TOROIDAL_SURFACE('',#1646,7.000000298023,1.000000208616);
#1646 = AXIS2_PLACEMENT_3D('',#1647,#1648,#1649);
#1647 = CARTESIAN_POINT('',(-20.00000029802,0.,0.));
#1648 = DIRECTION('',(0.,0.,1.));
#1649 = DIRECTION('',(1.,0.,-0.));
#1650 = ADVANCED_FACE('',(#1651),#1654,.F.);
#1651 = FACE_BOUND('',#1652,.T.);
#1652 = EDGE_LOOP('',(#1653));
#1653 = ORIENTED_EDGE('',*,*,#1637,.T.);
#1654 = PLANE('',#1655);
#1655 = AXIS2_PLACEMENT_3D('',#1656,#1657,#1658);
#1656 = CARTESIAN_POINT('',(0.,0.,0.));
#1657 = DIRECTION('',(0.,0.,1.));
#1658 = DIRECTION('',(1.,0.,-0.));
#1659 = ADVANCED_FACE('',(#1660),#1680,.F.);
#1660 = FACE_BOUND('',#1661,.F.);
#1661 = EDGE_LOOP('',(#1662,#1671,#1678,#1679));
#1662 = ORIENTED_EDGE('',*,*,#1663,.T.);
#1663 = EDGE_CURVE('',#1447,#1664,#1666,.T.);
#1664 = VERTEX_POINT('',#1665);
#1665 = CARTESIAN_POINT('',(-6.000000089407,-7.347880904376E-16,0.));
#1666 = CIRCLE('',#1667,1.000000014901);
#1667 = AXIS2_PLACEMENT_3D('',#1668,#1669,#1670);
#1668 = CARTESIAN_POINT('',(-7.000000104308,-8.572527721772E-16,0.));
#1669 = DIRECTION('',(-1.224646799147E-16,1.,0.));
#1670 = DIRECTION('',(-1.,-1.224646799147E-16,0.));
#1671 = ORIENTED_EDGE('',*,*,#1672,.T.);
#1672 = EDGE_CURVE('',#1664,#1664,#1673,.T.);
#1673 = CIRCLE('',#1674,6.000000089407);
#1674 = AXIS2_PLACEMENT_3D('',#1675,#1676,#1677);
#1675 = CARTESIAN_POINT('',(0.,0.,0.));
#1676 = DIRECTION('',(0.,0.,-1.));
#1677 = DIRECTION('',(1.,0.,0.));
#1678 = ORIENTED_EDGE('',*,*,#1663,.F.);
#1679 = ORIENTED_EDGE('',*,*,#1446,.T.);
#1680 = TOROIDAL_SURFACE('',#1681,7.000000104308,1.000000014901);
#1681 = AXIS2_PLACEMENT_3D('',#1682,#1683,#1684);
#1682 = CARTESIAN_POINT('',(0.,0.,0.));
#1683 = DIRECTION('',(0.,0.,1.));
#1684 = DIRECTION('',(1.,0.,-0.));
#1685 = ADVANCED_FACE('',(#1686),#1689,.F.);
#1686 = FACE_BOUND('',#1687,.T.);
#1687 = EDGE_LOOP('',(#1688));
#1688 = ORIENTED_EDGE('',*,*,#1672,.T.);
#1689 = PLANE('',#1690);
#1690 = AXIS2_PLACEMENT_3D('',#1691,#1692,#1693);
#1691 = CARTESIAN_POINT('',(0.,0.,0.));
#1692 = DIRECTION('',(0.,0.,1.));
#1693 = DIRECTION('',(1.,0.,-0.));
#1694 = ADVANCED_FACE('',(#1695,#1706,#1717,#1728,#1739,#1750,#1761),
  #1772,.T.);
#1695 = FACE_BOUND('',#1696,.T.);
#1696 = EDGE_LOOP('',(#1697));
#1697 = ORIENTED_EDGE('',*,*,#1698,.T.);
#1698 = EDGE_CURVE('',#1699,#1699,#1701,.T.);
#1699 = VERTEX_POINT('',#1700);
#1700 = CARTESIAN_POINT('',(-34.5,-4.440892098501E-15,6.));
#1701 = CIRCLE('',#1702,34.5);
#1702 = AXIS2_PLACEMENT_3D('',#1703,#1704,#1705);
#1703 = CARTESIAN_POINT('',(0.,0.,6.));
#1704 = DIRECTION('',(0.,0.,1.));
#1705 = DIRECTION('',(1.,0.,-0.));
#1706 = FACE_BOUND('',#1707,.T.);
#1707 = EDGE_LOOP('',(#1708));
#1708 = ORIENTED_EDGE('',*,*,#1709,.T.);
#1709 = EDGE_CURVE('',#1710,#1710,#1712,.T.);
#1710 = VERTEX_POINT('',#1711);
#1711 = CARTESIAN_POINT('',(-2.,30.,6.));
#1712 = CIRCLE('',#1713,2.);
#1713 = AXIS2_PLACEMENT_3D('',#1714,#1715,#1716);
#1714 = CARTESIAN_POINT('',(0.,30.,6.));
#1715 = DIRECTION('',(0.,0.,-1.));
#1716 = DIRECTION('',(1.,0.,0.));
#1717 = FACE_BOUND('',#1718,.T.);
#1718 = EDGE_LOOP('',(#1719));
#1719 = ORIENTED_EDGE('',*,*,#1720,.T.);
#1720 = EDGE_CURVE('',#1721,#1721,#1723,.T.);
#1721 = VERTEX_POINT('',#1722);
#1722 = CARTESIAN_POINT('',(-27.98,15.,6.));
#1723 = CIRCLE('',#1724,2.);
#1724 = AXIS2_PLACEMENT_3D('',#1725,#1726,#1727);
#1725 = CARTESIAN_POINT('',(-25.98,15.,6.));
#1726 = DIRECTION('',(0.,0.,-1.));
#1727 = DIRECTION('',(1.,0.,0.));
#1728 = FACE_BOUND('',#1729,.T.);
#1729 = EDGE_LOOP('',(#1730));
#1730 = ORIENTED_EDGE('',*,*,#1731,.T.);
#1731 = EDGE_CURVE('',#1732,#1732,#1734,.T.);
#1732 = VERTEX_POINT('',#1733);
#1733 = CARTESIAN_POINT('',(-27.98,-15.,6.));
#1734 = CIRCLE('',#1735,2.);
#1735 = AXIS2_PLACEMENT_3D('',#1736,#1737,#1738);
#1736 = CARTESIAN_POINT('',(-25.98,-15.,6.));
#1737 = DIRECTION('',(0.,0.,-1.));
#1738 = DIRECTION('',(1.,0.,0.));
#1739 = FACE_BOUND('',#1740,.T.);
#1740 = EDGE_LOOP('',(#1741));
#1741 = ORIENTED_EDGE('',*,*,#1742,.T.);
#1742 = EDGE_CURVE('',#1743,#1743,#1745,.T.);
#1743 = VERTEX_POINT('',#1744);
#1744 = CARTESIAN_POINT('',(-2.,-30.,6.));
#1745 = CIRCLE('',#1746,2.);
#1746 = AXIS2_PLACEMENT_3D('',#1747,#1748,#1749);
#1747 = CARTESIAN_POINT('',(0.,-30.,6.));
#1748 = DIRECTION('',(0.,0.,-1.));
#1749 = DIRECTION('',(1.,0.,0.));
#1750 = FACE_BOUND('',#1751,.T.);
#1751 = EDGE_LOOP('',(#1752));
#1752 = ORIENTED_EDGE('',*,*,#1753,.T.);
#1753 = EDGE_CURVE('',#1754,#1754,#1756,.T.);
#1754 = VERTEX_POINT('',#1755);
#1755 = CARTESIAN_POINT('',(23.98,-15.,6.));
#1756 = CIRCLE('',#1757,2.);
#1757 = AXIS2_PLACEMENT_3D('',#1758,#1759,#1760);
#1758 = CARTESIAN_POINT('',(25.98,-15.,6.));
#1759 = DIRECTION('',(0.,0.,-1.));
#1760 = DIRECTION('',(1.,0.,0.));
#1761 = FACE_BOUND('',#1762,.T.);
#1762 = EDGE_LOOP('',(#1763));
#1763 = ORIENTED_EDGE('',*,*,#1764,.T.);
#1764 = EDGE_CURVE('',#1765,#1765,#1767,.T.);
#1765 = VERTEX_POINT('',#1766);
#1766 = CARTESIAN_POINT('',(23.98,15.,6.));
#1767 = CIRCLE('',#1768,2.);
#1768 = AXIS2_PLACEMENT_3D('',#1769,#1770,#1771);
#1769 = CARTESIAN_POINT('',(25.98,15.,6.));
#1770 = DIRECTION('',(0.,0.,-1.));
#1771 = DIRECTION('',(1.,0.,0.));
#1772 = PLANE('',#1773);
#1773 = AXIS2_PLACEMENT_3D('',#1774,#1775,#1776);
#1774 = CARTESIAN_POINT('',(0.,0.,6.));
#1775 = DIRECTION('',(0.,0.,1.));
#1776 = DIRECTION('',(1.,0.,-0.));
#1777 = ADVANCED_FACE('',(#1778),#1789,.F.);
#1778 = FACE_BOUND('',#1779,.F.);
#1779 = EDGE_LOOP('',(#1780,#1786,#1787,#1788));
#1780 = ORIENTED_EDGE('',*,*,#1781,.T.);
#1781 = EDGE_CURVE('',#1765,#1381,#1782,.T.);
#1782 = LINE('',#1783,#1784);
#1783 = CARTESIAN_POINT('',(23.98,15.,0.));
#1784 = VECTOR('',#1785,1.);
#1785 = DIRECTION('',(0.,0.,-1.));
#1786 = ORIENTED_EDGE('',*,*,#1380,.F.);
#1787 = ORIENTED_EDGE('',*,*,#1781,.F.);
#1788 = ORIENTED_EDGE('',*,*,#1764,.T.);
#1789 = CYLINDRICAL_SURFACE('',#1790,2.);
#1790 = AXIS2_PLACEMENT_3D('',#1791,#1792,#1793);
#1791 = CARTESIAN_POINT('',(25.98,15.,0.));
#1792 = DIRECTION('',(0.,0.,1.));
#1793 = DIRECTION('',(1.,0.,-0.));
#1794 = ADVANCED_FACE('',(#1795),#1806,.F.);
#1795 = FACE_BOUND('',#1796,.F.);
#1796 = EDGE_LOOP('',(#1797,#1803,#1804,#1805));
#1797 = ORIENTED_EDGE('',*,*,#1798,.T.);
#1798 = EDGE_CURVE('',#1754,#1392,#1799,.T.);
#1799 = LINE('',#1800,#1801);
#1800 = CARTESIAN_POINT('',(23.98,-15.,0.));
#1801 = VECTOR('',#1802,1.);
#1802 = DIRECTION('',(0.,0.,-1.));
#1803 = ORIENTED_EDGE('',*,*,#1391,.F.);
#1804 = ORIENTED_EDGE('',*,*,#1798,.F.);
#1805 = ORIENTED_EDGE('',*,*,#1753,.T.);
#1806 = CYLINDRICAL_SURFACE('',#1807,2.);
#1807 = AXIS2_PLACEMENT_3D('',#1808,#1809,#1810);
#1808 = CARTESIAN_POINT('',(25.98,-15.,0.));
#1809 = DIRECTION('',(0.,0.,1.));
#1810 = DIRECTION('',(1.,0.,-0.));
#1811 = ADVANCED_FACE('',(#1812),#1823,.F.);
#1812 = FACE_BOUND('',#1813,.F.);
#1813 = EDGE_LOOP('',(#1814,#1820,#1821,#1822));
#1814 = ORIENTED_EDGE('',*,*,#1815,.T.);
#1815 = EDGE_CURVE('',#1743,#1403,#1816,.T.);
#1816 = LINE('',#1817,#1818);
#1817 = CARTESIAN_POINT('',(-2.,-30.,0.));
#1818 = VECTOR('',#1819,1.);
#1819 = DIRECTION('',(0.,0.,-1.));
#1820 = ORIENTED_EDGE('',*,*,#1402,.F.);
#1821 = ORIENTED_EDGE('',*,*,#1815,.F.);
#1822 = ORIENTED_EDGE('',*,*,#1742,.T.);
#1823 = CYLINDRICAL_SURFACE('',#1824,2.);
#1824 = AXIS2_PLACEMENT_3D('',#1825,#1826,#1827);
#1825 = CARTESIAN_POINT('',(0.,-30.,0.));
#1826 = DIRECTION('',(0.,0.,1.));
#1827 = DIRECTION('',(1.,0.,-0.));
#1828 = ADVANCED_FACE('',(#1829),#1840,.F.);
#1829 = FACE_BOUND('',#1830,.F.);
#1830 = EDGE_LOOP('',(#1831,#1837,#1838,#1839));
#1831 = ORIENTED_EDGE('',*,*,#1832,.T.);
#1832 = EDGE_CURVE('',#1732,#1414,#1833,.T.);
#1833 = LINE('',#1834,#1835);
#1834 = CARTESIAN_POINT('',(-27.98,-15.,0.));
#1835 = VECTOR('',#1836,1.);
#1836 = DIRECTION('',(0.,0.,-1.));
#1837 = ORIENTED_EDGE('',*,*,#1413,.F.);
#1838 = ORIENTED_EDGE('',*,*,#1832,.F.);
#1839 = ORIENTED_EDGE('',*,*,#1731,.T.);
#1840 = CYLINDRICAL_SURFACE('',#1841,2.);
#1841 = AXIS2_PLACEMENT_3D('',#1842,#1843,#1844);
#1842 = CARTESIAN_POINT('',(-25.98,-15.,0.));
#1843 = DIRECTION('',(0.,0.,1.));
#1844 = DIRECTION('',(1.,0.,-0.));
#1845 = ADVANCED_FACE('',(#1846),#1857,.F.);
#1846 = FACE_BOUND('',#1847,.F.);
#1847 = EDGE_LOOP('',(#1848,#1854,#1855,#1856));
#1848 = ORIENTED_EDGE('',*,*,#1849,.T.);
#1849 = EDGE_CURVE('',#1721,#1425,#1850,.T.);
#1850 = LINE('',#1851,#1852);
#1851 = CARTESIAN_POINT('',(-27.98,15.,0.));
#1852 = VECTOR('',#1853,1.);
#1853 = DIRECTION('',(0.,0.,-1.));
#1854 = ORIENTED_EDGE('',*,*,#1424,.F.);
#1855 = ORIENTED_EDGE('',*,*,#1849,.F.);
#1856 = ORIENTED_EDGE('',*,*,#1720,.T.);
#1857 = CYLINDRICAL_SURFACE('',#1858,2.);
#1858 = AXIS2_PLACEMENT_3D('',#1859,#1860,#1861);
#1859 = CARTESIAN_POINT('',(-25.98,15.,0.));
#1860 = DIRECTION('',(0.,0.,1.));
#1861 = DIRECTION('',(1.,0.,-0.));
#1862 = ADVANCED_FACE('',(#1863),#1874,.F.);
#1863 = FACE_BOUND('',#1864,.F.);
#1864 = EDGE_LOOP('',(#1865,#1871,#1872,#1873));
#1865 = ORIENTED_EDGE('',*,*,#1866,.T.);
#1866 = EDGE_CURVE('',#1710,#1436,#1867,.T.);
#1867 = LINE('',#1868,#1869);
#1868 = CARTESIAN_POINT('',(-2.,30.,0.));
#1869 = VECTOR('',#1870,1.);
#1870 = DIRECTION('',(0.,0.,-1.));
#1871 = ORIENTED_EDGE('',*,*,#1435,.F.);
#1872 = ORIENTED_EDGE('',*,*,#1866,.F.);
#1873 = ORIENTED_EDGE('',*,*,#1709,.T.);
#1874 = CYLINDRICAL_SURFACE('',#1875,2.);
#1875 = AXIS2_PLACEMENT_3D('',#1876,#1877,#1878);
#1876 = CARTESIAN_POINT('',(0.,30.,0.));
#1877 = DIRECTION('',(0.,0.,1.));
#1878 = DIRECTION('',(1.,0.,-0.));
#1879 = ADVANCED_FACE('',(#1880),#1891,.T.);
#1880 = FACE_BOUND('',#1881,.T.);
#1881 = EDGE_LOOP('',(#1882,#1883,#1889,#1890));
#1882 = ORIENTED_EDGE('',*,*,#1698,.F.);
#1883 = ORIENTED_EDGE('',*,*,#1884,.T.);
#1884 = EDGE_CURVE('',#1699,#1337,#1885,.T.);
#1885 = LINE('',#1886,#1887);
#1886 = CARTESIAN_POINT('',(-34.5,-4.225031457058E-15,0.));
#1887 = VECTOR('',#1888,1.);
#1888 = DIRECTION('',(0.,0.,-1.));
#1889 = ORIENTED_EDGE('',*,*,#1336,.T.);
#1890 = ORIENTED_EDGE('',*,*,#1884,.F.);
#1891 = CYLINDRICAL_SURFACE('',#1892,34.5);
#1892 = AXIS2_PLACEMENT_3D('',#1893,#1894,#1895);
#1893 = CARTESIAN_POINT('',(0.,0.,0.));
#1894 = DIRECTION('',(0.,0.,1.));
#1895 = DIRECTION('',(1.,0.,-0.));
#1896 = ( GEOMETRIC_REPRESENTATION_CONTEXT(3) 
GLOBAL_UNCERTAINTY_ASSIGNED_CONTEXT((#1900)) 
GLOBAL_UNIT_ASSIGNED_CONTEXT((#1897,#1898,#1899)) REPRESENTATION_CONTEXT
('Context #1','3D Context with UNIT and UNCERTAINTY') );
#1897 = ( LENGTH_UNIT() NAMED_UNIT(*) SI_UNIT(.MILLI.,.METRE.) );
#1898 = ( NAMED_UNIT(*) PLANE_ANGLE_UNIT() SI_UNIT($,.RADIAN.) );
#1899 = ( NAMED_UNIT(*) SI_UNIT($,.STERADIAN.) SOLID_ANGLE_UNIT() );
#1900 = UNCERTAINTY_MEASURE_WITH_UNIT(LENGTH_MEASURE(1.E-07),#1897,
  'distance_accuracy_value','confusion accuracy');
#1901 = CONTEXT_DEPENDENT_SHAPE_REPRESENTATION(#1902,#1904);
#1902 = ( REPRESENTATION_RELATIONSHIP('','',#1286,#10) 
REPRESENTATION_RELATIONSHIP_WITH_TRANSFORMATION(#1903) 
SHAPE_REPRESENTATION_RELATIONSHIP() );
#1903 = ITEM_DEFINED_TRANSFORMATION('','',#11,#19);
#1904 = PRODUCT_DEFINITION_SHAPE('Placement','Placement of an item',
  #1905);
#1905 = NEXT_ASSEMBLY_USAGE_OCCURRENCE('7','cover_casette','',#5,#1281,$
  );
#1906 = PRODUCT_RELATED_PRODUCT_CATEGORY('part',$,(#1283));
#1907 = SHAPE_DEFINITION_REPRESENTATION(#1908,#1914);
#1908 = PRODUCT_DEFINITION_SHAPE('','',#1909);
#1909 = PRODUCT_DEFINITION('design','',#1910,#1913);
#1910 = PRODUCT_DEFINITION_FORMATION('','',#1911);
#1911 = PRODUCT('m4_35_1','m4_35_1','',(#1912));
#1912 = PRODUCT_CONTEXT('',#2,'mechanical');
#1913 = PRODUCT_DEFINITION_CONTEXT('part definition',#2,'design');
#1914 = ADVANCED_BREP_SHAPE_REPRESENTATION('',(#11,#1915),#2272);
#1915 = MANIFOLD_SOLID_BREP('',#1916);
#1916 = CLOSED_SHELL('',(#1917,#1950,#1975,#1995,#2004,#2029,#2055,#2114
    ,#2145,#2169,#2193,#2217,#2241,#2258));
#1917 = ADVANCED_FACE('',(#1918),#1945,.T.);
#1918 = FACE_BOUND('',#1919,.T.);
#1919 = EDGE_LOOP('',(#1920,#1930,#1937,#1938));
#1920 = ORIENTED_EDGE('',*,*,#1921,.T.);
#1921 = EDGE_CURVE('',#1922,#1924,#1926,.T.);
#1922 = VERTEX_POINT('',#1923);
#1923 = CARTESIAN_POINT('',(2.,0.,0.));
#1924 = VERTEX_POINT('',#1925);
#1925 = CARTESIAN_POINT('',(2.,0.,-34.685));
#1926 = LINE('',#1927,#1928);
#1927 = CARTESIAN_POINT('',(2.,0.,0.));
#1928 = VECTOR('',#1929,1.);
#1929 = DIRECTION('',(-0.,-0.,-1.));
#1930 = ORIENTED_EDGE('',*,*,#1931,.T.);
#1931 = EDGE_CURVE('',#1924,#1924,#1932,.T.);
#1932 = CIRCLE('',#1933,2.);
#1933 = AXIS2_PLACEMENT_3D('',#1934,#1935,#1936);
#1934 = CARTESIAN_POINT('',(0.,0.,-34.685));
#1935 = DIRECTION('',(0.,0.,1.));
#1936 = DIRECTION('',(1.,0.,-0.));
#1937 = ORIENTED_EDGE('',*,*,#1921,.F.);
#1938 = ORIENTED_EDGE('',*,*,#1939,.F.);
#1939 = EDGE_CURVE('',#1922,#1922,#1940,.T.);
#1940 = CIRCLE('',#1941,2.);
#1941 = AXIS2_PLACEMENT_3D('',#1942,#1943,#1944);
#1942 = CARTESIAN_POINT('',(0.,0.,0.));
#1943 = DIRECTION('',(0.,0.,1.));
#1944 = DIRECTION('',(1.,0.,-0.));
#1945 = CYLINDRICAL_SURFACE('',#1946,2.);
#1946 = AXIS2_PLACEMENT_3D('',#1947,#1948,#1949);
#1947 = CARTESIAN_POINT('',(0.,0.,0.));
#1948 = DIRECTION('',(0.,0.,1.));
#1949 = DIRECTION('',(1.,0.,-0.));
#1950 = ADVANCED_FACE('',(#1951),#1970,.T.);
#1951 = FACE_BOUND('',#1952,.T.);
#1952 = EDGE_LOOP('',(#1953,#1962,#1968,#1969));
#1953 = ORIENTED_EDGE('',*,*,#1954,.T.);
#1954 = EDGE_CURVE('',#1955,#1955,#1957,.T.);
#1955 = VERTEX_POINT('',#1956);
#1956 = CARTESIAN_POINT('',(1.685,0.,-35.));
#1957 = CIRCLE('',#1958,1.685);
#1958 = AXIS2_PLACEMENT_3D('',#1959,#1960,#1961);
#1959 = CARTESIAN_POINT('',(0.,0.,-35.));
#1960 = DIRECTION('',(0.,0.,1.));
#1961 = DIRECTION('',(1.,0.,-0.));
#1962 = ORIENTED_EDGE('',*,*,#1963,.F.);
#1963 = EDGE_CURVE('',#1924,#1955,#1964,.T.);
#1964 = LINE('',#1965,#1966);
#1965 = CARTESIAN_POINT('',(2.,0.,-34.685));
#1966 = VECTOR('',#1967,1.);
#1967 = DIRECTION('',(-0.707106781187,-0.,-0.707106781187));
#1968 = ORIENTED_EDGE('',*,*,#1931,.F.);
#1969 = ORIENTED_EDGE('',*,*,#1963,.T.);
#1970 = CONICAL_SURFACE('',#1971,2.,0.785398163397);
#1971 = AXIS2_PLACEMENT_3D('',#1972,#1973,#1974);
#1972 = CARTESIAN_POINT('',(0.,0.,-34.685));
#1973 = DIRECTION('',(0.,0.,1.));
#1974 = DIRECTION('',(1.,0.,-0.));
#1975 = ADVANCED_FACE('',(#1976,#1987),#1990,.F.);
#1976 = FACE_BOUND('',#1977,.F.);
#1977 = EDGE_LOOP('',(#1978));
#1978 = ORIENTED_EDGE('',*,*,#1979,.T.);
#1979 = EDGE_CURVE('',#1980,#1980,#1982,.T.);
#1980 = VERTEX_POINT('',#1981);
#1981 = CARTESIAN_POINT('',(3.5,0.,0.));
#1982 = CIRCLE('',#1983,3.5);
#1983 = AXIS2_PLACEMENT_3D('',#1984,#1985,#1986);
#1984 = CARTESIAN_POINT('',(0.,0.,0.));
#1985 = DIRECTION('',(0.,0.,1.));
#1986 = DIRECTION('',(1.,0.,-0.));
#1987 = FACE_BOUND('',#1988,.F.);
#1988 = EDGE_LOOP('',(#1989));
#1989 = ORIENTED_EDGE('',*,*,#1939,.F.);
#1990 = PLANE('',#1991);
#1991 = AXIS2_PLACEMENT_3D('',#1992,#1993,#1994);
#1992 = CARTESIAN_POINT('',(-2.E-16,-1.4E-16,0.));
#1993 = DIRECTION('',(0.,0.,1.));
#1994 = DIRECTION('',(1.,0.,-0.));
#1995 = ADVANCED_FACE('',(#1996),#1999,.F.);
#1996 = FACE_BOUND('',#1997,.F.);
#1997 = EDGE_LOOP('',(#1998));
#1998 = ORIENTED_EDGE('',*,*,#1954,.T.);
#1999 = PLANE('',#2000);
#2000 = AXIS2_PLACEMENT_3D('',#2001,#2002,#2003);
#2001 = CARTESIAN_POINT('',(-1.3E-16,0.,-35.));
#2002 = DIRECTION('',(0.,0.,1.));
#2003 = DIRECTION('',(1.,0.,-0.));
#2004 = ADVANCED_FACE('',(#2005),#2024,.T.);
#2005 = FACE_BOUND('',#2006,.T.);
#2006 = EDGE_LOOP('',(#2007,#2008,#2016,#2023));
#2007 = ORIENTED_EDGE('',*,*,#1979,.T.);
#2008 = ORIENTED_EDGE('',*,*,#2009,.T.);
#2009 = EDGE_CURVE('',#1980,#2010,#2012,.T.);
#2010 = VERTEX_POINT('',#2011);
#2011 = CARTESIAN_POINT('',(3.5,0.,3.6));
#2012 = LINE('',#2013,#2014);
#2013 = CARTESIAN_POINT('',(3.5,0.,0.));
#2014 = VECTOR('',#2015,1.);
#2015 = DIRECTION('',(0.,0.,1.));
#2016 = ORIENTED_EDGE('',*,*,#2017,.F.);
#2017 = EDGE_CURVE('',#2010,#2010,#2018,.T.);
#2018 = CIRCLE('',#2019,3.5);
#2019 = AXIS2_PLACEMENT_3D('',#2020,#2021,#2022);
#2020 = CARTESIAN_POINT('',(0.,0.,3.6));
#2021 = DIRECTION('',(0.,0.,1.));
#2022 = DIRECTION('',(1.,0.,-0.));
#2023 = ORIENTED_EDGE('',*,*,#2009,.F.);
#2024 = CYLINDRICAL_SURFACE('',#2025,3.5);
#2025 = AXIS2_PLACEMENT_3D('',#2026,#2027,#2028);
#2026 = CARTESIAN_POINT('',(0.,0.,0.));
#2027 = DIRECTION('',(-0.,-0.,-1.));
#2028 = DIRECTION('',(1.,0.,0.));
#2029 = ADVANCED_FACE('',(#2030),#2050,.T.);
#2030 = FACE_BOUND('',#2031,.T.);
#2031 = EDGE_LOOP('',(#2032,#2041,#2042,#2043));
#2032 = ORIENTED_EDGE('',*,*,#2033,.F.);
#2033 = EDGE_CURVE('',#2010,#2034,#2036,.T.);
#2034 = VERTEX_POINT('',#2035);
#2035 = CARTESIAN_POINT('',(3.1,0.,4.));
#2036 = CIRCLE('',#2037,0.4);
#2037 = AXIS2_PLACEMENT_3D('',#2038,#2039,#2040);
#2038 = CARTESIAN_POINT('',(3.1,0.,3.6));
#2039 = DIRECTION('',(0.,-1.,0.));
#2040 = DIRECTION('',(1.,0.,0.));
#2041 = ORIENTED_EDGE('',*,*,#2017,.T.);
#2042 = ORIENTED_EDGE('',*,*,#2033,.T.);
#2043 = ORIENTED_EDGE('',*,*,#2044,.F.);
#2044 = EDGE_CURVE('',#2034,#2034,#2045,.T.);
#2045 = CIRCLE('',#2046,3.1);
#2046 = AXIS2_PLACEMENT_3D('',#2047,#2048,#2049);
#2047 = CARTESIAN_POINT('',(0.,0.,4.));
#2048 = DIRECTION('',(0.,0.,1.));
#2049 = DIRECTION('',(1.,0.,-0.));
#2050 = TOROIDAL_SURFACE('',#2051,3.1,0.4);
#2051 = AXIS2_PLACEMENT_3D('',#2052,#2053,#2054);
#2052 = CARTESIAN_POINT('',(0.,0.,3.6));
#2053 = DIRECTION('',(0.,0.,1.));
#2054 = DIRECTION('',(1.,0.,-0.));
#2055 = ADVANCED_FACE('',(#2056,#2059),#2109,.T.);
#2056 = FACE_BOUND('',#2057,.T.);
#2057 = EDGE_LOOP('',(#2058));
#2058 = ORIENTED_EDGE('',*,*,#2044,.T.);
#2059 = FACE_BOUND('',#2060,.T.);
#2060 = EDGE_LOOP('',(#2061,#2071,#2079,#2087,#2095,#2103));
#2061 = ORIENTED_EDGE('',*,*,#2062,.F.);
#2062 = EDGE_CURVE('',#2063,#2065,#2067,.T.);
#2063 = VERTEX_POINT('',#2064);
#2064 = CARTESIAN_POINT('',(1.73,0.,4.));
#2065 = VERTEX_POINT('',#2066);
#2066 = CARTESIAN_POINT('',(0.865,1.498223948547,4.));
#2067 = LINE('',#2068,#2069);
#2068 = CARTESIAN_POINT('',(1.73,0.,4.));
#2069 = VECTOR('',#2070,1.);
#2070 = DIRECTION('',(-0.5,0.866025403784,0.));
#2071 = ORIENTED_EDGE('',*,*,#2072,.F.);
#2072 = EDGE_CURVE('',#2073,#2063,#2075,.T.);
#2073 = VERTEX_POINT('',#2074);
#2074 = CARTESIAN_POINT('',(0.865,-1.498223948547,4.));
#2075 = LINE('',#2076,#2077);
#2076 = CARTESIAN_POINT('',(0.865,-1.498223948547,4.));
#2077 = VECTOR('',#2078,1.);
#2078 = DIRECTION('',(0.5,0.866025403784,0.));
#2079 = ORIENTED_EDGE('',*,*,#2080,.F.);
#2080 = EDGE_CURVE('',#2081,#2073,#2083,.T.);
#2081 = VERTEX_POINT('',#2082);
#2082 = CARTESIAN_POINT('',(-0.865,-1.498223948547,4.));
#2083 = LINE('',#2084,#2085);
#2084 = CARTESIAN_POINT('',(-0.865,-1.498223948547,4.));
#2085 = VECTOR('',#2086,1.);
#2086 = DIRECTION('',(1.,0.,0.));
#2087 = ORIENTED_EDGE('',*,*,#2088,.F.);
#2088 = EDGE_CURVE('',#2089,#2081,#2091,.T.);
#2089 = VERTEX_POINT('',#2090);
#2090 = CARTESIAN_POINT('',(-1.73,0.,4.));
#2091 = LINE('',#2092,#2093);
#2092 = CARTESIAN_POINT('',(-1.73,0.,4.));
#2093 = VECTOR('',#2094,1.);
#2094 = DIRECTION('',(0.5,-0.866025403784,0.));
#2095 = ORIENTED_EDGE('',*,*,#2096,.F.);
#2096 = EDGE_CURVE('',#2097,#2089,#2099,.T.);
#2097 = VERTEX_POINT('',#2098);
#2098 = CARTESIAN_POINT('',(-0.865,1.498223948547,4.));
#2099 = LINE('',#2100,#2101);
#2100 = CARTESIAN_POINT('',(-0.865,1.498223948547,4.));
#2101 = VECTOR('',#2102,1.);
#2102 = DIRECTION('',(-0.5,-0.866025403784,0.));
#2103 = ORIENTED_EDGE('',*,*,#2104,.F.);
#2104 = EDGE_CURVE('',#2065,#2097,#2105,.T.);
#2105 = LINE('',#2106,#2107);
#2106 = CARTESIAN_POINT('',(0.865,1.498223948547,4.));
#2107 = VECTOR('',#2108,1.);
#2108 = DIRECTION('',(-1.,0.,0.));
#2109 = PLANE('',#2110);
#2110 = AXIS2_PLACEMENT_3D('',#2111,#2112,#2113);
#2111 = CARTESIAN_POINT('',(-2.E-16,-1.4E-16,4.));
#2112 = DIRECTION('',(0.,0.,1.));
#2113 = DIRECTION('',(1.,0.,-0.));
#2114 = ADVANCED_FACE('',(#2115),#2140,.F.);
#2115 = FACE_BOUND('',#2116,.F.);
#2116 = EDGE_LOOP('',(#2117,#2125,#2133,#2139));
#2117 = ORIENTED_EDGE('',*,*,#2118,.T.);
#2118 = EDGE_CURVE('',#2063,#2119,#2121,.T.);
#2119 = VERTEX_POINT('',#2120);
#2120 = CARTESIAN_POINT('',(1.73,0.,2.));
#2121 = LINE('',#2122,#2123);
#2122 = CARTESIAN_POINT('',(1.73,0.,4.));
#2123 = VECTOR('',#2124,1.);
#2124 = DIRECTION('',(-0.,-0.,-1.));
#2125 = ORIENTED_EDGE('',*,*,#2126,.T.);
#2126 = EDGE_CURVE('',#2119,#2127,#2129,.T.);
#2127 = VERTEX_POINT('',#2128);
#2128 = CARTESIAN_POINT('',(0.865,1.498223948547,2.));
#2129 = LINE('',#2130,#2131);
#2130 = CARTESIAN_POINT('',(1.73,0.,2.));
#2131 = VECTOR('',#2132,1.);
#2132 = DIRECTION('',(-0.5,0.866025403784,0.));
#2133 = ORIENTED_EDGE('',*,*,#2134,.F.);
#2134 = EDGE_CURVE('',#2065,#2127,#2135,.T.);
#2135 = LINE('',#2136,#2137);
#2136 = CARTESIAN_POINT('',(0.865,1.498223948547,4.));
#2137 = VECTOR('',#2138,1.);
#2138 = DIRECTION('',(-0.,-0.,-1.));
#2139 = ORIENTED_EDGE('',*,*,#2062,.F.);
#2140 = PLANE('',#2141);
#2141 = AXIS2_PLACEMENT_3D('',#2142,#2143,#2144);
#2142 = CARTESIAN_POINT('',(1.73,0.,4.));
#2143 = DIRECTION('',(0.866025403784,0.5,0.));
#2144 = DIRECTION('',(-0.5,0.866025403784,0.));
#2145 = ADVANCED_FACE('',(#2146),#2164,.F.);
#2146 = FACE_BOUND('',#2147,.F.);
#2147 = EDGE_LOOP('',(#2148,#2149,#2157,#2163));
#2148 = ORIENTED_EDGE('',*,*,#2134,.T.);
#2149 = ORIENTED_EDGE('',*,*,#2150,.T.);
#2150 = EDGE_CURVE('',#2127,#2151,#2153,.T.);
#2151 = VERTEX_POINT('',#2152);
#2152 = CARTESIAN_POINT('',(-0.865,1.498223948547,2.));
#2153 = LINE('',#2154,#2155);
#2154 = CARTESIAN_POINT('',(0.865,1.498223948547,2.));
#2155 = VECTOR('',#2156,1.);
#2156 = DIRECTION('',(-1.,0.,0.));
#2157 = ORIENTED_EDGE('',*,*,#2158,.F.);
#2158 = EDGE_CURVE('',#2097,#2151,#2159,.T.);
#2159 = LINE('',#2160,#2161);
#2160 = CARTESIAN_POINT('',(-0.865,1.498223948547,4.));
#2161 = VECTOR('',#2162,1.);
#2162 = DIRECTION('',(-0.,-0.,-1.));
#2163 = ORIENTED_EDGE('',*,*,#2104,.F.);
#2164 = PLANE('',#2165);
#2165 = AXIS2_PLACEMENT_3D('',#2166,#2167,#2168);
#2166 = CARTESIAN_POINT('',(0.865,1.498223948547,4.));
#2167 = DIRECTION('',(0.,1.,0.));
#2168 = DIRECTION('',(-1.,0.,0.));
#2169 = ADVANCED_FACE('',(#2170),#2188,.F.);
#2170 = FACE_BOUND('',#2171,.F.);
#2171 = EDGE_LOOP('',(#2172,#2173,#2181,#2187));
#2172 = ORIENTED_EDGE('',*,*,#2158,.T.);
#2173 = ORIENTED_EDGE('',*,*,#2174,.T.);
#2174 = EDGE_CURVE('',#2151,#2175,#2177,.T.);
#2175 = VERTEX_POINT('',#2176);
#2176 = CARTESIAN_POINT('',(-1.73,0.,2.));
#2177 = LINE('',#2178,#2179);
#2178 = CARTESIAN_POINT('',(-0.865,1.498223948547,2.));
#2179 = VECTOR('',#2180,1.);
#2180 = DIRECTION('',(-0.5,-0.866025403784,0.));
#2181 = ORIENTED_EDGE('',*,*,#2182,.F.);
#2182 = EDGE_CURVE('',#2089,#2175,#2183,.T.);
#2183 = LINE('',#2184,#2185);
#2184 = CARTESIAN_POINT('',(-1.73,0.,4.));
#2185 = VECTOR('',#2186,1.);
#2186 = DIRECTION('',(-0.,-0.,-1.));
#2187 = ORIENTED_EDGE('',*,*,#2096,.F.);
#2188 = PLANE('',#2189);
#2189 = AXIS2_PLACEMENT_3D('',#2190,#2191,#2192);
#2190 = CARTESIAN_POINT('',(-0.865,1.498223948547,4.));
#2191 = DIRECTION('',(-0.866025403784,0.5,0.));
#2192 = DIRECTION('',(-0.5,-0.866025403784,0.));
#2193 = ADVANCED_FACE('',(#2194),#2212,.F.);
#2194 = FACE_BOUND('',#2195,.F.);
#2195 = EDGE_LOOP('',(#2196,#2197,#2205,#2211));
#2196 = ORIENTED_EDGE('',*,*,#2182,.T.);
#2197 = ORIENTED_EDGE('',*,*,#2198,.T.);
#2198 = EDGE_CURVE('',#2175,#2199,#2201,.T.);
#2199 = VERTEX_POINT('',#2200);
#2200 = CARTESIAN_POINT('',(-0.865,-1.498223948547,2.));
#2201 = LINE('',#2202,#2203);
#2202 = CARTESIAN_POINT('',(-1.73,0.,2.));
#2203 = VECTOR('',#2204,1.);
#2204 = DIRECTION('',(0.5,-0.866025403784,0.));
#2205 = ORIENTED_EDGE('',*,*,#2206,.F.);
#2206 = EDGE_CURVE('',#2081,#2199,#2207,.T.);
#2207 = LINE('',#2208,#2209);
#2208 = CARTESIAN_POINT('',(-0.865,-1.498223948547,4.));
#2209 = VECTOR('',#2210,1.);
#2210 = DIRECTION('',(-0.,-0.,-1.));
#2211 = ORIENTED_EDGE('',*,*,#2088,.F.);
#2212 = PLANE('',#2213);
#2213 = AXIS2_PLACEMENT_3D('',#2214,#2215,#2216);
#2214 = CARTESIAN_POINT('',(-1.73,0.,4.));
#2215 = DIRECTION('',(-0.866025403784,-0.5,0.));
#2216 = DIRECTION('',(0.5,-0.866025403784,0.));
#2217 = ADVANCED_FACE('',(#2218),#2236,.F.);
#2218 = FACE_BOUND('',#2219,.F.);
#2219 = EDGE_LOOP('',(#2220,#2221,#2229,#2235));
#2220 = ORIENTED_EDGE('',*,*,#2206,.T.);
#2221 = ORIENTED_EDGE('',*,*,#2222,.T.);
#2222 = EDGE_CURVE('',#2199,#2223,#2225,.T.);
#2223 = VERTEX_POINT('',#2224);
#2224 = CARTESIAN_POINT('',(0.865,-1.498223948547,2.));
#2225 = LINE('',#2226,#2227);
#2226 = CARTESIAN_POINT('',(-0.865,-1.498223948547,2.));
#2227 = VECTOR('',#2228,1.);
#2228 = DIRECTION('',(1.,0.,0.));
#2229 = ORIENTED_EDGE('',*,*,#2230,.F.);
#2230 = EDGE_CURVE('',#2073,#2223,#2231,.T.);
#2231 = LINE('',#2232,#2233);
#2232 = CARTESIAN_POINT('',(0.865,-1.498223948547,4.));
#2233 = VECTOR('',#2234,1.);
#2234 = DIRECTION('',(-0.,-0.,-1.));
#2235 = ORIENTED_EDGE('',*,*,#2080,.F.);
#2236 = PLANE('',#2237);
#2237 = AXIS2_PLACEMENT_3D('',#2238,#2239,#2240);
#2238 = CARTESIAN_POINT('',(-0.865,-1.498223948547,4.));
#2239 = DIRECTION('',(0.,-1.,0.));
#2240 = DIRECTION('',(1.,0.,0.));
#2241 = ADVANCED_FACE('',(#2242),#2253,.F.);
#2242 = FACE_BOUND('',#2243,.F.);
#2243 = EDGE_LOOP('',(#2244,#2245,#2251,#2252));
#2244 = ORIENTED_EDGE('',*,*,#2230,.T.);
#2245 = ORIENTED_EDGE('',*,*,#2246,.T.);
#2246 = EDGE_CURVE('',#2223,#2119,#2247,.T.);
#2247 = LINE('',#2248,#2249);
#2248 = CARTESIAN_POINT('',(0.865,-1.498223948547,2.));
#2249 = VECTOR('',#2250,1.);
#2250 = DIRECTION('',(0.5,0.866025403784,0.));
#2251 = ORIENTED_EDGE('',*,*,#2118,.F.);
#2252 = ORIENTED_EDGE('',*,*,#2072,.F.);
#2253 = PLANE('',#2254);
#2254 = AXIS2_PLACEMENT_3D('',#2255,#2256,#2257);
#2255 = CARTESIAN_POINT('',(0.865,-1.498223948547,4.));
#2256 = DIRECTION('',(0.866025403784,-0.5,0.));
#2257 = DIRECTION('',(0.5,0.866025403784,0.));
#2258 = ADVANCED_FACE('',(#2259),#2267,.T.);
#2259 = FACE_BOUND('',#2260,.T.);
#2260 = EDGE_LOOP('',(#2261,#2262,#2263,#2264,#2265,#2266));
#2261 = ORIENTED_EDGE('',*,*,#2126,.T.);
#2262 = ORIENTED_EDGE('',*,*,#2150,.T.);
#2263 = ORIENTED_EDGE('',*,*,#2174,.T.);
#2264 = ORIENTED_EDGE('',*,*,#2198,.T.);
#2265 = ORIENTED_EDGE('',*,*,#2222,.T.);
#2266 = ORIENTED_EDGE('',*,*,#2246,.T.);
#2267 = PLANE('',#2268);
#2268 = AXIS2_PLACEMENT_3D('',#2269,#2270,#2271);
#2269 = CARTESIAN_POINT('',(-2.E-17,2.E-17,2.));
#2270 = DIRECTION('',(0.,0.,1.));
#2271 = DIRECTION('',(1.,0.,-0.));
#2272 = ( GEOMETRIC_REPRESENTATION_CONTEXT(3) 
GLOBAL_UNCERTAINTY_ASSIGNED_CONTEXT((#2276)) 
GLOBAL_UNIT_ASSIGNED_CONTEXT((#2273,#2274,#2275)) REPRESENTATION_CONTEXT
('Context #1','3D Context with UNIT and UNCERTAINTY') );
#2273 = ( LENGTH_UNIT() NAMED_UNIT(*) SI_UNIT(.MILLI.,.METRE.) );
#2274 = ( NAMED_UNIT(*) PLANE_ANGLE_UNIT() SI_UNIT($,.RADIAN.) );
#2275 = ( NAMED_UNIT(*) SI_UNIT($,.STERADIAN.) SOLID_ANGLE_UNIT() );
#2276 = UNCERTAINTY_MEASURE_WITH_UNIT(LENGTH_MEASURE(1.E-07),#2273,
  'distance_accuracy_value','confusion accuracy');
#2277 = CONTEXT_DEPENDENT_SHAPE_REPRESENTATION(#2278,#2280);
#2278 = ( REPRESENTATION_RELATIONSHIP('','',#1914,#10) 
REPRESENTATION_RELATIONSHIP_WITH_TRANSFORMATION(#2279) 
SHAPE_REPRESENTATION_RELATIONSHIP() );
#2279 = ITEM_DEFINED_TRANSFORMATION('','',#11,#23);
#2280 = PRODUCT_DEFINITION_SHAPE('Placement','Placement of an item',
  #2281);
#2281 = NEXT_ASSEMBLY_USAGE_OCCURRENCE('8','m4_35_1','',#5,#1909,$);
#2282 = PRODUCT_RELATED_PRODUCT_CATEGORY('part',$,(#1911));
#2283 = SHAPE_DEFINITION_REPRESENTATION(#2284,#2290);
#2284 = PRODUCT_DEFINITION_SHAPE('','',#2285);
#2285 = PRODUCT_DEFINITION('design','',#2286,#2289);
#2286 = PRODUCT_DEFINITION_FORMATION('','',#2287);
#2287 = PRODUCT('m4_35_2','m4_35_2','',(#2288));
#2288 = PRODUCT_CONTEXT('',#2,'mechanical');
#2289 = PRODUCT_DEFINITION_CONTEXT('part definition',#2,'design');
#2290 = ADVANCED_BREP_SHAPE_REPRESENTATION('',(#11,#2291),#2648);
#2291 = MANIFOLD_SOLID_BREP('',#2292);
#2292 = CLOSED_SHELL('',(#2293,#2326,#2351,#2371,#2380,#2405,#2431,#2490
    ,#2521,#2545,#2569,#2593,#2617,#2634));
#2293 = ADVANCED_FACE('',(#2294),#2321,.T.);
#2294 = FACE_BOUND('',#2295,.T.);
#2295 = EDGE_LOOP('',(#2296,#2306,#2313,#2314));
#2296 = ORIENTED_EDGE('',*,*,#2297,.T.);
#2297 = EDGE_CURVE('',#2298,#2300,#2302,.T.);
#2298 = VERTEX_POINT('',#2299);
#2299 = CARTESIAN_POINT('',(2.,0.,0.));
#2300 = VERTEX_POINT('',#2301);
#2301 = CARTESIAN_POINT('',(2.,0.,-34.685));
#2302 = LINE('',#2303,#2304);
#2303 = CARTESIAN_POINT('',(2.,0.,0.));
#2304 = VECTOR('',#2305,1.);
#2305 = DIRECTION('',(-0.,-0.,-1.));
#2306 = ORIENTED_EDGE('',*,*,#2307,.T.);
#2307 = EDGE_CURVE('',#2300,#2300,#2308,.T.);
#2308 = CIRCLE('',#2309,2.);
#2309 = AXIS2_PLACEMENT_3D('',#2310,#2311,#2312);
#2310 = CARTESIAN_POINT('',(0.,0.,-34.685));
#2311 = DIRECTION('',(0.,0.,1.));
#2312 = DIRECTION('',(1.,0.,-0.));
#2313 = ORIENTED_EDGE('',*,*,#2297,.F.);
#2314 = ORIENTED_EDGE('',*,*,#2315,.F.);
#2315 = EDGE_CURVE('',#2298,#2298,#2316,.T.);
#2316 = CIRCLE('',#2317,2.);
#2317 = AXIS2_PLACEMENT_3D('',#2318,#2319,#2320);
#2318 = CARTESIAN_POINT('',(0.,0.,0.));
#2319 = DIRECTION('',(0.,0.,1.));
#2320 = DIRECTION('',(1.,0.,-0.));
#2321 = CYLINDRICAL_SURFACE('',#2322,2.);
#2322 = AXIS2_PLACEMENT_3D('',#2323,#2324,#2325);
#2323 = CARTESIAN_POINT('',(0.,0.,0.));
#2324 = DIRECTION('',(0.,0.,1.));
#2325 = DIRECTION('',(1.,0.,-0.));
#2326 = ADVANCED_FACE('',(#2327),#2346,.T.);
#2327 = FACE_BOUND('',#2328,.T.);
#2328 = EDGE_LOOP('',(#2329,#2338,#2344,#2345));
#2329 = ORIENTED_EDGE('',*,*,#2330,.T.);
#2330 = EDGE_CURVE('',#2331,#2331,#2333,.T.);
#2331 = VERTEX_POINT('',#2332);
#2332 = CARTESIAN_POINT('',(1.685,0.,-35.));
#2333 = CIRCLE('',#2334,1.685);
#2334 = AXIS2_PLACEMENT_3D('',#2335,#2336,#2337);
#2335 = CARTESIAN_POINT('',(0.,0.,-35.));
#2336 = DIRECTION('',(0.,0.,1.));
#2337 = DIRECTION('',(1.,0.,-0.));
#2338 = ORIENTED_EDGE('',*,*,#2339,.F.);
#2339 = EDGE_CURVE('',#2300,#2331,#2340,.T.);
#2340 = LINE('',#2341,#2342);
#2341 = CARTESIAN_POINT('',(2.,0.,-34.685));
#2342 = VECTOR('',#2343,1.);
#2343 = DIRECTION('',(-0.707106781187,-0.,-0.707106781187));
#2344 = ORIENTED_EDGE('',*,*,#2307,.F.);
#2345 = ORIENTED_EDGE('',*,*,#2339,.T.);
#2346 = CONICAL_SURFACE('',#2347,2.,0.785398163397);
#2347 = AXIS2_PLACEMENT_3D('',#2348,#2349,#2350);
#2348 = CARTESIAN_POINT('',(0.,0.,-34.685));
#2349 = DIRECTION('',(0.,0.,1.));
#2350 = DIRECTION('',(1.,0.,-0.));
#2351 = ADVANCED_FACE('',(#2352,#2363),#2366,.F.);
#2352 = FACE_BOUND('',#2353,.F.);
#2353 = EDGE_LOOP('',(#2354));
#2354 = ORIENTED_EDGE('',*,*,#2355,.T.);
#2355 = EDGE_CURVE('',#2356,#2356,#2358,.T.);
#2356 = VERTEX_POINT('',#2357);
#2357 = CARTESIAN_POINT('',(3.5,0.,0.));
#2358 = CIRCLE('',#2359,3.5);
#2359 = AXIS2_PLACEMENT_3D('',#2360,#2361,#2362);
#2360 = CARTESIAN_POINT('',(0.,0.,0.));
#2361 = DIRECTION('',(0.,0.,1.));
#2362 = DIRECTION('',(1.,0.,-0.));
#2363 = FACE_BOUND('',#2364,.F.);
#2364 = EDGE_LOOP('',(#2365));
#2365 = ORIENTED_EDGE('',*,*,#2315,.F.);
#2366 = PLANE('',#2367);
#2367 = AXIS2_PLACEMENT_3D('',#2368,#2369,#2370);
#2368 = CARTESIAN_POINT('',(-1.953485903628E-16,-1.428754599005E-16,0.)
  );
#2369 = DIRECTION('',(0.,0.,1.));
#2370 = DIRECTION('',(1.,0.,-0.));
#2371 = ADVANCED_FACE('',(#2372),#2375,.F.);
#2372 = FACE_BOUND('',#2373,.F.);
#2373 = EDGE_LOOP('',(#2374));
#2374 = ORIENTED_EDGE('',*,*,#2330,.T.);
#2375 = PLANE('',#2376);
#2376 = AXIS2_PLACEMENT_3D('',#2377,#2378,#2379);
#2377 = CARTESIAN_POINT('',(-1.281975124256E-16,3.821888340557E-18,-35.)
  );
#2378 = DIRECTION('',(0.,0.,1.));
#2379 = DIRECTION('',(1.,0.,-0.));
#2380 = ADVANCED_FACE('',(#2381),#2400,.T.);
#2381 = FACE_BOUND('',#2382,.T.);
#2382 = EDGE_LOOP('',(#2383,#2384,#2392,#2399));
#2383 = ORIENTED_EDGE('',*,*,#2355,.T.);
#2384 = ORIENTED_EDGE('',*,*,#2385,.T.);
#2385 = EDGE_CURVE('',#2356,#2386,#2388,.T.);
#2386 = VERTEX_POINT('',#2387);
#2387 = CARTESIAN_POINT('',(3.5,0.,3.6));
#2388 = LINE('',#2389,#2390);
#2389 = CARTESIAN_POINT('',(3.5,0.,0.));
#2390 = VECTOR('',#2391,1.);
#2391 = DIRECTION('',(0.,0.,1.));
#2392 = ORIENTED_EDGE('',*,*,#2393,.F.);
#2393 = EDGE_CURVE('',#2386,#2386,#2394,.T.);
#2394 = CIRCLE('',#2395,3.5);
#2395 = AXIS2_PLACEMENT_3D('',#2396,#2397,#2398);
#2396 = CARTESIAN_POINT('',(0.,0.,3.6));
#2397 = DIRECTION('',(0.,0.,1.));
#2398 = DIRECTION('',(1.,0.,-0.));
#2399 = ORIENTED_EDGE('',*,*,#2385,.F.);
#2400 = CYLINDRICAL_SURFACE('',#2401,3.5);
#2401 = AXIS2_PLACEMENT_3D('',#2402,#2403,#2404);
#2402 = CARTESIAN_POINT('',(0.,0.,0.));
#2403 = DIRECTION('',(-0.,-0.,-1.));
#2404 = DIRECTION('',(1.,0.,0.));
#2405 = ADVANCED_FACE('',(#2406),#2426,.T.);
#2406 = FACE_BOUND('',#2407,.T.);
#2407 = EDGE_LOOP('',(#2408,#2417,#2418,#2419));
#2408 = ORIENTED_EDGE('',*,*,#2409,.F.);
#2409 = EDGE_CURVE('',#2386,#2410,#2412,.T.);
#2410 = VERTEX_POINT('',#2411);
#2411 = CARTESIAN_POINT('',(3.1,0.,4.));
#2412 = CIRCLE('',#2413,0.4);
#2413 = AXIS2_PLACEMENT_3D('',#2414,#2415,#2416);
#2414 = CARTESIAN_POINT('',(3.1,0.,3.6));
#2415 = DIRECTION('',(0.,-1.,0.));
#2416 = DIRECTION('',(1.,0.,0.));
#2417 = ORIENTED_EDGE('',*,*,#2393,.T.);
#2418 = ORIENTED_EDGE('',*,*,#2409,.T.);
#2419 = ORIENTED_EDGE('',*,*,#2420,.F.);
#2420 = EDGE_CURVE('',#2410,#2410,#2421,.T.);
#2421 = CIRCLE('',#2422,3.1);
#2422 = AXIS2_PLACEMENT_3D('',#2423,#2424,#2425);
#2423 = CARTESIAN_POINT('',(0.,0.,4.));
#2424 = DIRECTION('',(0.,0.,1.));
#2425 = DIRECTION('',(1.,0.,-0.));
#2426 = TOROIDAL_SURFACE('',#2427,3.1,0.4);
#2427 = AXIS2_PLACEMENT_3D('',#2428,#2429,#2430);
#2428 = CARTESIAN_POINT('',(0.,0.,3.6));
#2429 = DIRECTION('',(0.,0.,1.));
#2430 = DIRECTION('',(1.,0.,-0.));
#2431 = ADVANCED_FACE('',(#2432,#2435),#2485,.T.);
#2432 = FACE_BOUND('',#2433,.T.);
#2433 = EDGE_LOOP('',(#2434));
#2434 = ORIENTED_EDGE('',*,*,#2420,.T.);
#2435 = FACE_BOUND('',#2436,.T.);
#2436 = EDGE_LOOP('',(#2437,#2447,#2455,#2463,#2471,#2479));
#2437 = ORIENTED_EDGE('',*,*,#2438,.F.);
#2438 = EDGE_CURVE('',#2439,#2441,#2443,.T.);
#2439 = VERTEX_POINT('',#2440);
#2440 = CARTESIAN_POINT('',(1.73,1.184610418071E-23,4.));
#2441 = VERTEX_POINT('',#2442);
#2442 = CARTESIAN_POINT('',(0.865,1.498223948547,4.));
#2443 = LINE('',#2444,#2445);
#2444 = CARTESIAN_POINT('',(1.73,1.184610418071E-23,4.));
#2445 = VECTOR('',#2446,1.);
#2446 = DIRECTION('',(-0.5,0.866025403784,0.));
#2447 = ORIENTED_EDGE('',*,*,#2448,.F.);
#2448 = EDGE_CURVE('',#2449,#2439,#2451,.T.);
#2449 = VERTEX_POINT('',#2450);
#2450 = CARTESIAN_POINT('',(0.865,-1.498223948547,4.));
#2451 = LINE('',#2452,#2453);
#2452 = CARTESIAN_POINT('',(0.865,-1.498223948547,4.));
#2453 = VECTOR('',#2454,1.);
#2454 = DIRECTION('',(0.5,0.866025403784,0.));
#2455 = ORIENTED_EDGE('',*,*,#2456,.F.);
#2456 = EDGE_CURVE('',#2457,#2449,#2459,.T.);
#2457 = VERTEX_POINT('',#2458);
#2458 = CARTESIAN_POINT('',(-0.865,-1.498223948547,4.));
#2459 = LINE('',#2460,#2461);
#2460 = CARTESIAN_POINT('',(-0.865,-1.498223948547,4.));
#2461 = VECTOR('',#2462,1.);
#2462 = DIRECTION('',(1.,0.,0.));
#2463 = ORIENTED_EDGE('',*,*,#2464,.F.);
#2464 = EDGE_CURVE('',#2465,#2457,#2467,.T.);
#2465 = VERTEX_POINT('',#2466);
#2466 = CARTESIAN_POINT('',(-1.73,0.,4.));
#2467 = LINE('',#2468,#2469);
#2468 = CARTESIAN_POINT('',(-1.73,0.,4.));
#2469 = VECTOR('',#2470,1.);
#2470 = DIRECTION('',(0.5,-0.866025403784,0.));
#2471 = ORIENTED_EDGE('',*,*,#2472,.F.);
#2472 = EDGE_CURVE('',#2473,#2465,#2475,.T.);
#2473 = VERTEX_POINT('',#2474);
#2474 = CARTESIAN_POINT('',(-0.865,1.498223948547,4.));
#2475 = LINE('',#2476,#2477);
#2476 = CARTESIAN_POINT('',(-0.865,1.498223948547,4.));
#2477 = VECTOR('',#2478,1.);
#2478 = DIRECTION('',(-0.5,-0.866025403784,0.));
#2479 = ORIENTED_EDGE('',*,*,#2480,.F.);
#2480 = EDGE_CURVE('',#2441,#2473,#2481,.T.);
#2481 = LINE('',#2482,#2483);
#2482 = CARTESIAN_POINT('',(0.865,1.498223948547,4.));
#2483 = VECTOR('',#2484,1.);
#2484 = DIRECTION('',(-1.,0.,0.));
#2485 = PLANE('',#2486);
#2486 = AXIS2_PLACEMENT_3D('',#2487,#2488,#2489);
#2487 = CARTESIAN_POINT('',(-1.953485903628E-16,-1.428754599005E-16,4.)
  );
#2488 = DIRECTION('',(0.,0.,1.));
#2489 = DIRECTION('',(1.,0.,-0.));
#2490 = ADVANCED_FACE('',(#2491),#2516,.F.);
#2491 = FACE_BOUND('',#2492,.F.);
#2492 = EDGE_LOOP('',(#2493,#2501,#2509,#2515));
#2493 = ORIENTED_EDGE('',*,*,#2494,.T.);
#2494 = EDGE_CURVE('',#2439,#2495,#2497,.T.);
#2495 = VERTEX_POINT('',#2496);
#2496 = CARTESIAN_POINT('',(1.73,1.184610418071E-23,2.));
#2497 = LINE('',#2498,#2499);
#2498 = CARTESIAN_POINT('',(1.73,1.184610418071E-23,4.));
#2499 = VECTOR('',#2500,1.);
#2500 = DIRECTION('',(-0.,-0.,-1.));
#2501 = ORIENTED_EDGE('',*,*,#2502,.T.);
#2502 = EDGE_CURVE('',#2495,#2503,#2505,.T.);
#2503 = VERTEX_POINT('',#2504);
#2504 = CARTESIAN_POINT('',(0.865,1.498223948547,2.));
#2505 = LINE('',#2506,#2507);
#2506 = CARTESIAN_POINT('',(1.73,1.184610418071E-23,2.));
#2507 = VECTOR('',#2508,1.);
#2508 = DIRECTION('',(-0.5,0.866025403784,0.));
#2509 = ORIENTED_EDGE('',*,*,#2510,.F.);
#2510 = EDGE_CURVE('',#2441,#2503,#2511,.T.);
#2511 = LINE('',#2512,#2513);
#2512 = CARTESIAN_POINT('',(0.865,1.498223948547,4.));
#2513 = VECTOR('',#2514,1.);
#2514 = DIRECTION('',(-0.,-0.,-1.));
#2515 = ORIENTED_EDGE('',*,*,#2438,.F.);
#2516 = PLANE('',#2517);
#2517 = AXIS2_PLACEMENT_3D('',#2518,#2519,#2520);
#2518 = CARTESIAN_POINT('',(1.73,1.184610418071E-23,4.));
#2519 = DIRECTION('',(0.866025403784,0.5,0.));
#2520 = DIRECTION('',(-0.5,0.866025403784,0.));
#2521 = ADVANCED_FACE('',(#2522),#2540,.F.);
#2522 = FACE_BOUND('',#2523,.F.);
#2523 = EDGE_LOOP('',(#2524,#2525,#2533,#2539));
#2524 = ORIENTED_EDGE('',*,*,#2510,.T.);
#2525 = ORIENTED_EDGE('',*,*,#2526,.T.);
#2526 = EDGE_CURVE('',#2503,#2527,#2529,.T.);
#2527 = VERTEX_POINT('',#2528);
#2528 = CARTESIAN_POINT('',(-0.865,1.498223948547,2.));
#2529 = LINE('',#2530,#2531);
#2530 = CARTESIAN_POINT('',(0.865,1.498223948547,2.));
#2531 = VECTOR('',#2532,1.);
#2532 = DIRECTION('',(-1.,0.,0.));
#2533 = ORIENTED_EDGE('',*,*,#2534,.F.);
#2534 = EDGE_CURVE('',#2473,#2527,#2535,.T.);
#2535 = LINE('',#2536,#2537);
#2536 = CARTESIAN_POINT('',(-0.865,1.498223948547,4.));
#2537 = VECTOR('',#2538,1.);
#2538 = DIRECTION('',(-0.,-0.,-1.));
#2539 = ORIENTED_EDGE('',*,*,#2480,.F.);
#2540 = PLANE('',#2541);
#2541 = AXIS2_PLACEMENT_3D('',#2542,#2543,#2544);
#2542 = CARTESIAN_POINT('',(0.865,1.498223948547,4.));
#2543 = DIRECTION('',(0.,1.,0.));
#2544 = DIRECTION('',(-1.,0.,0.));
#2545 = ADVANCED_FACE('',(#2546),#2564,.F.);
#2546 = FACE_BOUND('',#2547,.F.);
#2547 = EDGE_LOOP('',(#2548,#2549,#2557,#2563));
#2548 = ORIENTED_EDGE('',*,*,#2534,.T.);
#2549 = ORIENTED_EDGE('',*,*,#2550,.T.);
#2550 = EDGE_CURVE('',#2527,#2551,#2553,.T.);
#2551 = VERTEX_POINT('',#2552);
#2552 = CARTESIAN_POINT('',(-1.73,0.,2.));
#2553 = LINE('',#2554,#2555);
#2554 = CARTESIAN_POINT('',(-0.865,1.498223948547,2.));
#2555 = VECTOR('',#2556,1.);
#2556 = DIRECTION('',(-0.5,-0.866025403784,0.));
#2557 = ORIENTED_EDGE('',*,*,#2558,.F.);
#2558 = EDGE_CURVE('',#2465,#2551,#2559,.T.);
#2559 = LINE('',#2560,#2561);
#2560 = CARTESIAN_POINT('',(-1.73,0.,4.));
#2561 = VECTOR('',#2562,1.);
#2562 = DIRECTION('',(-0.,-0.,-1.));
#2563 = ORIENTED_EDGE('',*,*,#2472,.F.);
#2564 = PLANE('',#2565);
#2565 = AXIS2_PLACEMENT_3D('',#2566,#2567,#2568);
#2566 = CARTESIAN_POINT('',(-0.865,1.498223948547,4.));
#2567 = DIRECTION('',(-0.866025403784,0.5,0.));
#2568 = DIRECTION('',(-0.5,-0.866025403784,0.));
#2569 = ADVANCED_FACE('',(#2570),#2588,.F.);
#2570 = FACE_BOUND('',#2571,.F.);
#2571 = EDGE_LOOP('',(#2572,#2573,#2581,#2587));
#2572 = ORIENTED_EDGE('',*,*,#2558,.T.);
#2573 = ORIENTED_EDGE('',*,*,#2574,.T.);
#2574 = EDGE_CURVE('',#2551,#2575,#2577,.T.);
#2575 = VERTEX_POINT('',#2576);
#2576 = CARTESIAN_POINT('',(-0.865,-1.498223948547,2.));
#2577 = LINE('',#2578,#2579);
#2578 = CARTESIAN_POINT('',(-1.73,0.,2.));
#2579 = VECTOR('',#2580,1.);
#2580 = DIRECTION('',(0.5,-0.866025403784,0.));
#2581 = ORIENTED_EDGE('',*,*,#2582,.F.);
#2582 = EDGE_CURVE('',#2457,#2575,#2583,.T.);
#2583 = LINE('',#2584,#2585);
#2584 = CARTESIAN_POINT('',(-0.865,-1.498223948547,4.));
#2585 = VECTOR('',#2586,1.);
#2586 = DIRECTION('',(-0.,-0.,-1.));
#2587 = ORIENTED_EDGE('',*,*,#2464,.F.);
#2588 = PLANE('',#2589);
#2589 = AXIS2_PLACEMENT_3D('',#2590,#2591,#2592);
#2590 = CARTESIAN_POINT('',(-1.73,0.,4.));
#2591 = DIRECTION('',(-0.866025403784,-0.5,0.));
#2592 = DIRECTION('',(0.5,-0.866025403784,0.));
#2593 = ADVANCED_FACE('',(#2594),#2612,.F.);
#2594 = FACE_BOUND('',#2595,.F.);
#2595 = EDGE_LOOP('',(#2596,#2597,#2605,#2611));
#2596 = ORIENTED_EDGE('',*,*,#2582,.T.);
#2597 = ORIENTED_EDGE('',*,*,#2598,.T.);
#2598 = EDGE_CURVE('',#2575,#2599,#2601,.T.);
#2599 = VERTEX_POINT('',#2600);
#2600 = CARTESIAN_POINT('',(0.865,-1.498223948547,2.));
#2601 = LINE('',#2602,#2603);
#2602 = CARTESIAN_POINT('',(-0.865,-1.498223948547,2.));
#2603 = VECTOR('',#2604,1.);
#2604 = DIRECTION('',(1.,0.,0.));
#2605 = ORIENTED_EDGE('',*,*,#2606,.F.);
#2606 = EDGE_CURVE('',#2449,#2599,#2607,.T.);
#2607 = LINE('',#2608,#2609);
#2608 = CARTESIAN_POINT('',(0.865,-1.498223948547,4.));
#2609 = VECTOR('',#2610,1.);
#2610 = DIRECTION('',(-0.,-0.,-1.));
#2611 = ORIENTED_EDGE('',*,*,#2456,.F.);
#2612 = PLANE('',#2613);
#2613 = AXIS2_PLACEMENT_3D('',#2614,#2615,#2616);
#2614 = CARTESIAN_POINT('',(-0.865,-1.498223948547,4.));
#2615 = DIRECTION('',(0.,-1.,0.));
#2616 = DIRECTION('',(1.,0.,0.));
#2617 = ADVANCED_FACE('',(#2618),#2629,.F.);
#2618 = FACE_BOUND('',#2619,.F.);
#2619 = EDGE_LOOP('',(#2620,#2621,#2627,#2628));
#2620 = ORIENTED_EDGE('',*,*,#2606,.T.);
#2621 = ORIENTED_EDGE('',*,*,#2622,.T.);
#2622 = EDGE_CURVE('',#2599,#2495,#2623,.T.);
#2623 = LINE('',#2624,#2625);
#2624 = CARTESIAN_POINT('',(0.865,-1.498223948547,2.));
#2625 = VECTOR('',#2626,1.);
#2626 = DIRECTION('',(0.5,0.866025403784,0.));
#2627 = ORIENTED_EDGE('',*,*,#2494,.F.);
#2628 = ORIENTED_EDGE('',*,*,#2448,.F.);
#2629 = PLANE('',#2630);
#2630 = AXIS2_PLACEMENT_3D('',#2631,#2632,#2633);
#2631 = CARTESIAN_POINT('',(0.865,-1.498223948547,4.));
#2632 = DIRECTION('',(0.866025403784,-0.5,0.));
#2633 = DIRECTION('',(0.5,0.866025403784,0.));
#2634 = ADVANCED_FACE('',(#2635),#2643,.T.);
#2635 = FACE_BOUND('',#2636,.T.);
#2636 = EDGE_LOOP('',(#2637,#2638,#2639,#2640,#2641,#2642));
#2637 = ORIENTED_EDGE('',*,*,#2502,.T.);
#2638 = ORIENTED_EDGE('',*,*,#2526,.T.);
#2639 = ORIENTED_EDGE('',*,*,#2550,.T.);
#2640 = ORIENTED_EDGE('',*,*,#2574,.T.);
#2641 = ORIENTED_EDGE('',*,*,#2598,.T.);
#2642 = ORIENTED_EDGE('',*,*,#2622,.T.);
#2643 = PLANE('',#2644);
#2644 = AXIS2_PLACEMENT_3D('',#2645,#2646,#2647);
#2645 = CARTESIAN_POINT('',(-2.139158043594E-17,2.139158043594E-17,2.));
#2646 = DIRECTION('',(0.,0.,1.));
#2647 = DIRECTION('',(1.,0.,-0.));
#2648 = ( GEOMETRIC_REPRESENTATION_CONTEXT(3) 
GLOBAL_UNCERTAINTY_ASSIGNED_CONTEXT((#2652)) 
GLOBAL_UNIT_ASSIGNED_CONTEXT((#2649,#2650,#2651)) REPRESENTATION_CONTEXT
('Context #1','3D Context with UNIT and UNCERTAINTY') );
#2649 = ( LENGTH_UNIT() NAMED_UNIT(*) SI_UNIT(.MILLI.,.METRE.) );
#2650 = ( NAMED_UNIT(*) PLANE_ANGLE_UNIT() SI_UNIT($,.RADIAN.) );
#2651 = ( NAMED_UNIT(*) SI_UNIT($,.STERADIAN.) SOLID_ANGLE_UNIT() );
#2652 = UNCERTAINTY_MEASURE_WITH_UNIT(LENGTH_MEASURE(1.E-07),#2649,
  'distance_accuracy_value','confusion accuracy');
#2653 = CONTEXT_DEPENDENT_SHAPE_REPRESENTATION(#2654,#2656);
#2654 = ( REPRESENTATION_RELATIONSHIP('','',#2290,#10) 
REPRESENTATION_RELATIONSHIP_WITH_TRANSFORMATION(#2655) 
SHAPE_REPRESENTATION_RELATIONSHIP() );
#2655 = ITEM_DEFINED_TRANSFORMATION('','',#11,#27);
#2656 = PRODUCT_DEFINITION_SHAPE('Placement','Placement of an item',
  #2657);
#2657 = NEXT_ASSEMBLY_USAGE_OCCURRENCE('9','m4_35_2','',#5,#2285,$);
#2658 = PRODUCT_RELATED_PRODUCT_CATEGORY('part',$,(#2287));
#2659 = SHAPE_DEFINITION_REPRESENTATION(#2660,#2666);
#2660 = PRODUCT_DEFINITION_SHAPE('','',#2661);
#2661 = PRODUCT_DEFINITION('design','',#2662,#2665);
#2662 = PRODUCT_DEFINITION_FORMATION('','',#2663);
#2663 = PRODUCT('m4_35_3','m4_35_3','',(#2664));
#2664 = PRODUCT_CONTEXT('',#2,'mechanical');
#2665 = PRODUCT_DEFINITION_CONTEXT('part definition',#2,'design');
#2666 = ADVANCED_BREP_SHAPE_REPRESENTATION('',(#11,#2667),#3024);
#2667 = MANIFOLD_SOLID_BREP('',#2668);
#2668 = CLOSED_SHELL('',(#2669,#2702,#2727,#2747,#2756,#2781,#2807,#2866
    ,#2897,#2921,#2945,#2969,#2993,#3010));
#2669 = ADVANCED_FACE('',(#2670),#2697,.T.);
#2670 = FACE_BOUND('',#2671,.T.);
#2671 = EDGE_LOOP('',(#2672,#2682,#2689,#2690));
#2672 = ORIENTED_EDGE('',*,*,#2673,.T.);
#2673 = EDGE_CURVE('',#2674,#2676,#2678,.T.);
#2674 = VERTEX_POINT('',#2675);
#2675 = CARTESIAN_POINT('',(2.,0.,0.));
#2676 = VERTEX_POINT('',#2677);
#2677 = CARTESIAN_POINT('',(2.,0.,-34.685));
#2678 = LINE('',#2679,#2680);
#2679 = CARTESIAN_POINT('',(2.,0.,0.));
#2680 = VECTOR('',#2681,1.);
#2681 = DIRECTION('',(-0.,-0.,-1.));
#2682 = ORIENTED_EDGE('',*,*,#2683,.T.);
#2683 = EDGE_CURVE('',#2676,#2676,#2684,.T.);
#2684 = CIRCLE('',#2685,2.);
#2685 = AXIS2_PLACEMENT_3D('',#2686,#2687,#2688);
#2686 = CARTESIAN_POINT('',(0.,0.,-34.685));
#2687 = DIRECTION('',(0.,0.,1.));
#2688 = DIRECTION('',(1.,0.,-0.));
#2689 = ORIENTED_EDGE('',*,*,#2673,.F.);
#2690 = ORIENTED_EDGE('',*,*,#2691,.F.);
#2691 = EDGE_CURVE('',#2674,#2674,#2692,.T.);
#2692 = CIRCLE('',#2693,2.);
#2693 = AXIS2_PLACEMENT_3D('',#2694,#2695,#2696);
#2694 = CARTESIAN_POINT('',(0.,0.,0.));
#2695 = DIRECTION('',(0.,0.,1.));
#2696 = DIRECTION('',(1.,0.,-0.));
#2697 = CYLINDRICAL_SURFACE('',#2698,2.);
#2698 = AXIS2_PLACEMENT_3D('',#2699,#2700,#2701);
#2699 = CARTESIAN_POINT('',(0.,0.,0.));
#2700 = DIRECTION('',(0.,0.,1.));
#2701 = DIRECTION('',(1.,0.,-0.));
#2702 = ADVANCED_FACE('',(#2703),#2722,.T.);
#2703 = FACE_BOUND('',#2704,.T.);
#2704 = EDGE_LOOP('',(#2705,#2714,#2720,#2721));
#2705 = ORIENTED_EDGE('',*,*,#2706,.T.);
#2706 = EDGE_CURVE('',#2707,#2707,#2709,.T.);
#2707 = VERTEX_POINT('',#2708);
#2708 = CARTESIAN_POINT('',(1.685,0.,-35.));
#2709 = CIRCLE('',#2710,1.685);
#2710 = AXIS2_PLACEMENT_3D('',#2711,#2712,#2713);
#2711 = CARTESIAN_POINT('',(0.,0.,-35.));
#2712 = DIRECTION('',(0.,0.,1.));
#2713 = DIRECTION('',(1.,0.,-0.));
#2714 = ORIENTED_EDGE('',*,*,#2715,.F.);
#2715 = EDGE_CURVE('',#2676,#2707,#2716,.T.);
#2716 = LINE('',#2717,#2718);
#2717 = CARTESIAN_POINT('',(2.,0.,-34.685));
#2718 = VECTOR('',#2719,1.);
#2719 = DIRECTION('',(-0.707106781187,-0.,-0.707106781187));
#2720 = ORIENTED_EDGE('',*,*,#2683,.F.);
#2721 = ORIENTED_EDGE('',*,*,#2715,.T.);
#2722 = CONICAL_SURFACE('',#2723,2.,0.785398163397);
#2723 = AXIS2_PLACEMENT_3D('',#2724,#2725,#2726);
#2724 = CARTESIAN_POINT('',(0.,0.,-34.685));
#2725 = DIRECTION('',(0.,0.,1.));
#2726 = DIRECTION('',(1.,0.,-0.));
#2727 = ADVANCED_FACE('',(#2728,#2739),#2742,.F.);
#2728 = FACE_BOUND('',#2729,.F.);
#2729 = EDGE_LOOP('',(#2730));
#2730 = ORIENTED_EDGE('',*,*,#2731,.T.);
#2731 = EDGE_CURVE('',#2732,#2732,#2734,.T.);
#2732 = VERTEX_POINT('',#2733);
#2733 = CARTESIAN_POINT('',(3.5,0.,0.));
#2734 = CIRCLE('',#2735,3.5);
#2735 = AXIS2_PLACEMENT_3D('',#2736,#2737,#2738);
#2736 = CARTESIAN_POINT('',(0.,0.,0.));
#2737 = DIRECTION('',(0.,0.,1.));
#2738 = DIRECTION('',(1.,0.,-0.));
#2739 = FACE_BOUND('',#2740,.F.);
#2740 = EDGE_LOOP('',(#2741));
#2741 = ORIENTED_EDGE('',*,*,#2691,.F.);
#2742 = PLANE('',#2743);
#2743 = AXIS2_PLACEMENT_3D('',#2744,#2745,#2746);
#2744 = CARTESIAN_POINT('',(-2.E-16,-1.4E-16,0.));
#2745 = DIRECTION('',(0.,0.,1.));
#2746 = DIRECTION('',(1.,0.,-0.));
#2747 = ADVANCED_FACE('',(#2748),#2751,.F.);
#2748 = FACE_BOUND('',#2749,.F.);
#2749 = EDGE_LOOP('',(#2750));
#2750 = ORIENTED_EDGE('',*,*,#2706,.T.);
#2751 = PLANE('',#2752);
#2752 = AXIS2_PLACEMENT_3D('',#2753,#2754,#2755);
#2753 = CARTESIAN_POINT('',(-1.3E-16,0.,-35.));
#2754 = DIRECTION('',(0.,0.,1.));
#2755 = DIRECTION('',(1.,0.,-0.));
#2756 = ADVANCED_FACE('',(#2757),#2776,.T.);
#2757 = FACE_BOUND('',#2758,.T.);
#2758 = EDGE_LOOP('',(#2759,#2760,#2768,#2775));
#2759 = ORIENTED_EDGE('',*,*,#2731,.T.);
#2760 = ORIENTED_EDGE('',*,*,#2761,.T.);
#2761 = EDGE_CURVE('',#2732,#2762,#2764,.T.);
#2762 = VERTEX_POINT('',#2763);
#2763 = CARTESIAN_POINT('',(3.5,0.,3.6));
#2764 = LINE('',#2765,#2766);
#2765 = CARTESIAN_POINT('',(3.5,0.,0.));
#2766 = VECTOR('',#2767,1.);
#2767 = DIRECTION('',(0.,0.,1.));
#2768 = ORIENTED_EDGE('',*,*,#2769,.F.);
#2769 = EDGE_CURVE('',#2762,#2762,#2770,.T.);
#2770 = CIRCLE('',#2771,3.5);
#2771 = AXIS2_PLACEMENT_3D('',#2772,#2773,#2774);
#2772 = CARTESIAN_POINT('',(0.,0.,3.6));
#2773 = DIRECTION('',(0.,0.,1.));
#2774 = DIRECTION('',(1.,0.,-0.));
#2775 = ORIENTED_EDGE('',*,*,#2761,.F.);
#2776 = CYLINDRICAL_SURFACE('',#2777,3.5);
#2777 = AXIS2_PLACEMENT_3D('',#2778,#2779,#2780);
#2778 = CARTESIAN_POINT('',(0.,0.,0.));
#2779 = DIRECTION('',(-0.,-0.,-1.));
#2780 = DIRECTION('',(1.,0.,0.));
#2781 = ADVANCED_FACE('',(#2782),#2802,.T.);
#2782 = FACE_BOUND('',#2783,.T.);
#2783 = EDGE_LOOP('',(#2784,#2793,#2794,#2795));
#2784 = ORIENTED_EDGE('',*,*,#2785,.F.);
#2785 = EDGE_CURVE('',#2762,#2786,#2788,.T.);
#2786 = VERTEX_POINT('',#2787);
#2787 = CARTESIAN_POINT('',(3.1,0.,4.));
#2788 = CIRCLE('',#2789,0.4);
#2789 = AXIS2_PLACEMENT_3D('',#2790,#2791,#2792);
#2790 = CARTESIAN_POINT('',(3.1,0.,3.6));
#2791 = DIRECTION('',(0.,-1.,0.));
#2792 = DIRECTION('',(1.,0.,0.));
#2793 = ORIENTED_EDGE('',*,*,#2769,.T.);
#2794 = ORIENTED_EDGE('',*,*,#2785,.T.);
#2795 = ORIENTED_EDGE('',*,*,#2796,.F.);
#2796 = EDGE_CURVE('',#2786,#2786,#2797,.T.);
#2797 = CIRCLE('',#2798,3.1);
#2798 = AXIS2_PLACEMENT_3D('',#2799,#2800,#2801);
#2799 = CARTESIAN_POINT('',(0.,0.,4.));
#2800 = DIRECTION('',(0.,0.,1.));
#2801 = DIRECTION('',(1.,0.,-0.));
#2802 = TOROIDAL_SURFACE('',#2803,3.1,0.4);
#2803 = AXIS2_PLACEMENT_3D('',#2804,#2805,#2806);
#2804 = CARTESIAN_POINT('',(0.,0.,3.6));
#2805 = DIRECTION('',(0.,0.,1.));
#2806 = DIRECTION('',(1.,0.,-0.));
#2807 = ADVANCED_FACE('',(#2808,#2811),#2861,.T.);
#2808 = FACE_BOUND('',#2809,.T.);
#2809 = EDGE_LOOP('',(#2810));
#2810 = ORIENTED_EDGE('',*,*,#2796,.T.);
#2811 = FACE_BOUND('',#2812,.T.);
#2812 = EDGE_LOOP('',(#2813,#2823,#2831,#2839,#2847,#2855));
#2813 = ORIENTED_EDGE('',*,*,#2814,.F.);
#2814 = EDGE_CURVE('',#2815,#2817,#2819,.T.);
#2815 = VERTEX_POINT('',#2816);
#2816 = CARTESIAN_POINT('',(1.73,0.,4.));
#2817 = VERTEX_POINT('',#2818);
#2818 = CARTESIAN_POINT('',(0.865,1.498223948547,4.));
#2819 = LINE('',#2820,#2821);
#2820 = CARTESIAN_POINT('',(1.73,0.,4.));
#2821 = VECTOR('',#2822,1.);
#2822 = DIRECTION('',(-0.5,0.866025403784,0.));
#2823 = ORIENTED_EDGE('',*,*,#2824,.F.);
#2824 = EDGE_CURVE('',#2825,#2815,#2827,.T.);
#2825 = VERTEX_POINT('',#2826);
#2826 = CARTESIAN_POINT('',(0.865,-1.498223948547,4.));
#2827 = LINE('',#2828,#2829);
#2828 = CARTESIAN_POINT('',(0.865,-1.498223948547,4.));
#2829 = VECTOR('',#2830,1.);
#2830 = DIRECTION('',(0.5,0.866025403784,0.));
#2831 = ORIENTED_EDGE('',*,*,#2832,.F.);
#2832 = EDGE_CURVE('',#2833,#2825,#2835,.T.);
#2833 = VERTEX_POINT('',#2834);
#2834 = CARTESIAN_POINT('',(-0.865,-1.498223948547,4.));
#2835 = LINE('',#2836,#2837);
#2836 = CARTESIAN_POINT('',(-0.865,-1.498223948547,4.));
#2837 = VECTOR('',#2838,1.);
#2838 = DIRECTION('',(1.,0.,0.));
#2839 = ORIENTED_EDGE('',*,*,#2840,.F.);
#2840 = EDGE_CURVE('',#2841,#2833,#2843,.T.);
#2841 = VERTEX_POINT('',#2842);
#2842 = CARTESIAN_POINT('',(-1.73,0.,4.));
#2843 = LINE('',#2844,#2845);
#2844 = CARTESIAN_POINT('',(-1.73,0.,4.));
#2845 = VECTOR('',#2846,1.);
#2846 = DIRECTION('',(0.5,-0.866025403784,0.));
#2847 = ORIENTED_EDGE('',*,*,#2848,.F.);
#2848 = EDGE_CURVE('',#2849,#2841,#2851,.T.);
#2849 = VERTEX_POINT('',#2850);
#2850 = CARTESIAN_POINT('',(-0.865,1.498223948547,4.));
#2851 = LINE('',#2852,#2853);
#2852 = CARTESIAN_POINT('',(-0.865,1.498223948547,4.));
#2853 = VECTOR('',#2854,1.);
#2854 = DIRECTION('',(-0.5,-0.866025403784,0.));
#2855 = ORIENTED_EDGE('',*,*,#2856,.F.);
#2856 = EDGE_CURVE('',#2817,#2849,#2857,.T.);
#2857 = LINE('',#2858,#2859);
#2858 = CARTESIAN_POINT('',(0.865,1.498223948547,4.));
#2859 = VECTOR('',#2860,1.);
#2860 = DIRECTION('',(-1.,0.,0.));
#2861 = PLANE('',#2862);
#2862 = AXIS2_PLACEMENT_3D('',#2863,#2864,#2865);
#2863 = CARTESIAN_POINT('',(-2.E-16,-1.4E-16,4.));
#2864 = DIRECTION('',(0.,0.,1.));
#2865 = DIRECTION('',(1.,0.,-0.));
#2866 = ADVANCED_FACE('',(#2867),#2892,.F.);
#2867 = FACE_BOUND('',#2868,.F.);
#2868 = EDGE_LOOP('',(#2869,#2877,#2885,#2891));
#2869 = ORIENTED_EDGE('',*,*,#2870,.T.);
#2870 = EDGE_CURVE('',#2815,#2871,#2873,.T.);
#2871 = VERTEX_POINT('',#2872);
#2872 = CARTESIAN_POINT('',(1.73,0.,2.));
#2873 = LINE('',#2874,#2875);
#2874 = CARTESIAN_POINT('',(1.73,0.,4.));
#2875 = VECTOR('',#2876,1.);
#2876 = DIRECTION('',(-0.,-0.,-1.));
#2877 = ORIENTED_EDGE('',*,*,#2878,.T.);
#2878 = EDGE_CURVE('',#2871,#2879,#2881,.T.);
#2879 = VERTEX_POINT('',#2880);
#2880 = CARTESIAN_POINT('',(0.865,1.498223948547,2.));
#2881 = LINE('',#2882,#2883);
#2882 = CARTESIAN_POINT('',(1.73,0.,2.));
#2883 = VECTOR('',#2884,1.);
#2884 = DIRECTION('',(-0.5,0.866025403784,0.));
#2885 = ORIENTED_EDGE('',*,*,#2886,.F.);
#2886 = EDGE_CURVE('',#2817,#2879,#2887,.T.);
#2887 = LINE('',#2888,#2889);
#2888 = CARTESIAN_POINT('',(0.865,1.498223948547,4.));
#2889 = VECTOR('',#2890,1.);
#2890 = DIRECTION('',(-0.,-0.,-1.));
#2891 = ORIENTED_EDGE('',*,*,#2814,.F.);
#2892 = PLANE('',#2893);
#2893 = AXIS2_PLACEMENT_3D('',#2894,#2895,#2896);
#2894 = CARTESIAN_POINT('',(1.73,0.,4.));
#2895 = DIRECTION('',(0.866025403784,0.5,0.));
#2896 = DIRECTION('',(-0.5,0.866025403784,0.));
#2897 = ADVANCED_FACE('',(#2898),#2916,.F.);
#2898 = FACE_BOUND('',#2899,.F.);
#2899 = EDGE_LOOP('',(#2900,#2901,#2909,#2915));
#2900 = ORIENTED_EDGE('',*,*,#2886,.T.);
#2901 = ORIENTED_EDGE('',*,*,#2902,.T.);
#2902 = EDGE_CURVE('',#2879,#2903,#2905,.T.);
#2903 = VERTEX_POINT('',#2904);
#2904 = CARTESIAN_POINT('',(-0.865,1.498223948547,2.));
#2905 = LINE('',#2906,#2907);
#2906 = CARTESIAN_POINT('',(0.865,1.498223948547,2.));
#2907 = VECTOR('',#2908,1.);
#2908 = DIRECTION('',(-1.,0.,0.));
#2909 = ORIENTED_EDGE('',*,*,#2910,.F.);
#2910 = EDGE_CURVE('',#2849,#2903,#2911,.T.);
#2911 = LINE('',#2912,#2913);
#2912 = CARTESIAN_POINT('',(-0.865,1.498223948547,4.));
#2913 = VECTOR('',#2914,1.);
#2914 = DIRECTION('',(-0.,-0.,-1.));
#2915 = ORIENTED_EDGE('',*,*,#2856,.F.);
#2916 = PLANE('',#2917);
#2917 = AXIS2_PLACEMENT_3D('',#2918,#2919,#2920);
#2918 = CARTESIAN_POINT('',(0.865,1.498223948547,4.));
#2919 = DIRECTION('',(0.,1.,0.));
#2920 = DIRECTION('',(-1.,0.,0.));
#2921 = ADVANCED_FACE('',(#2922),#2940,.F.);
#2922 = FACE_BOUND('',#2923,.F.);
#2923 = EDGE_LOOP('',(#2924,#2925,#2933,#2939));
#2924 = ORIENTED_EDGE('',*,*,#2910,.T.);
#2925 = ORIENTED_EDGE('',*,*,#2926,.T.);
#2926 = EDGE_CURVE('',#2903,#2927,#2929,.T.);
#2927 = VERTEX_POINT('',#2928);
#2928 = CARTESIAN_POINT('',(-1.73,0.,2.));
#2929 = LINE('',#2930,#2931);
#2930 = CARTESIAN_POINT('',(-0.865,1.498223948547,2.));
#2931 = VECTOR('',#2932,1.);
#2932 = DIRECTION('',(-0.5,-0.866025403784,0.));
#2933 = ORIENTED_EDGE('',*,*,#2934,.F.);
#2934 = EDGE_CURVE('',#2841,#2927,#2935,.T.);
#2935 = LINE('',#2936,#2937);
#2936 = CARTESIAN_POINT('',(-1.73,0.,4.));
#2937 = VECTOR('',#2938,1.);
#2938 = DIRECTION('',(-0.,-0.,-1.));
#2939 = ORIENTED_EDGE('',*,*,#2848,.F.);
#2940 = PLANE('',#2941);
#2941 = AXIS2_PLACEMENT_3D('',#2942,#2943,#2944);
#2942 = CARTESIAN_POINT('',(-0.865,1.498223948547,4.));
#2943 = DIRECTION('',(-0.866025403784,0.5,0.));
#2944 = DIRECTION('',(-0.5,-0.866025403784,0.));
#2945 = ADVANCED_FACE('',(#2946),#2964,.F.);
#2946 = FACE_BOUND('',#2947,.F.);
#2947 = EDGE_LOOP('',(#2948,#2949,#2957,#2963));
#2948 = ORIENTED_EDGE('',*,*,#2934,.T.);
#2949 = ORIENTED_EDGE('',*,*,#2950,.T.);
#2950 = EDGE_CURVE('',#2927,#2951,#2953,.T.);
#2951 = VERTEX_POINT('',#2952);
#2952 = CARTESIAN_POINT('',(-0.865,-1.498223948547,2.));
#2953 = LINE('',#2954,#2955);
#2954 = CARTESIAN_POINT('',(-1.73,0.,2.));
#2955 = VECTOR('',#2956,1.);
#2956 = DIRECTION('',(0.5,-0.866025403784,0.));
#2957 = ORIENTED_EDGE('',*,*,#2958,.F.);
#2958 = EDGE_CURVE('',#2833,#2951,#2959,.T.);
#2959 = LINE('',#2960,#2961);
#2960 = CARTESIAN_POINT('',(-0.865,-1.498223948547,4.));
#2961 = VECTOR('',#2962,1.);
#2962 = DIRECTION('',(-0.,-0.,-1.));
#2963 = ORIENTED_EDGE('',*,*,#2840,.F.);
#2964 = PLANE('',#2965);
#2965 = AXIS2_PLACEMENT_3D('',#2966,#2967,#2968);
#2966 = CARTESIAN_POINT('',(-1.73,0.,4.));
#2967 = DIRECTION('',(-0.866025403784,-0.5,0.));
#2968 = DIRECTION('',(0.5,-0.866025403784,0.));
#2969 = ADVANCED_FACE('',(#2970),#2988,.F.);
#2970 = FACE_BOUND('',#2971,.F.);
#2971 = EDGE_LOOP('',(#2972,#2973,#2981,#2987));
#2972 = ORIENTED_EDGE('',*,*,#2958,.T.);
#2973 = ORIENTED_EDGE('',*,*,#2974,.T.);
#2974 = EDGE_CURVE('',#2951,#2975,#2977,.T.);
#2975 = VERTEX_POINT('',#2976);
#2976 = CARTESIAN_POINT('',(0.865,-1.498223948547,2.));
#2977 = LINE('',#2978,#2979);
#2978 = CARTESIAN_POINT('',(-0.865,-1.498223948547,2.));
#2979 = VECTOR('',#2980,1.);
#2980 = DIRECTION('',(1.,0.,0.));
#2981 = ORIENTED_EDGE('',*,*,#2982,.F.);
#2982 = EDGE_CURVE('',#2825,#2975,#2983,.T.);
#2983 = LINE('',#2984,#2985);
#2984 = CARTESIAN_POINT('',(0.865,-1.498223948547,4.));
#2985 = VECTOR('',#2986,1.);
#2986 = DIRECTION('',(-0.,-0.,-1.));
#2987 = ORIENTED_EDGE('',*,*,#2832,.F.);
#2988 = PLANE('',#2989);
#2989 = AXIS2_PLACEMENT_3D('',#2990,#2991,#2992);
#2990 = CARTESIAN_POINT('',(-0.865,-1.498223948547,4.));
#2991 = DIRECTION('',(0.,-1.,0.));
#2992 = DIRECTION('',(1.,0.,0.));
#2993 = ADVANCED_FACE('',(#2994),#3005,.F.);
#2994 = FACE_BOUND('',#2995,.F.);
#2995 = EDGE_LOOP('',(#2996,#2997,#3003,#3004));
#2996 = ORIENTED_EDGE('',*,*,#2982,.T.);
#2997 = ORIENTED_EDGE('',*,*,#2998,.T.);
#2998 = EDGE_CURVE('',#2975,#2871,#2999,.T.);
#2999 = LINE('',#3000,#3001);
#3000 = CARTESIAN_POINT('',(0.865,-1.498223948547,2.));
#3001 = VECTOR('',#3002,1.);
#3002 = DIRECTION('',(0.5,0.866025403784,0.));
#3003 = ORIENTED_EDGE('',*,*,#2870,.F.);
#3004 = ORIENTED_EDGE('',*,*,#2824,.F.);
#3005 = PLANE('',#3006);
#3006 = AXIS2_PLACEMENT_3D('',#3007,#3008,#3009);
#3007 = CARTESIAN_POINT('',(0.865,-1.498223948547,4.));
#3008 = DIRECTION('',(0.866025403784,-0.5,0.));
#3009 = DIRECTION('',(0.5,0.866025403784,0.));
#3010 = ADVANCED_FACE('',(#3011),#3019,.T.);
#3011 = FACE_BOUND('',#3012,.T.);
#3012 = EDGE_LOOP('',(#3013,#3014,#3015,#3016,#3017,#3018));
#3013 = ORIENTED_EDGE('',*,*,#2878,.T.);
#3014 = ORIENTED_EDGE('',*,*,#2902,.T.);
#3015 = ORIENTED_EDGE('',*,*,#2926,.T.);
#3016 = ORIENTED_EDGE('',*,*,#2950,.T.);
#3017 = ORIENTED_EDGE('',*,*,#2974,.T.);
#3018 = ORIENTED_EDGE('',*,*,#2998,.T.);
#3019 = PLANE('',#3020);
#3020 = AXIS2_PLACEMENT_3D('',#3021,#3022,#3023);
#3021 = CARTESIAN_POINT('',(-2.E-17,2.E-17,2.));
#3022 = DIRECTION('',(0.,0.,1.));
#3023 = DIRECTION('',(1.,0.,-0.));
#3024 = ( GEOMETRIC_REPRESENTATION_CONTEXT(3) 
GLOBAL_UNCERTAINTY_ASSIGNED_CONTEXT((#3028)) 
GLOBAL_UNIT_ASSIGNED_CONTEXT((#3025,#3026,#3027)) REPRESENTATION_CONTEXT
('Context #1','3D Context with UNIT and UNCERTAINTY') );
#3025 = ( LENGTH_UNIT() NAMED_UNIT(*) SI_UNIT(.MILLI.,.METRE.) );
#3026 = ( NAMED_UNIT(*) PLANE_ANGLE_UNIT() SI_UNIT($,.RADIAN.) );
#3027 = ( NAMED_UNIT(*) SI_UNIT($,.STERADIAN.) SOLID_ANGLE_UNIT() );
#3028 = UNCERTAINTY_MEASURE_WITH_UNIT(LENGTH_MEASURE(1.E-07),#3025,
  'distance_accuracy_value','confusion accuracy');
#3029 = CONTEXT_DEPENDENT_SHAPE_REPRESENTATION(#3030,#3032);
#3030 = ( REPRESENTATION_RELATIONSHIP('','',#2666,#10) 
REPRESENTATION_RELATIONSHIP_WITH_TRANSFORMATION(#3031) 
SHAPE_REPRESENTATION_RELATIONSHIP() );
#3031 = ITEM_DEFINED_TRANSFORMATION('','',#11,#31);
#3032 = PRODUCT_DEFINITION_SHAPE('Placement','Placement of an item',
  #3033);
#3033 = NEXT_ASSEMBLY_USAGE_OCCURRENCE('10','m4_35_3','',#5,#2661,$);
#3034 = PRODUCT_RELATED_PRODUCT_CATEGORY('part',$,(#2663));
#3035 = SHAPE_DEFINITION_REPRESENTATION(#3036,#3042);
#3036 = PRODUCT_DEFINITION_SHAPE('','',#3037);
#3037 = PRODUCT_DEFINITION('design','',#3038,#3041);
#3038 = PRODUCT_DEFINITION_FORMATION('','',#3039);
#3039 = PRODUCT('m4_35_4','m4_35_4','',(#3040));
#3040 = PRODUCT_CONTEXT('',#2,'mechanical');
#3041 = PRODUCT_DEFINITION_CONTEXT('part definition',#2,'design');
#3042 = ADVANCED_BREP_SHAPE_REPRESENTATION('',(#11,#3043),#3400);
#3043 = MANIFOLD_SOLID_BREP('',#3044);
#3044 = CLOSED_SHELL('',(#3045,#3078,#3103,#3123,#3132,#3157,#3183,#3242
    ,#3273,#3297,#3321,#3345,#3369,#3386));
#3045 = ADVANCED_FACE('',(#3046),#3073,.T.);
#3046 = FACE_BOUND('',#3047,.T.);
#3047 = EDGE_LOOP('',(#3048,#3058,#3065,#3066));
#3048 = ORIENTED_EDGE('',*,*,#3049,.T.);
#3049 = EDGE_CURVE('',#3050,#3052,#3054,.T.);
#3050 = VERTEX_POINT('',#3051);
#3051 = CARTESIAN_POINT('',(2.,0.,0.));
#3052 = VERTEX_POINT('',#3053);
#3053 = CARTESIAN_POINT('',(2.,0.,-34.685));
#3054 = LINE('',#3055,#3056);
#3055 = CARTESIAN_POINT('',(2.,0.,0.));
#3056 = VECTOR('',#3057,1.);
#3057 = DIRECTION('',(-0.,-0.,-1.));
#3058 = ORIENTED_EDGE('',*,*,#3059,.T.);
#3059 = EDGE_CURVE('',#3052,#3052,#3060,.T.);
#3060 = CIRCLE('',#3061,2.);
#3061 = AXIS2_PLACEMENT_3D('',#3062,#3063,#3064);
#3062 = CARTESIAN_POINT('',(0.,0.,-34.685));
#3063 = DIRECTION('',(0.,0.,1.));
#3064 = DIRECTION('',(1.,0.,-0.));
#3065 = ORIENTED_EDGE('',*,*,#3049,.F.);
#3066 = ORIENTED_EDGE('',*,*,#3067,.F.);
#3067 = EDGE_CURVE('',#3050,#3050,#3068,.T.);
#3068 = CIRCLE('',#3069,2.);
#3069 = AXIS2_PLACEMENT_3D('',#3070,#3071,#3072);
#3070 = CARTESIAN_POINT('',(0.,0.,0.));
#3071 = DIRECTION('',(0.,0.,1.));
#3072 = DIRECTION('',(1.,0.,-0.));
#3073 = CYLINDRICAL_SURFACE('',#3074,2.);
#3074 = AXIS2_PLACEMENT_3D('',#3075,#3076,#3077);
#3075 = CARTESIAN_POINT('',(0.,0.,0.));
#3076 = DIRECTION('',(0.,0.,1.));
#3077 = DIRECTION('',(1.,0.,-0.));
#3078 = ADVANCED_FACE('',(#3079),#3098,.T.);
#3079 = FACE_BOUND('',#3080,.T.);
#3080 = EDGE_LOOP('',(#3081,#3090,#3096,#3097));
#3081 = ORIENTED_EDGE('',*,*,#3082,.T.);
#3082 = EDGE_CURVE('',#3083,#3083,#3085,.T.);
#3083 = VERTEX_POINT('',#3084);
#3084 = CARTESIAN_POINT('',(1.685,0.,-35.));
#3085 = CIRCLE('',#3086,1.685);
#3086 = AXIS2_PLACEMENT_3D('',#3087,#3088,#3089);
#3087 = CARTESIAN_POINT('',(0.,0.,-35.));
#3088 = DIRECTION('',(0.,0.,1.));
#3089 = DIRECTION('',(1.,0.,-0.));
#3090 = ORIENTED_EDGE('',*,*,#3091,.F.);
#3091 = EDGE_CURVE('',#3052,#3083,#3092,.T.);
#3092 = LINE('',#3093,#3094);
#3093 = CARTESIAN_POINT('',(2.,0.,-34.685));
#3094 = VECTOR('',#3095,1.);
#3095 = DIRECTION('',(-0.707106781187,-0.,-0.707106781187));
#3096 = ORIENTED_EDGE('',*,*,#3059,.F.);
#3097 = ORIENTED_EDGE('',*,*,#3091,.T.);
#3098 = CONICAL_SURFACE('',#3099,2.,0.785398163397);
#3099 = AXIS2_PLACEMENT_3D('',#3100,#3101,#3102);
#3100 = CARTESIAN_POINT('',(0.,0.,-34.685));
#3101 = DIRECTION('',(0.,0.,1.));
#3102 = DIRECTION('',(1.,0.,-0.));
#3103 = ADVANCED_FACE('',(#3104,#3115),#3118,.F.);
#3104 = FACE_BOUND('',#3105,.F.);
#3105 = EDGE_LOOP('',(#3106));
#3106 = ORIENTED_EDGE('',*,*,#3107,.T.);
#3107 = EDGE_CURVE('',#3108,#3108,#3110,.T.);
#3108 = VERTEX_POINT('',#3109);
#3109 = CARTESIAN_POINT('',(3.5,0.,0.));
#3110 = CIRCLE('',#3111,3.5);
#3111 = AXIS2_PLACEMENT_3D('',#3112,#3113,#3114);
#3112 = CARTESIAN_POINT('',(0.,0.,0.));
#3113 = DIRECTION('',(0.,0.,1.));
#3114 = DIRECTION('',(1.,0.,-0.));
#3115 = FACE_BOUND('',#3116,.F.);
#3116 = EDGE_LOOP('',(#3117));
#3117 = ORIENTED_EDGE('',*,*,#3067,.F.);
#3118 = PLANE('',#3119);
#3119 = AXIS2_PLACEMENT_3D('',#3120,#3121,#3122);
#3120 = CARTESIAN_POINT('',(-1.953485903628E-16,-1.428754599005E-16,0.)
  );
#3121 = DIRECTION('',(0.,0.,1.));
#3122 = DIRECTION('',(1.,0.,-0.));
#3123 = ADVANCED_FACE('',(#3124),#3127,.F.);
#3124 = FACE_BOUND('',#3125,.F.);
#3125 = EDGE_LOOP('',(#3126));
#3126 = ORIENTED_EDGE('',*,*,#3082,.T.);
#3127 = PLANE('',#3128);
#3128 = AXIS2_PLACEMENT_3D('',#3129,#3130,#3131);
#3129 = CARTESIAN_POINT('',(-1.281975124256E-16,3.821888340557E-18,-35.)
  );
#3130 = DIRECTION('',(0.,0.,1.));
#3131 = DIRECTION('',(1.,0.,-0.));
#3132 = ADVANCED_FACE('',(#3133),#3152,.T.);
#3133 = FACE_BOUND('',#3134,.T.);
#3134 = EDGE_LOOP('',(#3135,#3136,#3144,#3151));
#3135 = ORIENTED_EDGE('',*,*,#3107,.T.);
#3136 = ORIENTED_EDGE('',*,*,#3137,.T.);
#3137 = EDGE_CURVE('',#3108,#3138,#3140,.T.);
#3138 = VERTEX_POINT('',#3139);
#3139 = CARTESIAN_POINT('',(3.5,0.,3.6));
#3140 = LINE('',#3141,#3142);
#3141 = CARTESIAN_POINT('',(3.5,0.,0.));
#3142 = VECTOR('',#3143,1.);
#3143 = DIRECTION('',(0.,0.,1.));
#3144 = ORIENTED_EDGE('',*,*,#3145,.F.);
#3145 = EDGE_CURVE('',#3138,#3138,#3146,.T.);
#3146 = CIRCLE('',#3147,3.5);
#3147 = AXIS2_PLACEMENT_3D('',#3148,#3149,#3150);
#3148 = CARTESIAN_POINT('',(0.,0.,3.6));
#3149 = DIRECTION('',(0.,0.,1.));
#3150 = DIRECTION('',(1.,0.,-0.));
#3151 = ORIENTED_EDGE('',*,*,#3137,.F.);
#3152 = CYLINDRICAL_SURFACE('',#3153,3.5);
#3153 = AXIS2_PLACEMENT_3D('',#3154,#3155,#3156);
#3154 = CARTESIAN_POINT('',(0.,0.,0.));
#3155 = DIRECTION('',(-0.,-0.,-1.));
#3156 = DIRECTION('',(1.,0.,0.));
#3157 = ADVANCED_FACE('',(#3158),#3178,.T.);
#3158 = FACE_BOUND('',#3159,.T.);
#3159 = EDGE_LOOP('',(#3160,#3169,#3170,#3171));
#3160 = ORIENTED_EDGE('',*,*,#3161,.F.);
#3161 = EDGE_CURVE('',#3138,#3162,#3164,.T.);
#3162 = VERTEX_POINT('',#3163);
#3163 = CARTESIAN_POINT('',(3.1,0.,4.));
#3164 = CIRCLE('',#3165,0.4);
#3165 = AXIS2_PLACEMENT_3D('',#3166,#3167,#3168);
#3166 = CARTESIAN_POINT('',(3.1,0.,3.6));
#3167 = DIRECTION('',(0.,-1.,0.));
#3168 = DIRECTION('',(1.,0.,0.));
#3169 = ORIENTED_EDGE('',*,*,#3145,.T.);
#3170 = ORIENTED_EDGE('',*,*,#3161,.T.);
#3171 = ORIENTED_EDGE('',*,*,#3172,.F.);
#3172 = EDGE_CURVE('',#3162,#3162,#3173,.T.);
#3173 = CIRCLE('',#3174,3.1);
#3174 = AXIS2_PLACEMENT_3D('',#3175,#3176,#3177);
#3175 = CARTESIAN_POINT('',(0.,0.,4.));
#3176 = DIRECTION('',(0.,0.,1.));
#3177 = DIRECTION('',(1.,0.,-0.));
#3178 = TOROIDAL_SURFACE('',#3179,3.1,0.4);
#3179 = AXIS2_PLACEMENT_3D('',#3180,#3181,#3182);
#3180 = CARTESIAN_POINT('',(0.,0.,3.6));
#3181 = DIRECTION('',(0.,0.,1.));
#3182 = DIRECTION('',(1.,0.,-0.));
#3183 = ADVANCED_FACE('',(#3184,#3187),#3237,.T.);
#3184 = FACE_BOUND('',#3185,.T.);
#3185 = EDGE_LOOP('',(#3186));
#3186 = ORIENTED_EDGE('',*,*,#3172,.T.);
#3187 = FACE_BOUND('',#3188,.T.);
#3188 = EDGE_LOOP('',(#3189,#3199,#3207,#3215,#3223,#3231));
#3189 = ORIENTED_EDGE('',*,*,#3190,.F.);
#3190 = EDGE_CURVE('',#3191,#3193,#3195,.T.);
#3191 = VERTEX_POINT('',#3192);
#3192 = CARTESIAN_POINT('',(1.73,1.184610418071E-23,4.));
#3193 = VERTEX_POINT('',#3194);
#3194 = CARTESIAN_POINT('',(0.865,1.498223948547,4.));
#3195 = LINE('',#3196,#3197);
#3196 = CARTESIAN_POINT('',(1.73,1.184610418071E-23,4.));
#3197 = VECTOR('',#3198,1.);
#3198 = DIRECTION('',(-0.5,0.866025403784,0.));
#3199 = ORIENTED_EDGE('',*,*,#3200,.F.);
#3200 = EDGE_CURVE('',#3201,#3191,#3203,.T.);
#3201 = VERTEX_POINT('',#3202);
#3202 = CARTESIAN_POINT('',(0.865,-1.498223948547,4.));
#3203 = LINE('',#3204,#3205);
#3204 = CARTESIAN_POINT('',(0.865,-1.498223948547,4.));
#3205 = VECTOR('',#3206,1.);
#3206 = DIRECTION('',(0.5,0.866025403784,0.));
#3207 = ORIENTED_EDGE('',*,*,#3208,.F.);
#3208 = EDGE_CURVE('',#3209,#3201,#3211,.T.);
#3209 = VERTEX_POINT('',#3210);
#3210 = CARTESIAN_POINT('',(-0.865,-1.498223948547,4.));
#3211 = LINE('',#3212,#3213);
#3212 = CARTESIAN_POINT('',(-0.865,-1.498223948547,4.));
#3213 = VECTOR('',#3214,1.);
#3214 = DIRECTION('',(1.,0.,0.));
#3215 = ORIENTED_EDGE('',*,*,#3216,.F.);
#3216 = EDGE_CURVE('',#3217,#3209,#3219,.T.);
#3217 = VERTEX_POINT('',#3218);
#3218 = CARTESIAN_POINT('',(-1.73,0.,4.));
#3219 = LINE('',#3220,#3221);
#3220 = CARTESIAN_POINT('',(-1.73,0.,4.));
#3221 = VECTOR('',#3222,1.);
#3222 = DIRECTION('',(0.5,-0.866025403784,0.));
#3223 = ORIENTED_EDGE('',*,*,#3224,.F.);
#3224 = EDGE_CURVE('',#3225,#3217,#3227,.T.);
#3225 = VERTEX_POINT('',#3226);
#3226 = CARTESIAN_POINT('',(-0.865,1.498223948547,4.));
#3227 = LINE('',#3228,#3229);
#3228 = CARTESIAN_POINT('',(-0.865,1.498223948547,4.));
#3229 = VECTOR('',#3230,1.);
#3230 = DIRECTION('',(-0.5,-0.866025403784,0.));
#3231 = ORIENTED_EDGE('',*,*,#3232,.F.);
#3232 = EDGE_CURVE('',#3193,#3225,#3233,.T.);
#3233 = LINE('',#3234,#3235);
#3234 = CARTESIAN_POINT('',(0.865,1.498223948547,4.));
#3235 = VECTOR('',#3236,1.);
#3236 = DIRECTION('',(-1.,0.,0.));
#3237 = PLANE('',#3238);
#3238 = AXIS2_PLACEMENT_3D('',#3239,#3240,#3241);
#3239 = CARTESIAN_POINT('',(-1.953485903628E-16,-1.428754599005E-16,4.)
  );
#3240 = DIRECTION('',(0.,0.,1.));
#3241 = DIRECTION('',(1.,0.,-0.));
#3242 = ADVANCED_FACE('',(#3243),#3268,.F.);
#3243 = FACE_BOUND('',#3244,.F.);
#3244 = EDGE_LOOP('',(#3245,#3253,#3261,#3267));
#3245 = ORIENTED_EDGE('',*,*,#3246,.T.);
#3246 = EDGE_CURVE('',#3191,#3247,#3249,.T.);
#3247 = VERTEX_POINT('',#3248);
#3248 = CARTESIAN_POINT('',(1.73,1.184610418071E-23,2.));
#3249 = LINE('',#3250,#3251);
#3250 = CARTESIAN_POINT('',(1.73,1.184610418071E-23,4.));
#3251 = VECTOR('',#3252,1.);
#3252 = DIRECTION('',(-0.,-0.,-1.));
#3253 = ORIENTED_EDGE('',*,*,#3254,.T.);
#3254 = EDGE_CURVE('',#3247,#3255,#3257,.T.);
#3255 = VERTEX_POINT('',#3256);
#3256 = CARTESIAN_POINT('',(0.865,1.498223948547,2.));
#3257 = LINE('',#3258,#3259);
#3258 = CARTESIAN_POINT('',(1.73,1.184610418071E-23,2.));
#3259 = VECTOR('',#3260,1.);
#3260 = DIRECTION('',(-0.5,0.866025403784,0.));
#3261 = ORIENTED_EDGE('',*,*,#3262,.F.);
#3262 = EDGE_CURVE('',#3193,#3255,#3263,.T.);
#3263 = LINE('',#3264,#3265);
#3264 = CARTESIAN_POINT('',(0.865,1.498223948547,4.));
#3265 = VECTOR('',#3266,1.);
#3266 = DIRECTION('',(-0.,-0.,-1.));
#3267 = ORIENTED_EDGE('',*,*,#3190,.F.);
#3268 = PLANE('',#3269);
#3269 = AXIS2_PLACEMENT_3D('',#3270,#3271,#3272);
#3270 = CARTESIAN_POINT('',(1.73,1.184610418071E-23,4.));
#3271 = DIRECTION('',(0.866025403784,0.5,0.));
#3272 = DIRECTION('',(-0.5,0.866025403784,0.));
#3273 = ADVANCED_FACE('',(#3274),#3292,.F.);
#3274 = FACE_BOUND('',#3275,.F.);
#3275 = EDGE_LOOP('',(#3276,#3277,#3285,#3291));
#3276 = ORIENTED_EDGE('',*,*,#3262,.T.);
#3277 = ORIENTED_EDGE('',*,*,#3278,.T.);
#3278 = EDGE_CURVE('',#3255,#3279,#3281,.T.);
#3279 = VERTEX_POINT('',#3280);
#3280 = CARTESIAN_POINT('',(-0.865,1.498223948547,2.));
#3281 = LINE('',#3282,#3283);
#3282 = CARTESIAN_POINT('',(0.865,1.498223948547,2.));
#3283 = VECTOR('',#3284,1.);
#3284 = DIRECTION('',(-1.,0.,0.));
#3285 = ORIENTED_EDGE('',*,*,#3286,.F.);
#3286 = EDGE_CURVE('',#3225,#3279,#3287,.T.);
#3287 = LINE('',#3288,#3289);
#3288 = CARTESIAN_POINT('',(-0.865,1.498223948547,4.));
#3289 = VECTOR('',#3290,1.);
#3290 = DIRECTION('',(-0.,-0.,-1.));
#3291 = ORIENTED_EDGE('',*,*,#3232,.F.);
#3292 = PLANE('',#3293);
#3293 = AXIS2_PLACEMENT_3D('',#3294,#3295,#3296);
#3294 = CARTESIAN_POINT('',(0.865,1.498223948547,4.));
#3295 = DIRECTION('',(0.,1.,0.));
#3296 = DIRECTION('',(-1.,0.,0.));
#3297 = ADVANCED_FACE('',(#3298),#3316,.F.);
#3298 = FACE_BOUND('',#3299,.F.);
#3299 = EDGE_LOOP('',(#3300,#3301,#3309,#3315));
#3300 = ORIENTED_EDGE('',*,*,#3286,.T.);
#3301 = ORIENTED_EDGE('',*,*,#3302,.T.);
#3302 = EDGE_CURVE('',#3279,#3303,#3305,.T.);
#3303 = VERTEX_POINT('',#3304);
#3304 = CARTESIAN_POINT('',(-1.73,0.,2.));
#3305 = LINE('',#3306,#3307);
#3306 = CARTESIAN_POINT('',(-0.865,1.498223948547,2.));
#3307 = VECTOR('',#3308,1.);
#3308 = DIRECTION('',(-0.5,-0.866025403784,0.));
#3309 = ORIENTED_EDGE('',*,*,#3310,.F.);
#3310 = EDGE_CURVE('',#3217,#3303,#3311,.T.);
#3311 = LINE('',#3312,#3313);
#3312 = CARTESIAN_POINT('',(-1.73,0.,4.));
#3313 = VECTOR('',#3314,1.);
#3314 = DIRECTION('',(-0.,-0.,-1.));
#3315 = ORIENTED_EDGE('',*,*,#3224,.F.);
#3316 = PLANE('',#3317);
#3317 = AXIS2_PLACEMENT_3D('',#3318,#3319,#3320);
#3318 = CARTESIAN_POINT('',(-0.865,1.498223948547,4.));
#3319 = DIRECTION('',(-0.866025403784,0.5,0.));
#3320 = DIRECTION('',(-0.5,-0.866025403784,0.));
#3321 = ADVANCED_FACE('',(#3322),#3340,.F.);
#3322 = FACE_BOUND('',#3323,.F.);
#3323 = EDGE_LOOP('',(#3324,#3325,#3333,#3339));
#3324 = ORIENTED_EDGE('',*,*,#3310,.T.);
#3325 = ORIENTED_EDGE('',*,*,#3326,.T.);
#3326 = EDGE_CURVE('',#3303,#3327,#3329,.T.);
#3327 = VERTEX_POINT('',#3328);
#3328 = CARTESIAN_POINT('',(-0.865,-1.498223948547,2.));
#3329 = LINE('',#3330,#3331);
#3330 = CARTESIAN_POINT('',(-1.73,0.,2.));
#3331 = VECTOR('',#3332,1.);
#3332 = DIRECTION('',(0.5,-0.866025403784,0.));
#3333 = ORIENTED_EDGE('',*,*,#3334,.F.);
#3334 = EDGE_CURVE('',#3209,#3327,#3335,.T.);
#3335 = LINE('',#3336,#3337);
#3336 = CARTESIAN_POINT('',(-0.865,-1.498223948547,4.));
#3337 = VECTOR('',#3338,1.);
#3338 = DIRECTION('',(-0.,-0.,-1.));
#3339 = ORIENTED_EDGE('',*,*,#3216,.F.);
#3340 = PLANE('',#3341);
#3341 = AXIS2_PLACEMENT_3D('',#3342,#3343,#3344);
#3342 = CARTESIAN_POINT('',(-1.73,0.,4.));
#3343 = DIRECTION('',(-0.866025403784,-0.5,0.));
#3344 = DIRECTION('',(0.5,-0.866025403784,0.));
#3345 = ADVANCED_FACE('',(#3346),#3364,.F.);
#3346 = FACE_BOUND('',#3347,.F.);
#3347 = EDGE_LOOP('',(#3348,#3349,#3357,#3363));
#3348 = ORIENTED_EDGE('',*,*,#3334,.T.);
#3349 = ORIENTED_EDGE('',*,*,#3350,.T.);
#3350 = EDGE_CURVE('',#3327,#3351,#3353,.T.);
#3351 = VERTEX_POINT('',#3352);
#3352 = CARTESIAN_POINT('',(0.865,-1.498223948547,2.));
#3353 = LINE('',#3354,#3355);
#3354 = CARTESIAN_POINT('',(-0.865,-1.498223948547,2.));
#3355 = VECTOR('',#3356,1.);
#3356 = DIRECTION('',(1.,0.,0.));
#3357 = ORIENTED_EDGE('',*,*,#3358,.F.);
#3358 = EDGE_CURVE('',#3201,#3351,#3359,.T.);
#3359 = LINE('',#3360,#3361);
#3360 = CARTESIAN_POINT('',(0.865,-1.498223948547,4.));
#3361 = VECTOR('',#3362,1.);
#3362 = DIRECTION('',(-0.,-0.,-1.));
#3363 = ORIENTED_EDGE('',*,*,#3208,.F.);
#3364 = PLANE('',#3365);
#3365 = AXIS2_PLACEMENT_3D('',#3366,#3367,#3368);
#3366 = CARTESIAN_POINT('',(-0.865,-1.498223948547,4.));
#3367 = DIRECTION('',(0.,-1.,0.));
#3368 = DIRECTION('',(1.,0.,0.));
#3369 = ADVANCED_FACE('',(#3370),#3381,.F.);
#3370 = FACE_BOUND('',#3371,.F.);
#3371 = EDGE_LOOP('',(#3372,#3373,#3379,#3380));
#3372 = ORIENTED_EDGE('',*,*,#3358,.T.);
#3373 = ORIENTED_EDGE('',*,*,#3374,.T.);
#3374 = EDGE_CURVE('',#3351,#3247,#3375,.T.);
#3375 = LINE('',#3376,#3377);
#3376 = CARTESIAN_POINT('',(0.865,-1.498223948547,2.));
#3377 = VECTOR('',#3378,1.);
#3378 = DIRECTION('',(0.5,0.866025403784,0.));
#3379 = ORIENTED_EDGE('',*,*,#3246,.F.);
#3380 = ORIENTED_EDGE('',*,*,#3200,.F.);
#3381 = PLANE('',#3382);
#3382 = AXIS2_PLACEMENT_3D('',#3383,#3384,#3385);
#3383 = CARTESIAN_POINT('',(0.865,-1.498223948547,4.));
#3384 = DIRECTION('',(0.866025403784,-0.5,0.));
#3385 = DIRECTION('',(0.5,0.866025403784,0.));
#3386 = ADVANCED_FACE('',(#3387),#3395,.T.);
#3387 = FACE_BOUND('',#3388,.T.);
#3388 = EDGE_LOOP('',(#3389,#3390,#3391,#3392,#3393,#3394));
#3389 = ORIENTED_EDGE('',*,*,#3254,.T.);
#3390 = ORIENTED_EDGE('',*,*,#3278,.T.);
#3391 = ORIENTED_EDGE('',*,*,#3302,.T.);
#3392 = ORIENTED_EDGE('',*,*,#3326,.T.);
#3393 = ORIENTED_EDGE('',*,*,#3350,.T.);
#3394 = ORIENTED_EDGE('',*,*,#3374,.T.);
#3395 = PLANE('',#3396);
#3396 = AXIS2_PLACEMENT_3D('',#3397,#3398,#3399);
#3397 = CARTESIAN_POINT('',(-2.139158043594E-17,2.139158043594E-17,2.));
#3398 = DIRECTION('',(0.,0.,1.));
#3399 = DIRECTION('',(1.,0.,-0.));
#3400 = ( GEOMETRIC_REPRESENTATION_CONTEXT(3) 
GLOBAL_UNCERTAINTY_ASSIGNED_CONTEXT((#3404)) 
GLOBAL_UNIT_ASSIGNED_CONTEXT((#3401,#3402,#3403)) REPRESENTATION_CONTEXT
('Context #1','3D Context with UNIT and UNCERTAINTY') );
#3401 = ( LENGTH_UNIT() NAMED_UNIT(*) SI_UNIT(.MILLI.,.METRE.) );
#3402 = ( NAMED_UNIT(*) PLANE_ANGLE_UNIT() SI_UNIT($,.RADIAN.) );
#3403 = ( NAMED_UNIT(*) SI_UNIT($,.STERADIAN.) SOLID_ANGLE_UNIT() );
#3404 = UNCERTAINTY_MEASURE_WITH_UNIT(LENGTH_MEASURE(1.E-07),#3401,
  'distance_accuracy_value','confusion accuracy');
#3405 = CONTEXT_DEPENDENT_SHAPE_REPRESENTATION(#3406,#3408);
#3406 = ( REPRESENTATION_RELATIONSHIP('','',#3042,#10) 
REPRESENTATION_RELATIONSHIP_WITH_TRANSFORMATION(#3407) 
SHAPE_REPRESENTATION_RELATIONSHIP() );
#3407 = ITEM_DEFINED_TRANSFORMATION('','',#11,#35);
#3408 = PRODUCT_DEFINITION_SHAPE('Placement','Placement of an item',
  #3409);
#3409 = NEXT_ASSEMBLY_USAGE_OCCURRENCE('11','m4_35_4','',#5,#3037,$);
#3410 = PRODUCT_RELATED_PRODUCT_CATEGORY('part',$,(#3039));
#3411 = SHAPE_DEFINITION_REPRESENTATION(#3412,#3418);
#3412 = PRODUCT_DEFINITION_SHAPE('','',#3413);
#3413 = PRODUCT_DEFINITION('design','',#3414,#3417);
#3414 = PRODUCT_DEFINITION_FORMATION('','',#3415);
#3415 = PRODUCT('m4_35_5','m4_35_5','',(#3416));
#3416 = PRODUCT_CONTEXT('',#2,'mechanical');
#3417 = PRODUCT_DEFINITION_CONTEXT('part definition',#2,'design');
#3418 = ADVANCED_BREP_SHAPE_REPRESENTATION('',(#11,#3419),#3776);
#3419 = MANIFOLD_SOLID_BREP('',#3420);
#3420 = CLOSED_SHELL('',(#3421,#3454,#3479,#3499,#3508,#3533,#3559,#3618
    ,#3649,#3673,#3697,#3721,#3745,#3762));
#3421 = ADVANCED_FACE('',(#3422),#3449,.T.);
#3422 = FACE_BOUND('',#3423,.T.);
#3423 = EDGE_LOOP('',(#3424,#3434,#3441,#3442));
#3424 = ORIENTED_EDGE('',*,*,#3425,.T.);
#3425 = EDGE_CURVE('',#3426,#3428,#3430,.T.);
#3426 = VERTEX_POINT('',#3427);
#3427 = CARTESIAN_POINT('',(2.,0.,0.));
#3428 = VERTEX_POINT('',#3429);
#3429 = CARTESIAN_POINT('',(2.,0.,-34.685));
#3430 = LINE('',#3431,#3432);
#3431 = CARTESIAN_POINT('',(2.,0.,0.));
#3432 = VECTOR('',#3433,1.);
#3433 = DIRECTION('',(-0.,-0.,-1.));
#3434 = ORIENTED_EDGE('',*,*,#3435,.T.);
#3435 = EDGE_CURVE('',#3428,#3428,#3436,.T.);
#3436 = CIRCLE('',#3437,2.);
#3437 = AXIS2_PLACEMENT_3D('',#3438,#3439,#3440);
#3438 = CARTESIAN_POINT('',(0.,0.,-34.685));
#3439 = DIRECTION('',(0.,0.,1.));
#3440 = DIRECTION('',(1.,0.,-0.));
#3441 = ORIENTED_EDGE('',*,*,#3425,.F.);
#3442 = ORIENTED_EDGE('',*,*,#3443,.F.);
#3443 = EDGE_CURVE('',#3426,#3426,#3444,.T.);
#3444 = CIRCLE('',#3445,2.);
#3445 = AXIS2_PLACEMENT_3D('',#3446,#3447,#3448);
#3446 = CARTESIAN_POINT('',(0.,0.,0.));
#3447 = DIRECTION('',(0.,0.,1.));
#3448 = DIRECTION('',(1.,0.,-0.));
#3449 = CYLINDRICAL_SURFACE('',#3450,2.);
#3450 = AXIS2_PLACEMENT_3D('',#3451,#3452,#3453);
#3451 = CARTESIAN_POINT('',(0.,0.,0.));
#3452 = DIRECTION('',(0.,0.,1.));
#3453 = DIRECTION('',(1.,0.,-0.));
#3454 = ADVANCED_FACE('',(#3455),#3474,.T.);
#3455 = FACE_BOUND('',#3456,.T.);
#3456 = EDGE_LOOP('',(#3457,#3466,#3472,#3473));
#3457 = ORIENTED_EDGE('',*,*,#3458,.T.);
#3458 = EDGE_CURVE('',#3459,#3459,#3461,.T.);
#3459 = VERTEX_POINT('',#3460);
#3460 = CARTESIAN_POINT('',(1.685,0.,-35.));
#3461 = CIRCLE('',#3462,1.685);
#3462 = AXIS2_PLACEMENT_3D('',#3463,#3464,#3465);
#3463 = CARTESIAN_POINT('',(0.,0.,-35.));
#3464 = DIRECTION('',(0.,0.,1.));
#3465 = DIRECTION('',(1.,0.,-0.));
#3466 = ORIENTED_EDGE('',*,*,#3467,.F.);
#3467 = EDGE_CURVE('',#3428,#3459,#3468,.T.);
#3468 = LINE('',#3469,#3470);
#3469 = CARTESIAN_POINT('',(2.,0.,-34.685));
#3470 = VECTOR('',#3471,1.);
#3471 = DIRECTION('',(-0.707106781187,-0.,-0.707106781187));
#3472 = ORIENTED_EDGE('',*,*,#3435,.F.);
#3473 = ORIENTED_EDGE('',*,*,#3467,.T.);
#3474 = CONICAL_SURFACE('',#3475,2.,0.785398163397);
#3475 = AXIS2_PLACEMENT_3D('',#3476,#3477,#3478);
#3476 = CARTESIAN_POINT('',(0.,0.,-34.685));
#3477 = DIRECTION('',(0.,0.,1.));
#3478 = DIRECTION('',(1.,0.,-0.));
#3479 = ADVANCED_FACE('',(#3480,#3491),#3494,.F.);
#3480 = FACE_BOUND('',#3481,.F.);
#3481 = EDGE_LOOP('',(#3482));
#3482 = ORIENTED_EDGE('',*,*,#3483,.T.);
#3483 = EDGE_CURVE('',#3484,#3484,#3486,.T.);
#3484 = VERTEX_POINT('',#3485);
#3485 = CARTESIAN_POINT('',(3.5,0.,0.));
#3486 = CIRCLE('',#3487,3.5);
#3487 = AXIS2_PLACEMENT_3D('',#3488,#3489,#3490);
#3488 = CARTESIAN_POINT('',(0.,0.,0.));
#3489 = DIRECTION('',(0.,0.,1.));
#3490 = DIRECTION('',(1.,0.,-0.));
#3491 = FACE_BOUND('',#3492,.F.);
#3492 = EDGE_LOOP('',(#3493));
#3493 = ORIENTED_EDGE('',*,*,#3443,.F.);
#3494 = PLANE('',#3495);
#3495 = AXIS2_PLACEMENT_3D('',#3496,#3497,#3498);
#3496 = CARTESIAN_POINT('',(-2.E-16,-1.4E-16,0.));
#3497 = DIRECTION('',(0.,0.,1.));
#3498 = DIRECTION('',(1.,0.,-0.));
#3499 = ADVANCED_FACE('',(#3500),#3503,.F.);
#3500 = FACE_BOUND('',#3501,.F.);
#3501 = EDGE_LOOP('',(#3502));
#3502 = ORIENTED_EDGE('',*,*,#3458,.T.);
#3503 = PLANE('',#3504);
#3504 = AXIS2_PLACEMENT_3D('',#3505,#3506,#3507);
#3505 = CARTESIAN_POINT('',(-1.3E-16,0.,-35.));
#3506 = DIRECTION('',(0.,0.,1.));
#3507 = DIRECTION('',(1.,0.,-0.));
#3508 = ADVANCED_FACE('',(#3509),#3528,.T.);
#3509 = FACE_BOUND('',#3510,.T.);
#3510 = EDGE_LOOP('',(#3511,#3512,#3520,#3527));
#3511 = ORIENTED_EDGE('',*,*,#3483,.T.);
#3512 = ORIENTED_EDGE('',*,*,#3513,.T.);
#3513 = EDGE_CURVE('',#3484,#3514,#3516,.T.);
#3514 = VERTEX_POINT('',#3515);
#3515 = CARTESIAN_POINT('',(3.5,0.,3.6));
#3516 = LINE('',#3517,#3518);
#3517 = CARTESIAN_POINT('',(3.5,0.,0.));
#3518 = VECTOR('',#3519,1.);
#3519 = DIRECTION('',(0.,0.,1.));
#3520 = ORIENTED_EDGE('',*,*,#3521,.F.);
#3521 = EDGE_CURVE('',#3514,#3514,#3522,.T.);
#3522 = CIRCLE('',#3523,3.5);
#3523 = AXIS2_PLACEMENT_3D('',#3524,#3525,#3526);
#3524 = CARTESIAN_POINT('',(0.,0.,3.6));
#3525 = DIRECTION('',(0.,0.,1.));
#3526 = DIRECTION('',(1.,0.,-0.));
#3527 = ORIENTED_EDGE('',*,*,#3513,.F.);
#3528 = CYLINDRICAL_SURFACE('',#3529,3.5);
#3529 = AXIS2_PLACEMENT_3D('',#3530,#3531,#3532);
#3530 = CARTESIAN_POINT('',(0.,0.,0.));
#3531 = DIRECTION('',(-0.,-0.,-1.));
#3532 = DIRECTION('',(1.,0.,0.));
#3533 = ADVANCED_FACE('',(#3534),#3554,.T.);
#3534 = FACE_BOUND('',#3535,.T.);
#3535 = EDGE_LOOP('',(#3536,#3545,#3546,#3547));
#3536 = ORIENTED_EDGE('',*,*,#3537,.F.);
#3537 = EDGE_CURVE('',#3514,#3538,#3540,.T.);
#3538 = VERTEX_POINT('',#3539);
#3539 = CARTESIAN_POINT('',(3.1,0.,4.));
#3540 = CIRCLE('',#3541,0.4);
#3541 = AXIS2_PLACEMENT_3D('',#3542,#3543,#3544);
#3542 = CARTESIAN_POINT('',(3.1,0.,3.6));
#3543 = DIRECTION('',(0.,-1.,0.));
#3544 = DIRECTION('',(1.,0.,0.));
#3545 = ORIENTED_EDGE('',*,*,#3521,.T.);
#3546 = ORIENTED_EDGE('',*,*,#3537,.T.);
#3547 = ORIENTED_EDGE('',*,*,#3548,.F.);
#3548 = EDGE_CURVE('',#3538,#3538,#3549,.T.);
#3549 = CIRCLE('',#3550,3.1);
#3550 = AXIS2_PLACEMENT_3D('',#3551,#3552,#3553);
#3551 = CARTESIAN_POINT('',(0.,0.,4.));
#3552 = DIRECTION('',(0.,0.,1.));
#3553 = DIRECTION('',(1.,0.,-0.));
#3554 = TOROIDAL_SURFACE('',#3555,3.1,0.4);
#3555 = AXIS2_PLACEMENT_3D('',#3556,#3557,#3558);
#3556 = CARTESIAN_POINT('',(0.,0.,3.6));
#3557 = DIRECTION('',(0.,0.,1.));
#3558 = DIRECTION('',(1.,0.,-0.));
#3559 = ADVANCED_FACE('',(#3560,#3563),#3613,.T.);
#3560 = FACE_BOUND('',#3561,.T.);
#3561 = EDGE_LOOP('',(#3562));
#3562 = ORIENTED_EDGE('',*,*,#3548,.T.);
#3563 = FACE_BOUND('',#3564,.T.);
#3564 = EDGE_LOOP('',(#3565,#3575,#3583,#3591,#3599,#3607));
#3565 = ORIENTED_EDGE('',*,*,#3566,.F.);
#3566 = EDGE_CURVE('',#3567,#3569,#3571,.T.);
#3567 = VERTEX_POINT('',#3568);
#3568 = CARTESIAN_POINT('',(1.73,0.,4.));
#3569 = VERTEX_POINT('',#3570);
#3570 = CARTESIAN_POINT('',(0.865,1.498223948547,4.));
#3571 = LINE('',#3572,#3573);
#3572 = CARTESIAN_POINT('',(1.73,0.,4.));
#3573 = VECTOR('',#3574,1.);
#3574 = DIRECTION('',(-0.5,0.866025403784,0.));
#3575 = ORIENTED_EDGE('',*,*,#3576,.F.);
#3576 = EDGE_CURVE('',#3577,#3567,#3579,.T.);
#3577 = VERTEX_POINT('',#3578);
#3578 = CARTESIAN_POINT('',(0.865,-1.498223948547,4.));
#3579 = LINE('',#3580,#3581);
#3580 = CARTESIAN_POINT('',(0.865,-1.498223948547,4.));
#3581 = VECTOR('',#3582,1.);
#3582 = DIRECTION('',(0.5,0.866025403784,0.));
#3583 = ORIENTED_EDGE('',*,*,#3584,.F.);
#3584 = EDGE_CURVE('',#3585,#3577,#3587,.T.);
#3585 = VERTEX_POINT('',#3586);
#3586 = CARTESIAN_POINT('',(-0.865,-1.498223948547,4.));
#3587 = LINE('',#3588,#3589);
#3588 = CARTESIAN_POINT('',(-0.865,-1.498223948547,4.));
#3589 = VECTOR('',#3590,1.);
#3590 = DIRECTION('',(1.,0.,0.));
#3591 = ORIENTED_EDGE('',*,*,#3592,.F.);
#3592 = EDGE_CURVE('',#3593,#3585,#3595,.T.);
#3593 = VERTEX_POINT('',#3594);
#3594 = CARTESIAN_POINT('',(-1.73,0.,4.));
#3595 = LINE('',#3596,#3597);
#3596 = CARTESIAN_POINT('',(-1.73,0.,4.));
#3597 = VECTOR('',#3598,1.);
#3598 = DIRECTION('',(0.5,-0.866025403784,0.));
#3599 = ORIENTED_EDGE('',*,*,#3600,.F.);
#3600 = EDGE_CURVE('',#3601,#3593,#3603,.T.);
#3601 = VERTEX_POINT('',#3602);
#3602 = CARTESIAN_POINT('',(-0.865,1.498223948547,4.));
#3603 = LINE('',#3604,#3605);
#3604 = CARTESIAN_POINT('',(-0.865,1.498223948547,4.));
#3605 = VECTOR('',#3606,1.);
#3606 = DIRECTION('',(-0.5,-0.866025403784,0.));
#3607 = ORIENTED_EDGE('',*,*,#3608,.F.);
#3608 = EDGE_CURVE('',#3569,#3601,#3609,.T.);
#3609 = LINE('',#3610,#3611);
#3610 = CARTESIAN_POINT('',(0.865,1.498223948547,4.));
#3611 = VECTOR('',#3612,1.);
#3612 = DIRECTION('',(-1.,0.,0.));
#3613 = PLANE('',#3614);
#3614 = AXIS2_PLACEMENT_3D('',#3615,#3616,#3617);
#3615 = CARTESIAN_POINT('',(-2.E-16,-1.4E-16,4.));
#3616 = DIRECTION('',(0.,0.,1.));
#3617 = DIRECTION('',(1.,0.,-0.));
#3618 = ADVANCED_FACE('',(#3619),#3644,.F.);
#3619 = FACE_BOUND('',#3620,.F.);
#3620 = EDGE_LOOP('',(#3621,#3629,#3637,#3643));
#3621 = ORIENTED_EDGE('',*,*,#3622,.T.);
#3622 = EDGE_CURVE('',#3567,#3623,#3625,.T.);
#3623 = VERTEX_POINT('',#3624);
#3624 = CARTESIAN_POINT('',(1.73,0.,2.));
#3625 = LINE('',#3626,#3627);
#3626 = CARTESIAN_POINT('',(1.73,0.,4.));
#3627 = VECTOR('',#3628,1.);
#3628 = DIRECTION('',(-0.,-0.,-1.));
#3629 = ORIENTED_EDGE('',*,*,#3630,.T.);
#3630 = EDGE_CURVE('',#3623,#3631,#3633,.T.);
#3631 = VERTEX_POINT('',#3632);
#3632 = CARTESIAN_POINT('',(0.865,1.498223948547,2.));
#3633 = LINE('',#3634,#3635);
#3634 = CARTESIAN_POINT('',(1.73,0.,2.));
#3635 = VECTOR('',#3636,1.);
#3636 = DIRECTION('',(-0.5,0.866025403784,0.));
#3637 = ORIENTED_EDGE('',*,*,#3638,.F.);
#3638 = EDGE_CURVE('',#3569,#3631,#3639,.T.);
#3639 = LINE('',#3640,#3641);
#3640 = CARTESIAN_POINT('',(0.865,1.498223948547,4.));
#3641 = VECTOR('',#3642,1.);
#3642 = DIRECTION('',(-0.,-0.,-1.));
#3643 = ORIENTED_EDGE('',*,*,#3566,.F.);
#3644 = PLANE('',#3645);
#3645 = AXIS2_PLACEMENT_3D('',#3646,#3647,#3648);
#3646 = CARTESIAN_POINT('',(1.73,0.,4.));
#3647 = DIRECTION('',(0.866025403784,0.5,0.));
#3648 = DIRECTION('',(-0.5,0.866025403784,0.));
#3649 = ADVANCED_FACE('',(#3650),#3668,.F.);
#3650 = FACE_BOUND('',#3651,.F.);
#3651 = EDGE_LOOP('',(#3652,#3653,#3661,#3667));
#3652 = ORIENTED_EDGE('',*,*,#3638,.T.);
#3653 = ORIENTED_EDGE('',*,*,#3654,.T.);
#3654 = EDGE_CURVE('',#3631,#3655,#3657,.T.);
#3655 = VERTEX_POINT('',#3656);
#3656 = CARTESIAN_POINT('',(-0.865,1.498223948547,2.));
#3657 = LINE('',#3658,#3659);
#3658 = CARTESIAN_POINT('',(0.865,1.498223948547,2.));
#3659 = VECTOR('',#3660,1.);
#3660 = DIRECTION('',(-1.,0.,0.));
#3661 = ORIENTED_EDGE('',*,*,#3662,.F.);
#3662 = EDGE_CURVE('',#3601,#3655,#3663,.T.);
#3663 = LINE('',#3664,#3665);
#3664 = CARTESIAN_POINT('',(-0.865,1.498223948547,4.));
#3665 = VECTOR('',#3666,1.);
#3666 = DIRECTION('',(-0.,-0.,-1.));
#3667 = ORIENTED_EDGE('',*,*,#3608,.F.);
#3668 = PLANE('',#3669);
#3669 = AXIS2_PLACEMENT_3D('',#3670,#3671,#3672);
#3670 = CARTESIAN_POINT('',(0.865,1.498223948547,4.));
#3671 = DIRECTION('',(0.,1.,0.));
#3672 = DIRECTION('',(-1.,0.,0.));
#3673 = ADVANCED_FACE('',(#3674),#3692,.F.);
#3674 = FACE_BOUND('',#3675,.F.);
#3675 = EDGE_LOOP('',(#3676,#3677,#3685,#3691));
#3676 = ORIENTED_EDGE('',*,*,#3662,.T.);
#3677 = ORIENTED_EDGE('',*,*,#3678,.T.);
#3678 = EDGE_CURVE('',#3655,#3679,#3681,.T.);
#3679 = VERTEX_POINT('',#3680);
#3680 = CARTESIAN_POINT('',(-1.73,0.,2.));
#3681 = LINE('',#3682,#3683);
#3682 = CARTESIAN_POINT('',(-0.865,1.498223948547,2.));
#3683 = VECTOR('',#3684,1.);
#3684 = DIRECTION('',(-0.5,-0.866025403784,0.));
#3685 = ORIENTED_EDGE('',*,*,#3686,.F.);
#3686 = EDGE_CURVE('',#3593,#3679,#3687,.T.);
#3687 = LINE('',#3688,#3689);
#3688 = CARTESIAN_POINT('',(-1.73,0.,4.));
#3689 = VECTOR('',#3690,1.);
#3690 = DIRECTION('',(-0.,-0.,-1.));
#3691 = ORIENTED_EDGE('',*,*,#3600,.F.);
#3692 = PLANE('',#3693);
#3693 = AXIS2_PLACEMENT_3D('',#3694,#3695,#3696);
#3694 = CARTESIAN_POINT('',(-0.865,1.498223948547,4.));
#3695 = DIRECTION('',(-0.866025403784,0.5,0.));
#3696 = DIRECTION('',(-0.5,-0.866025403784,0.));
#3697 = ADVANCED_FACE('',(#3698),#3716,.F.);
#3698 = FACE_BOUND('',#3699,.F.);
#3699 = EDGE_LOOP('',(#3700,#3701,#3709,#3715));
#3700 = ORIENTED_EDGE('',*,*,#3686,.T.);
#3701 = ORIENTED_EDGE('',*,*,#3702,.T.);
#3702 = EDGE_CURVE('',#3679,#3703,#3705,.T.);
#3703 = VERTEX_POINT('',#3704);
#3704 = CARTESIAN_POINT('',(-0.865,-1.498223948547,2.));
#3705 = LINE('',#3706,#3707);
#3706 = CARTESIAN_POINT('',(-1.73,0.,2.));
#3707 = VECTOR('',#3708,1.);
#3708 = DIRECTION('',(0.5,-0.866025403784,0.));
#3709 = ORIENTED_EDGE('',*,*,#3710,.F.);
#3710 = EDGE_CURVE('',#3585,#3703,#3711,.T.);
#3711 = LINE('',#3712,#3713);
#3712 = CARTESIAN_POINT('',(-0.865,-1.498223948547,4.));
#3713 = VECTOR('',#3714,1.);
#3714 = DIRECTION('',(-0.,-0.,-1.));
#3715 = ORIENTED_EDGE('',*,*,#3592,.F.);
#3716 = PLANE('',#3717);
#3717 = AXIS2_PLACEMENT_3D('',#3718,#3719,#3720);
#3718 = CARTESIAN_POINT('',(-1.73,0.,4.));
#3719 = DIRECTION('',(-0.866025403784,-0.5,0.));
#3720 = DIRECTION('',(0.5,-0.866025403784,0.));
#3721 = ADVANCED_FACE('',(#3722),#3740,.F.);
#3722 = FACE_BOUND('',#3723,.F.);
#3723 = EDGE_LOOP('',(#3724,#3725,#3733,#3739));
#3724 = ORIENTED_EDGE('',*,*,#3710,.T.);
#3725 = ORIENTED_EDGE('',*,*,#3726,.T.);
#3726 = EDGE_CURVE('',#3703,#3727,#3729,.T.);
#3727 = VERTEX_POINT('',#3728);
#3728 = CARTESIAN_POINT('',(0.865,-1.498223948547,2.));
#3729 = LINE('',#3730,#3731);
#3730 = CARTESIAN_POINT('',(-0.865,-1.498223948547,2.));
#3731 = VECTOR('',#3732,1.);
#3732 = DIRECTION('',(1.,0.,0.));
#3733 = ORIENTED_EDGE('',*,*,#3734,.F.);
#3734 = EDGE_CURVE('',#3577,#3727,#3735,.T.);
#3735 = LINE('',#3736,#3737);
#3736 = CARTESIAN_POINT('',(0.865,-1.498223948547,4.));
#3737 = VECTOR('',#3738,1.);
#3738 = DIRECTION('',(-0.,-0.,-1.));
#3739 = ORIENTED_EDGE('',*,*,#3584,.F.);
#3740 = PLANE('',#3741);
#3741 = AXIS2_PLACEMENT_3D('',#3742,#3743,#3744);
#3742 = CARTESIAN_POINT('',(-0.865,-1.498223948547,4.));
#3743 = DIRECTION('',(0.,-1.,0.));
#3744 = DIRECTION('',(1.,0.,0.));
#3745 = ADVANCED_FACE('',(#3746),#3757,.F.);
#3746 = FACE_BOUND('',#3747,.F.);
#3747 = EDGE_LOOP('',(#3748,#3749,#3755,#3756));
#3748 = ORIENTED_EDGE('',*,*,#3734,.T.);
#3749 = ORIENTED_EDGE('',*,*,#3750,.T.);
#3750 = EDGE_CURVE('',#3727,#3623,#3751,.T.);
#3751 = LINE('',#3752,#3753);
#3752 = CARTESIAN_POINT('',(0.865,-1.498223948547,2.));
#3753 = VECTOR('',#3754,1.);
#3754 = DIRECTION('',(0.5,0.866025403784,0.));
#3755 = ORIENTED_EDGE('',*,*,#3622,.F.);
#3756 = ORIENTED_EDGE('',*,*,#3576,.F.);
#3757 = PLANE('',#3758);
#3758 = AXIS2_PLACEMENT_3D('',#3759,#3760,#3761);
#3759 = CARTESIAN_POINT('',(0.865,-1.498223948547,4.));
#3760 = DIRECTION('',(0.866025403784,-0.5,0.));
#3761 = DIRECTION('',(0.5,0.866025403784,0.));
#3762 = ADVANCED_FACE('',(#3763),#3771,.T.);
#3763 = FACE_BOUND('',#3764,.T.);
#3764 = EDGE_LOOP('',(#3765,#3766,#3767,#3768,#3769,#3770));
#3765 = ORIENTED_EDGE('',*,*,#3630,.T.);
#3766 = ORIENTED_EDGE('',*,*,#3654,.T.);
#3767 = ORIENTED_EDGE('',*,*,#3678,.T.);
#3768 = ORIENTED_EDGE('',*,*,#3702,.T.);
#3769 = ORIENTED_EDGE('',*,*,#3726,.T.);
#3770 = ORIENTED_EDGE('',*,*,#3750,.T.);
#3771 = PLANE('',#3772);
#3772 = AXIS2_PLACEMENT_3D('',#3773,#3774,#3775);
#3773 = CARTESIAN_POINT('',(-2.E-17,2.E-17,2.));
#3774 = DIRECTION('',(0.,0.,1.));
#3775 = DIRECTION('',(1.,0.,-0.));
#3776 = ( GEOMETRIC_REPRESENTATION_CONTEXT(3) 
GLOBAL_UNCERTAINTY_ASSIGNED_CONTEXT((#3780)) 
GLOBAL_UNIT_ASSIGNED_CONTEXT((#3777,#3778,#3779)) REPRESENTATION_CONTEXT
('Context #1','3D Context with UNIT and UNCERTAINTY') );
#3777 = ( LENGTH_UNIT() NAMED_UNIT(*) SI_UNIT(.MILLI.,.METRE.) );
#3778 = ( NAMED_UNIT(*) PLANE_ANGLE_UNIT() SI_UNIT($,.RADIAN.) );
#3779 = ( NAMED_UNIT(*) SI_UNIT($,.STERADIAN.) SOLID_ANGLE_UNIT() );
#3780 = UNCERTAINTY_MEASURE_WITH_UNIT(LENGTH_MEASURE(1.E-07),#3777,
  'distance_accuracy_value','confusion accuracy');
#3781 = CONTEXT_DEPENDENT_SHAPE_REPRESENTATION(#3782,#3784);
#3782 = ( REPRESENTATION_RELATIONSHIP('','',#3418,#10) 
REPRESENTATION_RELATIONSHIP_WITH_TRANSFORMATION(#3783) 
SHAPE_REPRESENTATION_RELATIONSHIP() );
#3783 = ITEM_DEFINED_TRANSFORMATION('','',#11,#39);
#3784 = PRODUCT_DEFINITION_SHAPE('Placement','Placement of an item',
  #3785);
#3785 = NEXT_ASSEMBLY_USAGE_OCCURRENCE('12','m4_35_5','',#5,#3413,$);
#3786 = PRODUCT_RELATED_PRODUCT_CATEGORY('part',$,(#3415));
#3787 = SHAPE_DEFINITION_REPRESENTATION(#3788,#3794);
#3788 = PRODUCT_DEFINITION_SHAPE('','',#3789);
#3789 = PRODUCT_DEFINITION('design','',#3790,#3793);
#3790 = PRODUCT_DEFINITION_FORMATION('','',#3791);
#3791 = PRODUCT('m4_35_6','m4_35_6','',(#3792));
#3792 = PRODUCT_CONTEXT('',#2,'mechanical');
#3793 = PRODUCT_DEFINITION_CONTEXT('part definition',#2,'design');
#3794 = ADVANCED_BREP_SHAPE_REPRESENTATION('',(#11,#3795),#4152);
#3795 = MANIFOLD_SOLID_BREP('',#3796);
#3796 = CLOSED_SHELL('',(#3797,#3830,#3855,#3875,#3884,#3909,#3935,#3994
    ,#4025,#4049,#4073,#4097,#4121,#4138));
#3797 = ADVANCED_FACE('',(#3798),#3825,.T.);
#3798 = FACE_BOUND('',#3799,.T.);
#3799 = EDGE_LOOP('',(#3800,#3810,#3817,#3818));
#3800 = ORIENTED_EDGE('',*,*,#3801,.T.);
#3801 = EDGE_CURVE('',#3802,#3804,#3806,.T.);
#3802 = VERTEX_POINT('',#3803);
#3803 = CARTESIAN_POINT('',(2.,0.,0.));
#3804 = VERTEX_POINT('',#3805);
#3805 = CARTESIAN_POINT('',(2.,0.,-34.685));
#3806 = LINE('',#3807,#3808);
#3807 = CARTESIAN_POINT('',(2.,0.,0.));
#3808 = VECTOR('',#3809,1.);
#3809 = DIRECTION('',(-0.,-0.,-1.));
#3810 = ORIENTED_EDGE('',*,*,#3811,.T.);
#3811 = EDGE_CURVE('',#3804,#3804,#3812,.T.);
#3812 = CIRCLE('',#3813,2.);
#3813 = AXIS2_PLACEMENT_3D('',#3814,#3815,#3816);
#3814 = CARTESIAN_POINT('',(0.,0.,-34.685));
#3815 = DIRECTION('',(0.,0.,1.));
#3816 = DIRECTION('',(1.,0.,-0.));
#3817 = ORIENTED_EDGE('',*,*,#3801,.F.);
#3818 = ORIENTED_EDGE('',*,*,#3819,.F.);
#3819 = EDGE_CURVE('',#3802,#3802,#3820,.T.);
#3820 = CIRCLE('',#3821,2.);
#3821 = AXIS2_PLACEMENT_3D('',#3822,#3823,#3824);
#3822 = CARTESIAN_POINT('',(0.,0.,0.));
#3823 = DIRECTION('',(0.,0.,1.));
#3824 = DIRECTION('',(1.,0.,-0.));
#3825 = CYLINDRICAL_SURFACE('',#3826,2.);
#3826 = AXIS2_PLACEMENT_3D('',#3827,#3828,#3829);
#3827 = CARTESIAN_POINT('',(0.,0.,0.));
#3828 = DIRECTION('',(0.,0.,1.));
#3829 = DIRECTION('',(1.,0.,-0.));
#3830 = ADVANCED_FACE('',(#3831),#3850,.T.);
#3831 = FACE_BOUND('',#3832,.T.);
#3832 = EDGE_LOOP('',(#3833,#3842,#3848,#3849));
#3833 = ORIENTED_EDGE('',*,*,#3834,.T.);
#3834 = EDGE_CURVE('',#3835,#3835,#3837,.T.);
#3835 = VERTEX_POINT('',#3836);
#3836 = CARTESIAN_POINT('',(1.685,0.,-35.));
#3837 = CIRCLE('',#3838,1.685);
#3838 = AXIS2_PLACEMENT_3D('',#3839,#3840,#3841);
#3839 = CARTESIAN_POINT('',(0.,0.,-35.));
#3840 = DIRECTION('',(0.,0.,1.));
#3841 = DIRECTION('',(1.,0.,-0.));
#3842 = ORIENTED_EDGE('',*,*,#3843,.F.);
#3843 = EDGE_CURVE('',#3804,#3835,#3844,.T.);
#3844 = LINE('',#3845,#3846);
#3845 = CARTESIAN_POINT('',(2.,0.,-34.685));
#3846 = VECTOR('',#3847,1.);
#3847 = DIRECTION('',(-0.707106781187,-0.,-0.707106781187));
#3848 = ORIENTED_EDGE('',*,*,#3811,.F.);
#3849 = ORIENTED_EDGE('',*,*,#3843,.T.);
#3850 = CONICAL_SURFACE('',#3851,2.,0.785398163397);
#3851 = AXIS2_PLACEMENT_3D('',#3852,#3853,#3854);
#3852 = CARTESIAN_POINT('',(0.,0.,-34.685));
#3853 = DIRECTION('',(0.,0.,1.));
#3854 = DIRECTION('',(1.,0.,-0.));
#3855 = ADVANCED_FACE('',(#3856,#3867),#3870,.F.);
#3856 = FACE_BOUND('',#3857,.F.);
#3857 = EDGE_LOOP('',(#3858));
#3858 = ORIENTED_EDGE('',*,*,#3859,.T.);
#3859 = EDGE_CURVE('',#3860,#3860,#3862,.T.);
#3860 = VERTEX_POINT('',#3861);
#3861 = CARTESIAN_POINT('',(3.5,0.,0.));
#3862 = CIRCLE('',#3863,3.5);
#3863 = AXIS2_PLACEMENT_3D('',#3864,#3865,#3866);
#3864 = CARTESIAN_POINT('',(0.,0.,0.));
#3865 = DIRECTION('',(0.,0.,1.));
#3866 = DIRECTION('',(1.,0.,-0.));
#3867 = FACE_BOUND('',#3868,.F.);
#3868 = EDGE_LOOP('',(#3869));
#3869 = ORIENTED_EDGE('',*,*,#3819,.F.);
#3870 = PLANE('',#3871);
#3871 = AXIS2_PLACEMENT_3D('',#3872,#3873,#3874);
#3872 = CARTESIAN_POINT('',(-2.E-16,-1.4E-16,0.));
#3873 = DIRECTION('',(0.,0.,1.));
#3874 = DIRECTION('',(1.,0.,-0.));
#3875 = ADVANCED_FACE('',(#3876),#3879,.F.);
#3876 = FACE_BOUND('',#3877,.F.);
#3877 = EDGE_LOOP('',(#3878));
#3878 = ORIENTED_EDGE('',*,*,#3834,.T.);
#3879 = PLANE('',#3880);
#3880 = AXIS2_PLACEMENT_3D('',#3881,#3882,#3883);
#3881 = CARTESIAN_POINT('',(-1.3E-16,0.,-35.));
#3882 = DIRECTION('',(0.,0.,1.));
#3883 = DIRECTION('',(1.,0.,-0.));
#3884 = ADVANCED_FACE('',(#3885),#3904,.T.);
#3885 = FACE_BOUND('',#3886,.T.);
#3886 = EDGE_LOOP('',(#3887,#3888,#3896,#3903));
#3887 = ORIENTED_EDGE('',*,*,#3859,.T.);
#3888 = ORIENTED_EDGE('',*,*,#3889,.T.);
#3889 = EDGE_CURVE('',#3860,#3890,#3892,.T.);
#3890 = VERTEX_POINT('',#3891);
#3891 = CARTESIAN_POINT('',(3.5,0.,3.6));
#3892 = LINE('',#3893,#3894);
#3893 = CARTESIAN_POINT('',(3.5,0.,0.));
#3894 = VECTOR('',#3895,1.);
#3895 = DIRECTION('',(0.,0.,1.));
#3896 = ORIENTED_EDGE('',*,*,#3897,.F.);
#3897 = EDGE_CURVE('',#3890,#3890,#3898,.T.);
#3898 = CIRCLE('',#3899,3.5);
#3899 = AXIS2_PLACEMENT_3D('',#3900,#3901,#3902);
#3900 = CARTESIAN_POINT('',(0.,0.,3.6));
#3901 = DIRECTION('',(0.,0.,1.));
#3902 = DIRECTION('',(1.,0.,-0.));
#3903 = ORIENTED_EDGE('',*,*,#3889,.F.);
#3904 = CYLINDRICAL_SURFACE('',#3905,3.5);
#3905 = AXIS2_PLACEMENT_3D('',#3906,#3907,#3908);
#3906 = CARTESIAN_POINT('',(0.,0.,0.));
#3907 = DIRECTION('',(-0.,-0.,-1.));
#3908 = DIRECTION('',(1.,0.,0.));
#3909 = ADVANCED_FACE('',(#3910),#3930,.T.);
#3910 = FACE_BOUND('',#3911,.T.);
#3911 = EDGE_LOOP('',(#3912,#3921,#3922,#3923));
#3912 = ORIENTED_EDGE('',*,*,#3913,.F.);
#3913 = EDGE_CURVE('',#3890,#3914,#3916,.T.);
#3914 = VERTEX_POINT('',#3915);
#3915 = CARTESIAN_POINT('',(3.1,0.,4.));
#3916 = CIRCLE('',#3917,0.4);
#3917 = AXIS2_PLACEMENT_3D('',#3918,#3919,#3920);
#3918 = CARTESIAN_POINT('',(3.1,0.,3.6));
#3919 = DIRECTION('',(0.,-1.,0.));
#3920 = DIRECTION('',(1.,0.,0.));
#3921 = ORIENTED_EDGE('',*,*,#3897,.T.);
#3922 = ORIENTED_EDGE('',*,*,#3913,.T.);
#3923 = ORIENTED_EDGE('',*,*,#3924,.F.);
#3924 = EDGE_CURVE('',#3914,#3914,#3925,.T.);
#3925 = CIRCLE('',#3926,3.1);
#3926 = AXIS2_PLACEMENT_3D('',#3927,#3928,#3929);
#3927 = CARTESIAN_POINT('',(0.,0.,4.));
#3928 = DIRECTION('',(0.,0.,1.));
#3929 = DIRECTION('',(1.,0.,-0.));
#3930 = TOROIDAL_SURFACE('',#3931,3.1,0.4);
#3931 = AXIS2_PLACEMENT_3D('',#3932,#3933,#3934);
#3932 = CARTESIAN_POINT('',(0.,0.,3.6));
#3933 = DIRECTION('',(0.,0.,1.));
#3934 = DIRECTION('',(1.,0.,-0.));
#3935 = ADVANCED_FACE('',(#3936,#3939),#3989,.T.);
#3936 = FACE_BOUND('',#3937,.T.);
#3937 = EDGE_LOOP('',(#3938));
#3938 = ORIENTED_EDGE('',*,*,#3924,.T.);
#3939 = FACE_BOUND('',#3940,.T.);
#3940 = EDGE_LOOP('',(#3941,#3951,#3959,#3967,#3975,#3983));
#3941 = ORIENTED_EDGE('',*,*,#3942,.F.);
#3942 = EDGE_CURVE('',#3943,#3945,#3947,.T.);
#3943 = VERTEX_POINT('',#3944);
#3944 = CARTESIAN_POINT('',(1.73,0.,4.));
#3945 = VERTEX_POINT('',#3946);
#3946 = CARTESIAN_POINT('',(0.865,1.498223948547,4.));
#3947 = LINE('',#3948,#3949);
#3948 = CARTESIAN_POINT('',(1.73,0.,4.));
#3949 = VECTOR('',#3950,1.);
#3950 = DIRECTION('',(-0.5,0.866025403784,0.));
#3951 = ORIENTED_EDGE('',*,*,#3952,.F.);
#3952 = EDGE_CURVE('',#3953,#3943,#3955,.T.);
#3953 = VERTEX_POINT('',#3954);
#3954 = CARTESIAN_POINT('',(0.865,-1.498223948547,4.));
#3955 = LINE('',#3956,#3957);
#3956 = CARTESIAN_POINT('',(0.865,-1.498223948547,4.));
#3957 = VECTOR('',#3958,1.);
#3958 = DIRECTION('',(0.5,0.866025403784,0.));
#3959 = ORIENTED_EDGE('',*,*,#3960,.F.);
#3960 = EDGE_CURVE('',#3961,#3953,#3963,.T.);
#3961 = VERTEX_POINT('',#3962);
#3962 = CARTESIAN_POINT('',(-0.865,-1.498223948547,4.));
#3963 = LINE('',#3964,#3965);
#3964 = CARTESIAN_POINT('',(-0.865,-1.498223948547,4.));
#3965 = VECTOR('',#3966,1.);
#3966 = DIRECTION('',(1.,0.,0.));
#3967 = ORIENTED_EDGE('',*,*,#3968,.F.);
#3968 = EDGE_CURVE('',#3969,#3961,#3971,.T.);
#3969 = VERTEX_POINT('',#3970);
#3970 = CARTESIAN_POINT('',(-1.73,0.,4.));
#3971 = LINE('',#3972,#3973);
#3972 = CARTESIAN_POINT('',(-1.73,0.,4.));
#3973 = VECTOR('',#3974,1.);
#3974 = DIRECTION('',(0.5,-0.866025403784,0.));
#3975 = ORIENTED_EDGE('',*,*,#3976,.F.);
#3976 = EDGE_CURVE('',#3977,#3969,#3979,.T.);
#3977 = VERTEX_POINT('',#3978);
#3978 = CARTESIAN_POINT('',(-0.865,1.498223948547,4.));
#3979 = LINE('',#3980,#3981);
#3980 = CARTESIAN_POINT('',(-0.865,1.498223948547,4.));
#3981 = VECTOR('',#3982,1.);
#3982 = DIRECTION('',(-0.5,-0.866025403784,0.));
#3983 = ORIENTED_EDGE('',*,*,#3984,.F.);
#3984 = EDGE_CURVE('',#3945,#3977,#3985,.T.);
#3985 = LINE('',#3986,#3987);
#3986 = CARTESIAN_POINT('',(0.865,1.498223948547,4.));
#3987 = VECTOR('',#3988,1.);
#3988 = DIRECTION('',(-1.,0.,0.));
#3989 = PLANE('',#3990);
#3990 = AXIS2_PLACEMENT_3D('',#3991,#3992,#3993);
#3991 = CARTESIAN_POINT('',(-2.E-16,-1.4E-16,4.));
#3992 = DIRECTION('',(0.,0.,1.));
#3993 = DIRECTION('',(1.,0.,-0.));
#3994 = ADVANCED_FACE('',(#3995),#4020,.F.);
#3995 = FACE_BOUND('',#3996,.F.);
#3996 = EDGE_LOOP('',(#3997,#4005,#4013,#4019));
#3997 = ORIENTED_EDGE('',*,*,#3998,.T.);
#3998 = EDGE_CURVE('',#3943,#3999,#4001,.T.);
#3999 = VERTEX_POINT('',#4000);
#4000 = CARTESIAN_POINT('',(1.73,0.,2.));
#4001 = LINE('',#4002,#4003);
#4002 = CARTESIAN_POINT('',(1.73,0.,4.));
#4003 = VECTOR('',#4004,1.);
#4004 = DIRECTION('',(-0.,-0.,-1.));
#4005 = ORIENTED_EDGE('',*,*,#4006,.T.);
#4006 = EDGE_CURVE('',#3999,#4007,#4009,.T.);
#4007 = VERTEX_POINT('',#4008);
#4008 = CARTESIAN_POINT('',(0.865,1.498223948547,2.));
#4009 = LINE('',#4010,#4011);
#4010 = CARTESIAN_POINT('',(1.73,0.,2.));
#4011 = VECTOR('',#4012,1.);
#4012 = DIRECTION('',(-0.5,0.866025403784,0.));
#4013 = ORIENTED_EDGE('',*,*,#4014,.F.);
#4014 = EDGE_CURVE('',#3945,#4007,#4015,.T.);
#4015 = LINE('',#4016,#4017);
#4016 = CARTESIAN_POINT('',(0.865,1.498223948547,4.));
#4017 = VECTOR('',#4018,1.);
#4018 = DIRECTION('',(-0.,-0.,-1.));
#4019 = ORIENTED_EDGE('',*,*,#3942,.F.);
#4020 = PLANE('',#4021);
#4021 = AXIS2_PLACEMENT_3D('',#4022,#4023,#4024);
#4022 = CARTESIAN_POINT('',(1.73,0.,4.));
#4023 = DIRECTION('',(0.866025403784,0.5,0.));
#4024 = DIRECTION('',(-0.5,0.866025403784,0.));
#4025 = ADVANCED_FACE('',(#4026),#4044,.F.);
#4026 = FACE_BOUND('',#4027,.F.);
#4027 = EDGE_LOOP('',(#4028,#4029,#4037,#4043));
#4028 = ORIENTED_EDGE('',*,*,#4014,.T.);
#4029 = ORIENTED_EDGE('',*,*,#4030,.T.);
#4030 = EDGE_CURVE('',#4007,#4031,#4033,.T.);
#4031 = VERTEX_POINT('',#4032);
#4032 = CARTESIAN_POINT('',(-0.865,1.498223948547,2.));
#4033 = LINE('',#4034,#4035);
#4034 = CARTESIAN_POINT('',(0.865,1.498223948547,2.));
#4035 = VECTOR('',#4036,1.);
#4036 = DIRECTION('',(-1.,0.,0.));
#4037 = ORIENTED_EDGE('',*,*,#4038,.F.);
#4038 = EDGE_CURVE('',#3977,#4031,#4039,.T.);
#4039 = LINE('',#4040,#4041);
#4040 = CARTESIAN_POINT('',(-0.865,1.498223948547,4.));
#4041 = VECTOR('',#4042,1.);
#4042 = DIRECTION('',(-0.,-0.,-1.));
#4043 = ORIENTED_EDGE('',*,*,#3984,.F.);
#4044 = PLANE('',#4045);
#4045 = AXIS2_PLACEMENT_3D('',#4046,#4047,#4048);
#4046 = CARTESIAN_POINT('',(0.865,1.498223948547,4.));
#4047 = DIRECTION('',(0.,1.,0.));
#4048 = DIRECTION('',(-1.,0.,0.));
#4049 = ADVANCED_FACE('',(#4050),#4068,.F.);
#4050 = FACE_BOUND('',#4051,.F.);
#4051 = EDGE_LOOP('',(#4052,#4053,#4061,#4067));
#4052 = ORIENTED_EDGE('',*,*,#4038,.T.);
#4053 = ORIENTED_EDGE('',*,*,#4054,.T.);
#4054 = EDGE_CURVE('',#4031,#4055,#4057,.T.);
#4055 = VERTEX_POINT('',#4056);
#4056 = CARTESIAN_POINT('',(-1.73,0.,2.));
#4057 = LINE('',#4058,#4059);
#4058 = CARTESIAN_POINT('',(-0.865,1.498223948547,2.));
#4059 = VECTOR('',#4060,1.);
#4060 = DIRECTION('',(-0.5,-0.866025403784,0.));
#4061 = ORIENTED_EDGE('',*,*,#4062,.F.);
#4062 = EDGE_CURVE('',#3969,#4055,#4063,.T.);
#4063 = LINE('',#4064,#4065);
#4064 = CARTESIAN_POINT('',(-1.73,0.,4.));
#4065 = VECTOR('',#4066,1.);
#4066 = DIRECTION('',(-0.,-0.,-1.));
#4067 = ORIENTED_EDGE('',*,*,#3976,.F.);
#4068 = PLANE('',#4069);
#4069 = AXIS2_PLACEMENT_3D('',#4070,#4071,#4072);
#4070 = CARTESIAN_POINT('',(-0.865,1.498223948547,4.));
#4071 = DIRECTION('',(-0.866025403784,0.5,0.));
#4072 = DIRECTION('',(-0.5,-0.866025403784,0.));
#4073 = ADVANCED_FACE('',(#4074),#4092,.F.);
#4074 = FACE_BOUND('',#4075,.F.);
#4075 = EDGE_LOOP('',(#4076,#4077,#4085,#4091));
#4076 = ORIENTED_EDGE('',*,*,#4062,.T.);
#4077 = ORIENTED_EDGE('',*,*,#4078,.T.);
#4078 = EDGE_CURVE('',#4055,#4079,#4081,.T.);
#4079 = VERTEX_POINT('',#4080);
#4080 = CARTESIAN_POINT('',(-0.865,-1.498223948547,2.));
#4081 = LINE('',#4082,#4083);
#4082 = CARTESIAN_POINT('',(-1.73,0.,2.));
#4083 = VECTOR('',#4084,1.);
#4084 = DIRECTION('',(0.5,-0.866025403784,0.));
#4085 = ORIENTED_EDGE('',*,*,#4086,.F.);
#4086 = EDGE_CURVE('',#3961,#4079,#4087,.T.);
#4087 = LINE('',#4088,#4089);
#4088 = CARTESIAN_POINT('',(-0.865,-1.498223948547,4.));
#4089 = VECTOR('',#4090,1.);
#4090 = DIRECTION('',(-0.,-0.,-1.));
#4091 = ORIENTED_EDGE('',*,*,#3968,.F.);
#4092 = PLANE('',#4093);
#4093 = AXIS2_PLACEMENT_3D('',#4094,#4095,#4096);
#4094 = CARTESIAN_POINT('',(-1.73,0.,4.));
#4095 = DIRECTION('',(-0.866025403784,-0.5,0.));
#4096 = DIRECTION('',(0.5,-0.866025403784,0.));
#4097 = ADVANCED_FACE('',(#4098),#4116,.F.);
#4098 = FACE_BOUND('',#4099,.F.);
#4099 = EDGE_LOOP('',(#4100,#4101,#4109,#4115));
#4100 = ORIENTED_EDGE('',*,*,#4086,.T.);
#4101 = ORIENTED_EDGE('',*,*,#4102,.T.);
#4102 = EDGE_CURVE('',#4079,#4103,#4105,.T.);
#4103 = VERTEX_POINT('',#4104);
#4104 = CARTESIAN_POINT('',(0.865,-1.498223948547,2.));
#4105 = LINE('',#4106,#4107);
#4106 = CARTESIAN_POINT('',(-0.865,-1.498223948547,2.));
#4107 = VECTOR('',#4108,1.);
#4108 = DIRECTION('',(1.,0.,0.));
#4109 = ORIENTED_EDGE('',*,*,#4110,.F.);
#4110 = EDGE_CURVE('',#3953,#4103,#4111,.T.);
#4111 = LINE('',#4112,#4113);
#4112 = CARTESIAN_POINT('',(0.865,-1.498223948547,4.));
#4113 = VECTOR('',#4114,1.);
#4114 = DIRECTION('',(-0.,-0.,-1.));
#4115 = ORIENTED_EDGE('',*,*,#3960,.F.);
#4116 = PLANE('',#4117);
#4117 = AXIS2_PLACEMENT_3D('',#4118,#4119,#4120);
#4118 = CARTESIAN_POINT('',(-0.865,-1.498223948547,4.));
#4119 = DIRECTION('',(0.,-1.,0.));
#4120 = DIRECTION('',(1.,0.,0.));
#4121 = ADVANCED_FACE('',(#4122),#4133,.F.);
#4122 = FACE_BOUND('',#4123,.F.);
#4123 = EDGE_LOOP('',(#4124,#4125,#4131,#4132));
#4124 = ORIENTED_EDGE('',*,*,#4110,.T.);
#4125 = ORIENTED_EDGE('',*,*,#4126,.T.);
#4126 = EDGE_CURVE('',#4103,#3999,#4127,.T.);
#4127 = LINE('',#4128,#4129);
#4128 = CARTESIAN_POINT('',(0.865,-1.498223948547,2.));
#4129 = VECTOR('',#4130,1.);
#4130 = DIRECTION('',(0.5,0.866025403784,0.));
#4131 = ORIENTED_EDGE('',*,*,#3998,.F.);
#4132 = ORIENTED_EDGE('',*,*,#3952,.F.);
#4133 = PLANE('',#4134);
#4134 = AXIS2_PLACEMENT_3D('',#4135,#4136,#4137);
#4135 = CARTESIAN_POINT('',(0.865,-1.498223948547,4.));
#4136 = DIRECTION('',(0.866025403784,-0.5,0.));
#4137 = DIRECTION('',(0.5,0.866025403784,0.));
#4138 = ADVANCED_FACE('',(#4139),#4147,.T.);
#4139 = FACE_BOUND('',#4140,.T.);
#4140 = EDGE_LOOP('',(#4141,#4142,#4143,#4144,#4145,#4146));
#4141 = ORIENTED_EDGE('',*,*,#4006,.T.);
#4142 = ORIENTED_EDGE('',*,*,#4030,.T.);
#4143 = ORIENTED_EDGE('',*,*,#4054,.T.);
#4144 = ORIENTED_EDGE('',*,*,#4078,.T.);
#4145 = ORIENTED_EDGE('',*,*,#4102,.T.);
#4146 = ORIENTED_EDGE('',*,*,#4126,.T.);
#4147 = PLANE('',#4148);
#4148 = AXIS2_PLACEMENT_3D('',#4149,#4150,#4151);
#4149 = CARTESIAN_POINT('',(-2.E-17,2.E-17,2.));
#4150 = DIRECTION('',(0.,0.,1.));
#4151 = DIRECTION('',(1.,0.,-0.));
#4152 = ( GEOMETRIC_REPRESENTATION_CONTEXT(3) 
GLOBAL_UNCERTAINTY_ASSIGNED_CONTEXT((#4156)) 
GLOBAL_UNIT_ASSIGNED_CONTEXT((#4153,#4154,#4155)) REPRESENTATION_CONTEXT
('Context #1','3D Context with UNIT and UNCERTAINTY') );
#4153 = ( LENGTH_UNIT() NAMED_UNIT(*) SI_UNIT(.MILLI.,.METRE.) );
#4154 = ( NAMED_UNIT(*) PLANE_ANGLE_UNIT() SI_UNIT($,.RADIAN.) );
#4155 = ( NAMED_UNIT(*) SI_UNIT($,.STERADIAN.) SOLID_ANGLE_UNIT() );
#4156 = UNCERTAINTY_MEASURE_WITH_UNIT(LENGTH_MEASURE(1.E-07),#4153,
  'distance_accuracy_value','confusion accuracy');
#4157 = CONTEXT_DEPENDENT_SHAPE_REPRESENTATION(#4158,#4160);
#4158 = ( REPRESENTATION_RELATIONSHIP('','',#3794,#10) 
REPRESENTATION_RELATIONSHIP_WITH_TRANSFORMATION(#4159) 
SHAPE_REPRESENTATION_RELATIONSHIP() );
#4159 = ITEM_DEFINED_TRANSFORMATION('','',#11,#43);
#4160 = PRODUCT_DEFINITION_SHAPE('Placement','Placement of an item',
  #4161);
#4161 = NEXT_ASSEMBLY_USAGE_OCCURRENCE('13','m4_35_6','',#5,#3789,$);
#4162 = PRODUCT_RELATED_PRODUCT_CATEGORY('part',$,(#3791));
#4163 = SHAPE_DEFINITION_REPRESENTATION(#4164,#4170);
#4164 = PRODUCT_DEFINITION_SHAPE('','',#4165);
#4165 = PRODUCT_DEFINITION('design','',#4166,#4169);
#4166 = PRODUCT_DEFINITION_FORMATION('','',#4167);
#4167 = PRODUCT('m4_nut_1','m4_nut_1','',(#4168));
#4168 = PRODUCT_CONTEXT('',#2,'mechanical');
#4169 = PRODUCT_DEFINITION_CONTEXT('part definition',#2,'design');
#4170 = ADVANCED_BREP_SHAPE_REPRESENTATION('',(#11,#4171),#4426);
#4171 = MANIFOLD_SOLID_BREP('',#4172);
#4172 = CLOSED_SHELL('',(#4173,#4213,#4244,#4275,#4319,#4363,#4380,#4397
    ,#4409));
#4173 = ADVANCED_FACE('',(#4174),#4208,.F.);
#4174 = FACE_BOUND('',#4175,.F.);
#4175 = EDGE_LOOP('',(#4176,#4186,#4194,#4202));
#4176 = ORIENTED_EDGE('',*,*,#4177,.T.);
#4177 = EDGE_CURVE('',#4178,#4180,#4182,.T.);
#4178 = VERTEX_POINT('',#4179);
#4179 = CARTESIAN_POINT('',(0.,4.04,0.));
#4180 = VERTEX_POINT('',#4181);
#4181 = CARTESIAN_POINT('',(0.,4.04,3.2));
#4182 = LINE('',#4183,#4184);
#4183 = CARTESIAN_POINT('',(0.,4.04,0.));
#4184 = VECTOR('',#4185,1.);
#4185 = DIRECTION('',(0.,0.,1.));
#4186 = ORIENTED_EDGE('',*,*,#4187,.T.);
#4187 = EDGE_CURVE('',#4180,#4188,#4190,.T.);
#4188 = VERTEX_POINT('',#4189);
#4189 = CARTESIAN_POINT('',(-3.498742631289,2.02,3.2));
#4190 = LINE('',#4191,#4192);
#4191 = CARTESIAN_POINT('',(0.,4.04,3.2));
#4192 = VECTOR('',#4193,1.);
#4193 = DIRECTION('',(-0.866025403784,-0.5,0.));
#4194 = ORIENTED_EDGE('',*,*,#4195,.F.);
#4195 = EDGE_CURVE('',#4196,#4188,#4198,.T.);
#4196 = VERTEX_POINT('',#4197);
#4197 = CARTESIAN_POINT('',(-3.498742631289,2.02,0.));
#4198 = LINE('',#4199,#4200);
#4199 = CARTESIAN_POINT('',(-3.498742631289,2.02,0.));
#4200 = VECTOR('',#4201,1.);
#4201 = DIRECTION('',(0.,0.,1.));
#4202 = ORIENTED_EDGE('',*,*,#4203,.F.);
#4203 = EDGE_CURVE('',#4178,#4196,#4204,.T.);
#4204 = LINE('',#4205,#4206);
#4205 = CARTESIAN_POINT('',(0.,4.04,0.));
#4206 = VECTOR('',#4207,1.);
#4207 = DIRECTION('',(-0.866025403784,-0.5,0.));
#4208 = PLANE('',#4209);
#4209 = AXIS2_PLACEMENT_3D('',#4210,#4211,#4212);
#4210 = CARTESIAN_POINT('',(0.,4.04,0.));
#4211 = DIRECTION('',(0.5,-0.866025403784,0.));
#4212 = DIRECTION('',(-0.866025403784,-0.5,0.));
#4213 = ADVANCED_FACE('',(#4214),#4239,.F.);
#4214 = FACE_BOUND('',#4215,.F.);
#4215 = EDGE_LOOP('',(#4216,#4226,#4232,#4233));
#4216 = ORIENTED_EDGE('',*,*,#4217,.T.);
#4217 = EDGE_CURVE('',#4218,#4220,#4222,.T.);
#4218 = VERTEX_POINT('',#4219);
#4219 = CARTESIAN_POINT('',(3.498742631289,2.02,0.));
#4220 = VERTEX_POINT('',#4221);
#4221 = CARTESIAN_POINT('',(3.498742631289,2.02,3.2));
#4222 = LINE('',#4223,#4224);
#4223 = CARTESIAN_POINT('',(3.498742631289,2.02,0.));
#4224 = VECTOR('',#4225,1.);
#4225 = DIRECTION('',(0.,0.,1.));
#4226 = ORIENTED_EDGE('',*,*,#4227,.T.);
#4227 = EDGE_CURVE('',#4220,#4180,#4228,.T.);
#4228 = LINE('',#4229,#4230);
#4229 = CARTESIAN_POINT('',(3.498742631289,2.02,3.2));
#4230 = VECTOR('',#4231,1.);
#4231 = DIRECTION('',(-0.866025403784,0.5,0.));
#4232 = ORIENTED_EDGE('',*,*,#4177,.F.);
#4233 = ORIENTED_EDGE('',*,*,#4234,.F.);
#4234 = EDGE_CURVE('',#4218,#4178,#4235,.T.);
#4235 = LINE('',#4236,#4237);
#4236 = CARTESIAN_POINT('',(3.498742631289,2.02,0.));
#4237 = VECTOR('',#4238,1.);
#4238 = DIRECTION('',(-0.866025403784,0.5,0.));
#4239 = PLANE('',#4240);
#4240 = AXIS2_PLACEMENT_3D('',#4241,#4242,#4243);
#4241 = CARTESIAN_POINT('',(3.498742631289,2.02,0.));
#4242 = DIRECTION('',(-0.5,-0.866025403784,0.));
#4243 = DIRECTION('',(-0.866025403784,0.5,0.));
#4244 = ADVANCED_FACE('',(#4245),#4270,.F.);
#4245 = FACE_BOUND('',#4246,.F.);
#4246 = EDGE_LOOP('',(#4247,#4248,#4256,#4264));
#4247 = ORIENTED_EDGE('',*,*,#4195,.T.);
#4248 = ORIENTED_EDGE('',*,*,#4249,.T.);
#4249 = EDGE_CURVE('',#4188,#4250,#4252,.T.);
#4250 = VERTEX_POINT('',#4251);
#4251 = CARTESIAN_POINT('',(-3.498742631289,-2.02,3.2));
#4252 = LINE('',#4253,#4254);
#4253 = CARTESIAN_POINT('',(-3.498742631289,2.02,3.2));
#4254 = VECTOR('',#4255,1.);
#4255 = DIRECTION('',(-1.099230717451E-16,-1.,0.));
#4256 = ORIENTED_EDGE('',*,*,#4257,.F.);
#4257 = EDGE_CURVE('',#4258,#4250,#4260,.T.);
#4258 = VERTEX_POINT('',#4259);
#4259 = CARTESIAN_POINT('',(-3.498742631289,-2.02,0.));
#4260 = LINE('',#4261,#4262);
#4261 = CARTESIAN_POINT('',(-3.498742631289,-2.02,0.));
#4262 = VECTOR('',#4263,1.);
#4263 = DIRECTION('',(0.,0.,1.));
#4264 = ORIENTED_EDGE('',*,*,#4265,.F.);
#4265 = EDGE_CURVE('',#4196,#4258,#4266,.T.);
#4266 = LINE('',#4267,#4268);
#4267 = CARTESIAN_POINT('',(-3.498742631289,2.02,0.));
#4268 = VECTOR('',#4269,1.);
#4269 = DIRECTION('',(-1.099230717451E-16,-1.,0.));
#4270 = PLANE('',#4271);
#4271 = AXIS2_PLACEMENT_3D('',#4272,#4273,#4274);
#4272 = CARTESIAN_POINT('',(-3.498742631289,2.02,0.));
#4273 = DIRECTION('',(1.,-1.099230717451E-16,0.));
#4274 = DIRECTION('',(-1.099230717451E-16,-1.,0.));
#4275 = ADVANCED_FACE('',(#4276,#4303),#4314,.F.);
#4276 = FACE_BOUND('',#4277,.F.);
#4277 = EDGE_LOOP('',(#4278,#4279,#4280,#4288,#4296,#4302));
#4278 = ORIENTED_EDGE('',*,*,#4203,.T.);
#4279 = ORIENTED_EDGE('',*,*,#4265,.T.);
#4280 = ORIENTED_EDGE('',*,*,#4281,.T.);
#4281 = EDGE_CURVE('',#4258,#4282,#4284,.T.);
#4282 = VERTEX_POINT('',#4283);
#4283 = CARTESIAN_POINT('',(-4.440892098501E-16,-4.04,0.));
#4284 = LINE('',#4285,#4286);
#4285 = CARTESIAN_POINT('',(-3.498742631289,-2.02,0.));
#4286 = VECTOR('',#4287,1.);
#4287 = DIRECTION('',(0.866025403784,-0.5,0.));
#4288 = ORIENTED_EDGE('',*,*,#4289,.T.);
#4289 = EDGE_CURVE('',#4282,#4290,#4292,.T.);
#4290 = VERTEX_POINT('',#4291);
#4291 = CARTESIAN_POINT('',(3.498742631289,-2.02,0.));
#4292 = LINE('',#4293,#4294);
#4293 = CARTESIAN_POINT('',(-4.440892098501E-16,-4.04,0.));
#4294 = VECTOR('',#4295,1.);
#4295 = DIRECTION('',(0.866025403784,0.5,0.));
#4296 = ORIENTED_EDGE('',*,*,#4297,.T.);
#4297 = EDGE_CURVE('',#4290,#4218,#4298,.T.);
#4298 = LINE('',#4299,#4300);
#4299 = CARTESIAN_POINT('',(3.498742631289,-2.02,0.));
#4300 = VECTOR('',#4301,1.);
#4301 = DIRECTION('',(5.496153587253E-16,1.,0.));
#4302 = ORIENTED_EDGE('',*,*,#4234,.T.);
#4303 = FACE_BOUND('',#4304,.F.);
#4304 = EDGE_LOOP('',(#4305));
#4305 = ORIENTED_EDGE('',*,*,#4306,.F.);
#4306 = EDGE_CURVE('',#4307,#4307,#4309,.T.);
#4307 = VERTEX_POINT('',#4308);
#4308 = CARTESIAN_POINT('',(2.,0.,0.));
#4309 = CIRCLE('',#4310,2.);
#4310 = AXIS2_PLACEMENT_3D('',#4311,#4312,#4313);
#4311 = CARTESIAN_POINT('',(0.,0.,0.));
#4312 = DIRECTION('',(0.,0.,1.));
#4313 = DIRECTION('',(1.,0.,-0.));
#4314 = PLANE('',#4315);
#4315 = AXIS2_PLACEMENT_3D('',#4316,#4317,#4318);
#4316 = CARTESIAN_POINT('',(2.564871674052E-16,0.,0.));
#4317 = DIRECTION('',(0.,0.,1.));
#4318 = DIRECTION('',(1.,0.,-0.));
#4319 = ADVANCED_FACE('',(#4320,#4347),#4358,.T.);
#4320 = FACE_BOUND('',#4321,.T.);
#4321 = EDGE_LOOP('',(#4322,#4323,#4324,#4332,#4340,#4346));
#4322 = ORIENTED_EDGE('',*,*,#4187,.T.);
#4323 = ORIENTED_EDGE('',*,*,#4249,.T.);
#4324 = ORIENTED_EDGE('',*,*,#4325,.T.);
#4325 = EDGE_CURVE('',#4250,#4326,#4328,.T.);
#4326 = VERTEX_POINT('',#4327);
#4327 = CARTESIAN_POINT('',(-4.440892098501E-16,-4.04,3.2));
#4328 = LINE('',#4329,#4330);
#4329 = CARTESIAN_POINT('',(-3.498742631289,-2.02,3.2));
#4330 = VECTOR('',#4331,1.);
#4331 = DIRECTION('',(0.866025403784,-0.5,0.));
#4332 = ORIENTED_EDGE('',*,*,#4333,.T.);
#4333 = EDGE_CURVE('',#4326,#4334,#4336,.T.);
#4334 = VERTEX_POINT('',#4335);
#4335 = CARTESIAN_POINT('',(3.498742631289,-2.02,3.2));
#4336 = LINE('',#4337,#4338);
#4337 = CARTESIAN_POINT('',(-4.440892098501E-16,-4.04,3.2));
#4338 = VECTOR('',#4339,1.);
#4339 = DIRECTION('',(0.866025403784,0.5,0.));
#4340 = ORIENTED_EDGE('',*,*,#4341,.T.);
#4341 = EDGE_CURVE('',#4334,#4220,#4342,.T.);
#4342 = LINE('',#4343,#4344);
#4343 = CARTESIAN_POINT('',(3.498742631289,-2.02,3.2));
#4344 = VECTOR('',#4345,1.);
#4345 = DIRECTION('',(5.496153587253E-16,1.,0.));
#4346 = ORIENTED_EDGE('',*,*,#4227,.T.);
#4347 = FACE_BOUND('',#4348,.T.);
#4348 = EDGE_LOOP('',(#4349));
#4349 = ORIENTED_EDGE('',*,*,#4350,.T.);
#4350 = EDGE_CURVE('',#4351,#4351,#4353,.T.);
#4351 = VERTEX_POINT('',#4352);
#4352 = CARTESIAN_POINT('',(2.,0.,3.2));
#4353 = CIRCLE('',#4354,2.);
#4354 = AXIS2_PLACEMENT_3D('',#4355,#4356,#4357);
#4355 = CARTESIAN_POINT('',(0.,0.,3.2));
#4356 = DIRECTION('',(0.,0.,-1.));
#4357 = DIRECTION('',(1.,0.,0.));
#4358 = PLANE('',#4359);
#4359 = AXIS2_PLACEMENT_3D('',#4360,#4361,#4362);
#4360 = CARTESIAN_POINT('',(2.564871674052E-16,0.,3.2));
#4361 = DIRECTION('',(0.,0.,1.));
#4362 = DIRECTION('',(1.,0.,-0.));
#4363 = ADVANCED_FACE('',(#4364),#4375,.F.);
#4364 = FACE_BOUND('',#4365,.F.);
#4365 = EDGE_LOOP('',(#4366,#4372,#4373,#4374));
#4366 = ORIENTED_EDGE('',*,*,#4367,.T.);
#4367 = EDGE_CURVE('',#4290,#4334,#4368,.T.);
#4368 = LINE('',#4369,#4370);
#4369 = CARTESIAN_POINT('',(3.498742631289,-2.02,0.));
#4370 = VECTOR('',#4371,1.);
#4371 = DIRECTION('',(0.,0.,1.));
#4372 = ORIENTED_EDGE('',*,*,#4341,.T.);
#4373 = ORIENTED_EDGE('',*,*,#4217,.F.);
#4374 = ORIENTED_EDGE('',*,*,#4297,.F.);
#4375 = PLANE('',#4376);
#4376 = AXIS2_PLACEMENT_3D('',#4377,#4378,#4379);
#4377 = CARTESIAN_POINT('',(3.498742631289,-2.02,0.));
#4378 = DIRECTION('',(-1.,5.496153587253E-16,0.));
#4379 = DIRECTION('',(5.496153587253E-16,1.,0.));
#4380 = ADVANCED_FACE('',(#4381),#4392,.F.);
#4381 = FACE_BOUND('',#4382,.F.);
#4382 = EDGE_LOOP('',(#4383,#4384,#4385,#4391));
#4383 = ORIENTED_EDGE('',*,*,#4257,.T.);
#4384 = ORIENTED_EDGE('',*,*,#4325,.T.);
#4385 = ORIENTED_EDGE('',*,*,#4386,.F.);
#4386 = EDGE_CURVE('',#4282,#4326,#4387,.T.);
#4387 = LINE('',#4388,#4389);
#4388 = CARTESIAN_POINT('',(-4.440892098501E-16,-4.04,0.));
#4389 = VECTOR('',#4390,1.);
#4390 = DIRECTION('',(0.,0.,1.));
#4391 = ORIENTED_EDGE('',*,*,#4281,.F.);
#4392 = PLANE('',#4393);
#4393 = AXIS2_PLACEMENT_3D('',#4394,#4395,#4396);
#4394 = CARTESIAN_POINT('',(-3.498742631289,-2.02,0.));
#4395 = DIRECTION('',(0.5,0.866025403784,0.));
#4396 = DIRECTION('',(0.866025403784,-0.5,0.));
#4397 = ADVANCED_FACE('',(#4398),#4404,.F.);
#4398 = FACE_BOUND('',#4399,.F.);
#4399 = EDGE_LOOP('',(#4400,#4401,#4402,#4403));
#4400 = ORIENTED_EDGE('',*,*,#4386,.T.);
#4401 = ORIENTED_EDGE('',*,*,#4333,.T.);
#4402 = ORIENTED_EDGE('',*,*,#4367,.F.);
#4403 = ORIENTED_EDGE('',*,*,#4289,.F.);
#4404 = PLANE('',#4405);
#4405 = AXIS2_PLACEMENT_3D('',#4406,#4407,#4408);
#4406 = CARTESIAN_POINT('',(-4.440892098501E-16,-4.04,0.));
#4407 = DIRECTION('',(-0.5,0.866025403784,0.));
#4408 = DIRECTION('',(0.866025403784,0.5,0.));
#4409 = ADVANCED_FACE('',(#4410),#4421,.F.);
#4410 = FACE_BOUND('',#4411,.F.);
#4411 = EDGE_LOOP('',(#4412,#4418,#4419,#4420));
#4412 = ORIENTED_EDGE('',*,*,#4413,.T.);
#4413 = EDGE_CURVE('',#4307,#4351,#4414,.T.);
#4414 = LINE('',#4415,#4416);
#4415 = CARTESIAN_POINT('',(2.,0.,0.));
#4416 = VECTOR('',#4417,1.);
#4417 = DIRECTION('',(0.,0.,1.));
#4418 = ORIENTED_EDGE('',*,*,#4350,.T.);
#4419 = ORIENTED_EDGE('',*,*,#4413,.F.);
#4420 = ORIENTED_EDGE('',*,*,#4306,.T.);
#4421 = CYLINDRICAL_SURFACE('',#4422,2.);
#4422 = AXIS2_PLACEMENT_3D('',#4423,#4424,#4425);
#4423 = CARTESIAN_POINT('',(0.,0.,0.));
#4424 = DIRECTION('',(-0.,-0.,-1.));
#4425 = DIRECTION('',(1.,0.,0.));
#4426 = ( GEOMETRIC_REPRESENTATION_CONTEXT(3) 
GLOBAL_UNCERTAINTY_ASSIGNED_CONTEXT((#4430)) 
GLOBAL_UNIT_ASSIGNED_CONTEXT((#4427,#4428,#4429)) REPRESENTATION_CONTEXT
('Context #1','3D Context with UNIT and UNCERTAINTY') );
#4427 = ( LENGTH_UNIT() NAMED_UNIT(*) SI_UNIT(.MILLI.,.METRE.) );
#4428 = ( NAMED_UNIT(*) PLANE_ANGLE_UNIT() SI_UNIT($,.RADIAN.) );
#4429 = ( NAMED_UNIT(*) SI_UNIT($,.STERADIAN.) SOLID_ANGLE_UNIT() );
#4430 = UNCERTAINTY_MEASURE_WITH_UNIT(LENGTH_MEASURE(1.E-07),#4427,
  'distance_accuracy_value','confusion accuracy');
#4431 = CONTEXT_DEPENDENT_SHAPE_REPRESENTATION(#4432,#4434);
#4432 = ( REPRESENTATION_RELATIONSHIP('','',#4170,#10) 
REPRESENTATION_RELATIONSHIP_WITH_TRANSFORMATION(#4433) 
SHAPE_REPRESENTATION_RELATIONSHIP() );
#4433 = ITEM_DEFINED_TRANSFORMATION('','',#11,#47);
#4434 = PRODUCT_DEFINITION_SHAPE('Placement','Placement of an item',
  #4435);
#4435 = NEXT_ASSEMBLY_USAGE_OCCURRENCE('14','m4_nut_1','',#5,#4165,$);
#4436 = PRODUCT_RELATED_PRODUCT_CATEGORY('part',$,(#4167));
#4437 = SHAPE_DEFINITION_REPRESENTATION(#4438,#4444);
#4438 = PRODUCT_DEFINITION_SHAPE('','',#4439);
#4439 = PRODUCT_DEFINITION('design','',#4440,#4443);
#4440 = PRODUCT_DEFINITION_FORMATION('','',#4441);
#4441 = PRODUCT('m4_nut_2','m4_nut_2','',(#4442));
#4442 = PRODUCT_CONTEXT('',#2,'mechanical');
#4443 = PRODUCT_DEFINITION_CONTEXT('part definition',#2,'design');
#4444 = ADVANCED_BREP_SHAPE_REPRESENTATION('',(#11,#4445),#4700);
#4445 = MANIFOLD_SOLID_BREP('',#4446);
#4446 = CLOSED_SHELL('',(#4447,#4487,#4518,#4549,#4593,#4637,#4654,#4671
    ,#4683));
#4447 = ADVANCED_FACE('',(#4448),#4482,.F.);
#4448 = FACE_BOUND('',#4449,.F.);
#4449 = EDGE_LOOP('',(#4450,#4460,#4468,#4476));
#4450 = ORIENTED_EDGE('',*,*,#4451,.T.);
#4451 = EDGE_CURVE('',#4452,#4454,#4456,.T.);
#4452 = VERTEX_POINT('',#4453);
#4453 = CARTESIAN_POINT('',(0.,4.04,0.));
#4454 = VERTEX_POINT('',#4455);
#4455 = CARTESIAN_POINT('',(0.,4.04,3.2));
#4456 = LINE('',#4457,#4458);
#4457 = CARTESIAN_POINT('',(0.,4.04,0.));
#4458 = VECTOR('',#4459,1.);
#4459 = DIRECTION('',(0.,0.,1.));
#4460 = ORIENTED_EDGE('',*,*,#4461,.T.);
#4461 = EDGE_CURVE('',#4454,#4462,#4464,.T.);
#4462 = VERTEX_POINT('',#4463);
#4463 = CARTESIAN_POINT('',(-3.498742631289,2.02,3.2));
#4464 = LINE('',#4465,#4466);
#4465 = CARTESIAN_POINT('',(0.,4.04,3.2));
#4466 = VECTOR('',#4467,1.);
#4467 = DIRECTION('',(-0.866025403784,-0.5,0.));
#4468 = ORIENTED_EDGE('',*,*,#4469,.F.);
#4469 = EDGE_CURVE('',#4470,#4462,#4472,.T.);
#4470 = VERTEX_POINT('',#4471);
#4471 = CARTESIAN_POINT('',(-3.498742631289,2.02,0.));
#4472 = LINE('',#4473,#4474);
#4473 = CARTESIAN_POINT('',(-3.498742631289,2.02,0.));
#4474 = VECTOR('',#4475,1.);
#4475 = DIRECTION('',(0.,0.,1.));
#4476 = ORIENTED_EDGE('',*,*,#4477,.F.);
#4477 = EDGE_CURVE('',#4452,#4470,#4478,.T.);
#4478 = LINE('',#4479,#4480);
#4479 = CARTESIAN_POINT('',(0.,4.04,0.));
#4480 = VECTOR('',#4481,1.);
#4481 = DIRECTION('',(-0.866025403784,-0.5,0.));
#4482 = PLANE('',#4483);
#4483 = AXIS2_PLACEMENT_3D('',#4484,#4485,#4486);
#4484 = CARTESIAN_POINT('',(0.,4.04,0.));
#4485 = DIRECTION('',(0.5,-0.866025403784,0.));
#4486 = DIRECTION('',(-0.866025403784,-0.5,0.));
#4487 = ADVANCED_FACE('',(#4488),#4513,.F.);
#4488 = FACE_BOUND('',#4489,.F.);
#4489 = EDGE_LOOP('',(#4490,#4500,#4506,#4507));
#4490 = ORIENTED_EDGE('',*,*,#4491,.T.);
#4491 = EDGE_CURVE('',#4492,#4494,#4496,.T.);
#4492 = VERTEX_POINT('',#4493);
#4493 = CARTESIAN_POINT('',(3.498742631289,2.02,0.));
#4494 = VERTEX_POINT('',#4495);
#4495 = CARTESIAN_POINT('',(3.498742631289,2.02,3.2));
#4496 = LINE('',#4497,#4498);
#4497 = CARTESIAN_POINT('',(3.498742631289,2.02,0.));
#4498 = VECTOR('',#4499,1.);
#4499 = DIRECTION('',(0.,0.,1.));
#4500 = ORIENTED_EDGE('',*,*,#4501,.T.);
#4501 = EDGE_CURVE('',#4494,#4454,#4502,.T.);
#4502 = LINE('',#4503,#4504);
#4503 = CARTESIAN_POINT('',(3.498742631289,2.02,3.2));
#4504 = VECTOR('',#4505,1.);
#4505 = DIRECTION('',(-0.866025403784,0.5,0.));
#4506 = ORIENTED_EDGE('',*,*,#4451,.F.);
#4507 = ORIENTED_EDGE('',*,*,#4508,.F.);
#4508 = EDGE_CURVE('',#4492,#4452,#4509,.T.);
#4509 = LINE('',#4510,#4511);
#4510 = CARTESIAN_POINT('',(3.498742631289,2.02,0.));
#4511 = VECTOR('',#4512,1.);
#4512 = DIRECTION('',(-0.866025403784,0.5,0.));
#4513 = PLANE('',#4514);
#4514 = AXIS2_PLACEMENT_3D('',#4515,#4516,#4517);
#4515 = CARTESIAN_POINT('',(3.498742631289,2.02,0.));
#4516 = DIRECTION('',(-0.5,-0.866025403784,0.));
#4517 = DIRECTION('',(-0.866025403784,0.5,0.));
#4518 = ADVANCED_FACE('',(#4519),#4544,.F.);
#4519 = FACE_BOUND('',#4520,.F.);
#4520 = EDGE_LOOP('',(#4521,#4522,#4530,#4538));
#4521 = ORIENTED_EDGE('',*,*,#4469,.T.);
#4522 = ORIENTED_EDGE('',*,*,#4523,.T.);
#4523 = EDGE_CURVE('',#4462,#4524,#4526,.T.);
#4524 = VERTEX_POINT('',#4525);
#4525 = CARTESIAN_POINT('',(-3.498742631289,-2.02,3.2));
#4526 = LINE('',#4527,#4528);
#4527 = CARTESIAN_POINT('',(-3.498742631289,2.02,3.2));
#4528 = VECTOR('',#4529,1.);
#4529 = DIRECTION('',(-1.1E-16,-1.,0.));
#4530 = ORIENTED_EDGE('',*,*,#4531,.F.);
#4531 = EDGE_CURVE('',#4532,#4524,#4534,.T.);
#4532 = VERTEX_POINT('',#4533);
#4533 = CARTESIAN_POINT('',(-3.498742631289,-2.02,0.));
#4534 = LINE('',#4535,#4536);
#4535 = CARTESIAN_POINT('',(-3.498742631289,-2.02,0.));
#4536 = VECTOR('',#4537,1.);
#4537 = DIRECTION('',(0.,0.,1.));
#4538 = ORIENTED_EDGE('',*,*,#4539,.F.);
#4539 = EDGE_CURVE('',#4470,#4532,#4540,.T.);
#4540 = LINE('',#4541,#4542);
#4541 = CARTESIAN_POINT('',(-3.498742631289,2.02,0.));
#4542 = VECTOR('',#4543,1.);
#4543 = DIRECTION('',(-1.1E-16,-1.,0.));
#4544 = PLANE('',#4545);
#4545 = AXIS2_PLACEMENT_3D('',#4546,#4547,#4548);
#4546 = CARTESIAN_POINT('',(-3.498742631289,2.02,0.));
#4547 = DIRECTION('',(1.,-1.1E-16,0.));
#4548 = DIRECTION('',(-1.1E-16,-1.,0.));
#4549 = ADVANCED_FACE('',(#4550,#4577),#4588,.F.);
#4550 = FACE_BOUND('',#4551,.F.);
#4551 = EDGE_LOOP('',(#4552,#4553,#4554,#4562,#4570,#4576));
#4552 = ORIENTED_EDGE('',*,*,#4477,.T.);
#4553 = ORIENTED_EDGE('',*,*,#4539,.T.);
#4554 = ORIENTED_EDGE('',*,*,#4555,.T.);
#4555 = EDGE_CURVE('',#4532,#4556,#4558,.T.);
#4556 = VERTEX_POINT('',#4557);
#4557 = CARTESIAN_POINT('',(-0.,-4.04,0.));
#4558 = LINE('',#4559,#4560);
#4559 = CARTESIAN_POINT('',(-3.498742631289,-2.02,0.));
#4560 = VECTOR('',#4561,1.);
#4561 = DIRECTION('',(0.866025403784,-0.5,0.));
#4562 = ORIENTED_EDGE('',*,*,#4563,.T.);
#4563 = EDGE_CURVE('',#4556,#4564,#4566,.T.);
#4564 = VERTEX_POINT('',#4565);
#4565 = CARTESIAN_POINT('',(3.498742631289,-2.02,0.));
#4566 = LINE('',#4567,#4568);
#4567 = CARTESIAN_POINT('',(-4.4E-16,-4.04,0.));
#4568 = VECTOR('',#4569,1.);
#4569 = DIRECTION('',(0.866025403784,0.5,0.));
#4570 = ORIENTED_EDGE('',*,*,#4571,.T.);
#4571 = EDGE_CURVE('',#4564,#4492,#4572,.T.);
#4572 = LINE('',#4573,#4574);
#4573 = CARTESIAN_POINT('',(3.498742631289,-2.02,0.));
#4574 = VECTOR('',#4575,1.);
#4575 = DIRECTION('',(5.5E-16,1.,0.));
#4576 = ORIENTED_EDGE('',*,*,#4508,.T.);
#4577 = FACE_BOUND('',#4578,.F.);
#4578 = EDGE_LOOP('',(#4579));
#4579 = ORIENTED_EDGE('',*,*,#4580,.F.);
#4580 = EDGE_CURVE('',#4581,#4581,#4583,.T.);
#4581 = VERTEX_POINT('',#4582);
#4582 = CARTESIAN_POINT('',(2.,0.,0.));
#4583 = CIRCLE('',#4584,2.);
#4584 = AXIS2_PLACEMENT_3D('',#4585,#4586,#4587);
#4585 = CARTESIAN_POINT('',(0.,0.,0.));
#4586 = DIRECTION('',(0.,0.,1.));
#4587 = DIRECTION('',(1.,0.,-0.));
#4588 = PLANE('',#4589);
#4589 = AXIS2_PLACEMENT_3D('',#4590,#4591,#4592);
#4590 = CARTESIAN_POINT('',(2.6E-16,0.,0.));
#4591 = DIRECTION('',(0.,0.,1.));
#4592 = DIRECTION('',(1.,0.,-0.));
#4593 = ADVANCED_FACE('',(#4594,#4621),#4632,.T.);
#4594 = FACE_BOUND('',#4595,.T.);
#4595 = EDGE_LOOP('',(#4596,#4597,#4598,#4606,#4614,#4620));
#4596 = ORIENTED_EDGE('',*,*,#4461,.T.);
#4597 = ORIENTED_EDGE('',*,*,#4523,.T.);
#4598 = ORIENTED_EDGE('',*,*,#4599,.T.);
#4599 = EDGE_CURVE('',#4524,#4600,#4602,.T.);
#4600 = VERTEX_POINT('',#4601);
#4601 = CARTESIAN_POINT('',(-0.,-4.04,3.2));
#4602 = LINE('',#4603,#4604);
#4603 = CARTESIAN_POINT('',(-3.498742631289,-2.02,3.2));
#4604 = VECTOR('',#4605,1.);
#4605 = DIRECTION('',(0.866025403784,-0.5,0.));
#4606 = ORIENTED_EDGE('',*,*,#4607,.T.);
#4607 = EDGE_CURVE('',#4600,#4608,#4610,.T.);
#4608 = VERTEX_POINT('',#4609);
#4609 = CARTESIAN_POINT('',(3.498742631289,-2.02,3.2));
#4610 = LINE('',#4611,#4612);
#4611 = CARTESIAN_POINT('',(-4.4E-16,-4.04,3.2));
#4612 = VECTOR('',#4613,1.);
#4613 = DIRECTION('',(0.866025403784,0.5,0.));
#4614 = ORIENTED_EDGE('',*,*,#4615,.T.);
#4615 = EDGE_CURVE('',#4608,#4494,#4616,.T.);
#4616 = LINE('',#4617,#4618);
#4617 = CARTESIAN_POINT('',(3.498742631289,-2.02,3.2));
#4618 = VECTOR('',#4619,1.);
#4619 = DIRECTION('',(5.5E-16,1.,0.));
#4620 = ORIENTED_EDGE('',*,*,#4501,.T.);
#4621 = FACE_BOUND('',#4622,.T.);
#4622 = EDGE_LOOP('',(#4623));
#4623 = ORIENTED_EDGE('',*,*,#4624,.T.);
#4624 = EDGE_CURVE('',#4625,#4625,#4627,.T.);
#4625 = VERTEX_POINT('',#4626);
#4626 = CARTESIAN_POINT('',(2.,0.,3.2));
#4627 = CIRCLE('',#4628,2.);
#4628 = AXIS2_PLACEMENT_3D('',#4629,#4630,#4631);
#4629 = CARTESIAN_POINT('',(0.,0.,3.2));
#4630 = DIRECTION('',(0.,0.,-1.));
#4631 = DIRECTION('',(1.,0.,0.));
#4632 = PLANE('',#4633);
#4633 = AXIS2_PLACEMENT_3D('',#4634,#4635,#4636);
#4634 = CARTESIAN_POINT('',(2.6E-16,0.,3.2));
#4635 = DIRECTION('',(0.,0.,1.));
#4636 = DIRECTION('',(1.,0.,-0.));
#4637 = ADVANCED_FACE('',(#4638),#4649,.F.);
#4638 = FACE_BOUND('',#4639,.F.);
#4639 = EDGE_LOOP('',(#4640,#4646,#4647,#4648));
#4640 = ORIENTED_EDGE('',*,*,#4641,.T.);
#4641 = EDGE_CURVE('',#4564,#4608,#4642,.T.);
#4642 = LINE('',#4643,#4644);
#4643 = CARTESIAN_POINT('',(3.498742631289,-2.02,0.));
#4644 = VECTOR('',#4645,1.);
#4645 = DIRECTION('',(0.,0.,1.));
#4646 = ORIENTED_EDGE('',*,*,#4615,.T.);
#4647 = ORIENTED_EDGE('',*,*,#4491,.F.);
#4648 = ORIENTED_EDGE('',*,*,#4571,.F.);
#4649 = PLANE('',#4650);
#4650 = AXIS2_PLACEMENT_3D('',#4651,#4652,#4653);
#4651 = CARTESIAN_POINT('',(3.498742631289,-2.02,0.));
#4652 = DIRECTION('',(-1.,5.5E-16,0.));
#4653 = DIRECTION('',(5.5E-16,1.,0.));
#4654 = ADVANCED_FACE('',(#4655),#4666,.F.);
#4655 = FACE_BOUND('',#4656,.F.);
#4656 = EDGE_LOOP('',(#4657,#4658,#4659,#4665));
#4657 = ORIENTED_EDGE('',*,*,#4531,.T.);
#4658 = ORIENTED_EDGE('',*,*,#4599,.T.);
#4659 = ORIENTED_EDGE('',*,*,#4660,.F.);
#4660 = EDGE_CURVE('',#4556,#4600,#4661,.T.);
#4661 = LINE('',#4662,#4663);
#4662 = CARTESIAN_POINT('',(-4.4E-16,-4.04,0.));
#4663 = VECTOR('',#4664,1.);
#4664 = DIRECTION('',(0.,0.,1.));
#4665 = ORIENTED_EDGE('',*,*,#4555,.F.);
#4666 = PLANE('',#4667);
#4667 = AXIS2_PLACEMENT_3D('',#4668,#4669,#4670);
#4668 = CARTESIAN_POINT('',(-3.498742631289,-2.02,0.));
#4669 = DIRECTION('',(0.5,0.866025403784,0.));
#4670 = DIRECTION('',(0.866025403784,-0.5,0.));
#4671 = ADVANCED_FACE('',(#4672),#4678,.F.);
#4672 = FACE_BOUND('',#4673,.F.);
#4673 = EDGE_LOOP('',(#4674,#4675,#4676,#4677));
#4674 = ORIENTED_EDGE('',*,*,#4660,.T.);
#4675 = ORIENTED_EDGE('',*,*,#4607,.T.);
#4676 = ORIENTED_EDGE('',*,*,#4641,.F.);
#4677 = ORIENTED_EDGE('',*,*,#4563,.F.);
#4678 = PLANE('',#4679);
#4679 = AXIS2_PLACEMENT_3D('',#4680,#4681,#4682);
#4680 = CARTESIAN_POINT('',(-4.4E-16,-4.04,0.));
#4681 = DIRECTION('',(-0.5,0.866025403784,0.));
#4682 = DIRECTION('',(0.866025403784,0.5,0.));
#4683 = ADVANCED_FACE('',(#4684),#4695,.F.);
#4684 = FACE_BOUND('',#4685,.F.);
#4685 = EDGE_LOOP('',(#4686,#4692,#4693,#4694));
#4686 = ORIENTED_EDGE('',*,*,#4687,.T.);
#4687 = EDGE_CURVE('',#4581,#4625,#4688,.T.);
#4688 = LINE('',#4689,#4690);
#4689 = CARTESIAN_POINT('',(2.,0.,0.));
#4690 = VECTOR('',#4691,1.);
#4691 = DIRECTION('',(0.,0.,1.));
#4692 = ORIENTED_EDGE('',*,*,#4624,.T.);
#4693 = ORIENTED_EDGE('',*,*,#4687,.F.);
#4694 = ORIENTED_EDGE('',*,*,#4580,.T.);
#4695 = CYLINDRICAL_SURFACE('',#4696,2.);
#4696 = AXIS2_PLACEMENT_3D('',#4697,#4698,#4699);
#4697 = CARTESIAN_POINT('',(0.,0.,0.));
#4698 = DIRECTION('',(-0.,-0.,-1.));
#4699 = DIRECTION('',(1.,0.,0.));
#4700 = ( GEOMETRIC_REPRESENTATION_CONTEXT(3) 
GLOBAL_UNCERTAINTY_ASSIGNED_CONTEXT((#4704)) 
GLOBAL_UNIT_ASSIGNED_CONTEXT((#4701,#4702,#4703)) REPRESENTATION_CONTEXT
('Context #1','3D Context with UNIT and UNCERTAINTY') );
#4701 = ( LENGTH_UNIT() NAMED_UNIT(*) SI_UNIT(.MILLI.,.METRE.) );
#4702 = ( NAMED_UNIT(*) PLANE_ANGLE_UNIT() SI_UNIT($,.RADIAN.) );
#4703 = ( NAMED_UNIT(*) SI_UNIT($,.STERADIAN.) SOLID_ANGLE_UNIT() );
#4704 = UNCERTAINTY_MEASURE_WITH_UNIT(LENGTH_MEASURE(1.E-07),#4701,
  'distance_accuracy_value','confusion accuracy');
#4705 = CONTEXT_DEPENDENT_SHAPE_REPRESENTATION(#4706,#4708);
#4706 = ( REPRESENTATION_RELATIONSHIP('','',#4444,#10) 
REPRESENTATION_RELATIONSHIP_WITH_TRANSFORMATION(#4707) 
SHAPE_REPRESENTATION_RELATIONSHIP() );
#4707 = ITEM_DEFINED_TRANSFORMATION('','',#11,#51);
#4708 = PRODUCT_DEFINITION_SHAPE('Placement','Placement of an item',
  #4709);
#4709 = NEXT_ASSEMBLY_USAGE_OCCURRENCE('15','m4_nut_2','',#5,#4439,$);
#4710 = PRODUCT_RELATED_PRODUCT_CATEGORY('part',$,(#4441));
#4711 = SHAPE_DEFINITION_REPRESENTATION(#4712,#4718);
#4712 = PRODUCT_DEFINITION_SHAPE('','',#4713);
#4713 = PRODUCT_DEFINITION('design','',#4714,#4717);
#4714 = PRODUCT_DEFINITION_FORMATION('','',#4715);
#4715 = PRODUCT('m4_nut_3','m4_nut_3','',(#4716));
#4716 = PRODUCT_CONTEXT('',#2,'mechanical');
#4717 = PRODUCT_DEFINITION_CONTEXT('part definition',#2,'design');
#4718 = ADVANCED_BREP_SHAPE_REPRESENTATION('',(#11,#4719),#4974);
#4719 = MANIFOLD_SOLID_BREP('',#4720);
#4720 = CLOSED_SHELL('',(#4721,#4761,#4792,#4823,#4867,#4911,#4928,#4945
    ,#4957));
#4721 = ADVANCED_FACE('',(#4722),#4756,.F.);
#4722 = FACE_BOUND('',#4723,.F.);
#4723 = EDGE_LOOP('',(#4724,#4734,#4742,#4750));
#4724 = ORIENTED_EDGE('',*,*,#4725,.T.);
#4725 = EDGE_CURVE('',#4726,#4728,#4730,.T.);
#4726 = VERTEX_POINT('',#4727);
#4727 = CARTESIAN_POINT('',(0.,4.04,0.));
#4728 = VERTEX_POINT('',#4729);
#4729 = CARTESIAN_POINT('',(0.,4.04,3.2));
#4730 = LINE('',#4731,#4732);
#4731 = CARTESIAN_POINT('',(0.,4.04,0.));
#4732 = VECTOR('',#4733,1.);
#4733 = DIRECTION('',(0.,0.,1.));
#4734 = ORIENTED_EDGE('',*,*,#4735,.T.);
#4735 = EDGE_CURVE('',#4728,#4736,#4738,.T.);
#4736 = VERTEX_POINT('',#4737);
#4737 = CARTESIAN_POINT('',(-3.498742631289,2.02,3.2));
#4738 = LINE('',#4739,#4740);
#4739 = CARTESIAN_POINT('',(0.,4.04,3.2));
#4740 = VECTOR('',#4741,1.);
#4741 = DIRECTION('',(-0.866025403784,-0.5,0.));
#4742 = ORIENTED_EDGE('',*,*,#4743,.F.);
#4743 = EDGE_CURVE('',#4744,#4736,#4746,.T.);
#4744 = VERTEX_POINT('',#4745);
#4745 = CARTESIAN_POINT('',(-3.498742631289,2.02,0.));
#4746 = LINE('',#4747,#4748);
#4747 = CARTESIAN_POINT('',(-3.498742631289,2.02,0.));
#4748 = VECTOR('',#4749,1.);
#4749 = DIRECTION('',(0.,0.,1.));
#4750 = ORIENTED_EDGE('',*,*,#4751,.F.);
#4751 = EDGE_CURVE('',#4726,#4744,#4752,.T.);
#4752 = LINE('',#4753,#4754);
#4753 = CARTESIAN_POINT('',(0.,4.04,0.));
#4754 = VECTOR('',#4755,1.);
#4755 = DIRECTION('',(-0.866025403784,-0.5,0.));
#4756 = PLANE('',#4757);
#4757 = AXIS2_PLACEMENT_3D('',#4758,#4759,#4760);
#4758 = CARTESIAN_POINT('',(0.,4.04,0.));
#4759 = DIRECTION('',(0.5,-0.866025403784,0.));
#4760 = DIRECTION('',(-0.866025403784,-0.5,0.));
#4761 = ADVANCED_FACE('',(#4762),#4787,.F.);
#4762 = FACE_BOUND('',#4763,.F.);
#4763 = EDGE_LOOP('',(#4764,#4774,#4780,#4781));
#4764 = ORIENTED_EDGE('',*,*,#4765,.T.);
#4765 = EDGE_CURVE('',#4766,#4768,#4770,.T.);
#4766 = VERTEX_POINT('',#4767);
#4767 = CARTESIAN_POINT('',(3.498742631289,2.02,0.));
#4768 = VERTEX_POINT('',#4769);
#4769 = CARTESIAN_POINT('',(3.498742631289,2.02,3.2));
#4770 = LINE('',#4771,#4772);
#4771 = CARTESIAN_POINT('',(3.498742631289,2.02,0.));
#4772 = VECTOR('',#4773,1.);
#4773 = DIRECTION('',(0.,0.,1.));
#4774 = ORIENTED_EDGE('',*,*,#4775,.T.);
#4775 = EDGE_CURVE('',#4768,#4728,#4776,.T.);
#4776 = LINE('',#4777,#4778);
#4777 = CARTESIAN_POINT('',(3.498742631289,2.02,3.2));
#4778 = VECTOR('',#4779,1.);
#4779 = DIRECTION('',(-0.866025403784,0.5,0.));
#4780 = ORIENTED_EDGE('',*,*,#4725,.F.);
#4781 = ORIENTED_EDGE('',*,*,#4782,.F.);
#4782 = EDGE_CURVE('',#4766,#4726,#4783,.T.);
#4783 = LINE('',#4784,#4785);
#4784 = CARTESIAN_POINT('',(3.498742631289,2.02,0.));
#4785 = VECTOR('',#4786,1.);
#4786 = DIRECTION('',(-0.866025403784,0.5,0.));
#4787 = PLANE('',#4788);
#4788 = AXIS2_PLACEMENT_3D('',#4789,#4790,#4791);
#4789 = CARTESIAN_POINT('',(3.498742631289,2.02,0.));
#4790 = DIRECTION('',(-0.5,-0.866025403784,0.));
#4791 = DIRECTION('',(-0.866025403784,0.5,0.));
#4792 = ADVANCED_FACE('',(#4793),#4818,.F.);
#4793 = FACE_BOUND('',#4794,.F.);
#4794 = EDGE_LOOP('',(#4795,#4796,#4804,#4812));
#4795 = ORIENTED_EDGE('',*,*,#4743,.T.);
#4796 = ORIENTED_EDGE('',*,*,#4797,.T.);
#4797 = EDGE_CURVE('',#4736,#4798,#4800,.T.);
#4798 = VERTEX_POINT('',#4799);
#4799 = CARTESIAN_POINT('',(-3.498742631289,-2.02,3.2));
#4800 = LINE('',#4801,#4802);
#4801 = CARTESIAN_POINT('',(-3.498742631289,2.02,3.2));
#4802 = VECTOR('',#4803,1.);
#4803 = DIRECTION('',(-1.1E-16,-1.,0.));
#4804 = ORIENTED_EDGE('',*,*,#4805,.F.);
#4805 = EDGE_CURVE('',#4806,#4798,#4808,.T.);
#4806 = VERTEX_POINT('',#4807);
#4807 = CARTESIAN_POINT('',(-3.498742631289,-2.02,0.));
#4808 = LINE('',#4809,#4810);
#4809 = CARTESIAN_POINT('',(-3.498742631289,-2.02,0.));
#4810 = VECTOR('',#4811,1.);
#4811 = DIRECTION('',(0.,0.,1.));
#4812 = ORIENTED_EDGE('',*,*,#4813,.F.);
#4813 = EDGE_CURVE('',#4744,#4806,#4814,.T.);
#4814 = LINE('',#4815,#4816);
#4815 = CARTESIAN_POINT('',(-3.498742631289,2.02,0.));
#4816 = VECTOR('',#4817,1.);
#4817 = DIRECTION('',(-1.1E-16,-1.,0.));
#4818 = PLANE('',#4819);
#4819 = AXIS2_PLACEMENT_3D('',#4820,#4821,#4822);
#4820 = CARTESIAN_POINT('',(-3.498742631289,2.02,0.));
#4821 = DIRECTION('',(1.,-1.1E-16,0.));
#4822 = DIRECTION('',(-1.1E-16,-1.,0.));
#4823 = ADVANCED_FACE('',(#4824,#4851),#4862,.F.);
#4824 = FACE_BOUND('',#4825,.F.);
#4825 = EDGE_LOOP('',(#4826,#4827,#4828,#4836,#4844,#4850));
#4826 = ORIENTED_EDGE('',*,*,#4751,.T.);
#4827 = ORIENTED_EDGE('',*,*,#4813,.T.);
#4828 = ORIENTED_EDGE('',*,*,#4829,.T.);
#4829 = EDGE_CURVE('',#4806,#4830,#4832,.T.);
#4830 = VERTEX_POINT('',#4831);
#4831 = CARTESIAN_POINT('',(-0.,-4.04,0.));
#4832 = LINE('',#4833,#4834);
#4833 = CARTESIAN_POINT('',(-3.498742631289,-2.02,0.));
#4834 = VECTOR('',#4835,1.);
#4835 = DIRECTION('',(0.866025403784,-0.5,0.));
#4836 = ORIENTED_EDGE('',*,*,#4837,.T.);
#4837 = EDGE_CURVE('',#4830,#4838,#4840,.T.);
#4838 = VERTEX_POINT('',#4839);
#4839 = CARTESIAN_POINT('',(3.498742631289,-2.02,0.));
#4840 = LINE('',#4841,#4842);
#4841 = CARTESIAN_POINT('',(-4.4E-16,-4.04,0.));
#4842 = VECTOR('',#4843,1.);
#4843 = DIRECTION('',(0.866025403784,0.5,0.));
#4844 = ORIENTED_EDGE('',*,*,#4845,.T.);
#4845 = EDGE_CURVE('',#4838,#4766,#4846,.T.);
#4846 = LINE('',#4847,#4848);
#4847 = CARTESIAN_POINT('',(3.498742631289,-2.02,0.));
#4848 = VECTOR('',#4849,1.);
#4849 = DIRECTION('',(5.5E-16,1.,0.));
#4850 = ORIENTED_EDGE('',*,*,#4782,.T.);
#4851 = FACE_BOUND('',#4852,.F.);
#4852 = EDGE_LOOP('',(#4853));
#4853 = ORIENTED_EDGE('',*,*,#4854,.F.);
#4854 = EDGE_CURVE('',#4855,#4855,#4857,.T.);
#4855 = VERTEX_POINT('',#4856);
#4856 = CARTESIAN_POINT('',(2.,0.,0.));
#4857 = CIRCLE('',#4858,2.);
#4858 = AXIS2_PLACEMENT_3D('',#4859,#4860,#4861);
#4859 = CARTESIAN_POINT('',(0.,0.,0.));
#4860 = DIRECTION('',(0.,0.,1.));
#4861 = DIRECTION('',(1.,0.,-0.));
#4862 = PLANE('',#4863);
#4863 = AXIS2_PLACEMENT_3D('',#4864,#4865,#4866);
#4864 = CARTESIAN_POINT('',(2.6E-16,0.,0.));
#4865 = DIRECTION('',(0.,0.,1.));
#4866 = DIRECTION('',(1.,0.,-0.));
#4867 = ADVANCED_FACE('',(#4868,#4895),#4906,.T.);
#4868 = FACE_BOUND('',#4869,.T.);
#4869 = EDGE_LOOP('',(#4870,#4871,#4872,#4880,#4888,#4894));
#4870 = ORIENTED_EDGE('',*,*,#4735,.T.);
#4871 = ORIENTED_EDGE('',*,*,#4797,.T.);
#4872 = ORIENTED_EDGE('',*,*,#4873,.T.);
#4873 = EDGE_CURVE('',#4798,#4874,#4876,.T.);
#4874 = VERTEX_POINT('',#4875);
#4875 = CARTESIAN_POINT('',(-0.,-4.04,3.2));
#4876 = LINE('',#4877,#4878);
#4877 = CARTESIAN_POINT('',(-3.498742631289,-2.02,3.2));
#4878 = VECTOR('',#4879,1.);
#4879 = DIRECTION('',(0.866025403784,-0.5,0.));
#4880 = ORIENTED_EDGE('',*,*,#4881,.T.);
#4881 = EDGE_CURVE('',#4874,#4882,#4884,.T.);
#4882 = VERTEX_POINT('',#4883);
#4883 = CARTESIAN_POINT('',(3.498742631289,-2.02,3.2));
#4884 = LINE('',#4885,#4886);
#4885 = CARTESIAN_POINT('',(-4.4E-16,-4.04,3.2));
#4886 = VECTOR('',#4887,1.);
#4887 = DIRECTION('',(0.866025403784,0.5,0.));
#4888 = ORIENTED_EDGE('',*,*,#4889,.T.);
#4889 = EDGE_CURVE('',#4882,#4768,#4890,.T.);
#4890 = LINE('',#4891,#4892);
#4891 = CARTESIAN_POINT('',(3.498742631289,-2.02,3.2));
#4892 = VECTOR('',#4893,1.);
#4893 = DIRECTION('',(5.5E-16,1.,0.));
#4894 = ORIENTED_EDGE('',*,*,#4775,.T.);
#4895 = FACE_BOUND('',#4896,.T.);
#4896 = EDGE_LOOP('',(#4897));
#4897 = ORIENTED_EDGE('',*,*,#4898,.T.);
#4898 = EDGE_CURVE('',#4899,#4899,#4901,.T.);
#4899 = VERTEX_POINT('',#4900);
#4900 = CARTESIAN_POINT('',(2.,0.,3.2));
#4901 = CIRCLE('',#4902,2.);
#4902 = AXIS2_PLACEMENT_3D('',#4903,#4904,#4905);
#4903 = CARTESIAN_POINT('',(0.,0.,3.2));
#4904 = DIRECTION('',(0.,0.,-1.));
#4905 = DIRECTION('',(1.,0.,0.));
#4906 = PLANE('',#4907);
#4907 = AXIS2_PLACEMENT_3D('',#4908,#4909,#4910);
#4908 = CARTESIAN_POINT('',(2.6E-16,0.,3.2));
#4909 = DIRECTION('',(0.,0.,1.));
#4910 = DIRECTION('',(1.,0.,-0.));
#4911 = ADVANCED_FACE('',(#4912),#4923,.F.);
#4912 = FACE_BOUND('',#4913,.F.);
#4913 = EDGE_LOOP('',(#4914,#4920,#4921,#4922));
#4914 = ORIENTED_EDGE('',*,*,#4915,.T.);
#4915 = EDGE_CURVE('',#4838,#4882,#4916,.T.);
#4916 = LINE('',#4917,#4918);
#4917 = CARTESIAN_POINT('',(3.498742631289,-2.02,0.));
#4918 = VECTOR('',#4919,1.);
#4919 = DIRECTION('',(0.,0.,1.));
#4920 = ORIENTED_EDGE('',*,*,#4889,.T.);
#4921 = ORIENTED_EDGE('',*,*,#4765,.F.);
#4922 = ORIENTED_EDGE('',*,*,#4845,.F.);
#4923 = PLANE('',#4924);
#4924 = AXIS2_PLACEMENT_3D('',#4925,#4926,#4927);
#4925 = CARTESIAN_POINT('',(3.498742631289,-2.02,0.));
#4926 = DIRECTION('',(-1.,5.5E-16,0.));
#4927 = DIRECTION('',(5.5E-16,1.,0.));
#4928 = ADVANCED_FACE('',(#4929),#4940,.F.);
#4929 = FACE_BOUND('',#4930,.F.);
#4930 = EDGE_LOOP('',(#4931,#4932,#4933,#4939));
#4931 = ORIENTED_EDGE('',*,*,#4805,.T.);
#4932 = ORIENTED_EDGE('',*,*,#4873,.T.);
#4933 = ORIENTED_EDGE('',*,*,#4934,.F.);
#4934 = EDGE_CURVE('',#4830,#4874,#4935,.T.);
#4935 = LINE('',#4936,#4937);
#4936 = CARTESIAN_POINT('',(-4.4E-16,-4.04,0.));
#4937 = VECTOR('',#4938,1.);
#4938 = DIRECTION('',(0.,0.,1.));
#4939 = ORIENTED_EDGE('',*,*,#4829,.F.);
#4940 = PLANE('',#4941);
#4941 = AXIS2_PLACEMENT_3D('',#4942,#4943,#4944);
#4942 = CARTESIAN_POINT('',(-3.498742631289,-2.02,0.));
#4943 = DIRECTION('',(0.5,0.866025403784,0.));
#4944 = DIRECTION('',(0.866025403784,-0.5,0.));
#4945 = ADVANCED_FACE('',(#4946),#4952,.F.);
#4946 = FACE_BOUND('',#4947,.F.);
#4947 = EDGE_LOOP('',(#4948,#4949,#4950,#4951));
#4948 = ORIENTED_EDGE('',*,*,#4934,.T.);
#4949 = ORIENTED_EDGE('',*,*,#4881,.T.);
#4950 = ORIENTED_EDGE('',*,*,#4915,.F.);
#4951 = ORIENTED_EDGE('',*,*,#4837,.F.);
#4952 = PLANE('',#4953);
#4953 = AXIS2_PLACEMENT_3D('',#4954,#4955,#4956);
#4954 = CARTESIAN_POINT('',(-4.4E-16,-4.04,0.));
#4955 = DIRECTION('',(-0.5,0.866025403784,0.));
#4956 = DIRECTION('',(0.866025403784,0.5,0.));
#4957 = ADVANCED_FACE('',(#4958),#4969,.F.);
#4958 = FACE_BOUND('',#4959,.F.);
#4959 = EDGE_LOOP('',(#4960,#4966,#4967,#4968));
#4960 = ORIENTED_EDGE('',*,*,#4961,.T.);
#4961 = EDGE_CURVE('',#4855,#4899,#4962,.T.);
#4962 = LINE('',#4963,#4964);
#4963 = CARTESIAN_POINT('',(2.,0.,0.));
#4964 = VECTOR('',#4965,1.);
#4965 = DIRECTION('',(0.,0.,1.));
#4966 = ORIENTED_EDGE('',*,*,#4898,.T.);
#4967 = ORIENTED_EDGE('',*,*,#4961,.F.);
#4968 = ORIENTED_EDGE('',*,*,#4854,.T.);
#4969 = CYLINDRICAL_SURFACE('',#4970,2.);
#4970 = AXIS2_PLACEMENT_3D('',#4971,#4972,#4973);
#4971 = CARTESIAN_POINT('',(0.,0.,0.));
#4972 = DIRECTION('',(-0.,-0.,-1.));
#4973 = DIRECTION('',(1.,0.,0.));
#4974 = ( GEOMETRIC_REPRESENTATION_CONTEXT(3) 
GLOBAL_UNCERTAINTY_ASSIGNED_CONTEXT((#4978)) 
GLOBAL_UNIT_ASSIGNED_CONTEXT((#4975,#4976,#4977)) REPRESENTATION_CONTEXT
('Context #1','3D Context with UNIT and UNCERTAINTY') );
#4975 = ( LENGTH_UNIT() NAMED_UNIT(*) SI_UNIT(.MILLI.,.METRE.) );
#4976 = ( NAMED_UNIT(*) PLANE_ANGLE_UNIT() SI_UNIT($,.RADIAN.) );
#4977 = ( NAMED_UNIT(*) SI_UNIT($,.STERADIAN.) SOLID_ANGLE_UNIT() );
#4978 = UNCERTAINTY_MEASURE_WITH_UNIT(LENGTH_MEASURE(1.E-07),#4975,
  'distance_accuracy_value','confusion accuracy');
#4979 = CONTEXT_DEPENDENT_SHAPE_REPRESENTATION(#4980,#4982);
#4980 = ( REPRESENTATION_RELATIONSHIP('','',#4718,#10) 
REPRESENTATION_RELATIONSHIP_WITH_TRANSFORMATION(#4981) 
SHAPE_REPRESENTATION_RELATIONSHIP() );
#4981 = ITEM_DEFINED_TRANSFORMATION('','',#11,#55);
#4982 = PRODUCT_DEFINITION_SHAPE('Placement','Placement of an item',
  #4983);
#4983 = NEXT_ASSEMBLY_USAGE_OCCURRENCE('16','m4_nut_3','',#5,#4713,$);
#4984 = PRODUCT_RELATED_PRODUCT_CATEGORY('part',$,(#4715));
#4985 = SHAPE_DEFINITION_REPRESENTATION(#4986,#4992);
#4986 = PRODUCT_DEFINITION_SHAPE('','',#4987);
#4987 = PRODUCT_DEFINITION('design','',#4988,#4991);
#4988 = PRODUCT_DEFINITION_FORMATION('','',#4989);
#4989 = PRODUCT('m4_nut_4','m4_nut_4','',(#4990));
#4990 = PRODUCT_CONTEXT('',#2,'mechanical');
#4991 = PRODUCT_DEFINITION_CONTEXT('part definition',#2,'design');
#4992 = ADVANCED_BREP_SHAPE_REPRESENTATION('',(#11,#4993),#5248);
#4993 = MANIFOLD_SOLID_BREP('',#4994);
#4994 = CLOSED_SHELL('',(#4995,#5035,#5066,#5097,#5141,#5185,#5202,#5219
    ,#5231));
#4995 = ADVANCED_FACE('',(#4996),#5030,.F.);
#4996 = FACE_BOUND('',#4997,.F.);
#4997 = EDGE_LOOP('',(#4998,#5008,#5016,#5024));
#4998 = ORIENTED_EDGE('',*,*,#4999,.T.);
#4999 = EDGE_CURVE('',#5000,#5002,#5004,.T.);
#5000 = VERTEX_POINT('',#5001);
#5001 = CARTESIAN_POINT('',(0.,4.04,0.));
#5002 = VERTEX_POINT('',#5003);
#5003 = CARTESIAN_POINT('',(0.,4.04,3.2));
#5004 = LINE('',#5005,#5006);
#5005 = CARTESIAN_POINT('',(0.,4.04,0.));
#5006 = VECTOR('',#5007,1.);
#5007 = DIRECTION('',(0.,0.,1.));
#5008 = ORIENTED_EDGE('',*,*,#5009,.T.);
#5009 = EDGE_CURVE('',#5002,#5010,#5012,.T.);
#5010 = VERTEX_POINT('',#5011);
#5011 = CARTESIAN_POINT('',(-3.498742631289,2.02,3.2));
#5012 = LINE('',#5013,#5014);
#5013 = CARTESIAN_POINT('',(0.,4.04,3.2));
#5014 = VECTOR('',#5015,1.);
#5015 = DIRECTION('',(-0.866025403784,-0.5,0.));
#5016 = ORIENTED_EDGE('',*,*,#5017,.F.);
#5017 = EDGE_CURVE('',#5018,#5010,#5020,.T.);
#5018 = VERTEX_POINT('',#5019);
#5019 = CARTESIAN_POINT('',(-3.498742631289,2.02,0.));
#5020 = LINE('',#5021,#5022);
#5021 = CARTESIAN_POINT('',(-3.498742631289,2.02,0.));
#5022 = VECTOR('',#5023,1.);
#5023 = DIRECTION('',(0.,0.,1.));
#5024 = ORIENTED_EDGE('',*,*,#5025,.F.);
#5025 = EDGE_CURVE('',#5000,#5018,#5026,.T.);
#5026 = LINE('',#5027,#5028);
#5027 = CARTESIAN_POINT('',(0.,4.04,0.));
#5028 = VECTOR('',#5029,1.);
#5029 = DIRECTION('',(-0.866025403784,-0.5,0.));
#5030 = PLANE('',#5031);
#5031 = AXIS2_PLACEMENT_3D('',#5032,#5033,#5034);
#5032 = CARTESIAN_POINT('',(0.,4.04,0.));
#5033 = DIRECTION('',(0.5,-0.866025403784,0.));
#5034 = DIRECTION('',(-0.866025403784,-0.5,0.));
#5035 = ADVANCED_FACE('',(#5036),#5061,.F.);
#5036 = FACE_BOUND('',#5037,.F.);
#5037 = EDGE_LOOP('',(#5038,#5048,#5054,#5055));
#5038 = ORIENTED_EDGE('',*,*,#5039,.T.);
#5039 = EDGE_CURVE('',#5040,#5042,#5044,.T.);
#5040 = VERTEX_POINT('',#5041);
#5041 = CARTESIAN_POINT('',(3.498742631289,2.02,0.));
#5042 = VERTEX_POINT('',#5043);
#5043 = CARTESIAN_POINT('',(3.498742631289,2.02,3.2));
#5044 = LINE('',#5045,#5046);
#5045 = CARTESIAN_POINT('',(3.498742631289,2.02,0.));
#5046 = VECTOR('',#5047,1.);
#5047 = DIRECTION('',(0.,0.,1.));
#5048 = ORIENTED_EDGE('',*,*,#5049,.T.);
#5049 = EDGE_CURVE('',#5042,#5002,#5050,.T.);
#5050 = LINE('',#5051,#5052);
#5051 = CARTESIAN_POINT('',(3.498742631289,2.02,3.2));
#5052 = VECTOR('',#5053,1.);
#5053 = DIRECTION('',(-0.866025403784,0.5,0.));
#5054 = ORIENTED_EDGE('',*,*,#4999,.F.);
#5055 = ORIENTED_EDGE('',*,*,#5056,.F.);
#5056 = EDGE_CURVE('',#5040,#5000,#5057,.T.);
#5057 = LINE('',#5058,#5059);
#5058 = CARTESIAN_POINT('',(3.498742631289,2.02,0.));
#5059 = VECTOR('',#5060,1.);
#5060 = DIRECTION('',(-0.866025403784,0.5,0.));
#5061 = PLANE('',#5062);
#5062 = AXIS2_PLACEMENT_3D('',#5063,#5064,#5065);
#5063 = CARTESIAN_POINT('',(3.498742631289,2.02,0.));
#5064 = DIRECTION('',(-0.5,-0.866025403784,0.));
#5065 = DIRECTION('',(-0.866025403784,0.5,0.));
#5066 = ADVANCED_FACE('',(#5067),#5092,.F.);
#5067 = FACE_BOUND('',#5068,.F.);
#5068 = EDGE_LOOP('',(#5069,#5070,#5078,#5086));
#5069 = ORIENTED_EDGE('',*,*,#5017,.T.);
#5070 = ORIENTED_EDGE('',*,*,#5071,.T.);
#5071 = EDGE_CURVE('',#5010,#5072,#5074,.T.);
#5072 = VERTEX_POINT('',#5073);
#5073 = CARTESIAN_POINT('',(-3.498742631289,-2.02,3.2));
#5074 = LINE('',#5075,#5076);
#5075 = CARTESIAN_POINT('',(-3.498742631289,2.02,3.2));
#5076 = VECTOR('',#5077,1.);
#5077 = DIRECTION('',(-1.1E-16,-1.,0.));
#5078 = ORIENTED_EDGE('',*,*,#5079,.F.);
#5079 = EDGE_CURVE('',#5080,#5072,#5082,.T.);
#5080 = VERTEX_POINT('',#5081);
#5081 = CARTESIAN_POINT('',(-3.498742631289,-2.02,0.));
#5082 = LINE('',#5083,#5084);
#5083 = CARTESIAN_POINT('',(-3.498742631289,-2.02,0.));
#5084 = VECTOR('',#5085,1.);
#5085 = DIRECTION('',(0.,0.,1.));
#5086 = ORIENTED_EDGE('',*,*,#5087,.F.);
#5087 = EDGE_CURVE('',#5018,#5080,#5088,.T.);
#5088 = LINE('',#5089,#5090);
#5089 = CARTESIAN_POINT('',(-3.498742631289,2.02,0.));
#5090 = VECTOR('',#5091,1.);
#5091 = DIRECTION('',(-1.1E-16,-1.,0.));
#5092 = PLANE('',#5093);
#5093 = AXIS2_PLACEMENT_3D('',#5094,#5095,#5096);
#5094 = CARTESIAN_POINT('',(-3.498742631289,2.02,0.));
#5095 = DIRECTION('',(1.,-1.1E-16,0.));
#5096 = DIRECTION('',(-1.1E-16,-1.,0.));
#5097 = ADVANCED_FACE('',(#5098,#5125),#5136,.F.);
#5098 = FACE_BOUND('',#5099,.F.);
#5099 = EDGE_LOOP('',(#5100,#5101,#5102,#5110,#5118,#5124));
#5100 = ORIENTED_EDGE('',*,*,#5025,.T.);
#5101 = ORIENTED_EDGE('',*,*,#5087,.T.);
#5102 = ORIENTED_EDGE('',*,*,#5103,.T.);
#5103 = EDGE_CURVE('',#5080,#5104,#5106,.T.);
#5104 = VERTEX_POINT('',#5105);
#5105 = CARTESIAN_POINT('',(-0.,-4.04,0.));
#5106 = LINE('',#5107,#5108);
#5107 = CARTESIAN_POINT('',(-3.498742631289,-2.02,0.));
#5108 = VECTOR('',#5109,1.);
#5109 = DIRECTION('',(0.866025403784,-0.5,0.));
#5110 = ORIENTED_EDGE('',*,*,#5111,.T.);
#5111 = EDGE_CURVE('',#5104,#5112,#5114,.T.);
#5112 = VERTEX_POINT('',#5113);
#5113 = CARTESIAN_POINT('',(3.498742631289,-2.02,0.));
#5114 = LINE('',#5115,#5116);
#5115 = CARTESIAN_POINT('',(-4.4E-16,-4.04,0.));
#5116 = VECTOR('',#5117,1.);
#5117 = DIRECTION('',(0.866025403784,0.5,0.));
#5118 = ORIENTED_EDGE('',*,*,#5119,.T.);
#5119 = EDGE_CURVE('',#5112,#5040,#5120,.T.);
#5120 = LINE('',#5121,#5122);
#5121 = CARTESIAN_POINT('',(3.498742631289,-2.02,0.));
#5122 = VECTOR('',#5123,1.);
#5123 = DIRECTION('',(5.5E-16,1.,0.));
#5124 = ORIENTED_EDGE('',*,*,#5056,.T.);
#5125 = FACE_BOUND('',#5126,.F.);
#5126 = EDGE_LOOP('',(#5127));
#5127 = ORIENTED_EDGE('',*,*,#5128,.F.);
#5128 = EDGE_CURVE('',#5129,#5129,#5131,.T.);
#5129 = VERTEX_POINT('',#5130);
#5130 = CARTESIAN_POINT('',(2.,0.,0.));
#5131 = CIRCLE('',#5132,2.);
#5132 = AXIS2_PLACEMENT_3D('',#5133,#5134,#5135);
#5133 = CARTESIAN_POINT('',(0.,0.,0.));
#5134 = DIRECTION('',(0.,0.,1.));
#5135 = DIRECTION('',(1.,0.,-0.));
#5136 = PLANE('',#5137);
#5137 = AXIS2_PLACEMENT_3D('',#5138,#5139,#5140);
#5138 = CARTESIAN_POINT('',(2.6E-16,0.,0.));
#5139 = DIRECTION('',(0.,0.,1.));
#5140 = DIRECTION('',(1.,0.,-0.));
#5141 = ADVANCED_FACE('',(#5142,#5169),#5180,.T.);
#5142 = FACE_BOUND('',#5143,.T.);
#5143 = EDGE_LOOP('',(#5144,#5145,#5146,#5154,#5162,#5168));
#5144 = ORIENTED_EDGE('',*,*,#5009,.T.);
#5145 = ORIENTED_EDGE('',*,*,#5071,.T.);
#5146 = ORIENTED_EDGE('',*,*,#5147,.T.);
#5147 = EDGE_CURVE('',#5072,#5148,#5150,.T.);
#5148 = VERTEX_POINT('',#5149);
#5149 = CARTESIAN_POINT('',(-0.,-4.04,3.2));
#5150 = LINE('',#5151,#5152);
#5151 = CARTESIAN_POINT('',(-3.498742631289,-2.02,3.2));
#5152 = VECTOR('',#5153,1.);
#5153 = DIRECTION('',(0.866025403784,-0.5,0.));
#5154 = ORIENTED_EDGE('',*,*,#5155,.T.);
#5155 = EDGE_CURVE('',#5148,#5156,#5158,.T.);
#5156 = VERTEX_POINT('',#5157);
#5157 = CARTESIAN_POINT('',(3.498742631289,-2.02,3.2));
#5158 = LINE('',#5159,#5160);
#5159 = CARTESIAN_POINT('',(-4.4E-16,-4.04,3.2));
#5160 = VECTOR('',#5161,1.);
#5161 = DIRECTION('',(0.866025403784,0.5,0.));
#5162 = ORIENTED_EDGE('',*,*,#5163,.T.);
#5163 = EDGE_CURVE('',#5156,#5042,#5164,.T.);
#5164 = LINE('',#5165,#5166);
#5165 = CARTESIAN_POINT('',(3.498742631289,-2.02,3.2));
#5166 = VECTOR('',#5167,1.);
#5167 = DIRECTION('',(5.5E-16,1.,0.));
#5168 = ORIENTED_EDGE('',*,*,#5049,.T.);
#5169 = FACE_BOUND('',#5170,.T.);
#5170 = EDGE_LOOP('',(#5171));
#5171 = ORIENTED_EDGE('',*,*,#5172,.T.);
#5172 = EDGE_CURVE('',#5173,#5173,#5175,.T.);
#5173 = VERTEX_POINT('',#5174);
#5174 = CARTESIAN_POINT('',(2.,0.,3.2));
#5175 = CIRCLE('',#5176,2.);
#5176 = AXIS2_PLACEMENT_3D('',#5177,#5178,#5179);
#5177 = CARTESIAN_POINT('',(0.,0.,3.2));
#5178 = DIRECTION('',(0.,0.,-1.));
#5179 = DIRECTION('',(1.,0.,0.));
#5180 = PLANE('',#5181);
#5181 = AXIS2_PLACEMENT_3D('',#5182,#5183,#5184);
#5182 = CARTESIAN_POINT('',(2.6E-16,0.,3.2));
#5183 = DIRECTION('',(0.,0.,1.));
#5184 = DIRECTION('',(1.,0.,-0.));
#5185 = ADVANCED_FACE('',(#5186),#5197,.F.);
#5186 = FACE_BOUND('',#5187,.F.);
#5187 = EDGE_LOOP('',(#5188,#5194,#5195,#5196));
#5188 = ORIENTED_EDGE('',*,*,#5189,.T.);
#5189 = EDGE_CURVE('',#5112,#5156,#5190,.T.);
#5190 = LINE('',#5191,#5192);
#5191 = CARTESIAN_POINT('',(3.498742631289,-2.02,0.));
#5192 = VECTOR('',#5193,1.);
#5193 = DIRECTION('',(0.,0.,1.));
#5194 = ORIENTED_EDGE('',*,*,#5163,.T.);
#5195 = ORIENTED_EDGE('',*,*,#5039,.F.);
#5196 = ORIENTED_EDGE('',*,*,#5119,.F.);
#5197 = PLANE('',#5198);
#5198 = AXIS2_PLACEMENT_3D('',#5199,#5200,#5201);
#5199 = CARTESIAN_POINT('',(3.498742631289,-2.02,0.));
#5200 = DIRECTION('',(-1.,5.5E-16,0.));
#5201 = DIRECTION('',(5.5E-16,1.,0.));
#5202 = ADVANCED_FACE('',(#5203),#5214,.F.);
#5203 = FACE_BOUND('',#5204,.F.);
#5204 = EDGE_LOOP('',(#5205,#5206,#5207,#5213));
#5205 = ORIENTED_EDGE('',*,*,#5079,.T.);
#5206 = ORIENTED_EDGE('',*,*,#5147,.T.);
#5207 = ORIENTED_EDGE('',*,*,#5208,.F.);
#5208 = EDGE_CURVE('',#5104,#5148,#5209,.T.);
#5209 = LINE('',#5210,#5211);
#5210 = CARTESIAN_POINT('',(-4.4E-16,-4.04,0.));
#5211 = VECTOR('',#5212,1.);
#5212 = DIRECTION('',(0.,0.,1.));
#5213 = ORIENTED_EDGE('',*,*,#5103,.F.);
#5214 = PLANE('',#5215);
#5215 = AXIS2_PLACEMENT_3D('',#5216,#5217,#5218);
#5216 = CARTESIAN_POINT('',(-3.498742631289,-2.02,0.));
#5217 = DIRECTION('',(0.5,0.866025403784,0.));
#5218 = DIRECTION('',(0.866025403784,-0.5,0.));
#5219 = ADVANCED_FACE('',(#5220),#5226,.F.);
#5220 = FACE_BOUND('',#5221,.F.);
#5221 = EDGE_LOOP('',(#5222,#5223,#5224,#5225));
#5222 = ORIENTED_EDGE('',*,*,#5208,.T.);
#5223 = ORIENTED_EDGE('',*,*,#5155,.T.);
#5224 = ORIENTED_EDGE('',*,*,#5189,.F.);
#5225 = ORIENTED_EDGE('',*,*,#5111,.F.);
#5226 = PLANE('',#5227);
#5227 = AXIS2_PLACEMENT_3D('',#5228,#5229,#5230);
#5228 = CARTESIAN_POINT('',(-4.4E-16,-4.04,0.));
#5229 = DIRECTION('',(-0.5,0.866025403784,0.));
#5230 = DIRECTION('',(0.866025403784,0.5,0.));
#5231 = ADVANCED_FACE('',(#5232),#5243,.F.);
#5232 = FACE_BOUND('',#5233,.F.);
#5233 = EDGE_LOOP('',(#5234,#5240,#5241,#5242));
#5234 = ORIENTED_EDGE('',*,*,#5235,.T.);
#5235 = EDGE_CURVE('',#5129,#5173,#5236,.T.);
#5236 = LINE('',#5237,#5238);
#5237 = CARTESIAN_POINT('',(2.,0.,0.));
#5238 = VECTOR('',#5239,1.);
#5239 = DIRECTION('',(0.,0.,1.));
#5240 = ORIENTED_EDGE('',*,*,#5172,.T.);
#5241 = ORIENTED_EDGE('',*,*,#5235,.F.);
#5242 = ORIENTED_EDGE('',*,*,#5128,.T.);
#5243 = CYLINDRICAL_SURFACE('',#5244,2.);
#5244 = AXIS2_PLACEMENT_3D('',#5245,#5246,#5247);
#5245 = CARTESIAN_POINT('',(0.,0.,0.));
#5246 = DIRECTION('',(-0.,-0.,-1.));
#5247 = DIRECTION('',(1.,0.,0.));
#5248 = ( GEOMETRIC_REPRESENTATION_CONTEXT(3) 
GLOBAL_UNCERTAINTY_ASSIGNED_CONTEXT((#5252)) 
GLOBAL_UNIT_ASSIGNED_CONTEXT((#5249,#5250,#5251)) REPRESENTATION_CONTEXT
('Context #1','3D Context with UNIT and UNCERTAINTY') );
#5249 = ( LENGTH_UNIT() NAMED_UNIT(*) SI_UNIT(.MILLI.,.METRE.) );
#5250 = ( NAMED_UNIT(*) PLANE_ANGLE_UNIT() SI_UNIT($,.RADIAN.) );
#5251 = ( NAMED_UNIT(*) SI_UNIT($,.STERADIAN.) SOLID_ANGLE_UNIT() );
#5252 = UNCERTAINTY_MEASURE_WITH_UNIT(LENGTH_MEASURE(1.E-07),#5249,
  'distance_accuracy_value','confusion accuracy');
#5253 = CONTEXT_DEPENDENT_SHAPE_REPRESENTATION(#5254,#5256);
#5254 = ( REPRESENTATION_RELATIONSHIP('','',#4992,#10) 
REPRESENTATION_RELATIONSHIP_WITH_TRANSFORMATION(#5255) 
SHAPE_REPRESENTATION_RELATIONSHIP() );
#5255 = ITEM_DEFINED_TRANSFORMATION('','',#11,#59);
#5256 = PRODUCT_DEFINITION_SHAPE('Placement','Placement of an item',
  #5257);
#5257 = NEXT_ASSEMBLY_USAGE_OCCURRENCE('17','m4_nut_4','',#5,#4987,$);
#5258 = PRODUCT_RELATED_PRODUCT_CATEGORY('part',$,(#4989));
#5259 = SHAPE_DEFINITION_REPRESENTATION(#5260,#5266);
#5260 = PRODUCT_DEFINITION_SHAPE('','',#5261);
#5261 = PRODUCT_DEFINITION('design','',#5262,#5265);
#5262 = PRODUCT_DEFINITION_FORMATION('','',#5263);
#5263 = PRODUCT('m4_nut_5','m4_nut_5','',(#5264));
#5264 = PRODUCT_CONTEXT('',#2,'mechanical');
#5265 = PRODUCT_DEFINITION_CONTEXT('part definition',#2,'design');
#5266 = ADVANCED_BREP_SHAPE_REPRESENTATION('',(#11,#5267),#5522);
#5267 = MANIFOLD_SOLID_BREP('',#5268);
#5268 = CLOSED_SHELL('',(#5269,#5309,#5340,#5371,#5415,#5459,#5476,#5493
    ,#5505));
#5269 = ADVANCED_FACE('',(#5270),#5304,.F.);
#5270 = FACE_BOUND('',#5271,.F.);
#5271 = EDGE_LOOP('',(#5272,#5282,#5290,#5298));
#5272 = ORIENTED_EDGE('',*,*,#5273,.T.);
#5273 = EDGE_CURVE('',#5274,#5276,#5278,.T.);
#5274 = VERTEX_POINT('',#5275);
#5275 = CARTESIAN_POINT('',(0.,4.04,0.));
#5276 = VERTEX_POINT('',#5277);
#5277 = CARTESIAN_POINT('',(0.,4.04,3.2));
#5278 = LINE('',#5279,#5280);
#5279 = CARTESIAN_POINT('',(0.,4.04,0.));
#5280 = VECTOR('',#5281,1.);
#5281 = DIRECTION('',(0.,0.,1.));
#5282 = ORIENTED_EDGE('',*,*,#5283,.T.);
#5283 = EDGE_CURVE('',#5276,#5284,#5286,.T.);
#5284 = VERTEX_POINT('',#5285);
#5285 = CARTESIAN_POINT('',(-3.498742631289,2.02,3.2));
#5286 = LINE('',#5287,#5288);
#5287 = CARTESIAN_POINT('',(0.,4.04,3.2));
#5288 = VECTOR('',#5289,1.);
#5289 = DIRECTION('',(-0.866025403784,-0.5,0.));
#5290 = ORIENTED_EDGE('',*,*,#5291,.F.);
#5291 = EDGE_CURVE('',#5292,#5284,#5294,.T.);
#5292 = VERTEX_POINT('',#5293);
#5293 = CARTESIAN_POINT('',(-3.498742631289,2.02,0.));
#5294 = LINE('',#5295,#5296);
#5295 = CARTESIAN_POINT('',(-3.498742631289,2.02,0.));
#5296 = VECTOR('',#5297,1.);
#5297 = DIRECTION('',(0.,0.,1.));
#5298 = ORIENTED_EDGE('',*,*,#5299,.F.);
#5299 = EDGE_CURVE('',#5274,#5292,#5300,.T.);
#5300 = LINE('',#5301,#5302);
#5301 = CARTESIAN_POINT('',(0.,4.04,0.));
#5302 = VECTOR('',#5303,1.);
#5303 = DIRECTION('',(-0.866025403784,-0.5,0.));
#5304 = PLANE('',#5305);
#5305 = AXIS2_PLACEMENT_3D('',#5306,#5307,#5308);
#5306 = CARTESIAN_POINT('',(0.,4.04,0.));
#5307 = DIRECTION('',(0.5,-0.866025403784,0.));
#5308 = DIRECTION('',(-0.866025403784,-0.5,0.));
#5309 = ADVANCED_FACE('',(#5310),#5335,.F.);
#5310 = FACE_BOUND('',#5311,.F.);
#5311 = EDGE_LOOP('',(#5312,#5322,#5328,#5329));
#5312 = ORIENTED_EDGE('',*,*,#5313,.T.);
#5313 = EDGE_CURVE('',#5314,#5316,#5318,.T.);
#5314 = VERTEX_POINT('',#5315);
#5315 = CARTESIAN_POINT('',(3.498742631289,2.02,0.));
#5316 = VERTEX_POINT('',#5317);
#5317 = CARTESIAN_POINT('',(3.498742631289,2.02,3.2));
#5318 = LINE('',#5319,#5320);
#5319 = CARTESIAN_POINT('',(3.498742631289,2.02,0.));
#5320 = VECTOR('',#5321,1.);
#5321 = DIRECTION('',(0.,0.,1.));
#5322 = ORIENTED_EDGE('',*,*,#5323,.T.);
#5323 = EDGE_CURVE('',#5316,#5276,#5324,.T.);
#5324 = LINE('',#5325,#5326);
#5325 = CARTESIAN_POINT('',(3.498742631289,2.02,3.2));
#5326 = VECTOR('',#5327,1.);
#5327 = DIRECTION('',(-0.866025403784,0.5,0.));
#5328 = ORIENTED_EDGE('',*,*,#5273,.F.);
#5329 = ORIENTED_EDGE('',*,*,#5330,.F.);
#5330 = EDGE_CURVE('',#5314,#5274,#5331,.T.);
#5331 = LINE('',#5332,#5333);
#5332 = CARTESIAN_POINT('',(3.498742631289,2.02,0.));
#5333 = VECTOR('',#5334,1.);
#5334 = DIRECTION('',(-0.866025403784,0.5,0.));
#5335 = PLANE('',#5336);
#5336 = AXIS2_PLACEMENT_3D('',#5337,#5338,#5339);
#5337 = CARTESIAN_POINT('',(3.498742631289,2.02,0.));
#5338 = DIRECTION('',(-0.5,-0.866025403784,0.));
#5339 = DIRECTION('',(-0.866025403784,0.5,0.));
#5340 = ADVANCED_FACE('',(#5341),#5366,.F.);
#5341 = FACE_BOUND('',#5342,.F.);
#5342 = EDGE_LOOP('',(#5343,#5344,#5352,#5360));
#5343 = ORIENTED_EDGE('',*,*,#5291,.T.);
#5344 = ORIENTED_EDGE('',*,*,#5345,.T.);
#5345 = EDGE_CURVE('',#5284,#5346,#5348,.T.);
#5346 = VERTEX_POINT('',#5347);
#5347 = CARTESIAN_POINT('',(-3.498742631289,-2.02,3.2));
#5348 = LINE('',#5349,#5350);
#5349 = CARTESIAN_POINT('',(-3.498742631289,2.02,3.2));
#5350 = VECTOR('',#5351,1.);
#5351 = DIRECTION('',(-1.1E-16,-1.,0.));
#5352 = ORIENTED_EDGE('',*,*,#5353,.F.);
#5353 = EDGE_CURVE('',#5354,#5346,#5356,.T.);
#5354 = VERTEX_POINT('',#5355);
#5355 = CARTESIAN_POINT('',(-3.498742631289,-2.02,0.));
#5356 = LINE('',#5357,#5358);
#5357 = CARTESIAN_POINT('',(-3.498742631289,-2.02,0.));
#5358 = VECTOR('',#5359,1.);
#5359 = DIRECTION('',(0.,0.,1.));
#5360 = ORIENTED_EDGE('',*,*,#5361,.F.);
#5361 = EDGE_CURVE('',#5292,#5354,#5362,.T.);
#5362 = LINE('',#5363,#5364);
#5363 = CARTESIAN_POINT('',(-3.498742631289,2.02,0.));
#5364 = VECTOR('',#5365,1.);
#5365 = DIRECTION('',(-1.1E-16,-1.,0.));
#5366 = PLANE('',#5367);
#5367 = AXIS2_PLACEMENT_3D('',#5368,#5369,#5370);
#5368 = CARTESIAN_POINT('',(-3.498742631289,2.02,0.));
#5369 = DIRECTION('',(1.,-1.1E-16,0.));
#5370 = DIRECTION('',(-1.1E-16,-1.,0.));
#5371 = ADVANCED_FACE('',(#5372,#5399),#5410,.F.);
#5372 = FACE_BOUND('',#5373,.F.);
#5373 = EDGE_LOOP('',(#5374,#5375,#5376,#5384,#5392,#5398));
#5374 = ORIENTED_EDGE('',*,*,#5299,.T.);
#5375 = ORIENTED_EDGE('',*,*,#5361,.T.);
#5376 = ORIENTED_EDGE('',*,*,#5377,.T.);
#5377 = EDGE_CURVE('',#5354,#5378,#5380,.T.);
#5378 = VERTEX_POINT('',#5379);
#5379 = CARTESIAN_POINT('',(-0.,-4.04,0.));
#5380 = LINE('',#5381,#5382);
#5381 = CARTESIAN_POINT('',(-3.498742631289,-2.02,0.));
#5382 = VECTOR('',#5383,1.);
#5383 = DIRECTION('',(0.866025403784,-0.5,0.));
#5384 = ORIENTED_EDGE('',*,*,#5385,.T.);
#5385 = EDGE_CURVE('',#5378,#5386,#5388,.T.);
#5386 = VERTEX_POINT('',#5387);
#5387 = CARTESIAN_POINT('',(3.498742631289,-2.02,0.));
#5388 = LINE('',#5389,#5390);
#5389 = CARTESIAN_POINT('',(-4.4E-16,-4.04,0.));
#5390 = VECTOR('',#5391,1.);
#5391 = DIRECTION('',(0.866025403784,0.5,0.));
#5392 = ORIENTED_EDGE('',*,*,#5393,.T.);
#5393 = EDGE_CURVE('',#5386,#5314,#5394,.T.);
#5394 = LINE('',#5395,#5396);
#5395 = CARTESIAN_POINT('',(3.498742631289,-2.02,0.));
#5396 = VECTOR('',#5397,1.);
#5397 = DIRECTION('',(5.5E-16,1.,0.));
#5398 = ORIENTED_EDGE('',*,*,#5330,.T.);
#5399 = FACE_BOUND('',#5400,.F.);
#5400 = EDGE_LOOP('',(#5401));
#5401 = ORIENTED_EDGE('',*,*,#5402,.F.);
#5402 = EDGE_CURVE('',#5403,#5403,#5405,.T.);
#5403 = VERTEX_POINT('',#5404);
#5404 = CARTESIAN_POINT('',(2.,0.,0.));
#5405 = CIRCLE('',#5406,2.);
#5406 = AXIS2_PLACEMENT_3D('',#5407,#5408,#5409);
#5407 = CARTESIAN_POINT('',(0.,0.,0.));
#5408 = DIRECTION('',(0.,0.,1.));
#5409 = DIRECTION('',(1.,0.,-0.));
#5410 = PLANE('',#5411);
#5411 = AXIS2_PLACEMENT_3D('',#5412,#5413,#5414);
#5412 = CARTESIAN_POINT('',(2.6E-16,0.,0.));
#5413 = DIRECTION('',(0.,0.,1.));
#5414 = DIRECTION('',(1.,0.,-0.));
#5415 = ADVANCED_FACE('',(#5416,#5443),#5454,.T.);
#5416 = FACE_BOUND('',#5417,.T.);
#5417 = EDGE_LOOP('',(#5418,#5419,#5420,#5428,#5436,#5442));
#5418 = ORIENTED_EDGE('',*,*,#5283,.T.);
#5419 = ORIENTED_EDGE('',*,*,#5345,.T.);
#5420 = ORIENTED_EDGE('',*,*,#5421,.T.);
#5421 = EDGE_CURVE('',#5346,#5422,#5424,.T.);
#5422 = VERTEX_POINT('',#5423);
#5423 = CARTESIAN_POINT('',(-0.,-4.04,3.2));
#5424 = LINE('',#5425,#5426);
#5425 = CARTESIAN_POINT('',(-3.498742631289,-2.02,3.2));
#5426 = VECTOR('',#5427,1.);
#5427 = DIRECTION('',(0.866025403784,-0.5,0.));
#5428 = ORIENTED_EDGE('',*,*,#5429,.T.);
#5429 = EDGE_CURVE('',#5422,#5430,#5432,.T.);
#5430 = VERTEX_POINT('',#5431);
#5431 = CARTESIAN_POINT('',(3.498742631289,-2.02,3.2));
#5432 = LINE('',#5433,#5434);
#5433 = CARTESIAN_POINT('',(-4.4E-16,-4.04,3.2));
#5434 = VECTOR('',#5435,1.);
#5435 = DIRECTION('',(0.866025403784,0.5,0.));
#5436 = ORIENTED_EDGE('',*,*,#5437,.T.);
#5437 = EDGE_CURVE('',#5430,#5316,#5438,.T.);
#5438 = LINE('',#5439,#5440);
#5439 = CARTESIAN_POINT('',(3.498742631289,-2.02,3.2));
#5440 = VECTOR('',#5441,1.);
#5441 = DIRECTION('',(5.5E-16,1.,0.));
#5442 = ORIENTED_EDGE('',*,*,#5323,.T.);
#5443 = FACE_BOUND('',#5444,.T.);
#5444 = EDGE_LOOP('',(#5445));
#5445 = ORIENTED_EDGE('',*,*,#5446,.T.);
#5446 = EDGE_CURVE('',#5447,#5447,#5449,.T.);
#5447 = VERTEX_POINT('',#5448);
#5448 = CARTESIAN_POINT('',(2.,0.,3.2));
#5449 = CIRCLE('',#5450,2.);
#5450 = AXIS2_PLACEMENT_3D('',#5451,#5452,#5453);
#5451 = CARTESIAN_POINT('',(0.,0.,3.2));
#5452 = DIRECTION('',(0.,0.,-1.));
#5453 = DIRECTION('',(1.,0.,0.));
#5454 = PLANE('',#5455);
#5455 = AXIS2_PLACEMENT_3D('',#5456,#5457,#5458);
#5456 = CARTESIAN_POINT('',(2.6E-16,0.,3.2));
#5457 = DIRECTION('',(0.,0.,1.));
#5458 = DIRECTION('',(1.,0.,-0.));
#5459 = ADVANCED_FACE('',(#5460),#5471,.F.);
#5460 = FACE_BOUND('',#5461,.F.);
#5461 = EDGE_LOOP('',(#5462,#5468,#5469,#5470));
#5462 = ORIENTED_EDGE('',*,*,#5463,.T.);
#5463 = EDGE_CURVE('',#5386,#5430,#5464,.T.);
#5464 = LINE('',#5465,#5466);
#5465 = CARTESIAN_POINT('',(3.498742631289,-2.02,0.));
#5466 = VECTOR('',#5467,1.);
#5467 = DIRECTION('',(0.,0.,1.));
#5468 = ORIENTED_EDGE('',*,*,#5437,.T.);
#5469 = ORIENTED_EDGE('',*,*,#5313,.F.);
#5470 = ORIENTED_EDGE('',*,*,#5393,.F.);
#5471 = PLANE('',#5472);
#5472 = AXIS2_PLACEMENT_3D('',#5473,#5474,#5475);
#5473 = CARTESIAN_POINT('',(3.498742631289,-2.02,0.));
#5474 = DIRECTION('',(-1.,5.5E-16,0.));
#5475 = DIRECTION('',(5.5E-16,1.,0.));
#5476 = ADVANCED_FACE('',(#5477),#5488,.F.);
#5477 = FACE_BOUND('',#5478,.F.);
#5478 = EDGE_LOOP('',(#5479,#5480,#5481,#5487));
#5479 = ORIENTED_EDGE('',*,*,#5353,.T.);
#5480 = ORIENTED_EDGE('',*,*,#5421,.T.);
#5481 = ORIENTED_EDGE('',*,*,#5482,.F.);
#5482 = EDGE_CURVE('',#5378,#5422,#5483,.T.);
#5483 = LINE('',#5484,#5485);
#5484 = CARTESIAN_POINT('',(-4.4E-16,-4.04,0.));
#5485 = VECTOR('',#5486,1.);
#5486 = DIRECTION('',(0.,0.,1.));
#5487 = ORIENTED_EDGE('',*,*,#5377,.F.);
#5488 = PLANE('',#5489);
#5489 = AXIS2_PLACEMENT_3D('',#5490,#5491,#5492);
#5490 = CARTESIAN_POINT('',(-3.498742631289,-2.02,0.));
#5491 = DIRECTION('',(0.5,0.866025403784,0.));
#5492 = DIRECTION('',(0.866025403784,-0.5,0.));
#5493 = ADVANCED_FACE('',(#5494),#5500,.F.);
#5494 = FACE_BOUND('',#5495,.F.);
#5495 = EDGE_LOOP('',(#5496,#5497,#5498,#5499));
#5496 = ORIENTED_EDGE('',*,*,#5482,.T.);
#5497 = ORIENTED_EDGE('',*,*,#5429,.T.);
#5498 = ORIENTED_EDGE('',*,*,#5463,.F.);
#5499 = ORIENTED_EDGE('',*,*,#5385,.F.);
#5500 = PLANE('',#5501);
#5501 = AXIS2_PLACEMENT_3D('',#5502,#5503,#5504);
#5502 = CARTESIAN_POINT('',(-4.4E-16,-4.04,0.));
#5503 = DIRECTION('',(-0.5,0.866025403784,0.));
#5504 = DIRECTION('',(0.866025403784,0.5,0.));
#5505 = ADVANCED_FACE('',(#5506),#5517,.F.);
#5506 = FACE_BOUND('',#5507,.F.);
#5507 = EDGE_LOOP('',(#5508,#5514,#5515,#5516));
#5508 = ORIENTED_EDGE('',*,*,#5509,.T.);
#5509 = EDGE_CURVE('',#5403,#5447,#5510,.T.);
#5510 = LINE('',#5511,#5512);
#5511 = CARTESIAN_POINT('',(2.,0.,0.));
#5512 = VECTOR('',#5513,1.);
#5513 = DIRECTION('',(0.,0.,1.));
#5514 = ORIENTED_EDGE('',*,*,#5446,.T.);
#5515 = ORIENTED_EDGE('',*,*,#5509,.F.);
#5516 = ORIENTED_EDGE('',*,*,#5402,.T.);
#5517 = CYLINDRICAL_SURFACE('',#5518,2.);
#5518 = AXIS2_PLACEMENT_3D('',#5519,#5520,#5521);
#5519 = CARTESIAN_POINT('',(0.,0.,0.));
#5520 = DIRECTION('',(-0.,-0.,-1.));
#5521 = DIRECTION('',(1.,0.,0.));
#5522 = ( GEOMETRIC_REPRESENTATION_CONTEXT(3) 
GLOBAL_UNCERTAINTY_ASSIGNED_CONTEXT((#5526)) 
GLOBAL_UNIT_ASSIGNED_CONTEXT((#5523,#5524,#5525)) REPRESENTATION_CONTEXT
('Context #1','3D Context with UNIT and UNCERTAINTY') );
#5523 = ( LENGTH_UNIT() NAMED_UNIT(*) SI_UNIT(.MILLI.,.METRE.) );
#5524 = ( NAMED_UNIT(*) PLANE_ANGLE_UNIT() SI_UNIT($,.RADIAN.) );
#5525 = ( NAMED_UNIT(*) SI_UNIT($,.STERADIAN.) SOLID_ANGLE_UNIT() );
#5526 = UNCERTAINTY_MEASURE_WITH_UNIT(LENGTH_MEASURE(1.E-07),#5523,
  'distance_accuracy_value','confusion accuracy');
#5527 = CONTEXT_DEPENDENT_SHAPE_REPRESENTATION(#5528,#5530);
#5528 = ( REPRESENTATION_RELATIONSHIP('','',#5266,#10) 
REPRESENTATION_RELATIONSHIP_WITH_TRANSFORMATION(#5529) 
SHAPE_REPRESENTATION_RELATIONSHIP() );
#5529 = ITEM_DEFINED_TRANSFORMATION('','',#11,#63);
#5530 = PRODUCT_DEFINITION_SHAPE('Placement','Placement of an item',
  #5531);
#5531 = NEXT_ASSEMBLY_USAGE_OCCURRENCE('18','m4_nut_5','',#5,#5261,$);
#5532 = PRODUCT_RELATED_PRODUCT_CATEGORY('part',$,(#5263));
#5533 = SHAPE_DEFINITION_REPRESENTATION(#5534,#5540);
#5534 = PRODUCT_DEFINITION_SHAPE('','',#5535);
#5535 = PRODUCT_DEFINITION('design','',#5536,#5539);
#5536 = PRODUCT_DEFINITION_FORMATION('','',#5537);
#5537 = PRODUCT('m4_nut_6','m4_nut_6','',(#5538));
#5538 = PRODUCT_CONTEXT('',#2,'mechanical');
#5539 = PRODUCT_DEFINITION_CONTEXT('part definition',#2,'design');
#5540 = ADVANCED_BREP_SHAPE_REPRESENTATION('',(#11,#5541),#5796);
#5541 = MANIFOLD_SOLID_BREP('',#5542);
#5542 = CLOSED_SHELL('',(#5543,#5583,#5614,#5645,#5689,#5733,#5750,#5767
    ,#5779));
#5543 = ADVANCED_FACE('',(#5544),#5578,.F.);
#5544 = FACE_BOUND('',#5545,.F.);
#5545 = EDGE_LOOP('',(#5546,#5556,#5564,#5572));
#5546 = ORIENTED_EDGE('',*,*,#5547,.T.);
#5547 = EDGE_CURVE('',#5548,#5550,#5552,.T.);
#5548 = VERTEX_POINT('',#5549);
#5549 = CARTESIAN_POINT('',(0.,4.04,0.));
#5550 = VERTEX_POINT('',#5551);
#5551 = CARTESIAN_POINT('',(0.,4.04,3.2));
#5552 = LINE('',#5553,#5554);
#5553 = CARTESIAN_POINT('',(0.,4.04,0.));
#5554 = VECTOR('',#5555,1.);
#5555 = DIRECTION('',(0.,0.,1.));
#5556 = ORIENTED_EDGE('',*,*,#5557,.T.);
#5557 = EDGE_CURVE('',#5550,#5558,#5560,.T.);
#5558 = VERTEX_POINT('',#5559);
#5559 = CARTESIAN_POINT('',(-3.498742631289,2.02,3.2));
#5560 = LINE('',#5561,#5562);
#5561 = CARTESIAN_POINT('',(0.,4.04,3.2));
#5562 = VECTOR('',#5563,1.);
#5563 = DIRECTION('',(-0.866025403784,-0.5,0.));
#5564 = ORIENTED_EDGE('',*,*,#5565,.F.);
#5565 = EDGE_CURVE('',#5566,#5558,#5568,.T.);
#5566 = VERTEX_POINT('',#5567);
#5567 = CARTESIAN_POINT('',(-3.498742631289,2.02,0.));
#5568 = LINE('',#5569,#5570);
#5569 = CARTESIAN_POINT('',(-3.498742631289,2.02,0.));
#5570 = VECTOR('',#5571,1.);
#5571 = DIRECTION('',(0.,0.,1.));
#5572 = ORIENTED_EDGE('',*,*,#5573,.F.);
#5573 = EDGE_CURVE('',#5548,#5566,#5574,.T.);
#5574 = LINE('',#5575,#5576);
#5575 = CARTESIAN_POINT('',(0.,4.04,0.));
#5576 = VECTOR('',#5577,1.);
#5577 = DIRECTION('',(-0.866025403784,-0.5,0.));
#5578 = PLANE('',#5579);
#5579 = AXIS2_PLACEMENT_3D('',#5580,#5581,#5582);
#5580 = CARTESIAN_POINT('',(0.,4.04,0.));
#5581 = DIRECTION('',(0.5,-0.866025403784,0.));
#5582 = DIRECTION('',(-0.866025403784,-0.5,0.));
#5583 = ADVANCED_FACE('',(#5584),#5609,.F.);
#5584 = FACE_BOUND('',#5585,.F.);
#5585 = EDGE_LOOP('',(#5586,#5596,#5602,#5603));
#5586 = ORIENTED_EDGE('',*,*,#5587,.T.);
#5587 = EDGE_CURVE('',#5588,#5590,#5592,.T.);
#5588 = VERTEX_POINT('',#5589);
#5589 = CARTESIAN_POINT('',(3.498742631289,2.02,0.));
#5590 = VERTEX_POINT('',#5591);
#5591 = CARTESIAN_POINT('',(3.498742631289,2.02,3.2));
#5592 = LINE('',#5593,#5594);
#5593 = CARTESIAN_POINT('',(3.498742631289,2.02,0.));
#5594 = VECTOR('',#5595,1.);
#5595 = DIRECTION('',(0.,0.,1.));
#5596 = ORIENTED_EDGE('',*,*,#5597,.T.);
#5597 = EDGE_CURVE('',#5590,#5550,#5598,.T.);
#5598 = LINE('',#5599,#5600);
#5599 = CARTESIAN_POINT('',(3.498742631289,2.02,3.2));
#5600 = VECTOR('',#5601,1.);
#5601 = DIRECTION('',(-0.866025403784,0.5,0.));
#5602 = ORIENTED_EDGE('',*,*,#5547,.F.);
#5603 = ORIENTED_EDGE('',*,*,#5604,.F.);
#5604 = EDGE_CURVE('',#5588,#5548,#5605,.T.);
#5605 = LINE('',#5606,#5607);
#5606 = CARTESIAN_POINT('',(3.498742631289,2.02,0.));
#5607 = VECTOR('',#5608,1.);
#5608 = DIRECTION('',(-0.866025403784,0.5,0.));
#5609 = PLANE('',#5610);
#5610 = AXIS2_PLACEMENT_3D('',#5611,#5612,#5613);
#5611 = CARTESIAN_POINT('',(3.498742631289,2.02,0.));
#5612 = DIRECTION('',(-0.5,-0.866025403784,0.));
#5613 = DIRECTION('',(-0.866025403784,0.5,0.));
#5614 = ADVANCED_FACE('',(#5615),#5640,.F.);
#5615 = FACE_BOUND('',#5616,.F.);
#5616 = EDGE_LOOP('',(#5617,#5618,#5626,#5634));
#5617 = ORIENTED_EDGE('',*,*,#5565,.T.);
#5618 = ORIENTED_EDGE('',*,*,#5619,.T.);
#5619 = EDGE_CURVE('',#5558,#5620,#5622,.T.);
#5620 = VERTEX_POINT('',#5621);
#5621 = CARTESIAN_POINT('',(-3.498742631289,-2.02,3.2));
#5622 = LINE('',#5623,#5624);
#5623 = CARTESIAN_POINT('',(-3.498742631289,2.02,3.2));
#5624 = VECTOR('',#5625,1.);
#5625 = DIRECTION('',(-1.1E-16,-1.,0.));
#5626 = ORIENTED_EDGE('',*,*,#5627,.F.);
#5627 = EDGE_CURVE('',#5628,#5620,#5630,.T.);
#5628 = VERTEX_POINT('',#5629);
#5629 = CARTESIAN_POINT('',(-3.498742631289,-2.02,0.));
#5630 = LINE('',#5631,#5632);
#5631 = CARTESIAN_POINT('',(-3.498742631289,-2.02,0.));
#5632 = VECTOR('',#5633,1.);
#5633 = DIRECTION('',(0.,0.,1.));
#5634 = ORIENTED_EDGE('',*,*,#5635,.F.);
#5635 = EDGE_CURVE('',#5566,#5628,#5636,.T.);
#5636 = LINE('',#5637,#5638);
#5637 = CARTESIAN_POINT('',(-3.498742631289,2.02,0.));
#5638 = VECTOR('',#5639,1.);
#5639 = DIRECTION('',(-1.1E-16,-1.,0.));
#5640 = PLANE('',#5641);
#5641 = AXIS2_PLACEMENT_3D('',#5642,#5643,#5644);
#5642 = CARTESIAN_POINT('',(-3.498742631289,2.02,0.));
#5643 = DIRECTION('',(1.,-1.1E-16,0.));
#5644 = DIRECTION('',(-1.1E-16,-1.,0.));
#5645 = ADVANCED_FACE('',(#5646,#5673),#5684,.F.);
#5646 = FACE_BOUND('',#5647,.F.);
#5647 = EDGE_LOOP('',(#5648,#5649,#5650,#5658,#5666,#5672));
#5648 = ORIENTED_EDGE('',*,*,#5573,.T.);
#5649 = ORIENTED_EDGE('',*,*,#5635,.T.);
#5650 = ORIENTED_EDGE('',*,*,#5651,.T.);
#5651 = EDGE_CURVE('',#5628,#5652,#5654,.T.);
#5652 = VERTEX_POINT('',#5653);
#5653 = CARTESIAN_POINT('',(-0.,-4.04,0.));
#5654 = LINE('',#5655,#5656);
#5655 = CARTESIAN_POINT('',(-3.498742631289,-2.02,0.));
#5656 = VECTOR('',#5657,1.);
#5657 = DIRECTION('',(0.866025403784,-0.5,0.));
#5658 = ORIENTED_EDGE('',*,*,#5659,.T.);
#5659 = EDGE_CURVE('',#5652,#5660,#5662,.T.);
#5660 = VERTEX_POINT('',#5661);
#5661 = CARTESIAN_POINT('',(3.498742631289,-2.02,0.));
#5662 = LINE('',#5663,#5664);
#5663 = CARTESIAN_POINT('',(-4.4E-16,-4.04,0.));
#5664 = VECTOR('',#5665,1.);
#5665 = DIRECTION('',(0.866025403784,0.5,0.));
#5666 = ORIENTED_EDGE('',*,*,#5667,.T.);
#5667 = EDGE_CURVE('',#5660,#5588,#5668,.T.);
#5668 = LINE('',#5669,#5670);
#5669 = CARTESIAN_POINT('',(3.498742631289,-2.02,0.));
#5670 = VECTOR('',#5671,1.);
#5671 = DIRECTION('',(5.5E-16,1.,0.));
#5672 = ORIENTED_EDGE('',*,*,#5604,.T.);
#5673 = FACE_BOUND('',#5674,.F.);
#5674 = EDGE_LOOP('',(#5675));
#5675 = ORIENTED_EDGE('',*,*,#5676,.F.);
#5676 = EDGE_CURVE('',#5677,#5677,#5679,.T.);
#5677 = VERTEX_POINT('',#5678);
#5678 = CARTESIAN_POINT('',(2.,0.,0.));
#5679 = CIRCLE('',#5680,2.);
#5680 = AXIS2_PLACEMENT_3D('',#5681,#5682,#5683);
#5681 = CARTESIAN_POINT('',(0.,0.,0.));
#5682 = DIRECTION('',(0.,0.,1.));
#5683 = DIRECTION('',(1.,0.,-0.));
#5684 = PLANE('',#5685);
#5685 = AXIS2_PLACEMENT_3D('',#5686,#5687,#5688);
#5686 = CARTESIAN_POINT('',(2.6E-16,0.,0.));
#5687 = DIRECTION('',(0.,0.,1.));
#5688 = DIRECTION('',(1.,0.,-0.));
#5689 = ADVANCED_FACE('',(#5690,#5717),#5728,.T.);
#5690 = FACE_BOUND('',#5691,.T.);
#5691 = EDGE_LOOP('',(#5692,#5693,#5694,#5702,#5710,#5716));
#5692 = ORIENTED_EDGE('',*,*,#5557,.T.);
#5693 = ORIENTED_EDGE('',*,*,#5619,.T.);
#5694 = ORIENTED_EDGE('',*,*,#5695,.T.);
#5695 = EDGE_CURVE('',#5620,#5696,#5698,.T.);
#5696 = VERTEX_POINT('',#5697);
#5697 = CARTESIAN_POINT('',(-0.,-4.04,3.2));
#5698 = LINE('',#5699,#5700);
#5699 = CARTESIAN_POINT('',(-3.498742631289,-2.02,3.2));
#5700 = VECTOR('',#5701,1.);
#5701 = DIRECTION('',(0.866025403784,-0.5,0.));
#5702 = ORIENTED_EDGE('',*,*,#5703,.T.);
#5703 = EDGE_CURVE('',#5696,#5704,#5706,.T.);
#5704 = VERTEX_POINT('',#5705);
#5705 = CARTESIAN_POINT('',(3.498742631289,-2.02,3.2));
#5706 = LINE('',#5707,#5708);
#5707 = CARTESIAN_POINT('',(-4.4E-16,-4.04,3.2));
#5708 = VECTOR('',#5709,1.);
#5709 = DIRECTION('',(0.866025403784,0.5,0.));
#5710 = ORIENTED_EDGE('',*,*,#5711,.T.);
#5711 = EDGE_CURVE('',#5704,#5590,#5712,.T.);
#5712 = LINE('',#5713,#5714);
#5713 = CARTESIAN_POINT('',(3.498742631289,-2.02,3.2));
#5714 = VECTOR('',#5715,1.);
#5715 = DIRECTION('',(5.5E-16,1.,0.));
#5716 = ORIENTED_EDGE('',*,*,#5597,.T.);
#5717 = FACE_BOUND('',#5718,.T.);
#5718 = EDGE_LOOP('',(#5719));
#5719 = ORIENTED_EDGE('',*,*,#5720,.T.);
#5720 = EDGE_CURVE('',#5721,#5721,#5723,.T.);
#5721 = VERTEX_POINT('',#5722);
#5722 = CARTESIAN_POINT('',(2.,0.,3.2));
#5723 = CIRCLE('',#5724,2.);
#5724 = AXIS2_PLACEMENT_3D('',#5725,#5726,#5727);
#5725 = CARTESIAN_POINT('',(0.,0.,3.2));
#5726 = DIRECTION('',(0.,0.,-1.));
#5727 = DIRECTION('',(1.,0.,0.));
#5728 = PLANE('',#5729);
#5729 = AXIS2_PLACEMENT_3D('',#5730,#5731,#5732);
#5730 = CARTESIAN_POINT('',(2.6E-16,0.,3.2));
#5731 = DIRECTION('',(0.,0.,1.));
#5732 = DIRECTION('',(1.,0.,-0.));
#5733 = ADVANCED_FACE('',(#5734),#5745,.F.);
#5734 = FACE_BOUND('',#5735,.F.);
#5735 = EDGE_LOOP('',(#5736,#5742,#5743,#5744));
#5736 = ORIENTED_EDGE('',*,*,#5737,.T.);
#5737 = EDGE_CURVE('',#5660,#5704,#5738,.T.);
#5738 = LINE('',#5739,#5740);
#5739 = CARTESIAN_POINT('',(3.498742631289,-2.02,0.));
#5740 = VECTOR('',#5741,1.);
#5741 = DIRECTION('',(0.,0.,1.));
#5742 = ORIENTED_EDGE('',*,*,#5711,.T.);
#5743 = ORIENTED_EDGE('',*,*,#5587,.F.);
#5744 = ORIENTED_EDGE('',*,*,#5667,.F.);
#5745 = PLANE('',#5746);
#5746 = AXIS2_PLACEMENT_3D('',#5747,#5748,#5749);
#5747 = CARTESIAN_POINT('',(3.498742631289,-2.02,0.));
#5748 = DIRECTION('',(-1.,5.5E-16,0.));
#5749 = DIRECTION('',(5.5E-16,1.,0.));
#5750 = ADVANCED_FACE('',(#5751),#5762,.F.);
#5751 = FACE_BOUND('',#5752,.F.);
#5752 = EDGE_LOOP('',(#5753,#5754,#5755,#5761));
#5753 = ORIENTED_EDGE('',*,*,#5627,.T.);
#5754 = ORIENTED_EDGE('',*,*,#5695,.T.);
#5755 = ORIENTED_EDGE('',*,*,#5756,.F.);
#5756 = EDGE_CURVE('',#5652,#5696,#5757,.T.);
#5757 = LINE('',#5758,#5759);
#5758 = CARTESIAN_POINT('',(-4.4E-16,-4.04,0.));
#5759 = VECTOR('',#5760,1.);
#5760 = DIRECTION('',(0.,0.,1.));
#5761 = ORIENTED_EDGE('',*,*,#5651,.F.);
#5762 = PLANE('',#5763);
#5763 = AXIS2_PLACEMENT_3D('',#5764,#5765,#5766);
#5764 = CARTESIAN_POINT('',(-3.498742631289,-2.02,0.));
#5765 = DIRECTION('',(0.5,0.866025403784,0.));
#5766 = DIRECTION('',(0.866025403784,-0.5,0.));
#5767 = ADVANCED_FACE('',(#5768),#5774,.F.);
#5768 = FACE_BOUND('',#5769,.F.);
#5769 = EDGE_LOOP('',(#5770,#5771,#5772,#5773));
#5770 = ORIENTED_EDGE('',*,*,#5756,.T.);
#5771 = ORIENTED_EDGE('',*,*,#5703,.T.);
#5772 = ORIENTED_EDGE('',*,*,#5737,.F.);
#5773 = ORIENTED_EDGE('',*,*,#5659,.F.);
#5774 = PLANE('',#5775);
#5775 = AXIS2_PLACEMENT_3D('',#5776,#5777,#5778);
#5776 = CARTESIAN_POINT('',(-4.4E-16,-4.04,0.));
#5777 = DIRECTION('',(-0.5,0.866025403784,0.));
#5778 = DIRECTION('',(0.866025403784,0.5,0.));
#5779 = ADVANCED_FACE('',(#5780),#5791,.F.);
#5780 = FACE_BOUND('',#5781,.F.);
#5781 = EDGE_LOOP('',(#5782,#5788,#5789,#5790));
#5782 = ORIENTED_EDGE('',*,*,#5783,.T.);
#5783 = EDGE_CURVE('',#5677,#5721,#5784,.T.);
#5784 = LINE('',#5785,#5786);
#5785 = CARTESIAN_POINT('',(2.,0.,0.));
#5786 = VECTOR('',#5787,1.);
#5787 = DIRECTION('',(0.,0.,1.));
#5788 = ORIENTED_EDGE('',*,*,#5720,.T.);
#5789 = ORIENTED_EDGE('',*,*,#5783,.F.);
#5790 = ORIENTED_EDGE('',*,*,#5676,.T.);
#5791 = CYLINDRICAL_SURFACE('',#5792,2.);
#5792 = AXIS2_PLACEMENT_3D('',#5793,#5794,#5795);
#5793 = CARTESIAN_POINT('',(0.,0.,0.));
#5794 = DIRECTION('',(-0.,-0.,-1.));
#5795 = DIRECTION('',(1.,0.,0.));
#5796 = ( GEOMETRIC_REPRESENTATION_CONTEXT(3) 
GLOBAL_UNCERTAINTY_ASSIGNED_CONTEXT((#5800)) 
GLOBAL_UNIT_ASSIGNED_CONTEXT((#5797,#5798,#5799)) REPRESENTATION_CONTEXT
('Context #1','3D Context with UNIT and UNCERTAINTY') );
#5797 = ( LENGTH_UNIT() NAMED_UNIT(*) SI_UNIT(.MILLI.,.METRE.) );
#5798 = ( NAMED_UNIT(*) PLANE_ANGLE_UNIT() SI_UNIT($,.RADIAN.) );
#5799 = ( NAMED_UNIT(*) SI_UNIT($,.STERADIAN.) SOLID_ANGLE_UNIT() );
#5800 = UNCERTAINTY_MEASURE_WITH_UNIT(LENGTH_MEASURE(1.E-07),#5797,
  'distance_accuracy_value','confusion accuracy');
#5801 = CONTEXT_DEPENDENT_SHAPE_REPRESENTATION(#5802,#5804);
#5802 = ( REPRESENTATION_RELATIONSHIP('','',#5540,#10) 
REPRESENTATION_RELATIONSHIP_WITH_TRANSFORMATION(#5803) 
SHAPE_REPRESENTATION_RELATIONSHIP() );
#5803 = ITEM_DEFINED_TRANSFORMATION('','',#11,#67);
#5804 = PRODUCT_DEFINITION_SHAPE('Placement','Placement of an item',
  #5805);
#5805 = NEXT_ASSEMBLY_USAGE_OCCURRENCE('19','m4_nut_6','',#5,#5535,$);
#5806 = PRODUCT_RELATED_PRODUCT_CATEGORY('part',$,(#5537));
#5807 = SHAPE_DEFINITION_REPRESENTATION(#5808,#5814);
#5808 = PRODUCT_DEFINITION_SHAPE('','',#5809);
#5809 = PRODUCT_DEFINITION('design','',#5810,#5813);
#5810 = PRODUCT_DEFINITION_FORMATION('','',#5811);
#5811 = PRODUCT('cover_casette001','cover_casette001','',(#5812));
#5812 = PRODUCT_CONTEXT('',#2,'mechanical');
#5813 = PRODUCT_DEFINITION_CONTEXT('part definition',#2,'design');
#5814 = ADVANCED_BREP_SHAPE_REPRESENTATION('',(#11,#5815),#6424);
#5815 = MANIFOLD_SOLID_BREP('',#5816);
#5816 = CLOSED_SHELL('',(#5817,#5851,#5860,#6012,#6038,#6047,#6073,#6082
    ,#6108,#6117,#6143,#6152,#6178,#6187,#6213,#6222,#6305,#6322,#6339,
    #6356,#6373,#6390,#6407));
#5817 = ADVANCED_FACE('',(#5818),#5846,.F.);
#5818 = FACE_BOUND('',#5819,.F.);
#5819 = EDGE_LOOP('',(#5820,#5831,#5838,#5839));
#5820 = ORIENTED_EDGE('',*,*,#5821,.T.);
#5821 = EDGE_CURVE('',#5822,#5824,#5826,.T.);
#5822 = VERTEX_POINT('',#5823);
#5823 = CARTESIAN_POINT('',(4.,-17.32,0.));
#5824 = VERTEX_POINT('',#5825);
#5825 = CARTESIAN_POINT('',(2.,-17.32,0.));
#5826 = CIRCLE('',#5827,1.);
#5827 = AXIS2_PLACEMENT_3D('',#5828,#5829,#5830);
#5828 = CARTESIAN_POINT('',(3.,-17.32,0.));
#5829 = DIRECTION('',(0.,-1.,0.));
#5830 = DIRECTION('',(-1.,0.,0.));
#5831 = ORIENTED_EDGE('',*,*,#5832,.F.);
#5832 = EDGE_CURVE('',#5824,#5824,#5833,.T.);
#5833 = CIRCLE('',#5834,8.);
#5834 = AXIS2_PLACEMENT_3D('',#5835,#5836,#5837);
#5835 = CARTESIAN_POINT('',(10.,-17.32,0.));
#5836 = DIRECTION('',(0.,0.,-1.));
#5837 = DIRECTION('',(-1.,0.,0.));
#5838 = ORIENTED_EDGE('',*,*,#5821,.F.);
#5839 = ORIENTED_EDGE('',*,*,#5840,.F.);
#5840 = EDGE_CURVE('',#5822,#5822,#5841,.T.);
#5841 = CIRCLE('',#5842,6.);
#5842 = AXIS2_PLACEMENT_3D('',#5843,#5844,#5845);
#5843 = CARTESIAN_POINT('',(10.,-17.32,0.));
#5844 = DIRECTION('',(0.,0.,1.));
#5845 = DIRECTION('',(-1.,0.,0.));
#5846 = TOROIDAL_SURFACE('',#5847,7.,1.);
#5847 = AXIS2_PLACEMENT_3D('',#5848,#5849,#5850);
#5848 = CARTESIAN_POINT('',(10.,-17.32,0.));
#5849 = DIRECTION('',(0.,0.,-1.));
#5850 = DIRECTION('',(1.,0.,0.));
#5851 = ADVANCED_FACE('',(#5852),#5855,.F.);
#5852 = FACE_BOUND('',#5853,.T.);
#5853 = EDGE_LOOP('',(#5854));
#5854 = ORIENTED_EDGE('',*,*,#5840,.F.);
#5855 = PLANE('',#5856);
#5856 = AXIS2_PLACEMENT_3D('',#5857,#5858,#5859);
#5857 = CARTESIAN_POINT('',(0.,0.,0.));
#5858 = DIRECTION('',(0.,0.,1.));
#5859 = DIRECTION('',(1.,0.,-0.));
#5860 = ADVANCED_FACE('',(#5861,#5872,#5883,#5894,#5905,#5916,#5927,
    #5938,#5949,#5960,#5971,#5982,#5993,#6004),#6007,.F.);
#5861 = FACE_BOUND('',#5862,.T.);
#5862 = EDGE_LOOP('',(#5863));
#5863 = ORIENTED_EDGE('',*,*,#5864,.F.);
#5864 = EDGE_CURVE('',#5865,#5865,#5867,.T.);
#5865 = VERTEX_POINT('',#5866);
#5866 = CARTESIAN_POINT('',(-34.5,-4.225031457058E-15,0.));
#5867 = CIRCLE('',#5868,34.5);
#5868 = AXIS2_PLACEMENT_3D('',#5869,#5870,#5871);
#5869 = CARTESIAN_POINT('',(0.,0.,0.));
#5870 = DIRECTION('',(0.,0.,1.));
#5871 = DIRECTION('',(1.,0.,-0.));
#5872 = FACE_BOUND('',#5873,.T.);
#5873 = EDGE_LOOP('',(#5874));
#5874 = ORIENTED_EDGE('',*,*,#5875,.F.);
#5875 = EDGE_CURVE('',#5876,#5876,#5878,.T.);
#5876 = VERTEX_POINT('',#5877);
#5877 = CARTESIAN_POINT('',(-2.,-17.32,0.));
#5878 = CIRCLE('',#5879,8.);
#5879 = AXIS2_PLACEMENT_3D('',#5880,#5881,#5882);
#5880 = CARTESIAN_POINT('',(-10.,-17.32,0.));
#5881 = DIRECTION('',(0.,0.,-1.));
#5882 = DIRECTION('',(-1.,0.,0.));
#5883 = FACE_BOUND('',#5884,.T.);
#5884 = EDGE_LOOP('',(#5885));
#5885 = ORIENTED_EDGE('',*,*,#5886,.T.);
#5886 = EDGE_CURVE('',#5887,#5887,#5889,.T.);
#5887 = VERTEX_POINT('',#5888);
#5888 = CARTESIAN_POINT('',(-2.,17.32,0.));
#5889 = CIRCLE('',#5890,8.);
#5890 = AXIS2_PLACEMENT_3D('',#5891,#5892,#5893);
#5891 = CARTESIAN_POINT('',(-10.,17.32,0.));
#5892 = DIRECTION('',(0.,0.,1.));
#5893 = DIRECTION('',(-1.,0.,0.));
#5894 = FACE_BOUND('',#5895,.T.);
#5895 = EDGE_LOOP('',(#5896));
#5896 = ORIENTED_EDGE('',*,*,#5897,.T.);
#5897 = EDGE_CURVE('',#5898,#5898,#5900,.T.);
#5898 = VERTEX_POINT('',#5899);
#5899 = CARTESIAN_POINT('',(-28.00000080466,-9.797175013633E-16,0.));
#5900 = CIRCLE('',#5901,8.000000506639);
#5901 = AXIS2_PLACEMENT_3D('',#5902,#5903,#5904);
#5902 = CARTESIAN_POINT('',(-20.00000029802,0.,0.));
#5903 = DIRECTION('',(0.,0.,1.));
#5904 = DIRECTION('',(1.,0.,-0.));
#5905 = FACE_BOUND('',#5906,.T.);
#5906 = EDGE_LOOP('',(#5907));
#5907 = ORIENTED_EDGE('',*,*,#5908,.F.);
#5908 = EDGE_CURVE('',#5909,#5909,#5911,.T.);
#5909 = VERTEX_POINT('',#5910);
#5910 = CARTESIAN_POINT('',(23.98,15.,0.));
#5911 = CIRCLE('',#5912,2.);
#5912 = AXIS2_PLACEMENT_3D('',#5913,#5914,#5915);
#5913 = CARTESIAN_POINT('',(25.98,15.,0.));
#5914 = DIRECTION('',(0.,0.,-1.));
#5915 = DIRECTION('',(1.,0.,0.));
#5916 = FACE_BOUND('',#5917,.T.);
#5917 = EDGE_LOOP('',(#5918));
#5918 = ORIENTED_EDGE('',*,*,#5919,.F.);
#5919 = EDGE_CURVE('',#5920,#5920,#5922,.T.);
#5920 = VERTEX_POINT('',#5921);
#5921 = CARTESIAN_POINT('',(23.98,-15.,0.));
#5922 = CIRCLE('',#5923,2.);
#5923 = AXIS2_PLACEMENT_3D('',#5924,#5925,#5926);
#5924 = CARTESIAN_POINT('',(25.98,-15.,0.));
#5925 = DIRECTION('',(0.,0.,-1.));
#5926 = DIRECTION('',(1.,0.,0.));
#5927 = FACE_BOUND('',#5928,.T.);
#5928 = EDGE_LOOP('',(#5929));
#5929 = ORIENTED_EDGE('',*,*,#5930,.F.);
#5930 = EDGE_CURVE('',#5931,#5931,#5933,.T.);
#5931 = VERTEX_POINT('',#5932);
#5932 = CARTESIAN_POINT('',(-2.,-30.,0.));
#5933 = CIRCLE('',#5934,2.);
#5934 = AXIS2_PLACEMENT_3D('',#5935,#5936,#5937);
#5935 = CARTESIAN_POINT('',(0.,-30.,0.));
#5936 = DIRECTION('',(0.,0.,-1.));
#5937 = DIRECTION('',(1.,0.,0.));
#5938 = FACE_BOUND('',#5939,.T.);
#5939 = EDGE_LOOP('',(#5940));
#5940 = ORIENTED_EDGE('',*,*,#5941,.F.);
#5941 = EDGE_CURVE('',#5942,#5942,#5944,.T.);
#5942 = VERTEX_POINT('',#5943);
#5943 = CARTESIAN_POINT('',(-27.98,-15.,0.));
#5944 = CIRCLE('',#5945,2.);
#5945 = AXIS2_PLACEMENT_3D('',#5946,#5947,#5948);
#5946 = CARTESIAN_POINT('',(-25.98,-15.,0.));
#5947 = DIRECTION('',(0.,0.,-1.));
#5948 = DIRECTION('',(1.,0.,0.));
#5949 = FACE_BOUND('',#5950,.T.);
#5950 = EDGE_LOOP('',(#5951));
#5951 = ORIENTED_EDGE('',*,*,#5952,.F.);
#5952 = EDGE_CURVE('',#5953,#5953,#5955,.T.);
#5953 = VERTEX_POINT('',#5954);
#5954 = CARTESIAN_POINT('',(-27.98,15.,0.));
#5955 = CIRCLE('',#5956,2.);
#5956 = AXIS2_PLACEMENT_3D('',#5957,#5958,#5959);
#5957 = CARTESIAN_POINT('',(-25.98,15.,0.));
#5958 = DIRECTION('',(0.,0.,-1.));
#5959 = DIRECTION('',(1.,0.,0.));
#5960 = FACE_BOUND('',#5961,.T.);
#5961 = EDGE_LOOP('',(#5962));
#5962 = ORIENTED_EDGE('',*,*,#5963,.F.);
#5963 = EDGE_CURVE('',#5964,#5964,#5966,.T.);
#5964 = VERTEX_POINT('',#5965);
#5965 = CARTESIAN_POINT('',(-2.,30.,0.));
#5966 = CIRCLE('',#5967,2.);
#5967 = AXIS2_PLACEMENT_3D('',#5968,#5969,#5970);
#5968 = CARTESIAN_POINT('',(0.,30.,0.));
#5969 = DIRECTION('',(0.,0.,-1.));
#5970 = DIRECTION('',(1.,0.,0.));
#5971 = FACE_BOUND('',#5972,.T.);
#5972 = EDGE_LOOP('',(#5973));
#5973 = ORIENTED_EDGE('',*,*,#5974,.T.);
#5974 = EDGE_CURVE('',#5975,#5975,#5977,.T.);
#5975 = VERTEX_POINT('',#5976);
#5976 = CARTESIAN_POINT('',(-8.000000119209,-9.797174539168E-16,0.));
#5977 = CIRCLE('',#5978,8.000000119209);
#5978 = AXIS2_PLACEMENT_3D('',#5979,#5980,#5981);
#5979 = CARTESIAN_POINT('',(0.,0.,0.));
#5980 = DIRECTION('',(0.,0.,1.));
#5981 = DIRECTION('',(1.,0.,-0.));
#5982 = FACE_BOUND('',#5983,.T.);
#5983 = EDGE_LOOP('',(#5984));
#5984 = ORIENTED_EDGE('',*,*,#5985,.F.);
#5985 = EDGE_CURVE('',#5986,#5986,#5988,.T.);
#5986 = VERTEX_POINT('',#5987);
#5987 = CARTESIAN_POINT('',(28.000000804663,-9.797175013633E-16,0.));
#5988 = CIRCLE('',#5989,8.000000506639);
#5989 = AXIS2_PLACEMENT_3D('',#5990,#5991,#5992);
#5990 = CARTESIAN_POINT('',(20.000000298023,0.,0.));
#5991 = DIRECTION('',(0.,0.,-1.));
#5992 = DIRECTION('',(1.,0.,0.));
#5993 = FACE_BOUND('',#5994,.T.);
#5994 = EDGE_LOOP('',(#5995));
#5995 = ORIENTED_EDGE('',*,*,#5996,.F.);
#5996 = EDGE_CURVE('',#5997,#5997,#5999,.T.);
#5997 = VERTEX_POINT('',#5998);
#5998 = CARTESIAN_POINT('',(2.,17.32,0.));
#5999 = CIRCLE('',#6000,8.);
#6000 = AXIS2_PLACEMENT_3D('',#6001,#6002,#6003);
#6001 = CARTESIAN_POINT('',(10.,17.32,0.));
#6002 = DIRECTION('',(0.,0.,-1.));
#6003 = DIRECTION('',(-1.,0.,0.));
#6004 = FACE_BOUND('',#6005,.T.);
#6005 = EDGE_LOOP('',(#6006));
#6006 = ORIENTED_EDGE('',*,*,#5832,.F.);
#6007 = PLANE('',#6008);
#6008 = AXIS2_PLACEMENT_3D('',#6009,#6010,#6011);
#6009 = CARTESIAN_POINT('',(0.,0.,0.));
#6010 = DIRECTION('',(0.,0.,1.));
#6011 = DIRECTION('',(1.,0.,-0.));
#6012 = ADVANCED_FACE('',(#6013),#6033,.F.);
#6013 = FACE_BOUND('',#6014,.F.);
#6014 = EDGE_LOOP('',(#6015,#6024,#6025,#6026));
#6015 = ORIENTED_EDGE('',*,*,#6016,.T.);
#6016 = EDGE_CURVE('',#6017,#5876,#6019,.T.);
#6017 = VERTEX_POINT('',#6018);
#6018 = CARTESIAN_POINT('',(-4.,-17.32,0.));
#6019 = CIRCLE('',#6020,1.);
#6020 = AXIS2_PLACEMENT_3D('',#6021,#6022,#6023);
#6021 = CARTESIAN_POINT('',(-3.,-17.32,0.));
#6022 = DIRECTION('',(-0.,1.,0.));
#6023 = DIRECTION('',(1.,0.,0.));
#6024 = ORIENTED_EDGE('',*,*,#5875,.F.);
#6025 = ORIENTED_EDGE('',*,*,#6016,.F.);
#6026 = ORIENTED_EDGE('',*,*,#6027,.F.);
#6027 = EDGE_CURVE('',#6017,#6017,#6028,.T.);
#6028 = CIRCLE('',#6029,6.);
#6029 = AXIS2_PLACEMENT_3D('',#6030,#6031,#6032);
#6030 = CARTESIAN_POINT('',(-10.,-17.32,0.));
#6031 = DIRECTION('',(0.,0.,1.));
#6032 = DIRECTION('',(-1.,0.,0.));
#6033 = TOROIDAL_SURFACE('',#6034,7.,1.);
#6034 = AXIS2_PLACEMENT_3D('',#6035,#6036,#6037);
#6035 = CARTESIAN_POINT('',(-10.,-17.32,0.));
#6036 = DIRECTION('',(0.,0.,-1.));
#6037 = DIRECTION('',(-1.,0.,0.));
#6038 = ADVANCED_FACE('',(#6039),#6042,.F.);
#6039 = FACE_BOUND('',#6040,.T.);
#6040 = EDGE_LOOP('',(#6041));
#6041 = ORIENTED_EDGE('',*,*,#6027,.F.);
#6042 = PLANE('',#6043);
#6043 = AXIS2_PLACEMENT_3D('',#6044,#6045,#6046);
#6044 = CARTESIAN_POINT('',(0.,0.,0.));
#6045 = DIRECTION('',(0.,0.,1.));
#6046 = DIRECTION('',(1.,0.,-0.));
#6047 = ADVANCED_FACE('',(#6048),#6068,.F.);
#6048 = FACE_BOUND('',#6049,.F.);
#6049 = EDGE_LOOP('',(#6050,#6059,#6060,#6061));
#6050 = ORIENTED_EDGE('',*,*,#6051,.T.);
#6051 = EDGE_CURVE('',#6052,#5997,#6054,.T.);
#6052 = VERTEX_POINT('',#6053);
#6053 = CARTESIAN_POINT('',(4.,17.32,0.));
#6054 = CIRCLE('',#6055,1.);
#6055 = AXIS2_PLACEMENT_3D('',#6056,#6057,#6058);
#6056 = CARTESIAN_POINT('',(3.,17.32,0.));
#6057 = DIRECTION('',(0.,-1.,0.));
#6058 = DIRECTION('',(-1.,0.,0.));
#6059 = ORIENTED_EDGE('',*,*,#5996,.F.);
#6060 = ORIENTED_EDGE('',*,*,#6051,.F.);
#6061 = ORIENTED_EDGE('',*,*,#6062,.F.);
#6062 = EDGE_CURVE('',#6052,#6052,#6063,.T.);
#6063 = CIRCLE('',#6064,6.);
#6064 = AXIS2_PLACEMENT_3D('',#6065,#6066,#6067);
#6065 = CARTESIAN_POINT('',(10.,17.32,0.));
#6066 = DIRECTION('',(0.,0.,1.));
#6067 = DIRECTION('',(-1.,0.,0.));
#6068 = TOROIDAL_SURFACE('',#6069,7.,1.);
#6069 = AXIS2_PLACEMENT_3D('',#6070,#6071,#6072);
#6070 = CARTESIAN_POINT('',(10.,17.32,0.));
#6071 = DIRECTION('',(0.,0.,-1.));
#6072 = DIRECTION('',(1.,0.,0.));
#6073 = ADVANCED_FACE('',(#6074),#6077,.F.);
#6074 = FACE_BOUND('',#6075,.T.);
#6075 = EDGE_LOOP('',(#6076));
#6076 = ORIENTED_EDGE('',*,*,#6062,.F.);
#6077 = PLANE('',#6078);
#6078 = AXIS2_PLACEMENT_3D('',#6079,#6080,#6081);
#6079 = CARTESIAN_POINT('',(0.,0.,0.));
#6080 = DIRECTION('',(0.,0.,1.));
#6081 = DIRECTION('',(1.,0.,-0.));
#6082 = ADVANCED_FACE('',(#6083),#6103,.F.);
#6083 = FACE_BOUND('',#6084,.F.);
#6084 = EDGE_LOOP('',(#6085,#6094,#6095,#6096));
#6085 = ORIENTED_EDGE('',*,*,#6086,.T.);
#6086 = EDGE_CURVE('',#6087,#5887,#6089,.T.);
#6087 = VERTEX_POINT('',#6088);
#6088 = CARTESIAN_POINT('',(-4.,17.32,0.));
#6089 = CIRCLE('',#6090,1.);
#6090 = AXIS2_PLACEMENT_3D('',#6091,#6092,#6093);
#6091 = CARTESIAN_POINT('',(-3.,17.32,0.));
#6092 = DIRECTION('',(-0.,1.,0.));
#6093 = DIRECTION('',(1.,0.,0.));
#6094 = ORIENTED_EDGE('',*,*,#5886,.T.);
#6095 = ORIENTED_EDGE('',*,*,#6086,.F.);
#6096 = ORIENTED_EDGE('',*,*,#6097,.T.);
#6097 = EDGE_CURVE('',#6087,#6087,#6098,.T.);
#6098 = CIRCLE('',#6099,6.);
#6099 = AXIS2_PLACEMENT_3D('',#6100,#6101,#6102);
#6100 = CARTESIAN_POINT('',(-10.,17.32,0.));
#6101 = DIRECTION('',(0.,0.,-1.));
#6102 = DIRECTION('',(-1.,0.,0.));
#6103 = TOROIDAL_SURFACE('',#6104,7.,1.);
#6104 = AXIS2_PLACEMENT_3D('',#6105,#6106,#6107);
#6105 = CARTESIAN_POINT('',(-10.,17.32,0.));
#6106 = DIRECTION('',(0.,0.,-1.));
#6107 = DIRECTION('',(-1.,0.,0.));
#6108 = ADVANCED_FACE('',(#6109),#6112,.F.);
#6109 = FACE_BOUND('',#6110,.T.);
#6110 = EDGE_LOOP('',(#6111));
#6111 = ORIENTED_EDGE('',*,*,#6097,.T.);
#6112 = PLANE('',#6113);
#6113 = AXIS2_PLACEMENT_3D('',#6114,#6115,#6116);
#6114 = CARTESIAN_POINT('',(0.,0.,0.));
#6115 = DIRECTION('',(0.,0.,1.));
#6116 = DIRECTION('',(1.,0.,-0.));
#6117 = ADVANCED_FACE('',(#6118),#6138,.F.);
#6118 = FACE_BOUND('',#6119,.F.);
#6119 = EDGE_LOOP('',(#6120,#6129,#6136,#6137));
#6120 = ORIENTED_EDGE('',*,*,#6121,.T.);
#6121 = EDGE_CURVE('',#5986,#6122,#6124,.T.);
#6122 = VERTEX_POINT('',#6123);
#6123 = CARTESIAN_POINT('',(26.00000038743,-7.347880904376E-16,0.));
#6124 = CIRCLE('',#6125,1.000000208616);
#6125 = AXIS2_PLACEMENT_3D('',#6126,#6127,#6128);
#6126 = CARTESIAN_POINT('',(27.000000596046,-8.572527959005E-16,0.));
#6127 = DIRECTION('',(-1.224646799147E-16,-1.,0.));
#6128 = DIRECTION('',(1.,-1.224646799147E-16,0.));
#6129 = ORIENTED_EDGE('',*,*,#6130,.F.);
#6130 = EDGE_CURVE('',#6122,#6122,#6131,.T.);
#6131 = CIRCLE('',#6132,6.000000089407);
#6132 = AXIS2_PLACEMENT_3D('',#6133,#6134,#6135);
#6133 = CARTESIAN_POINT('',(20.000000298023,0.,0.));
#6134 = DIRECTION('',(0.,0.,1.));
#6135 = DIRECTION('',(1.,0.,-0.));
#6136 = ORIENTED_EDGE('',*,*,#6121,.F.);
#6137 = ORIENTED_EDGE('',*,*,#5985,.F.);
#6138 = TOROIDAL_SURFACE('',#6139,7.000000298023,1.000000208616);
#6139 = AXIS2_PLACEMENT_3D('',#6140,#6141,#6142);
#6140 = CARTESIAN_POINT('',(20.000000298023,0.,0.));
#6141 = DIRECTION('',(0.,0.,1.));
#6142 = DIRECTION('',(-1.,0.,0.));
#6143 = ADVANCED_FACE('',(#6144),#6147,.F.);
#6144 = FACE_BOUND('',#6145,.T.);
#6145 = EDGE_LOOP('',(#6146));
#6146 = ORIENTED_EDGE('',*,*,#6130,.F.);
#6147 = PLANE('',#6148);
#6148 = AXIS2_PLACEMENT_3D('',#6149,#6150,#6151);
#6149 = CARTESIAN_POINT('',(0.,0.,0.));
#6150 = DIRECTION('',(0.,0.,1.));
#6151 = DIRECTION('',(1.,0.,-0.));
#6152 = ADVANCED_FACE('',(#6153),#6173,.F.);
#6153 = FACE_BOUND('',#6154,.F.);
#6154 = EDGE_LOOP('',(#6155,#6164,#6171,#6172));
#6155 = ORIENTED_EDGE('',*,*,#6156,.T.);
#6156 = EDGE_CURVE('',#5898,#6157,#6159,.T.);
#6157 = VERTEX_POINT('',#6158);
#6158 = CARTESIAN_POINT('',(-26.00000038743,-7.347880904376E-16,0.));
#6159 = CIRCLE('',#6160,1.000000208616);
#6160 = AXIS2_PLACEMENT_3D('',#6161,#6162,#6163);
#6161 = CARTESIAN_POINT('',(-27.00000059604,-8.572527959005E-16,0.));
#6162 = DIRECTION('',(-1.224646799147E-16,1.,0.));
#6163 = DIRECTION('',(-1.,-1.224646799147E-16,0.));
#6164 = ORIENTED_EDGE('',*,*,#6165,.T.);
#6165 = EDGE_CURVE('',#6157,#6157,#6166,.T.);
#6166 = CIRCLE('',#6167,6.000000089407);
#6167 = AXIS2_PLACEMENT_3D('',#6168,#6169,#6170);
#6168 = CARTESIAN_POINT('',(-20.00000029802,0.,0.));
#6169 = DIRECTION('',(0.,0.,-1.));
#6170 = DIRECTION('',(1.,0.,0.));
#6171 = ORIENTED_EDGE('',*,*,#6156,.F.);
#6172 = ORIENTED_EDGE('',*,*,#5897,.T.);
#6173 = TOROIDAL_SURFACE('',#6174,7.000000298023,1.000000208616);
#6174 = AXIS2_PLACEMENT_3D('',#6175,#6176,#6177);
#6175 = CARTESIAN_POINT('',(-20.00000029802,0.,0.));
#6176 = DIRECTION('',(0.,0.,1.));
#6177 = DIRECTION('',(1.,0.,-0.));
#6178 = ADVANCED_FACE('',(#6179),#6182,.F.);
#6179 = FACE_BOUND('',#6180,.T.);
#6180 = EDGE_LOOP('',(#6181));
#6181 = ORIENTED_EDGE('',*,*,#6165,.T.);
#6182 = PLANE('',#6183);
#6183 = AXIS2_PLACEMENT_3D('',#6184,#6185,#6186);
#6184 = CARTESIAN_POINT('',(0.,0.,0.));
#6185 = DIRECTION('',(0.,0.,1.));
#6186 = DIRECTION('',(1.,0.,-0.));
#6187 = ADVANCED_FACE('',(#6188),#6208,.F.);
#6188 = FACE_BOUND('',#6189,.F.);
#6189 = EDGE_LOOP('',(#6190,#6199,#6206,#6207));
#6190 = ORIENTED_EDGE('',*,*,#6191,.T.);
#6191 = EDGE_CURVE('',#5975,#6192,#6194,.T.);
#6192 = VERTEX_POINT('',#6193);
#6193 = CARTESIAN_POINT('',(-6.000000089407,-7.347880904376E-16,0.));
#6194 = CIRCLE('',#6195,1.000000014901);
#6195 = AXIS2_PLACEMENT_3D('',#6196,#6197,#6198);
#6196 = CARTESIAN_POINT('',(-7.000000104308,-8.572527721772E-16,0.));
#6197 = DIRECTION('',(-1.224646799147E-16,1.,0.));
#6198 = DIRECTION('',(-1.,-1.224646799147E-16,0.));
#6199 = ORIENTED_EDGE('',*,*,#6200,.T.);
#6200 = EDGE_CURVE('',#6192,#6192,#6201,.T.);
#6201 = CIRCLE('',#6202,6.000000089407);
#6202 = AXIS2_PLACEMENT_3D('',#6203,#6204,#6205);
#6203 = CARTESIAN_POINT('',(0.,0.,0.));
#6204 = DIRECTION('',(0.,0.,-1.));
#6205 = DIRECTION('',(1.,0.,0.));
#6206 = ORIENTED_EDGE('',*,*,#6191,.F.);
#6207 = ORIENTED_EDGE('',*,*,#5974,.T.);
#6208 = TOROIDAL_SURFACE('',#6209,7.000000104308,1.000000014901);
#6209 = AXIS2_PLACEMENT_3D('',#6210,#6211,#6212);
#6210 = CARTESIAN_POINT('',(0.,0.,0.));
#6211 = DIRECTION('',(0.,0.,1.));
#6212 = DIRECTION('',(1.,0.,-0.));
#6213 = ADVANCED_FACE('',(#6214),#6217,.F.);
#6214 = FACE_BOUND('',#6215,.T.);
#6215 = EDGE_LOOP('',(#6216));
#6216 = ORIENTED_EDGE('',*,*,#6200,.T.);
#6217 = PLANE('',#6218);
#6218 = AXIS2_PLACEMENT_3D('',#6219,#6220,#6221);
#6219 = CARTESIAN_POINT('',(0.,0.,0.));
#6220 = DIRECTION('',(0.,0.,1.));
#6221 = DIRECTION('',(1.,0.,-0.));
#6222 = ADVANCED_FACE('',(#6223,#6234,#6245,#6256,#6267,#6278,#6289),
  #6300,.T.);
#6223 = FACE_BOUND('',#6224,.T.);
#6224 = EDGE_LOOP('',(#6225));
#6225 = ORIENTED_EDGE('',*,*,#6226,.T.);
#6226 = EDGE_CURVE('',#6227,#6227,#6229,.T.);
#6227 = VERTEX_POINT('',#6228);
#6228 = CARTESIAN_POINT('',(-34.5,-4.440892098501E-15,6.));
#6229 = CIRCLE('',#6230,34.5);
#6230 = AXIS2_PLACEMENT_3D('',#6231,#6232,#6233);
#6231 = CARTESIAN_POINT('',(0.,0.,6.));
#6232 = DIRECTION('',(0.,0.,1.));
#6233 = DIRECTION('',(1.,0.,-0.));
#6234 = FACE_BOUND('',#6235,.T.);
#6235 = EDGE_LOOP('',(#6236));
#6236 = ORIENTED_EDGE('',*,*,#6237,.T.);
#6237 = EDGE_CURVE('',#6238,#6238,#6240,.T.);
#6238 = VERTEX_POINT('',#6239);
#6239 = CARTESIAN_POINT('',(-2.,30.,6.));
#6240 = CIRCLE('',#6241,2.);
#6241 = AXIS2_PLACEMENT_3D('',#6242,#6243,#6244);
#6242 = CARTESIAN_POINT('',(0.,30.,6.));
#6243 = DIRECTION('',(0.,0.,-1.));
#6244 = DIRECTION('',(1.,0.,0.));
#6245 = FACE_BOUND('',#6246,.T.);
#6246 = EDGE_LOOP('',(#6247));
#6247 = ORIENTED_EDGE('',*,*,#6248,.T.);
#6248 = EDGE_CURVE('',#6249,#6249,#6251,.T.);
#6249 = VERTEX_POINT('',#6250);
#6250 = CARTESIAN_POINT('',(-27.98,15.,6.));
#6251 = CIRCLE('',#6252,2.);
#6252 = AXIS2_PLACEMENT_3D('',#6253,#6254,#6255);
#6253 = CARTESIAN_POINT('',(-25.98,15.,6.));
#6254 = DIRECTION('',(0.,0.,-1.));
#6255 = DIRECTION('',(1.,0.,0.));
#6256 = FACE_BOUND('',#6257,.T.);
#6257 = EDGE_LOOP('',(#6258));
#6258 = ORIENTED_EDGE('',*,*,#6259,.T.);
#6259 = EDGE_CURVE('',#6260,#6260,#6262,.T.);
#6260 = VERTEX_POINT('',#6261);
#6261 = CARTESIAN_POINT('',(-27.98,-15.,6.));
#6262 = CIRCLE('',#6263,2.);
#6263 = AXIS2_PLACEMENT_3D('',#6264,#6265,#6266);
#6264 = CARTESIAN_POINT('',(-25.98,-15.,6.));
#6265 = DIRECTION('',(0.,0.,-1.));
#6266 = DIRECTION('',(1.,0.,0.));
#6267 = FACE_BOUND('',#6268,.T.);
#6268 = EDGE_LOOP('',(#6269));
#6269 = ORIENTED_EDGE('',*,*,#6270,.T.);
#6270 = EDGE_CURVE('',#6271,#6271,#6273,.T.);
#6271 = VERTEX_POINT('',#6272);
#6272 = CARTESIAN_POINT('',(-2.,-30.,6.));
#6273 = CIRCLE('',#6274,2.);
#6274 = AXIS2_PLACEMENT_3D('',#6275,#6276,#6277);
#6275 = CARTESIAN_POINT('',(0.,-30.,6.));
#6276 = DIRECTION('',(0.,0.,-1.));
#6277 = DIRECTION('',(1.,0.,0.));
#6278 = FACE_BOUND('',#6279,.T.);
#6279 = EDGE_LOOP('',(#6280));
#6280 = ORIENTED_EDGE('',*,*,#6281,.T.);
#6281 = EDGE_CURVE('',#6282,#6282,#6284,.T.);
#6282 = VERTEX_POINT('',#6283);
#6283 = CARTESIAN_POINT('',(23.98,-15.,6.));
#6284 = CIRCLE('',#6285,2.);
#6285 = AXIS2_PLACEMENT_3D('',#6286,#6287,#6288);
#6286 = CARTESIAN_POINT('',(25.98,-15.,6.));
#6287 = DIRECTION('',(0.,0.,-1.));
#6288 = DIRECTION('',(1.,0.,0.));
#6289 = FACE_BOUND('',#6290,.T.);
#6290 = EDGE_LOOP('',(#6291));
#6291 = ORIENTED_EDGE('',*,*,#6292,.T.);
#6292 = EDGE_CURVE('',#6293,#6293,#6295,.T.);
#6293 = VERTEX_POINT('',#6294);
#6294 = CARTESIAN_POINT('',(23.98,15.,6.));
#6295 = CIRCLE('',#6296,2.);
#6296 = AXIS2_PLACEMENT_3D('',#6297,#6298,#6299);
#6297 = CARTESIAN_POINT('',(25.98,15.,6.));
#6298 = DIRECTION('',(0.,0.,-1.));
#6299 = DIRECTION('',(1.,0.,0.));
#6300 = PLANE('',#6301);
#6301 = AXIS2_PLACEMENT_3D('',#6302,#6303,#6304);
#6302 = CARTESIAN_POINT('',(0.,0.,6.));
#6303 = DIRECTION('',(0.,0.,1.));
#6304 = DIRECTION('',(1.,0.,-0.));
#6305 = ADVANCED_FACE('',(#6306),#6317,.F.);
#6306 = FACE_BOUND('',#6307,.F.);
#6307 = EDGE_LOOP('',(#6308,#6314,#6315,#6316));
#6308 = ORIENTED_EDGE('',*,*,#6309,.T.);
#6309 = EDGE_CURVE('',#6293,#5909,#6310,.T.);
#6310 = LINE('',#6311,#6312);
#6311 = CARTESIAN_POINT('',(23.98,15.,0.));
#6312 = VECTOR('',#6313,1.);
#6313 = DIRECTION('',(0.,0.,-1.));
#6314 = ORIENTED_EDGE('',*,*,#5908,.F.);
#6315 = ORIENTED_EDGE('',*,*,#6309,.F.);
#6316 = ORIENTED_EDGE('',*,*,#6292,.T.);
#6317 = CYLINDRICAL_SURFACE('',#6318,2.);
#6318 = AXIS2_PLACEMENT_3D('',#6319,#6320,#6321);
#6319 = CARTESIAN_POINT('',(25.98,15.,0.));
#6320 = DIRECTION('',(0.,0.,1.));
#6321 = DIRECTION('',(1.,0.,-0.));
#6322 = ADVANCED_FACE('',(#6323),#6334,.F.);
#6323 = FACE_BOUND('',#6324,.F.);
#6324 = EDGE_LOOP('',(#6325,#6331,#6332,#6333));
#6325 = ORIENTED_EDGE('',*,*,#6326,.T.);
#6326 = EDGE_CURVE('',#6282,#5920,#6327,.T.);
#6327 = LINE('',#6328,#6329);
#6328 = CARTESIAN_POINT('',(23.98,-15.,0.));
#6329 = VECTOR('',#6330,1.);
#6330 = DIRECTION('',(0.,0.,-1.));
#6331 = ORIENTED_EDGE('',*,*,#5919,.F.);
#6332 = ORIENTED_EDGE('',*,*,#6326,.F.);
#6333 = ORIENTED_EDGE('',*,*,#6281,.T.);
#6334 = CYLINDRICAL_SURFACE('',#6335,2.);
#6335 = AXIS2_PLACEMENT_3D('',#6336,#6337,#6338);
#6336 = CARTESIAN_POINT('',(25.98,-15.,0.));
#6337 = DIRECTION('',(0.,0.,1.));
#6338 = DIRECTION('',(1.,0.,-0.));
#6339 = ADVANCED_FACE('',(#6340),#6351,.F.);
#6340 = FACE_BOUND('',#6341,.F.);
#6341 = EDGE_LOOP('',(#6342,#6348,#6349,#6350));
#6342 = ORIENTED_EDGE('',*,*,#6343,.T.);
#6343 = EDGE_CURVE('',#6271,#5931,#6344,.T.);
#6344 = LINE('',#6345,#6346);
#6345 = CARTESIAN_POINT('',(-2.,-30.,0.));
#6346 = VECTOR('',#6347,1.);
#6347 = DIRECTION('',(0.,0.,-1.));
#6348 = ORIENTED_EDGE('',*,*,#5930,.F.);
#6349 = ORIENTED_EDGE('',*,*,#6343,.F.);
#6350 = ORIENTED_EDGE('',*,*,#6270,.T.);
#6351 = CYLINDRICAL_SURFACE('',#6352,2.);
#6352 = AXIS2_PLACEMENT_3D('',#6353,#6354,#6355);
#6353 = CARTESIAN_POINT('',(0.,-30.,0.));
#6354 = DIRECTION('',(0.,0.,1.));
#6355 = DIRECTION('',(1.,0.,-0.));
#6356 = ADVANCED_FACE('',(#6357),#6368,.F.);
#6357 = FACE_BOUND('',#6358,.F.);
#6358 = EDGE_LOOP('',(#6359,#6365,#6366,#6367));
#6359 = ORIENTED_EDGE('',*,*,#6360,.T.);
#6360 = EDGE_CURVE('',#6260,#5942,#6361,.T.);
#6361 = LINE('',#6362,#6363);
#6362 = CARTESIAN_POINT('',(-27.98,-15.,0.));
#6363 = VECTOR('',#6364,1.);
#6364 = DIRECTION('',(0.,0.,-1.));
#6365 = ORIENTED_EDGE('',*,*,#5941,.F.);
#6366 = ORIENTED_EDGE('',*,*,#6360,.F.);
#6367 = ORIENTED_EDGE('',*,*,#6259,.T.);
#6368 = CYLINDRICAL_SURFACE('',#6369,2.);
#6369 = AXIS2_PLACEMENT_3D('',#6370,#6371,#6372);
#6370 = CARTESIAN_POINT('',(-25.98,-15.,0.));
#6371 = DIRECTION('',(0.,0.,1.));
#6372 = DIRECTION('',(1.,0.,-0.));
#6373 = ADVANCED_FACE('',(#6374),#6385,.F.);
#6374 = FACE_BOUND('',#6375,.F.);
#6375 = EDGE_LOOP('',(#6376,#6382,#6383,#6384));
#6376 = ORIENTED_EDGE('',*,*,#6377,.T.);
#6377 = EDGE_CURVE('',#6249,#5953,#6378,.T.);
#6378 = LINE('',#6379,#6380);
#6379 = CARTESIAN_POINT('',(-27.98,15.,0.));
#6380 = VECTOR('',#6381,1.);
#6381 = DIRECTION('',(0.,0.,-1.));
#6382 = ORIENTED_EDGE('',*,*,#5952,.F.);
#6383 = ORIENTED_EDGE('',*,*,#6377,.F.);
#6384 = ORIENTED_EDGE('',*,*,#6248,.T.);
#6385 = CYLINDRICAL_SURFACE('',#6386,2.);
#6386 = AXIS2_PLACEMENT_3D('',#6387,#6388,#6389);
#6387 = CARTESIAN_POINT('',(-25.98,15.,0.));
#6388 = DIRECTION('',(0.,0.,1.));
#6389 = DIRECTION('',(1.,0.,-0.));
#6390 = ADVANCED_FACE('',(#6391),#6402,.F.);
#6391 = FACE_BOUND('',#6392,.F.);
#6392 = EDGE_LOOP('',(#6393,#6399,#6400,#6401));
#6393 = ORIENTED_EDGE('',*,*,#6394,.T.);
#6394 = EDGE_CURVE('',#6238,#5964,#6395,.T.);
#6395 = LINE('',#6396,#6397);
#6396 = CARTESIAN_POINT('',(-2.,30.,0.));
#6397 = VECTOR('',#6398,1.);
#6398 = DIRECTION('',(0.,0.,-1.));
#6399 = ORIENTED_EDGE('',*,*,#5963,.F.);
#6400 = ORIENTED_EDGE('',*,*,#6394,.F.);
#6401 = ORIENTED_EDGE('',*,*,#6237,.T.);
#6402 = CYLINDRICAL_SURFACE('',#6403,2.);
#6403 = AXIS2_PLACEMENT_3D('',#6404,#6405,#6406);
#6404 = CARTESIAN_POINT('',(0.,30.,0.));
#6405 = DIRECTION('',(0.,0.,1.));
#6406 = DIRECTION('',(1.,0.,-0.));
#6407 = ADVANCED_FACE('',(#6408),#6419,.T.);
#6408 = FACE_BOUND('',#6409,.T.);
#6409 = EDGE_LOOP('',(#6410,#6411,#6417,#6418));
#6410 = ORIENTED_EDGE('',*,*,#6226,.F.);
#6411 = ORIENTED_EDGE('',*,*,#6412,.T.);
#6412 = EDGE_CURVE('',#6227,#5865,#6413,.T.);
#6413 = LINE('',#6414,#6415);
#6414 = CARTESIAN_POINT('',(-34.5,-4.225031457058E-15,0.));
#6415 = VECTOR('',#6416,1.);
#6416 = DIRECTION('',(0.,0.,-1.));
#6417 = ORIENTED_EDGE('',*,*,#5864,.T.);
#6418 = ORIENTED_EDGE('',*,*,#6412,.F.);
#6419 = CYLINDRICAL_SURFACE('',#6420,34.5);
#6420 = AXIS2_PLACEMENT_3D('',#6421,#6422,#6423);
#6421 = CARTESIAN_POINT('',(0.,0.,0.));
#6422 = DIRECTION('',(0.,0.,1.));
#6423 = DIRECTION('',(1.,0.,-0.));
#6424 = ( GEOMETRIC_REPRESENTATION_CONTEXT(3) 
GLOBAL_UNCERTAINTY_ASSIGNED_CONTEXT((#6428)) 
GLOBAL_UNIT_ASSIGNED_CONTEXT((#6425,#6426,#6427)) REPRESENTATION_CONTEXT
('Context #1','3D Context with UNIT and UNCERTAINTY') );
#6425 = ( LENGTH_UNIT() NAMED_UNIT(*) SI_UNIT(.MILLI.,.METRE.) );
#6426 = ( NAMED_UNIT(*) PLANE_ANGLE_UNIT() SI_UNIT($,.RADIAN.) );
#6427 = ( NAMED_UNIT(*) SI_UNIT($,.STERADIAN.) SOLID_ANGLE_UNIT() );
#6428 = UNCERTAINTY_MEASURE_WITH_UNIT(LENGTH_MEASURE(1.E-07),#6425,
  'distance_accuracy_value','confusion accuracy');
#6429 = CONTEXT_DEPENDENT_SHAPE_REPRESENTATION(#6430,#6432);
#6430 = ( REPRESENTATION_RELATIONSHIP('','',#5814,#10) 
REPRESENTATION_RELATIONSHIP_WITH_TRANSFORMATION(#6431) 
SHAPE_REPRESENTATION_RELATIONSHIP() );
#6431 = ITEM_DEFINED_TRANSFORMATION('','',#11,#71);
#6432 = PRODUCT_DEFINITION_SHAPE('Placement','Placement of an item',
  #6433);
#6433 = NEXT_ASSEMBLY_USAGE_OCCURRENCE('20','cover_casette001','',#5,
  #5809,$);
#6434 = PRODUCT_RELATED_PRODUCT_CATEGORY('part',$,(#5811));
#6435 = MECHANICAL_DESIGN_GEOMETRIC_PRESENTATION_REPRESENTATION('',(
    #6436),#3400);
#6436 = STYLED_ITEM('color',(#6437),#3043);
#6437 = PRESENTATION_STYLE_ASSIGNMENT((#6438,#6444));
#6438 = SURFACE_STYLE_USAGE(.BOTH.,#6439);
#6439 = SURFACE_SIDE_STYLE('',(#6440));
#6440 = SURFACE_STYLE_FILL_AREA(#6441);
#6441 = FILL_AREA_STYLE('',(#6442));
#6442 = FILL_AREA_STYLE_COLOUR('',#6443);
#6443 = COLOUR_RGB('',0.447058818107,0.474509808674,0.501960817233);
#6444 = CURVE_STYLE('',#6445,POSITIVE_LENGTH_MEASURE(0.1),#6446);
#6445 = DRAUGHTING_PRE_DEFINED_CURVE_FONT('continuous');
#6446 = COLOUR_RGB('',9.803921802644E-02,9.803921802644E-02,
  9.803921802644E-02);
#6447 = MECHANICAL_DESIGN_GEOMETRIC_PRESENTATION_REPRESENTATION('',(
    #6448),#3776);
#6448 = STYLED_ITEM('color',(#6449),#3419);
#6449 = PRESENTATION_STYLE_ASSIGNMENT((#6450,#6455));
#6450 = SURFACE_STYLE_USAGE(.BOTH.,#6451);
#6451 = SURFACE_SIDE_STYLE('',(#6452));
#6452 = SURFACE_STYLE_FILL_AREA(#6453);
#6453 = FILL_AREA_STYLE('',(#6454));
#6454 = FILL_AREA_STYLE_COLOUR('',#6443);
#6455 = CURVE_STYLE('',#6456,POSITIVE_LENGTH_MEASURE(0.1),#6446);
#6456 = DRAUGHTING_PRE_DEFINED_CURVE_FONT('continuous');
#6457 = MECHANICAL_DESIGN_GEOMETRIC_PRESENTATION_REPRESENTATION('',(
    #6458),#6424);
#6458 = STYLED_ITEM('color',(#6459),#5815);
#6459 = PRESENTATION_STYLE_ASSIGNMENT((#6460,#6466));
#6460 = SURFACE_STYLE_USAGE(.BOTH.,#6461);
#6461 = SURFACE_SIDE_STYLE('',(#6462));
#6462 = SURFACE_STYLE_FILL_AREA(#6463);
#6463 = FILL_AREA_STYLE('',(#6464));
#6464 = FILL_AREA_STYLE_COLOUR('',#6465);
#6465 = COLOUR_RGB('',0.627451011593,0.627451011593,0.627451011593);
#6466 = CURVE_STYLE('',#6467,POSITIVE_LENGTH_MEASURE(0.1),#6446);
#6467 = DRAUGHTING_PRE_DEFINED_CURVE_FONT('continuous');
#6468 = MECHANICAL_DESIGN_GEOMETRIC_PRESENTATION_REPRESENTATION('',(
    #6469),#1268);
#6469 = STYLED_ITEM('color',(#6470),#89);
#6470 = PRESENTATION_STYLE_ASSIGNMENT((#6471,#6476));
#6471 = SURFACE_STYLE_USAGE(.BOTH.,#6472);
#6472 = SURFACE_SIDE_STYLE('',(#6473));
#6473 = SURFACE_STYLE_FILL_AREA(#6474);
#6474 = FILL_AREA_STYLE('',(#6475));
#6475 = FILL_AREA_STYLE_COLOUR('',#6465);
#6476 = CURVE_STYLE('',#6477,POSITIVE_LENGTH_MEASURE(0.1),#6446);
#6477 = DRAUGHTING_PRE_DEFINED_CURVE_FONT('continuous');
#6478 = MECHANICAL_DESIGN_GEOMETRIC_PRESENTATION_REPRESENTATION('',(
    #6479),#4152);
#6479 = STYLED_ITEM('color',(#6480),#3795);
#6480 = PRESENTATION_STYLE_ASSIGNMENT((#6481,#6486));
#6481 = SURFACE_STYLE_USAGE(.BOTH.,#6482);
#6482 = SURFACE_SIDE_STYLE('',(#6483));
#6483 = SURFACE_STYLE_FILL_AREA(#6484);
#6484 = FILL_AREA_STYLE('',(#6485));
#6485 = FILL_AREA_STYLE_COLOUR('',#6443);
#6486 = CURVE_STYLE('',#6487,POSITIVE_LENGTH_MEASURE(0.1),#6446);
#6487 = DRAUGHTING_PRE_DEFINED_CURVE_FONT('continuous');
#6488 = MECHANICAL_DESIGN_GEOMETRIC_PRESENTATION_REPRESENTATION('',(
    #6489),#3024);
#6489 = STYLED_ITEM('color',(#6490),#2667);
#6490 = PRESENTATION_STYLE_ASSIGNMENT((#6491,#6496));
#6491 = SURFACE_STYLE_USAGE(.BOTH.,#6492);
#6492 = SURFACE_SIDE_STYLE('',(#6493));
#6493 = SURFACE_STYLE_FILL_AREA(#6494);
#6494 = FILL_AREA_STYLE('',(#6495));
#6495 = FILL_AREA_STYLE_COLOUR('',#6443);
#6496 = CURVE_STYLE('',#6497,POSITIVE_LENGTH_MEASURE(0.1),#6446);
#6497 = DRAUGHTING_PRE_DEFINED_CURVE_FONT('continuous');
#6498 = MECHANICAL_DESIGN_GEOMETRIC_PRESENTATION_REPRESENTATION('',(
    #6499),#5522);
#6499 = STYLED_ITEM('color',(#6500),#5267);
#6500 = PRESENTATION_STYLE_ASSIGNMENT((#6501,#6506));
#6501 = SURFACE_STYLE_USAGE(.BOTH.,#6502);
#6502 = SURFACE_SIDE_STYLE('',(#6503));
#6503 = SURFACE_STYLE_FILL_AREA(#6504);
#6504 = FILL_AREA_STYLE('',(#6505));
#6505 = FILL_AREA_STYLE_COLOUR('',#6443);
#6506 = CURVE_STYLE('',#6507,POSITIVE_LENGTH_MEASURE(0.1),#6446);
#6507 = DRAUGHTING_PRE_DEFINED_CURVE_FONT('continuous');
#6508 = MECHANICAL_DESIGN_GEOMETRIC_PRESENTATION_REPRESENTATION('',(
    #6509),#2648);
#6509 = STYLED_ITEM('color',(#6510),#2291);
#6510 = PRESENTATION_STYLE_ASSIGNMENT((#6511,#6516));
#6511 = SURFACE_STYLE_USAGE(.BOTH.,#6512);
#6512 = SURFACE_SIDE_STYLE('',(#6513));
#6513 = SURFACE_STYLE_FILL_AREA(#6514);
#6514 = FILL_AREA_STYLE('',(#6515));
#6515 = FILL_AREA_STYLE_COLOUR('',#6443);
#6516 = CURVE_STYLE('',#6517,POSITIVE_LENGTH_MEASURE(0.1),#6446);
#6517 = DRAUGHTING_PRE_DEFINED_CURVE_FONT('continuous');
#6518 = MECHANICAL_DESIGN_GEOMETRIC_PRESENTATION_REPRESENTATION('',(
    #6519),#1896);
#6519 = STYLED_ITEM('color',(#6520),#1287);
#6520 = PRESENTATION_STYLE_ASSIGNMENT((#6521,#6526));
#6521 = SURFACE_STYLE_USAGE(.BOTH.,#6522);
#6522 = SURFACE_SIDE_STYLE('',(#6523));
#6523 = SURFACE_STYLE_FILL_AREA(#6524);
#6524 = FILL_AREA_STYLE('',(#6525));
#6525 = FILL_AREA_STYLE_COLOUR('',#6465);
#6526 = CURVE_STYLE('',#6527,POSITIVE_LENGTH_MEASURE(0.1),#6446);
#6527 = DRAUGHTING_PRE_DEFINED_CURVE_FONT('continuous');
#6528 = MECHANICAL_DESIGN_GEOMETRIC_PRESENTATION_REPRESENTATION('',(
    #6529),#4700);
#6529 = STYLED_ITEM('color',(#6530),#4445);
#6530 = PRESENTATION_STYLE_ASSIGNMENT((#6531,#6536));
#6531 = SURFACE_STYLE_USAGE(.BOTH.,#6532);
#6532 = SURFACE_SIDE_STYLE('',(#6533));
#6533 = SURFACE_STYLE_FILL_AREA(#6534);
#6534 = FILL_AREA_STYLE('',(#6535));
#6535 = FILL_AREA_STYLE_COLOUR('',#6443);
#6536 = CURVE_STYLE('',#6537,POSITIVE_LENGTH_MEASURE(0.1),#6446);
#6537 = DRAUGHTING_PRE_DEFINED_CURVE_FONT('continuous');
#6538 = MECHANICAL_DESIGN_GEOMETRIC_PRESENTATION_REPRESENTATION('',(
    #6539),#5248);
#6539 = STYLED_ITEM('color',(#6540),#4993);
#6540 = PRESENTATION_STYLE_ASSIGNMENT((#6541,#6546));
#6541 = SURFACE_STYLE_USAGE(.BOTH.,#6542);
#6542 = SURFACE_SIDE_STYLE('',(#6543));
#6543 = SURFACE_STYLE_FILL_AREA(#6544);
#6544 = FILL_AREA_STYLE('',(#6545));
#6545 = FILL_AREA_STYLE_COLOUR('',#6443);
#6546 = CURVE_STYLE('',#6547,POSITIVE_LENGTH_MEASURE(0.1),#6446);
#6547 = DRAUGHTING_PRE_DEFINED_CURVE_FONT('continuous');
#6548 = MECHANICAL_DESIGN_GEOMETRIC_PRESENTATION_REPRESENTATION('',(
    #6549),#4974);
#6549 = STYLED_ITEM('color',(#6550),#4719);
#6550 = PRESENTATION_STYLE_ASSIGNMENT((#6551,#6556));
#6551 = SURFACE_STYLE_USAGE(.BOTH.,#6552);
#6552 = SURFACE_SIDE_STYLE('',(#6553));
#6553 = SURFACE_STYLE_FILL_AREA(#6554);
#6554 = FILL_AREA_STYLE('',(#6555));
#6555 = FILL_AREA_STYLE_COLOUR('',#6443);
#6556 = CURVE_STYLE('',#6557,POSITIVE_LENGTH_MEASURE(0.1),#6446);
#6557 = DRAUGHTING_PRE_DEFINED_CURVE_FONT('continuous');
#6558 = MECHANICAL_DESIGN_GEOMETRIC_PRESENTATION_REPRESENTATION('',(
    #6559),#4426);
#6559 = STYLED_ITEM('color',(#6560),#4171);
#6560 = PRESENTATION_STYLE_ASSIGNMENT((#6561,#6566));
#6561 = SURFACE_STYLE_USAGE(.BOTH.,#6562);
#6562 = SURFACE_SIDE_STYLE('',(#6563));
#6563 = SURFACE_STYLE_FILL_AREA(#6564);
#6564 = FILL_AREA_STYLE('',(#6565));
#6565 = FILL_AREA_STYLE_COLOUR('',#6443);
#6566 = CURVE_STYLE('',#6567,POSITIVE_LENGTH_MEASURE(0.1),#6446);
#6567 = DRAUGHTING_PRE_DEFINED_CURVE_FONT('continuous');
#6568 = MECHANICAL_DESIGN_GEOMETRIC_PRESENTATION_REPRESENTATION('',(
    #6569),#2272);
#6569 = STYLED_ITEM('color',(#6570),#1915);
#6570 = PRESENTATION_STYLE_ASSIGNMENT((#6571,#6576));
#6571 = SURFACE_STYLE_USAGE(.BOTH.,#6572);
#6572 = SURFACE_SIDE_STYLE('',(#6573));
#6573 = SURFACE_STYLE_FILL_AREA(#6574);
#6574 = FILL_AREA_STYLE('',(#6575));
#6575 = FILL_AREA_STYLE_COLOUR('',#6443);
#6576 = CURVE_STYLE('',#6577,POSITIVE_LENGTH_MEASURE(0.1),#6446);
#6577 = DRAUGHTING_PRE_DEFINED_CURVE_FONT('continuous');
#6578 = MECHANICAL_DESIGN_GEOMETRIC_PRESENTATION_REPRESENTATION('',(
    #6579),#5796);
#6579 = STYLED_ITEM('color',(#6580),#5541);
#6580 = PRESENTATION_STYLE_ASSIGNMENT((#6581,#6586));
#6581 = SURFACE_STYLE_USAGE(.BOTH.,#6582);
#6582 = SURFACE_SIDE_STYLE('',(#6583));
#6583 = SURFACE_STYLE_FILL_AREA(#6584);
#6584 = FILL_AREA_STYLE('',(#6585));
#6585 = FILL_AREA_STYLE_COLOUR('',#6443);
#6586 = CURVE_STYLE('',#6587,POSITIVE_LENGTH_MEASURE(0.1),#6446);
#6587 = DRAUGHTING_PRE_DEFINED_CURVE_FONT('continuous');
ENDSEC;
END-ISO-10303-21;
