ISO-10303-21;
HEADER;
FILE_DESCRIPTION(('FreeCAD Model'),'2;1');
FILE_NAME('Open CASCADE Shape Model','2026-10-04T01:25:44',(''),(''),
  'Open CASCADE STEP processor 7.8','FreeCAD','Unknown');
FILE_SCHEMA(('AUTOMOTIVE_DESIGN { 1 0 10303 214 1 1 1 1 }'));
ENDSEC;
DATA;
#1 = APPLICATION_PROTOCOL_DEFINITION('international standard',
  'automotive_design',2000,#2);
#2 = APPLICATION_CONTEXT(
  'core data for automotive mechanical design processes');
#3 = SHAPE_DEFINITION_REPRESENTATION(#4,#10);
#4 = PRODUCT_DEFINITION_SHAPE('','',#5);
#5 = PRODUCT_DEFINITION('design','',#6,#9);
#6 = PRODUCT_DEFINITION_FORMATION('','',#7);
#7 = PRODUCT('top_plate_new','top_plate_new','',(#8));
#8 = PRODUCT_CONTEXT('',#2,'mechanical');
#9 = PRODUCT_DEFINITION_CONTEXT('part definition',#2,'design');
#10 = ADVANCED_BREP_SHAPE_REPRESENTATION('',(#11,#15),#2237);
#11 = AXIS2_PLACEMENT_3D('',#12,#13,#14);
#12 = CARTESIAN_POINT('',(0.,0.,0.));
#13 = DIRECTION('',(0.,0.,1.));
#14 = DIRECTION('',(1.,0.,-0.));
#15 = MANIFOLD_SOLID_BREP('',#16);
#16 = CLOSED_SHELL('',(#17,#781,#866,#893,#969,#996,#1072,#1099,#1175,
    #1202,#1278,#1305,#1381,#1408,#1484,#1511,#1587,#1614,#1690,#1717,
    #1793,#1820,#1896,#1923,#1999,#2017,#2051,#2076,#2101,#2126,#2160,
    #2185));
#17 = ADVANCED_FACE('',(#18,#692,#712,#723,#734,#745,#765),#776,.T.);
#18 = FACE_BOUND('',#19,.T.);
#19 = EDGE_LOOP('',(#20,#69,#78,#125,#134,#181,#190,#237,#246,#293,#302,
    #349,#358,#405,#414,#461,#470,#517,#526,#573,#582,#629,#638,#685));
#20 = ORIENTED_EDGE('',*,*,#21,.F.);
#21 = EDGE_CURVE('',#22,#24,#26,.T.);
#22 = VERTEX_POINT('',#23);
#23 = CARTESIAN_POINT('',(73.98097826087,12.321317119722,5.));
#24 = VERTEX_POINT('',#25);
#25 = CARTESIAN_POINT('',(69.027646502836,6.499941205186,5.));
#26 = B_SPLINE_CURVE_WITH_KNOTS('',6,(#27,#28,#29,#30,#31,#32,#33,#34,
    #35,#36,#37,#38,#39,#40,#41,#42,#43,#44,#45,#46,#47,#48,#49,#50,#51,
    #52,#53,#54,#55,#56,#57,#58,#59,#60,#61,#62,#63,#64,#65,#66,#67,#68)
  ,.UNSPECIFIED.,.F.,.F.,(7,5,5,5,5,5,5,5,7),(0.,0.144347625826,
    0.2477732501,0.321369248254,0.5,0.678630751746,0.7522267499,
    0.855652374174,1.),.UNSPECIFIED.);
#27 = CARTESIAN_POINT('',(73.98097826087,12.321317119722,5.));
#28 = CARTESIAN_POINT('',(74.014179229745,12.121968289338,5.));
#29 = CARTESIAN_POINT('',(74.037935879131,11.919659436301,5.));
#30 = CARTESIAN_POINT('',(74.051881764251,11.715080093912,5.));
#31 = CARTESIAN_POINT('',(74.05573666661,11.508952846375,5.));
#32 = CARTESIAN_POINT('',(74.049308994629,11.302027638767,5.));
#33 = CARTESIAN_POINT('',(74.020453174554,10.946794511125,5.));
#34 = CARTESIAN_POINT('',(74.003077558739,10.798497131113,5.));
#35 = CARTESIAN_POINT('',(73.980334319876,10.650466583213,5.));
#36 = CARTESIAN_POINT('',(73.95220996122,10.502986349339,5.));
#37 = CARTESIAN_POINT('',(73.918714530847,10.356339946577,5.));
#38 = CARTESIAN_POINT('',(73.852248794906,10.107253448132,5.));
#39 = CARTESIAN_POINT('',(73.821913207079,10.00426171064,5.));
#40 = CARTESIAN_POINT('',(73.788886964926,9.901936615681,5.));
#41 = CARTESIAN_POINT('',(73.753187931735,9.80037866686,5.));
#42 = CARTESIAN_POINT('',(73.714839751936,9.699687159912,5.));
#43 = CARTESIAN_POINT('',(73.574435372111,9.357904835179,5.));
#44 = CARTESIAN_POINT('',(73.459561589312,9.121521888706,5.));
#45 = CARTESIAN_POINT('',(73.329675798755,8.892230269061,5.));
#46 = CARTESIAN_POINT('',(73.18539350227,8.671355797362,5.));
#47 = CARTESIAN_POINT('',(73.027495210345,8.460134703441,5.));
#48 = CARTESIAN_POINT('',(72.686390302712,8.059253036187,5.));
#49 = CARTESIAN_POINT('',(72.503170853349,7.86957738017,5.));
#50 = CARTESIAN_POINT('',(72.308242780145,7.691796729918,5.));
#51 = CARTESIAN_POINT('',(72.102701419361,7.526879434175,5.));
#52 = CARTESIAN_POINT('',(71.887756958853,7.375645303587,5.));
#53 = CARTESIAN_POINT('',(71.572859591704,7.1823367535,5.));
#54 = CARTESIAN_POINT('',(71.479605769599,7.128363731274,5.));
#55 = CARTESIAN_POINT('',(71.385072585707,7.076866983003,5.));
#56 = CARTESIAN_POINT('',(71.289354269961,7.027885744147,5.));
#57 = CARTESIAN_POINT('',(71.192547170075,6.981453736952,5.));
#58 = CARTESIAN_POINT('',(70.957313487101,6.875969652102,5.));
#59 = CARTESIAN_POINT('',(70.817920592151,6.819430001092,5.));
#60 = CARTESIAN_POINT('',(70.676844780156,6.768058664694,5.));
#61 = CARTESIAN_POINT('',(70.534364303078,6.721910948856,5.));
#62 = CARTESIAN_POINT('',(70.390761147384,6.681018912736,5.));
#63 = CARTESIAN_POINT('',(70.044728954815,6.595666964704,5.));
#64 = CARTESIAN_POINT('',(69.841501476162,6.556196109242,5.));
#65 = CARTESIAN_POINT('',(69.637415557409,6.527002955659,5.));
#66 = CARTESIAN_POINT('',(69.433242142861,6.508018439983,5.));
#67 = CARTESIAN_POINT('',(69.229739356859,6.499081634233,5.));
#68 = CARTESIAN_POINT('',(69.027646502836,6.499941205186,5.));
#69 = ORIENTED_EDGE('',*,*,#70,.T.);
#70 = EDGE_CURVE('',#22,#71,#73,.T.);
#71 = VERTEX_POINT('',#72);
#72 = CARTESIAN_POINT('',(47.659293251383,57.910204340675,5.));
#73 = CIRCLE('',#74,75.);
#74 = AXIS2_PLACEMENT_3D('',#75,#76,#77);
#75 = CARTESIAN_POINT('',(0.,0.,5.));
#76 = DIRECTION('',(0.,0.,1.));
#77 = DIRECTION('',(1.,0.,0.));
#78 = ORIENTED_EDGE('',*,*,#79,.T.);
#79 = EDGE_CURVE('',#71,#80,#82,.T.);
#80 = VERTEX_POINT('',#81);
#81 = CARTESIAN_POINT('',(40.142003976092,56.532339681168,5.));
#82 = B_SPLINE_CURVE_WITH_KNOTS('',6,(#83,#84,#85,#86,#87,#88,#89,#90,
    #91,#92,#93,#94,#95,#96,#97,#98,#99,#100,#101,#102,#103,#104,#105,
    #106,#107,#108,#109,#110,#111,#112,#113,#114,#115,#116,#117,#118,
    #119,#120,#121,#122,#123,#124),.UNSPECIFIED.,.F.,.F.,(7,5,5,5,5,5,5,
    5,7),(0.,0.144351649687,0.247777648908,0.321372932161,0.5,
    0.678627067839,0.752222351092,0.855648350313,1.),.UNSPECIFIED.);
#83 = CARTESIAN_POINT('',(47.659293251383,57.910204340675,5.));
#84 = CARTESIAN_POINT('',(47.503272210163,58.03860748899,5.));
#85 = CARTESIAN_POINT('',(47.339967980418,58.160313408945,5.));
#86 = CARTESIAN_POINT('',(47.169794324754,58.274660303073,5.));
#87 = CARTESIAN_POINT('',(46.99323670046,58.381044485691,5.));
#88 = CARTESIAN_POINT('',(46.810848534953,58.478925305537,5.));
#89 = CARTESIAN_POINT('',(46.488833904899,58.63152912522,5.));
#90 = CARTESIAN_POINT('',(46.351742228399,58.690621320596,5.));
#91 = CARTESIAN_POINT('',(46.212198613255,58.744933366251,5.));
#92 = CARTESIAN_POINT('',(46.070441686285,58.794311906254,5.));
#93 = CARTESIAN_POINT('',(45.926721870387,58.8386239436,5.));
#94 = CARTESIAN_POINT('',(45.677822724163,58.905603533942,5.));
#95 = CARTESIAN_POINT('',(45.573482848977,58.930827750935,5.));
#96 = CARTESIAN_POINT('',(45.468375141364,58.953389543502,5.));
#97 = CARTESIAN_POINT('',(45.362595516521,58.973254143907,5.));
#98 = CARTESIAN_POINT('',(45.256241733266,58.990392390949,5.));
#99 = CARTESIAN_POINT('',(44.890124589737,59.039703440957,5.));
#100 = CARTESIAN_POINT('',(44.628029632134,59.058427697902,5.));
#101 = CARTESIAN_POINT('',(44.364569117909,59.060612455265,5.));
#102 = CARTESIAN_POINT('',(44.101198129115,59.046127781681,5.));
#103 = CARTESIAN_POINT('',(43.839376679623,59.015031313245,5.));
#104 = CARTESIAN_POINT('',(43.321744859809,58.920153151047,5.));
#105 = CARTESIAN_POINT('',(43.065915029104,58.856367890335,5.));
#106 = CARTESIAN_POINT('',(42.814528096418,58.776501166463,5.));
#107 = CARTESIAN_POINT('',(42.568969604205,58.681016913191,5.));
#108 = CARTESIAN_POINT('',(42.330553959171,58.570552689108,5.));
#109 = CARTESIAN_POINT('',(42.00572666307,58.394596529382,5.));
#110 = CARTESIAN_POINT('',(41.912365193204,58.340851923431,5.));
#111 = CARTESIAN_POINT('',(41.820507512185,58.284761836793,5.));
#112 = CARTESIAN_POINT('',(41.730234681082,58.226388207061,5.));
#113 = CARTESIAN_POINT('',(41.641624048725,58.16579756001,5.));
#114 = CARTESIAN_POINT('',(41.432661092075,58.014895163537,5.));
#115 = CARTESIAN_POINT('',(41.314000423115,57.922490684329,5.));
#116 = CARTESIAN_POINT('',(41.198971974927,57.826045245535,5.));
#117 = CARTESIAN_POINT('',(41.087762720771,57.725772015705,5.));
#118 = CARTESIAN_POINT('',(40.98054138397,57.6218990151,5.));
#119 = CARTESIAN_POINT('',(40.733584406151,57.365006822036,5.));
#120 = CARTESIAN_POINT('',(40.597768392888,57.208801481691,5.));
#121 = CARTESIAN_POINT('',(40.470419773636,57.046713486509,5.));
#122 = CARTESIAN_POINT('',(40.351864245617,56.879444624928,5.));
#123 = CARTESIAN_POINT('',(40.242341598141,56.707731515076,5.));
#124 = CARTESIAN_POINT('',(40.142003976092,56.532339681168,5.));
#125 = ORIENTED_EDGE('',*,*,#126,.F.);
#126 = EDGE_CURVE('',#127,#80,#129,.T.);
#127 = VERTEX_POINT('',#128);
#128 = CARTESIAN_POINT('',(28.883560784112,63.03194292955,5.));
#129 = CIRCLE('',#130,6.5);
#130 = AXIS2_PLACEMENT_3D('',#131,#132,#133);
#131 = CARTESIAN_POINT('',(34.5,59.76,5.));
#132 = DIRECTION('',(0.,0.,1.));
#133 = DIRECTION('',(1.,0.,0.));
#134 = ORIENTED_EDGE('',*,*,#135,.F.);
#135 = EDGE_CURVE('',#136,#127,#138,.T.);
#136 = VERTEX_POINT('',#137);
#137 = CARTESIAN_POINT('',(26.317738849003,70.230880827993,5.));
#138 = B_SPLINE_CURVE_WITH_KNOTS('',6,(#139,#140,#141,#142,#143,#144,
    #145,#146,#147,#148,#149,#150,#151,#152,#153,#154,#155,#156,#157,
    #158,#159,#160,#161,#162,#163,#164,#165,#166,#167,#168,#169,#170,
    #171,#172,#173,#174,#175,#176,#177,#178,#179,#180),.UNSPECIFIED.,.F.
  ,.F.,(7,5,5,5,5,5,5,5,7),(0.,0.144351649687,0.247777648908,
    0.321372932161,0.5,0.67862706784,0.752222351093,0.855648350313,1.),
  .UNSPECIFIED.);
#139 = CARTESIAN_POINT('',(26.317738849003,70.230880827993,5.));
#140 = CARTESIAN_POINT('',(26.5069541225,70.159975862891,5.));
#141 = CARTESIAN_POINT('',(26.694011614693,70.079414724499,5.));
#142 = CARTESIAN_POINT('',(26.878131309174,69.989224795,5.));
#143 = CARTESIAN_POINT('',(27.058547662863,69.889524602778,5.));
#144 = CARTESIAN_POINT('',(27.234515731465,69.780523058554,5.));
#145 = CARTESIAN_POINT('',(27.527694298628,69.577970162976,5.));
#146 = CARTESIAN_POINT('',(27.647420967918,69.48879875511,5.));
#147 = CARTESIAN_POINT('',(27.764234153247,69.395113651899,5.));
#148 = CARTESIAN_POINT('',(27.877881723075,69.297044816741,5.));
#149 = CARTESIAN_POINT('',(27.988123277913,69.194742608933,5.));
#150 = CARTESIAN_POINT('',(28.170590083341,69.012690650882,5.));
#151 = CARTESIAN_POINT('',(28.244609618902,68.934946332555,5.));
#152 = CARTESIAN_POINT('',(28.316707466353,68.855205721345,5.));
#153 = CARTESIAN_POINT('',(28.386805554315,68.773534493575,5.));
#154 = CARTESIAN_POINT('',(28.45482974472,68.690002725702,5.));
#155 = CARTESIAN_POINT('',(28.680610935803,68.397605399805,5.));
#156 = CARTESIAN_POINT('',(28.827887490824,68.179995701168,5.));
#157 = CARTESIAN_POINT('',(28.961523779164,67.952932806448,5.));
#158 = CARTESIAN_POINT('',(29.080679662375,67.717611836274,5.));
#159 = CARTESIAN_POINT('',(29.184674968248,67.475325975937,5.));
#160 = CARTESIAN_POINT('',(29.361354490474,66.979615462661,5.));
#161 = CARTESIAN_POINT('',(29.434045349098,66.726172173471,5.));
#162 = CARTESIAN_POINT('',(29.490588061197,66.468534821335,5.));
#163 = CARTESIAN_POINT('',(29.530691545834,66.208135270182,5.));
#164 = CARTESIAN_POINT('',(29.554250651911,65.946430602436,5.));
#165 = CARTESIAN_POINT('',(29.564304525068,65.577144450417,5.));
#166 = CARTESIAN_POINT('',(29.564447696389,65.469418751412,5.));
#167 = CARTESIAN_POINT('',(29.561807719458,65.361822460104,5.));
#168 = CARTESIAN_POINT('',(29.556397697041,65.254456747045,5.));
#169 = CARTESIAN_POINT('',(29.548236561565,65.147421862336,5.));
#170 = CARTESIAN_POINT('',(29.522048513517,64.891001822845,5.));
#171 = CARTESIAN_POINT('',(29.501363390358,64.742035156052,5.));
#172 = CARTESIAN_POINT('',(29.475362513915,64.594193277745,5.));
#173 = CARTESIAN_POINT('',(29.444136990411,64.447744701404,5.));
#174 = CARTESIAN_POINT('',(29.407799913514,64.302949562803,5.));
#175 = CARTESIAN_POINT('',(29.308824306816,63.960626357294,5.));
#176 = CARTESIAN_POINT('',(29.241466567261,63.764899423193,5.));
#177 = CARTESIAN_POINT('',(29.164780331883,63.573563565834,5.));
#178 = CARTESIAN_POINT('',(29.079210479729,63.387251768889,5.));
#179 = CARTESIAN_POINT('',(28.985275010704,63.20654003694,5.));
#180 = CARTESIAN_POINT('',(28.883560784112,63.03194292955,5.));
#181 = ORIENTED_EDGE('',*,*,#182,.T.);
#182 = EDGE_CURVE('',#136,#183,#185,.T.);
#183 = VERTEX_POINT('',#184);
#184 = CARTESIAN_POINT('',(-26.317738849,70.230880827993,5.));
#185 = CIRCLE('',#186,75.);
#186 = AXIS2_PLACEMENT_3D('',#187,#188,#189);
#187 = CARTESIAN_POINT('',(0.,0.,5.));
#188 = DIRECTION('',(0.,0.,1.));
#189 = DIRECTION('',(1.,0.,0.));
#190 = ORIENTED_EDGE('',*,*,#191,.T.);
#191 = EDGE_CURVE('',#183,#192,#194,.T.);
#192 = VERTEX_POINT('',#193);
#193 = CARTESIAN_POINT('',(-28.88356078411,63.03194292955,5.));
#194 = B_SPLINE_CURVE_WITH_KNOTS('',6,(#195,#196,#197,#198,#199,#200,
    #201,#202,#203,#204,#205,#206,#207,#208,#209,#210,#211,#212,#213,
    #214,#215,#216,#217,#218,#219,#220,#221,#222,#223,#224,#225,#226,
    #227,#228,#229,#230,#231,#232,#233,#234,#235,#236),.UNSPECIFIED.,.F.
  ,.F.,(7,5,5,5,5,5,5,5,7),(0.,0.144351649687,0.247777648908,
    0.321372932161,0.5,0.67862706784,0.752222351093,0.855648350313,1.),
  .UNSPECIFIED.);
#195 = CARTESIAN_POINT('',(-26.317738849,70.230880827993,5.));
#196 = CARTESIAN_POINT('',(-26.50695412249,70.159975862891,5.));
#197 = CARTESIAN_POINT('',(-26.69401161469,70.079414724499,5.));
#198 = CARTESIAN_POINT('',(-26.87813130917,69.989224795,5.));
#199 = CARTESIAN_POINT('',(-27.05854766286,69.889524602778,5.));
#200 = CARTESIAN_POINT('',(-27.23451573146,69.780523058554,5.));
#201 = CARTESIAN_POINT('',(-27.52769429862,69.577970162976,5.));
#202 = CARTESIAN_POINT('',(-27.64742096791,69.48879875511,5.));
#203 = CARTESIAN_POINT('',(-27.76423415324,69.395113651899,5.));
#204 = CARTESIAN_POINT('',(-27.87788172307,69.297044816741,5.));
#205 = CARTESIAN_POINT('',(-27.98812327791,69.194742608933,5.));
#206 = CARTESIAN_POINT('',(-28.17059008334,69.012690650882,5.));
#207 = CARTESIAN_POINT('',(-28.2446096189,68.934946332555,5.));
#208 = CARTESIAN_POINT('',(-28.31670746635,68.855205721345,5.));
#209 = CARTESIAN_POINT('',(-28.38680555431,68.773534493575,5.));
#210 = CARTESIAN_POINT('',(-28.45482974472,68.690002725702,5.));
#211 = CARTESIAN_POINT('',(-28.6806109358,68.397605399805,5.));
#212 = CARTESIAN_POINT('',(-28.82788749082,68.179995701168,5.));
#213 = CARTESIAN_POINT('',(-28.96152377916,67.952932806448,5.));
#214 = CARTESIAN_POINT('',(-29.08067966237,67.717611836274,5.));
#215 = CARTESIAN_POINT('',(-29.18467496824,67.475325975937,5.));
#216 = CARTESIAN_POINT('',(-29.36135449047,66.979615462661,5.));
#217 = CARTESIAN_POINT('',(-29.43404534909,66.726172173471,5.));
#218 = CARTESIAN_POINT('',(-29.49058806119,66.468534821335,5.));
#219 = CARTESIAN_POINT('',(-29.53069154583,66.208135270182,5.));
#220 = CARTESIAN_POINT('',(-29.55425065191,65.946430602436,5.));
#221 = CARTESIAN_POINT('',(-29.56430452506,65.577144450417,5.));
#222 = CARTESIAN_POINT('',(-29.56444769638,65.469418751412,5.));
#223 = CARTESIAN_POINT('',(-29.56180771945,65.361822460104,5.));
#224 = CARTESIAN_POINT('',(-29.55639769704,65.254456747045,5.));
#225 = CARTESIAN_POINT('',(-29.54823656156,65.147421862336,5.));
#226 = CARTESIAN_POINT('',(-29.52204851351,64.891001822845,5.));
#227 = CARTESIAN_POINT('',(-29.50136339035,64.742035156052,5.));
#228 = CARTESIAN_POINT('',(-29.47536251391,64.594193277745,5.));
#229 = CARTESIAN_POINT('',(-29.44413699041,64.447744701404,5.));
#230 = CARTESIAN_POINT('',(-29.40779991351,64.302949562803,5.));
#231 = CARTESIAN_POINT('',(-29.30882430681,63.960626357294,5.));
#232 = CARTESIAN_POINT('',(-29.24146656726,63.764899423193,5.));
#233 = CARTESIAN_POINT('',(-29.16478033188,63.573563565834,5.));
#234 = CARTESIAN_POINT('',(-29.07921047972,63.387251768889,5.));
#235 = CARTESIAN_POINT('',(-28.9852750107,63.20654003694,5.));
#236 = CARTESIAN_POINT('',(-28.88356078411,63.03194292955,5.));
#237 = ORIENTED_EDGE('',*,*,#238,.T.);
#238 = EDGE_CURVE('',#192,#239,#241,.T.);
#239 = VERTEX_POINT('',#240);
#240 = CARTESIAN_POINT('',(-40.14200397609,56.532339681168,5.));
#241 = CIRCLE('',#242,6.5);
#242 = AXIS2_PLACEMENT_3D('',#243,#244,#245);
#243 = CARTESIAN_POINT('',(-34.5,59.76,5.));
#244 = DIRECTION('',(2.22044604925E-16,-2.465190328816E-32,-1.));
#245 = DIRECTION('',(-1.,2.22044604925E-16,-2.22044604925E-16));
#246 = ORIENTED_EDGE('',*,*,#247,.F.);
#247 = EDGE_CURVE('',#248,#239,#250,.T.);
#248 = VERTEX_POINT('',#249);
#249 = CARTESIAN_POINT('',(-47.65929325138,57.910204340675,5.));
#250 = B_SPLINE_CURVE_WITH_KNOTS('',6,(#251,#252,#253,#254,#255,#256,
    #257,#258,#259,#260,#261,#262,#263,#264,#265,#266,#267,#268,#269,
    #270,#271,#272,#273,#274,#275,#276,#277,#278,#279,#280,#281,#282,
    #283,#284,#285,#286,#287,#288,#289,#290,#291,#292),.UNSPECIFIED.,.F.
  ,.F.,(7,5,5,5,5,5,5,5,7),(0.,0.144351649687,0.247777648908,
    0.321372932161,0.5,0.678627067839,0.752222351092,0.855648350313,1.),
  .UNSPECIFIED.);
#251 = CARTESIAN_POINT('',(-47.65929325138,57.910204340675,5.));
#252 = CARTESIAN_POINT('',(-47.50327221016,58.03860748899,5.));
#253 = CARTESIAN_POINT('',(-47.33996798041,58.160313408945,5.));
#254 = CARTESIAN_POINT('',(-47.16979432475,58.274660303074,5.));
#255 = CARTESIAN_POINT('',(-46.99323670046,58.381044485691,5.));
#256 = CARTESIAN_POINT('',(-46.81084853495,58.478925305537,5.));
#257 = CARTESIAN_POINT('',(-46.48883390489,58.63152912522,5.));
#258 = CARTESIAN_POINT('',(-46.35174222839,58.690621320596,5.));
#259 = CARTESIAN_POINT('',(-46.21219861325,58.744933366251,5.));
#260 = CARTESIAN_POINT('',(-46.07044168628,58.794311906254,5.));
#261 = CARTESIAN_POINT('',(-45.92672187038,58.8386239436,5.));
#262 = CARTESIAN_POINT('',(-45.67782272416,58.905603533942,5.));
#263 = CARTESIAN_POINT('',(-45.57348284897,58.930827750935,5.));
#264 = CARTESIAN_POINT('',(-45.46837514136,58.953389543502,5.));
#265 = CARTESIAN_POINT('',(-45.36259551652,58.973254143907,5.));
#266 = CARTESIAN_POINT('',(-45.25624173326,58.990392390949,5.));
#267 = CARTESIAN_POINT('',(-44.89012458973,59.039703440957,5.));
#268 = CARTESIAN_POINT('',(-44.62802963213,59.058427697902,5.));
#269 = CARTESIAN_POINT('',(-44.3645691179,59.060612455265,5.));
#270 = CARTESIAN_POINT('',(-44.10119812911,59.046127781681,5.));
#271 = CARTESIAN_POINT('',(-43.83937667962,59.015031313245,5.));
#272 = CARTESIAN_POINT('',(-43.3217448598,58.920153151047,5.));
#273 = CARTESIAN_POINT('',(-43.0659150291,58.856367890335,5.));
#274 = CARTESIAN_POINT('',(-42.81452809641,58.776501166463,5.));
#275 = CARTESIAN_POINT('',(-42.5689696042,58.681016913191,5.));
#276 = CARTESIAN_POINT('',(-42.33055395917,58.570552689108,5.));
#277 = CARTESIAN_POINT('',(-42.00572666307,58.394596529382,5.));
#278 = CARTESIAN_POINT('',(-41.9123651932,58.340851923431,5.));
#279 = CARTESIAN_POINT('',(-41.82050751218,58.284761836793,5.));
#280 = CARTESIAN_POINT('',(-41.73023468108,58.226388207061,5.));
#281 = CARTESIAN_POINT('',(-41.64162404872,58.16579756001,5.));
#282 = CARTESIAN_POINT('',(-41.43266109207,58.014895163537,5.));
#283 = CARTESIAN_POINT('',(-41.31400042311,57.922490684329,5.));
#284 = CARTESIAN_POINT('',(-41.19897197492,57.826045245535,5.));
#285 = CARTESIAN_POINT('',(-41.08776272077,57.725772015705,5.));
#286 = CARTESIAN_POINT('',(-40.98054138397,57.6218990151,5.));
#287 = CARTESIAN_POINT('',(-40.73358440615,57.365006822036,5.));
#288 = CARTESIAN_POINT('',(-40.59776839288,57.208801481691,5.));
#289 = CARTESIAN_POINT('',(-40.47041977363,57.046713486509,5.));
#290 = CARTESIAN_POINT('',(-40.35186424561,56.879444624928,5.));
#291 = CARTESIAN_POINT('',(-40.24234159814,56.707731515076,5.));
#292 = CARTESIAN_POINT('',(-40.14200397609,56.532339681168,5.));
#293 = ORIENTED_EDGE('',*,*,#294,.T.);
#294 = EDGE_CURVE('',#248,#295,#297,.T.);
#295 = VERTEX_POINT('',#296);
#296 = CARTESIAN_POINT('',(-73.98097826087,12.321317119722,5.));
#297 = CIRCLE('',#298,75.);
#298 = AXIS2_PLACEMENT_3D('',#299,#300,#301);
#299 = CARTESIAN_POINT('',(0.,0.,5.));
#300 = DIRECTION('',(0.,0.,1.));
#301 = DIRECTION('',(1.,0.,0.));
#302 = ORIENTED_EDGE('',*,*,#303,.T.);
#303 = EDGE_CURVE('',#295,#304,#306,.T.);
#304 = VERTEX_POINT('',#305);
#305 = CARTESIAN_POINT('',(-69.02764650283,6.499941205186,5.));
#306 = B_SPLINE_CURVE_WITH_KNOTS('',6,(#307,#308,#309,#310,#311,#312,
    #313,#314,#315,#316,#317,#318,#319,#320,#321,#322,#323,#324,#325,
    #326,#327,#328,#329,#330,#331,#332,#333,#334,#335,#336,#337,#338,
    #339,#340,#341,#342,#343,#344,#345,#346,#347,#348),.UNSPECIFIED.,.F.
  ,.F.,(7,5,5,5,5,5,5,5,7),(0.,0.144347625826,0.2477732501,
    0.321369248254,0.5,0.678630751746,0.7522267499,0.855652374174,1.),
  .UNSPECIFIED.);
#307 = CARTESIAN_POINT('',(-73.98097826087,12.321317119722,5.));
#308 = CARTESIAN_POINT('',(-74.01417922974,12.121968289338,5.));
#309 = CARTESIAN_POINT('',(-74.03793587913,11.919659436301,5.));
#310 = CARTESIAN_POINT('',(-74.05188176425,11.715080093912,5.));
#311 = CARTESIAN_POINT('',(-74.05573666661,11.508952846375,5.));
#312 = CARTESIAN_POINT('',(-74.04930899462,11.302027638767,5.));
#313 = CARTESIAN_POINT('',(-74.02045317455,10.946794511125,5.));
#314 = CARTESIAN_POINT('',(-74.00307755873,10.798497131113,5.));
#315 = CARTESIAN_POINT('',(-73.98033431987,10.650466583213,5.));
#316 = CARTESIAN_POINT('',(-73.95220996122,10.502986349339,5.));
#317 = CARTESIAN_POINT('',(-73.91871453084,10.356339946577,5.));
#318 = CARTESIAN_POINT('',(-73.8522487949,10.107253448132,5.));
#319 = CARTESIAN_POINT('',(-73.82191320707,10.00426171064,5.));
#320 = CARTESIAN_POINT('',(-73.78888696492,9.901936615681,5.));
#321 = CARTESIAN_POINT('',(-73.75318793173,9.80037866686,5.));
#322 = CARTESIAN_POINT('',(-73.71483975193,9.699687159912,5.));
#323 = CARTESIAN_POINT('',(-73.57443537211,9.357904835179,5.));
#324 = CARTESIAN_POINT('',(-73.45956158931,9.121521888706,5.));
#325 = CARTESIAN_POINT('',(-73.32967579875,8.892230269061,5.));
#326 = CARTESIAN_POINT('',(-73.18539350227,8.671355797362,5.));
#327 = CARTESIAN_POINT('',(-73.02749521034,8.460134703441,5.));
#328 = CARTESIAN_POINT('',(-72.68639030271,8.059253036187,5.));
#329 = CARTESIAN_POINT('',(-72.50317085334,7.86957738017,5.));
#330 = CARTESIAN_POINT('',(-72.30824278014,7.691796729918,5.));
#331 = CARTESIAN_POINT('',(-72.10270141936,7.526879434175,5.));
#332 = CARTESIAN_POINT('',(-71.88775695885,7.375645303587,5.));
#333 = CARTESIAN_POINT('',(-71.5728595917,7.1823367535,5.));
#334 = CARTESIAN_POINT('',(-71.47960576959,7.128363731274,5.));
#335 = CARTESIAN_POINT('',(-71.3850725857,7.076866983003,5.));
#336 = CARTESIAN_POINT('',(-71.28935426996,7.027885744147,5.));
#337 = CARTESIAN_POINT('',(-71.19254717007,6.981453736952,5.));
#338 = CARTESIAN_POINT('',(-70.9573134871,6.875969652102,5.));
#339 = CARTESIAN_POINT('',(-70.81792059215,6.819430001092,5.));
#340 = CARTESIAN_POINT('',(-70.67684478015,6.768058664694,5.));
#341 = CARTESIAN_POINT('',(-70.53436430307,6.721910948856,5.));
#342 = CARTESIAN_POINT('',(-70.39076114738,6.681018912736,5.));
#343 = CARTESIAN_POINT('',(-70.04472895481,6.595666964704,5.));
#344 = CARTESIAN_POINT('',(-69.84150147616,6.556196109242,5.));
#345 = CARTESIAN_POINT('',(-69.6374155574,6.527002955659,5.));
#346 = CARTESIAN_POINT('',(-69.43324214286,6.508018439983,5.));
#347 = CARTESIAN_POINT('',(-69.22973935685,6.499081634233,5.));
#348 = CARTESIAN_POINT('',(-69.02764650283,6.499941205186,5.));
#349 = ORIENTED_EDGE('',*,*,#350,.T.);
#350 = EDGE_CURVE('',#304,#351,#353,.T.);
#351 = VERTEX_POINT('',#352);
#352 = CARTESIAN_POINT('',(-69.02764650283,-6.499941205186,5.));
#353 = CIRCLE('',#354,6.5);
#354 = AXIS2_PLACEMENT_3D('',#355,#356,#357);
#355 = CARTESIAN_POINT('',(-69.,0.,5.));
#356 = DIRECTION('',(0.,0.,-1.));
#357 = DIRECTION('',(-1.,-0.,-0.));
#358 = ORIENTED_EDGE('',*,*,#359,.T.);
#359 = EDGE_CURVE('',#351,#360,#362,.T.);
#360 = VERTEX_POINT('',#361);
#361 = CARTESIAN_POINT('',(-73.98097826087,-12.32131711972,5.));
#362 = B_SPLINE_CURVE_WITH_KNOTS('',6,(#363,#364,#365,#366,#367,#368,
    #369,#370,#371,#372,#373,#374,#375,#376,#377,#378,#379,#380,#381,
    #382,#383,#384,#385,#386,#387,#388,#389,#390,#391,#392,#393,#394,
    #395,#396,#397,#398,#399,#400,#401,#402,#403,#404),.UNSPECIFIED.,.F.
  ,.F.,(7,5,5,5,5,5,5,5,7),(0.,0.144347625826,0.2477732501,
    0.321369248254,0.5,0.678630751746,0.7522267499,0.855652374174,1.),
  .UNSPECIFIED.);
#363 = CARTESIAN_POINT('',(-69.02764650283,-6.499941205186,5.));
#364 = CARTESIAN_POINT('',(-69.22973935685,-6.499081634233,5.));
#365 = CARTESIAN_POINT('',(-69.43324214286,-6.508018439983,5.));
#366 = CARTESIAN_POINT('',(-69.6374155574,-6.527002955659,5.));
#367 = CARTESIAN_POINT('',(-69.84150147616,-6.556196109242,5.));
#368 = CARTESIAN_POINT('',(-70.04472895481,-6.595666964704,5.));
#369 = CARTESIAN_POINT('',(-70.39076114738,-6.681018912736,5.));
#370 = CARTESIAN_POINT('',(-70.53436430307,-6.721910948856,5.));
#371 = CARTESIAN_POINT('',(-70.67684478015,-6.768058664694,5.));
#372 = CARTESIAN_POINT('',(-70.81792059215,-6.819430001092,5.));
#373 = CARTESIAN_POINT('',(-70.9573134871,-6.875969652102,5.));
#374 = CARTESIAN_POINT('',(-71.19254717007,-6.981453736952,5.));
#375 = CARTESIAN_POINT('',(-71.28935426996,-7.027885744147,5.));
#376 = CARTESIAN_POINT('',(-71.3850725857,-7.076866983003,5.));
#377 = CARTESIAN_POINT('',(-71.47960576959,-7.128363731274,5.));
#378 = CARTESIAN_POINT('',(-71.5728595917,-7.1823367535,5.));
#379 = CARTESIAN_POINT('',(-71.88775695885,-7.375645303587,5.));
#380 = CARTESIAN_POINT('',(-72.10270141936,-7.526879434174,5.));
#381 = CARTESIAN_POINT('',(-72.30824278014,-7.691796729919,5.));
#382 = CARTESIAN_POINT('',(-72.50317085334,-7.86957738017,5.));
#383 = CARTESIAN_POINT('',(-72.68639030271,-8.059253036187,5.));
#384 = CARTESIAN_POINT('',(-73.02749521034,-8.460134703441,5.));
#385 = CARTESIAN_POINT('',(-73.18539350227,-8.671355797363,5.));
#386 = CARTESIAN_POINT('',(-73.32967579875,-8.89223026906,5.));
#387 = CARTESIAN_POINT('',(-73.45956158931,-9.121521888707,5.));
#388 = CARTESIAN_POINT('',(-73.57443537211,-9.357904835179,5.));
#389 = CARTESIAN_POINT('',(-73.71483975193,-9.699687159912,5.));
#390 = CARTESIAN_POINT('',(-73.75318793173,-9.80037866686,5.));
#391 = CARTESIAN_POINT('',(-73.78888696492,-9.901936615681,5.));
#392 = CARTESIAN_POINT('',(-73.82191320707,-10.00426171064,5.));
#393 = CARTESIAN_POINT('',(-73.8522487949,-10.10725344813,5.));
#394 = CARTESIAN_POINT('',(-73.91871453084,-10.35633994657,5.));
#395 = CARTESIAN_POINT('',(-73.95220996122,-10.50298634933,5.));
#396 = CARTESIAN_POINT('',(-73.98033431987,-10.65046658321,5.));
#397 = CARTESIAN_POINT('',(-74.00307755873,-10.79849713111,5.));
#398 = CARTESIAN_POINT('',(-74.02045317455,-10.94679451112,5.));
#399 = CARTESIAN_POINT('',(-74.04930899462,-11.30202763876,5.));
#400 = CARTESIAN_POINT('',(-74.05573666661,-11.50895284637,5.));
#401 = CARTESIAN_POINT('',(-74.05188176425,-11.71508009391,5.));
#402 = CARTESIAN_POINT('',(-74.03793587913,-11.9196594363,5.));
#403 = CARTESIAN_POINT('',(-74.01417922974,-12.12196828933,5.));
#404 = CARTESIAN_POINT('',(-73.98097826087,-12.32131711972,5.));
#405 = ORIENTED_EDGE('',*,*,#406,.T.);
#406 = EDGE_CURVE('',#360,#407,#409,.T.);
#407 = VERTEX_POINT('',#408);
#408 = CARTESIAN_POINT('',(-47.65929325138,-57.91020434067,5.));
#409 = CIRCLE('',#410,75.);
#410 = AXIS2_PLACEMENT_3D('',#411,#412,#413);
#411 = CARTESIAN_POINT('',(0.,0.,5.));
#412 = DIRECTION('',(0.,0.,1.));
#413 = DIRECTION('',(1.,0.,0.));
#414 = ORIENTED_EDGE('',*,*,#415,.T.);
#415 = EDGE_CURVE('',#407,#416,#418,.T.);
#416 = VERTEX_POINT('',#417);
#417 = CARTESIAN_POINT('',(-40.14200397609,-56.53233968116,5.));
#418 = B_SPLINE_CURVE_WITH_KNOTS('',6,(#419,#420,#421,#422,#423,#424,
    #425,#426,#427,#428,#429,#430,#431,#432,#433,#434,#435,#436,#437,
    #438,#439,#440,#441,#442,#443,#444,#445,#446,#447,#448,#449,#450,
    #451,#452,#453,#454,#455,#456,#457,#458,#459,#460),.UNSPECIFIED.,.F.
  ,.F.,(7,5,5,5,5,5,5,5,7),(0.,0.144351649687,0.247777648908,
    0.321372932161,0.5,0.678627067839,0.752222351092,0.855648350313,1.),
  .UNSPECIFIED.);
#419 = CARTESIAN_POINT('',(-47.65929325138,-57.91020434067,5.));
#420 = CARTESIAN_POINT('',(-47.50327221016,-58.03860748899,5.));
#421 = CARTESIAN_POINT('',(-47.33996798041,-58.16031340894,5.));
#422 = CARTESIAN_POINT('',(-47.16979432475,-58.27466030307,5.));
#423 = CARTESIAN_POINT('',(-46.99323670046,-58.38104448569,5.));
#424 = CARTESIAN_POINT('',(-46.81084853495,-58.47892530553,5.));
#425 = CARTESIAN_POINT('',(-46.48883390489,-58.63152912522,5.));
#426 = CARTESIAN_POINT('',(-46.35174222839,-58.69062132059,5.));
#427 = CARTESIAN_POINT('',(-46.21219861325,-58.74493336625,5.));
#428 = CARTESIAN_POINT('',(-46.07044168628,-58.79431190625,5.));
#429 = CARTESIAN_POINT('',(-45.92672187038,-58.8386239436,5.));
#430 = CARTESIAN_POINT('',(-45.67782272416,-58.90560353394,5.));
#431 = CARTESIAN_POINT('',(-45.57348284897,-58.93082775093,5.));
#432 = CARTESIAN_POINT('',(-45.46837514136,-58.9533895435,5.));
#433 = CARTESIAN_POINT('',(-45.36259551652,-58.9732541439,5.));
#434 = CARTESIAN_POINT('',(-45.25624173326,-58.99039239094,5.));
#435 = CARTESIAN_POINT('',(-44.89012458973,-59.03970344095,5.));
#436 = CARTESIAN_POINT('',(-44.62802963213,-59.0584276979,5.));
#437 = CARTESIAN_POINT('',(-44.3645691179,-59.06061245526,5.));
#438 = CARTESIAN_POINT('',(-44.10119812911,-59.04612778168,5.));
#439 = CARTESIAN_POINT('',(-43.83937667962,-59.01503131324,5.));
#440 = CARTESIAN_POINT('',(-43.3217448598,-58.92015315104,5.));
#441 = CARTESIAN_POINT('',(-43.0659150291,-58.85636789033,5.));
#442 = CARTESIAN_POINT('',(-42.81452809641,-58.77650116646,5.));
#443 = CARTESIAN_POINT('',(-42.5689696042,-58.68101691319,5.));
#444 = CARTESIAN_POINT('',(-42.33055395917,-58.5705526891,5.));
#445 = CARTESIAN_POINT('',(-42.00572666307,-58.39459652938,5.));
#446 = CARTESIAN_POINT('',(-41.9123651932,-58.34085192343,5.));
#447 = CARTESIAN_POINT('',(-41.82050751218,-58.28476183679,5.));
#448 = CARTESIAN_POINT('',(-41.73023468108,-58.22638820706,5.));
#449 = CARTESIAN_POINT('',(-41.64162404872,-58.16579756001,5.));
#450 = CARTESIAN_POINT('',(-41.43266109207,-58.01489516353,5.));
#451 = CARTESIAN_POINT('',(-41.31400042311,-57.92249068432,5.));
#452 = CARTESIAN_POINT('',(-41.19897197492,-57.82604524553,5.));
#453 = CARTESIAN_POINT('',(-41.08776272077,-57.7257720157,5.));
#454 = CARTESIAN_POINT('',(-40.98054138397,-57.6218990151,5.));
#455 = CARTESIAN_POINT('',(-40.73358440615,-57.36500682203,5.));
#456 = CARTESIAN_POINT('',(-40.59776839288,-57.20880148169,5.));
#457 = CARTESIAN_POINT('',(-40.47041977363,-57.0467134865,5.));
#458 = CARTESIAN_POINT('',(-40.35186424561,-56.87944462492,5.));
#459 = CARTESIAN_POINT('',(-40.24234159814,-56.70773151507,5.));
#460 = CARTESIAN_POINT('',(-40.14200397609,-56.53233968116,5.));
#461 = ORIENTED_EDGE('',*,*,#462,.F.);
#462 = EDGE_CURVE('',#463,#416,#465,.T.);
#463 = VERTEX_POINT('',#464);
#464 = CARTESIAN_POINT('',(-28.88356078411,-63.03194292955,5.));
#465 = CIRCLE('',#466,6.5);
#466 = AXIS2_PLACEMENT_3D('',#467,#468,#469);
#467 = CARTESIAN_POINT('',(-34.5,-59.76,5.));
#468 = DIRECTION('',(-2.22044604925E-16,-2.465190328816E-32,1.));
#469 = DIRECTION('',(-1.,-2.22044604925E-16,-2.22044604925E-16));
#470 = ORIENTED_EDGE('',*,*,#471,.F.);
#471 = EDGE_CURVE('',#472,#463,#474,.T.);
#472 = VERTEX_POINT('',#473);
#473 = CARTESIAN_POINT('',(-26.317738849,-70.23088082799,5.));
#474 = B_SPLINE_CURVE_WITH_KNOTS('',6,(#475,#476,#477,#478,#479,#480,
    #481,#482,#483,#484,#485,#486,#487,#488,#489,#490,#491,#492,#493,
    #494,#495,#496,#497,#498,#499,#500,#501,#502,#503,#504,#505,#506,
    #507,#508,#509,#510,#511,#512,#513,#514,#515,#516),.UNSPECIFIED.,.F.
  ,.F.,(7,5,5,5,5,5,5,5,7),(0.,0.144351649687,0.247777648908,
    0.321372932161,0.5,0.67862706784,0.752222351093,0.855648350313,1.),
  .UNSPECIFIED.);
#475 = CARTESIAN_POINT('',(-26.317738849,-70.23088082799,5.));
#476 = CARTESIAN_POINT('',(-26.50695412249,-70.15997586289,5.));
#477 = CARTESIAN_POINT('',(-26.69401161469,-70.07941472449,5.));
#478 = CARTESIAN_POINT('',(-26.87813130917,-69.989224795,5.));
#479 = CARTESIAN_POINT('',(-27.05854766286,-69.88952460277,5.));
#480 = CARTESIAN_POINT('',(-27.23451573146,-69.78052305855,5.));
#481 = CARTESIAN_POINT('',(-27.52769429862,-69.57797016297,5.));
#482 = CARTESIAN_POINT('',(-27.64742096791,-69.48879875511,5.));
#483 = CARTESIAN_POINT('',(-27.76423415324,-69.39511365189,5.));
#484 = CARTESIAN_POINT('',(-27.87788172307,-69.29704481674,5.));
#485 = CARTESIAN_POINT('',(-27.98812327791,-69.19474260893,5.));
#486 = CARTESIAN_POINT('',(-28.17059008334,-69.01269065088,5.));
#487 = CARTESIAN_POINT('',(-28.2446096189,-68.93494633255,5.));
#488 = CARTESIAN_POINT('',(-28.31670746635,-68.85520572134,5.));
#489 = CARTESIAN_POINT('',(-28.38680555431,-68.77353449357,5.));
#490 = CARTESIAN_POINT('',(-28.45482974472,-68.6900027257,5.));
#491 = CARTESIAN_POINT('',(-28.6806109358,-68.3976053998,5.));
#492 = CARTESIAN_POINT('',(-28.82788749082,-68.17999570116,5.));
#493 = CARTESIAN_POINT('',(-28.96152377916,-67.95293280644,5.));
#494 = CARTESIAN_POINT('',(-29.08067966237,-67.71761183627,5.));
#495 = CARTESIAN_POINT('',(-29.18467496824,-67.47532597593,5.));
#496 = CARTESIAN_POINT('',(-29.36135449047,-66.97961546266,5.));
#497 = CARTESIAN_POINT('',(-29.43404534909,-66.72617217347,5.));
#498 = CARTESIAN_POINT('',(-29.49058806119,-66.46853482133,5.));
#499 = CARTESIAN_POINT('',(-29.53069154583,-66.20813527018,5.));
#500 = CARTESIAN_POINT('',(-29.55425065191,-65.94643060243,5.));
#501 = CARTESIAN_POINT('',(-29.56430452506,-65.57714445041,5.));
#502 = CARTESIAN_POINT('',(-29.56444769638,-65.46941875141,5.));
#503 = CARTESIAN_POINT('',(-29.56180771945,-65.3618224601,5.));
#504 = CARTESIAN_POINT('',(-29.55639769704,-65.25445674704,5.));
#505 = CARTESIAN_POINT('',(-29.54823656156,-65.14742186233,5.));
#506 = CARTESIAN_POINT('',(-29.52204851351,-64.89100182284,5.));
#507 = CARTESIAN_POINT('',(-29.50136339035,-64.74203515605,5.));
#508 = CARTESIAN_POINT('',(-29.47536251391,-64.59419327774,5.));
#509 = CARTESIAN_POINT('',(-29.44413699041,-64.4477447014,5.));
#510 = CARTESIAN_POINT('',(-29.40779991351,-64.3029495628,5.));
#511 = CARTESIAN_POINT('',(-29.30882430681,-63.96062635729,5.));
#512 = CARTESIAN_POINT('',(-29.24146656726,-63.76489942319,5.));
#513 = CARTESIAN_POINT('',(-29.16478033188,-63.57356356583,5.));
#514 = CARTESIAN_POINT('',(-29.07921047972,-63.38725176888,5.));
#515 = CARTESIAN_POINT('',(-28.9852750107,-63.20654003694,5.));
#516 = CARTESIAN_POINT('',(-28.88356078411,-63.03194292955,5.));
#517 = ORIENTED_EDGE('',*,*,#518,.T.);
#518 = EDGE_CURVE('',#472,#519,#521,.T.);
#519 = VERTEX_POINT('',#520);
#520 = CARTESIAN_POINT('',(26.317738849003,-70.23088082799,5.));
#521 = CIRCLE('',#522,75.);
#522 = AXIS2_PLACEMENT_3D('',#523,#524,#525);
#523 = CARTESIAN_POINT('',(0.,0.,5.));
#524 = DIRECTION('',(0.,0.,1.));
#525 = DIRECTION('',(1.,0.,0.));
#526 = ORIENTED_EDGE('',*,*,#527,.T.);
#527 = EDGE_CURVE('',#519,#528,#530,.T.);
#528 = VERTEX_POINT('',#529);
#529 = CARTESIAN_POINT('',(28.883560784112,-63.03194292955,5.));
#530 = B_SPLINE_CURVE_WITH_KNOTS('',6,(#531,#532,#533,#534,#535,#536,
    #537,#538,#539,#540,#541,#542,#543,#544,#545,#546,#547,#548,#549,
    #550,#551,#552,#553,#554,#555,#556,#557,#558,#559,#560,#561,#562,
    #563,#564,#565,#566,#567,#568,#569,#570,#571,#572),.UNSPECIFIED.,.F.
  ,.F.,(7,5,5,5,5,5,5,5,7),(0.,0.144351649687,0.247777648908,
    0.321372932161,0.5,0.67862706784,0.752222351093,0.855648350313,1.),
  .UNSPECIFIED.);
#531 = CARTESIAN_POINT('',(26.317738849003,-70.23088082799,5.));
#532 = CARTESIAN_POINT('',(26.5069541225,-70.15997586289,5.));
#533 = CARTESIAN_POINT('',(26.694011614693,-70.07941472449,5.));
#534 = CARTESIAN_POINT('',(26.878131309174,-69.989224795,5.));
#535 = CARTESIAN_POINT('',(27.058547662863,-69.88952460277,5.));
#536 = CARTESIAN_POINT('',(27.234515731465,-69.78052305855,5.));
#537 = CARTESIAN_POINT('',(27.527694298628,-69.57797016297,5.));
#538 = CARTESIAN_POINT('',(27.647420967918,-69.48879875511,5.));
#539 = CARTESIAN_POINT('',(27.764234153247,-69.39511365189,5.));
#540 = CARTESIAN_POINT('',(27.877881723075,-69.29704481674,5.));
#541 = CARTESIAN_POINT('',(27.988123277913,-69.19474260893,5.));
#542 = CARTESIAN_POINT('',(28.170590083341,-69.01269065088,5.));
#543 = CARTESIAN_POINT('',(28.244609618902,-68.93494633255,5.));
#544 = CARTESIAN_POINT('',(28.316707466353,-68.85520572134,5.));
#545 = CARTESIAN_POINT('',(28.386805554315,-68.77353449357,5.));
#546 = CARTESIAN_POINT('',(28.45482974472,-68.6900027257,5.));
#547 = CARTESIAN_POINT('',(28.680610935803,-68.3976053998,5.));
#548 = CARTESIAN_POINT('',(28.827887490824,-68.17999570116,5.));
#549 = CARTESIAN_POINT('',(28.961523779164,-67.95293280644,5.));
#550 = CARTESIAN_POINT('',(29.080679662375,-67.71761183627,5.));
#551 = CARTESIAN_POINT('',(29.184674968248,-67.47532597593,5.));
#552 = CARTESIAN_POINT('',(29.361354490474,-66.97961546266,5.));
#553 = CARTESIAN_POINT('',(29.434045349098,-66.72617217347,5.));
#554 = CARTESIAN_POINT('',(29.490588061197,-66.46853482133,5.));
#555 = CARTESIAN_POINT('',(29.530691545834,-66.20813527018,5.));
#556 = CARTESIAN_POINT('',(29.554250651911,-65.94643060243,5.));
#557 = CARTESIAN_POINT('',(29.564304525068,-65.57714445041,5.));
#558 = CARTESIAN_POINT('',(29.564447696389,-65.46941875141,5.));
#559 = CARTESIAN_POINT('',(29.561807719458,-65.3618224601,5.));
#560 = CARTESIAN_POINT('',(29.556397697041,-65.25445674704,5.));
#561 = CARTESIAN_POINT('',(29.548236561565,-65.14742186233,5.));
#562 = CARTESIAN_POINT('',(29.522048513517,-64.89100182284,5.));
#563 = CARTESIAN_POINT('',(29.501363390358,-64.74203515605,5.));
#564 = CARTESIAN_POINT('',(29.475362513915,-64.59419327774,5.));
#565 = CARTESIAN_POINT('',(29.444136990411,-64.4477447014,5.));
#566 = CARTESIAN_POINT('',(29.407799913514,-64.3029495628,5.));
#567 = CARTESIAN_POINT('',(29.308824306816,-63.96062635729,5.));
#568 = CARTESIAN_POINT('',(29.241466567261,-63.76489942319,5.));
#569 = CARTESIAN_POINT('',(29.164780331883,-63.57356356583,5.));
#570 = CARTESIAN_POINT('',(29.079210479729,-63.38725176888,5.));
#571 = CARTESIAN_POINT('',(28.985275010704,-63.20654003694,5.));
#572 = CARTESIAN_POINT('',(28.883560784112,-63.03194292955,5.));
#573 = ORIENTED_EDGE('',*,*,#574,.T.);
#574 = EDGE_CURVE('',#528,#575,#577,.T.);
#575 = VERTEX_POINT('',#576);
#576 = CARTESIAN_POINT('',(40.142003976092,-56.53233968116,5.));
#577 = CIRCLE('',#578,6.5);
#578 = AXIS2_PLACEMENT_3D('',#579,#580,#581);
#579 = CARTESIAN_POINT('',(34.5,-59.76,5.));
#580 = DIRECTION('',(0.,0.,-1.));
#581 = DIRECTION('',(1.,0.,0.));
#582 = ORIENTED_EDGE('',*,*,#583,.F.);
#583 = EDGE_CURVE('',#584,#575,#586,.T.);
#584 = VERTEX_POINT('',#585);
#585 = CARTESIAN_POINT('',(47.659293251383,-57.91020434067,5.));
#586 = B_SPLINE_CURVE_WITH_KNOTS('',6,(#587,#588,#589,#590,#591,#592,
    #593,#594,#595,#596,#597,#598,#599,#600,#601,#602,#603,#604,#605,
    #606,#607,#608,#609,#610,#611,#612,#613,#614,#615,#616,#617,#618,
    #619,#620,#621,#622,#623,#624,#625,#626,#627,#628),.UNSPECIFIED.,.F.
  ,.F.,(7,5,5,5,5,5,5,5,7),(0.,0.144351649687,0.247777648908,
    0.321372932161,0.5,0.678627067839,0.752222351092,0.855648350313,1.),
  .UNSPECIFIED.);
#587 = CARTESIAN_POINT('',(47.659293251383,-57.91020434067,5.));
#588 = CARTESIAN_POINT('',(47.503272210163,-58.03860748899,5.));
#589 = CARTESIAN_POINT('',(47.339967980418,-58.16031340894,5.));
#590 = CARTESIAN_POINT('',(47.169794324754,-58.27466030307,5.));
#591 = CARTESIAN_POINT('',(46.99323670046,-58.38104448569,5.));
#592 = CARTESIAN_POINT('',(46.810848534953,-58.47892530553,5.));
#593 = CARTESIAN_POINT('',(46.488833904899,-58.63152912522,5.));
#594 = CARTESIAN_POINT('',(46.351742228399,-58.69062132059,5.));
#595 = CARTESIAN_POINT('',(46.212198613255,-58.74493336625,5.));
#596 = CARTESIAN_POINT('',(46.070441686285,-58.79431190625,5.));
#597 = CARTESIAN_POINT('',(45.926721870387,-58.8386239436,5.));
#598 = CARTESIAN_POINT('',(45.677822724163,-58.90560353394,5.));
#599 = CARTESIAN_POINT('',(45.573482848977,-58.93082775093,5.));
#600 = CARTESIAN_POINT('',(45.468375141364,-58.9533895435,5.));
#601 = CARTESIAN_POINT('',(45.362595516521,-58.9732541439,5.));
#602 = CARTESIAN_POINT('',(45.256241733266,-58.99039239094,5.));
#603 = CARTESIAN_POINT('',(44.890124589737,-59.03970344095,5.));
#604 = CARTESIAN_POINT('',(44.628029632134,-59.0584276979,5.));
#605 = CARTESIAN_POINT('',(44.364569117909,-59.06061245526,5.));
#606 = CARTESIAN_POINT('',(44.101198129115,-59.04612778168,5.));
#607 = CARTESIAN_POINT('',(43.839376679623,-59.01503131324,5.));
#608 = CARTESIAN_POINT('',(43.321744859809,-58.92015315104,5.));
#609 = CARTESIAN_POINT('',(43.065915029104,-58.85636789033,5.));
#610 = CARTESIAN_POINT('',(42.814528096418,-58.77650116646,5.));
#611 = CARTESIAN_POINT('',(42.568969604205,-58.68101691319,5.));
#612 = CARTESIAN_POINT('',(42.330553959171,-58.5705526891,5.));
#613 = CARTESIAN_POINT('',(42.00572666307,-58.39459652938,5.));
#614 = CARTESIAN_POINT('',(41.912365193204,-58.34085192343,5.));
#615 = CARTESIAN_POINT('',(41.820507512185,-58.28476183679,5.));
#616 = CARTESIAN_POINT('',(41.730234681082,-58.22638820706,5.));
#617 = CARTESIAN_POINT('',(41.641624048725,-58.16579756001,5.));
#618 = CARTESIAN_POINT('',(41.432661092075,-58.01489516353,5.));
#619 = CARTESIAN_POINT('',(41.314000423115,-57.92249068432,5.));
#620 = CARTESIAN_POINT('',(41.198971974927,-57.82604524553,5.));
#621 = CARTESIAN_POINT('',(41.087762720771,-57.7257720157,5.));
#622 = CARTESIAN_POINT('',(40.98054138397,-57.6218990151,5.));
#623 = CARTESIAN_POINT('',(40.733584406151,-57.36500682203,5.));
#624 = CARTESIAN_POINT('',(40.597768392888,-57.20880148169,5.));
#625 = CARTESIAN_POINT('',(40.470419773636,-57.0467134865,5.));
#626 = CARTESIAN_POINT('',(40.351864245617,-56.87944462492,5.));
#627 = CARTESIAN_POINT('',(40.242341598141,-56.70773151507,5.));
#628 = CARTESIAN_POINT('',(40.142003976092,-56.53233968116,5.));
#629 = ORIENTED_EDGE('',*,*,#630,.T.);
#630 = EDGE_CURVE('',#584,#631,#633,.T.);
#631 = VERTEX_POINT('',#632);
#632 = CARTESIAN_POINT('',(73.98097826087,-12.32131711972,5.));
#633 = CIRCLE('',#634,75.);
#634 = AXIS2_PLACEMENT_3D('',#635,#636,#637);
#635 = CARTESIAN_POINT('',(0.,0.,5.));
#636 = DIRECTION('',(0.,0.,1.));
#637 = DIRECTION('',(1.,0.,0.));
#638 = ORIENTED_EDGE('',*,*,#639,.F.);
#639 = EDGE_CURVE('',#640,#631,#642,.T.);
#640 = VERTEX_POINT('',#641);
#641 = CARTESIAN_POINT('',(69.027646502836,-6.499941205186,5.));
#642 = B_SPLINE_CURVE_WITH_KNOTS('',6,(#643,#644,#645,#646,#647,#648,
    #649,#650,#651,#652,#653,#654,#655,#656,#657,#658,#659,#660,#661,
    #662,#663,#664,#665,#666,#667,#668,#669,#670,#671,#672,#673,#674,
    #675,#676,#677,#678,#679,#680,#681,#682,#683,#684),.UNSPECIFIED.,.F.
  ,.F.,(7,5,5,5,5,5,5,5,7),(0.,0.144347625826,0.2477732501,
    0.321369248254,0.5,0.678630751746,0.7522267499,0.855652374174,1.),
  .UNSPECIFIED.);
#643 = CARTESIAN_POINT('',(69.027646502836,-6.499941205186,5.));
#644 = CARTESIAN_POINT('',(69.229739356859,-6.499081634233,5.));
#645 = CARTESIAN_POINT('',(69.433242142861,-6.508018439983,5.));
#646 = CARTESIAN_POINT('',(69.637415557409,-6.527002955659,5.));
#647 = CARTESIAN_POINT('',(69.841501476162,-6.556196109242,5.));
#648 = CARTESIAN_POINT('',(70.044728954816,-6.595666964704,5.));
#649 = CARTESIAN_POINT('',(70.390761147384,-6.681018912736,5.));
#650 = CARTESIAN_POINT('',(70.534364303078,-6.721910948856,5.));
#651 = CARTESIAN_POINT('',(70.676844780156,-6.768058664694,5.));
#652 = CARTESIAN_POINT('',(70.817920592151,-6.819430001092,5.));
#653 = CARTESIAN_POINT('',(70.957313487101,-6.875969652102,5.));
#654 = CARTESIAN_POINT('',(71.192547170075,-6.981453736952,5.));
#655 = CARTESIAN_POINT('',(71.289354269961,-7.027885744147,5.));
#656 = CARTESIAN_POINT('',(71.385072585707,-7.076866983003,5.));
#657 = CARTESIAN_POINT('',(71.479605769599,-7.128363731274,5.));
#658 = CARTESIAN_POINT('',(71.572859591705,-7.1823367535,5.));
#659 = CARTESIAN_POINT('',(71.887756958854,-7.375645303587,5.));
#660 = CARTESIAN_POINT('',(72.102701419361,-7.526879434174,5.));
#661 = CARTESIAN_POINT('',(72.308242780146,-7.691796729919,5.));
#662 = CARTESIAN_POINT('',(72.503170853348,-7.86957738017,5.));
#663 = CARTESIAN_POINT('',(72.686390302712,-8.059253036187,5.));
#664 = CARTESIAN_POINT('',(73.027495210344,-8.460134703441,5.));
#665 = CARTESIAN_POINT('',(73.185393502271,-8.671355797363,5.));
#666 = CARTESIAN_POINT('',(73.329675798754,-8.89223026906,5.));
#667 = CARTESIAN_POINT('',(73.459561589312,-9.121521888707,5.));
#668 = CARTESIAN_POINT('',(73.574435372111,-9.357904835179,5.));
#669 = CARTESIAN_POINT('',(73.714839751936,-9.699687159912,5.));
#670 = CARTESIAN_POINT('',(73.753187931736,-9.80037866686,5.));
#671 = CARTESIAN_POINT('',(73.788886964926,-9.901936615681,5.));
#672 = CARTESIAN_POINT('',(73.821913207079,-10.00426171064,5.));
#673 = CARTESIAN_POINT('',(73.852248794906,-10.10725344813,5.));
#674 = CARTESIAN_POINT('',(73.918714530847,-10.35633994657,5.));
#675 = CARTESIAN_POINT('',(73.95220996122,-10.50298634933,5.));
#676 = CARTESIAN_POINT('',(73.980334319876,-10.65046658321,5.));
#677 = CARTESIAN_POINT('',(74.003077558739,-10.79849713111,5.));
#678 = CARTESIAN_POINT('',(74.020453174554,-10.94679451112,5.));
#679 = CARTESIAN_POINT('',(74.049308994629,-11.30202763876,5.));
#680 = CARTESIAN_POINT('',(74.05573666661,-11.50895284637,5.));
#681 = CARTESIAN_POINT('',(74.051881764251,-11.71508009391,5.));
#682 = CARTESIAN_POINT('',(74.037935879131,-11.9196594363,5.));
#683 = CARTESIAN_POINT('',(74.014179229745,-12.12196828933,5.));
#684 = CARTESIAN_POINT('',(73.98097826087,-12.32131711972,5.));
#685 = ORIENTED_EDGE('',*,*,#686,.F.);
#686 = EDGE_CURVE('',#24,#640,#687,.T.);
#687 = CIRCLE('',#688,6.5);
#688 = AXIS2_PLACEMENT_3D('',#689,#690,#691);
#689 = CARTESIAN_POINT('',(69.,0.,5.));
#690 = DIRECTION('',(0.,0.,1.));
#691 = DIRECTION('',(1.,0.,0.));
#692 = FACE_BOUND('',#693,.T.);
#693 = EDGE_LOOP('',(#694,#705));
#694 = ORIENTED_EDGE('',*,*,#695,.T.);
#695 = EDGE_CURVE('',#696,#698,#700,.T.);
#696 = VERTEX_POINT('',#697);
#697 = CARTESIAN_POINT('',(-3.,-69.,5.));
#698 = VERTEX_POINT('',#699);
#699 = CARTESIAN_POINT('',(3.,-69.,5.));
#700 = CIRCLE('',#701,3.);
#701 = AXIS2_PLACEMENT_3D('',#702,#703,#704);
#702 = CARTESIAN_POINT('',(0.,-69.,5.));
#703 = DIRECTION('',(0.,0.,-1.));
#704 = DIRECTION('',(1.,0.,0.));
#705 = ORIENTED_EDGE('',*,*,#706,.T.);
#706 = EDGE_CURVE('',#698,#696,#707,.T.);
#707 = CIRCLE('',#708,3.);
#708 = AXIS2_PLACEMENT_3D('',#709,#710,#711);
#709 = CARTESIAN_POINT('',(0.,-69.,5.));
#710 = DIRECTION('',(0.,0.,-1.));
#711 = DIRECTION('',(1.,0.,0.));
#712 = FACE_BOUND('',#713,.T.);
#713 = EDGE_LOOP('',(#714));
#714 = ORIENTED_EDGE('',*,*,#715,.F.);
#715 = EDGE_CURVE('',#716,#716,#718,.T.);
#716 = VERTEX_POINT('',#717);
#717 = CARTESIAN_POINT('',(-62.76,-34.5,5.));
#718 = CIRCLE('',#719,3.);
#719 = AXIS2_PLACEMENT_3D('',#720,#721,#722);
#720 = CARTESIAN_POINT('',(-59.76,-34.5,5.));
#721 = DIRECTION('',(-2.22044604925E-16,-2.465190328816E-32,1.));
#722 = DIRECTION('',(-1.,-2.22044604925E-16,-2.22044604925E-16));
#723 = FACE_BOUND('',#724,.T.);
#724 = EDGE_LOOP('',(#725));
#725 = ORIENTED_EDGE('',*,*,#726,.T.);
#726 = EDGE_CURVE('',#727,#727,#729,.T.);
#727 = VERTEX_POINT('',#728);
#728 = CARTESIAN_POINT('',(62.76,-34.5,5.));
#729 = CIRCLE('',#730,3.);
#730 = AXIS2_PLACEMENT_3D('',#731,#732,#733);
#731 = CARTESIAN_POINT('',(59.76,-34.5,5.));
#732 = DIRECTION('',(0.,0.,-1.));
#733 = DIRECTION('',(1.,0.,0.));
#734 = FACE_BOUND('',#735,.T.);
#735 = EDGE_LOOP('',(#736));
#736 = ORIENTED_EDGE('',*,*,#737,.T.);
#737 = EDGE_CURVE('',#738,#738,#740,.T.);
#738 = VERTEX_POINT('',#739);
#739 = CARTESIAN_POINT('',(-62.76,34.5,5.));
#740 = CIRCLE('',#741,3.);
#741 = AXIS2_PLACEMENT_3D('',#742,#743,#744);
#742 = CARTESIAN_POINT('',(-59.76,34.5,5.));
#743 = DIRECTION('',(2.22044604925E-16,-2.465190328816E-32,-1.));
#744 = DIRECTION('',(-1.,2.22044604925E-16,-2.22044604925E-16));
#745 = FACE_BOUND('',#746,.T.);
#746 = EDGE_LOOP('',(#747,#758));
#747 = ORIENTED_EDGE('',*,*,#748,.F.);
#748 = EDGE_CURVE('',#749,#751,#753,.T.);
#749 = VERTEX_POINT('',#750);
#750 = CARTESIAN_POINT('',(3.,69.,5.));
#751 = VERTEX_POINT('',#752);
#752 = CARTESIAN_POINT('',(-3.,69.,5.));
#753 = CIRCLE('',#754,3.);
#754 = AXIS2_PLACEMENT_3D('',#755,#756,#757);
#755 = CARTESIAN_POINT('',(0.,69.,5.));
#756 = DIRECTION('',(0.,0.,1.));
#757 = DIRECTION('',(1.,0.,0.));
#758 = ORIENTED_EDGE('',*,*,#759,.F.);
#759 = EDGE_CURVE('',#751,#749,#760,.T.);
#760 = CIRCLE('',#761,3.);
#761 = AXIS2_PLACEMENT_3D('',#762,#763,#764);
#762 = CARTESIAN_POINT('',(0.,69.,5.));
#763 = DIRECTION('',(0.,0.,1.));
#764 = DIRECTION('',(1.,0.,0.));
#765 = FACE_BOUND('',#766,.T.);
#766 = EDGE_LOOP('',(#767));
#767 = ORIENTED_EDGE('',*,*,#768,.F.);
#768 = EDGE_CURVE('',#769,#769,#771,.T.);
#769 = VERTEX_POINT('',#770);
#770 = CARTESIAN_POINT('',(62.76,34.5,5.));
#771 = CIRCLE('',#772,3.);
#772 = AXIS2_PLACEMENT_3D('',#773,#774,#775);
#773 = CARTESIAN_POINT('',(59.76,34.5,5.));
#774 = DIRECTION('',(0.,0.,1.));
#775 = DIRECTION('',(1.,0.,0.));
#776 = PLANE('',#777);
#777 = AXIS2_PLACEMENT_3D('',#778,#779,#780);
#778 = CARTESIAN_POINT('',(-1.166882246434E-14,1.605911987866E-15,5.));
#779 = DIRECTION('',(0.,0.,1.));
#780 = DIRECTION('',(1.,0.,0.));
#781 = ADVANCED_FACE('',(#782),#850,.T.);
#782 = FACE_BOUND('',#783,.T.);
#783 = EDGE_LOOP('',(#784,#785,#795,#842));
#784 = ORIENTED_EDGE('',*,*,#21,.T.);
#785 = ORIENTED_EDGE('',*,*,#786,.T.);
#786 = EDGE_CURVE('',#24,#787,#789,.T.);
#787 = VERTEX_POINT('',#788);
#788 = CARTESIAN_POINT('',(69.027646502836,6.499941205186,0.));
#789 = B_SPLINE_CURVE_WITH_KNOTS('',2,(#790,#791,#792,#793,#794),
  .UNSPECIFIED.,.F.,.F.,(3,1,1,3),(-0.306,2.359766028415E-15,5.,5.306),
  .UNSPECIFIED.);
#790 = CARTESIAN_POINT('',(69.027646502836,6.499941205186,5.306));
#791 = CARTESIAN_POINT('',(69.027646502836,6.499941205186,5.153));
#792 = CARTESIAN_POINT('',(69.027646502836,6.499941205186,2.5));
#793 = CARTESIAN_POINT('',(69.027646502836,6.499941205186,-0.153));
#794 = CARTESIAN_POINT('',(69.027646502836,6.499941205186,-0.306));
#795 = ORIENTED_EDGE('',*,*,#796,.F.);
#796 = EDGE_CURVE('',#797,#787,#799,.T.);
#797 = VERTEX_POINT('',#798);
#798 = CARTESIAN_POINT('',(73.98097826087,12.321317119722,0.));
#799 = B_SPLINE_CURVE_WITH_KNOTS('',6,(#800,#801,#802,#803,#804,#805,
    #806,#807,#808,#809,#810,#811,#812,#813,#814,#815,#816,#817,#818,
    #819,#820,#821,#822,#823,#824,#825,#826,#827,#828,#829,#830,#831,
    #832,#833,#834,#835,#836,#837,#838,#839,#840,#841),.UNSPECIFIED.,.F.
  ,.F.,(7,5,5,5,5,5,5,5,7),(0.,0.144347625826,0.2477732501,
    0.321369248254,0.5,0.678630751746,0.7522267499,0.855652374174,1.),
  .UNSPECIFIED.);
#800 = CARTESIAN_POINT('',(73.98097826087,12.321317119722,0.));
#801 = CARTESIAN_POINT('',(74.014179229745,12.121968289338,0.));
#802 = CARTESIAN_POINT('',(74.037935879132,11.9196594363,0.));
#803 = CARTESIAN_POINT('',(74.051881764251,11.715080093912,0.));
#804 = CARTESIAN_POINT('',(74.05573666661,11.508952846375,0.));
#805 = CARTESIAN_POINT('',(74.049308994629,11.302027638767,0.));
#806 = CARTESIAN_POINT('',(74.020453174554,10.946794511125,0.));
#807 = CARTESIAN_POINT('',(74.003077558739,10.798497131113,0.));
#808 = CARTESIAN_POINT('',(73.980334319876,10.650466583213,0.));
#809 = CARTESIAN_POINT('',(73.95220996122,10.502986349339,0.));
#810 = CARTESIAN_POINT('',(73.918714530847,10.356339946577,0.));
#811 = CARTESIAN_POINT('',(73.852248794906,10.107253448132,0.));
#812 = CARTESIAN_POINT('',(73.821913207079,10.00426171064,0.));
#813 = CARTESIAN_POINT('',(73.788886964926,9.901936615681,0.));
#814 = CARTESIAN_POINT('',(73.753187931735,9.80037866686,0.));
#815 = CARTESIAN_POINT('',(73.714839751936,9.699687159912,0.));
#816 = CARTESIAN_POINT('',(73.574435372111,9.357904835179,0.));
#817 = CARTESIAN_POINT('',(73.459561589312,9.121521888706,0.));
#818 = CARTESIAN_POINT('',(73.329675798755,8.892230269061,0.));
#819 = CARTESIAN_POINT('',(73.18539350227,8.671355797362,0.));
#820 = CARTESIAN_POINT('',(73.027495210345,8.460134703441,0.));
#821 = CARTESIAN_POINT('',(72.686390302712,8.059253036187,0.));
#822 = CARTESIAN_POINT('',(72.503170853349,7.86957738017,0.));
#823 = CARTESIAN_POINT('',(72.308242780145,7.691796729918,0.));
#824 = CARTESIAN_POINT('',(72.102701419361,7.526879434175,0.));
#825 = CARTESIAN_POINT('',(71.887756958853,7.375645303587,0.));
#826 = CARTESIAN_POINT('',(71.572859591704,7.1823367535,0.));
#827 = CARTESIAN_POINT('',(71.479605769599,7.128363731274,0.));
#828 = CARTESIAN_POINT('',(71.385072585707,7.076866983003,0.));
#829 = CARTESIAN_POINT('',(71.289354269961,7.027885744147,0.));
#830 = CARTESIAN_POINT('',(71.192547170075,6.981453736952,0.));
#831 = CARTESIAN_POINT('',(70.957313487101,6.875969652102,0.));
#832 = CARTESIAN_POINT('',(70.817920592151,6.819430001092,0.));
#833 = CARTESIAN_POINT('',(70.676844780156,6.768058664694,0.));
#834 = CARTESIAN_POINT('',(70.534364303078,6.721910948856,0.));
#835 = CARTESIAN_POINT('',(70.390761147384,6.681018912736,0.));
#836 = CARTESIAN_POINT('',(70.044728954815,6.595666964704,0.));
#837 = CARTESIAN_POINT('',(69.841501476162,6.556196109242,0.));
#838 = CARTESIAN_POINT('',(69.637415557409,6.527002955659,0.));
#839 = CARTESIAN_POINT('',(69.43324214286,6.508018439983,0.));
#840 = CARTESIAN_POINT('',(69.229739356859,6.499081634233,0.));
#841 = CARTESIAN_POINT('',(69.027646502836,6.499941205186,0.));
#842 = ORIENTED_EDGE('',*,*,#843,.F.);
#843 = EDGE_CURVE('',#22,#797,#844,.T.);
#844 = B_SPLINE_CURVE_WITH_KNOTS('',2,(#845,#846,#847,#848,#849),
  .UNSPECIFIED.,.F.,.F.,(3,1,1,3),(-0.306,2.359766028415E-15,5.,5.306),
  .UNSPECIFIED.);
#845 = CARTESIAN_POINT('',(73.98097826087,12.321317119722,5.306));
#846 = CARTESIAN_POINT('',(73.98097826087,12.321317119722,5.153));
#847 = CARTESIAN_POINT('',(73.98097826087,12.321317119722,2.5));
#848 = CARTESIAN_POINT('',(73.98097826087,12.321317119722,-0.153));
#849 = CARTESIAN_POINT('',(73.98097826087,12.321317119722,-0.306));
#850 = ( BOUNDED_SURFACE() B_SPLINE_SURFACE(2,2,(
    (#851,#852,#853,#854,#855)
    ,(#856,#857,#858,#859,#860)
    ,(#861,#862,#863,#864,#865
)),.UNSPECIFIED.,.F.,.F.,.F.) B_SPLINE_SURFACE_WITH_KNOTS((3,3),(3,1,1,3
    ),(0.,5.),(-0.306,2.359766028415E-15,5.,5.306),.UNSPECIFIED.) 
GEOMETRIC_REPRESENTATION_ITEM() RATIONAL_B_SPLINE_SURFACE((
    (1.,1.,1.,1.,1.)
    ,(0.644795215216,0.644795215216,0.644795215216,0.644795215216
      ,0.644795215216)
,(1.,1.,1.,1.,1.))) REPRESENTATION_ITEM('') SURFACE() );
#851 = CARTESIAN_POINT('',(73.98097826087,12.321317119722,5.306));
#852 = CARTESIAN_POINT('',(73.98097826087,12.321317119722,5.153));
#853 = CARTESIAN_POINT('',(73.98097826087,12.321317119722,2.5));
#854 = CARTESIAN_POINT('',(73.98097826087,12.321317119722,-0.153));
#855 = CARTESIAN_POINT('',(73.98097826087,12.321317119722,-0.306));
#856 = CARTESIAN_POINT('',(74.954710144928,6.474731349187,5.306));
#857 = CARTESIAN_POINT('',(74.954710144928,6.474731349187,5.153));
#858 = CARTESIAN_POINT('',(74.954710144928,6.474731349187,2.5));
#859 = CARTESIAN_POINT('',(74.954710144928,6.474731349187,-0.153));
#860 = CARTESIAN_POINT('',(74.954710144928,6.474731349187,-0.306));
#861 = CARTESIAN_POINT('',(69.027646502836,6.499941205186,5.306));
#862 = CARTESIAN_POINT('',(69.027646502836,6.499941205186,5.153));
#863 = CARTESIAN_POINT('',(69.027646502836,6.499941205186,2.5));
#864 = CARTESIAN_POINT('',(69.027646502836,6.499941205186,-0.153));
#865 = CARTESIAN_POINT('',(69.027646502836,6.499941205186,-0.306));
#866 = ADVANCED_FACE('',(#867),#888,.F.);
#867 = FACE_BOUND('',#868,.F.);
#868 = EDGE_LOOP('',(#869,#870,#871,#880));
#869 = ORIENTED_EDGE('',*,*,#686,.F.);
#870 = ORIENTED_EDGE('',*,*,#786,.T.);
#871 = ORIENTED_EDGE('',*,*,#872,.T.);
#872 = EDGE_CURVE('',#787,#873,#875,.T.);
#873 = VERTEX_POINT('',#874);
#874 = CARTESIAN_POINT('',(69.027646502836,-6.499941205186,0.));
#875 = CIRCLE('',#876,6.5);
#876 = AXIS2_PLACEMENT_3D('',#877,#878,#879);
#877 = CARTESIAN_POINT('',(69.,0.,0.));
#878 = DIRECTION('',(0.,0.,1.));
#879 = DIRECTION('',(1.,0.,0.));
#880 = ORIENTED_EDGE('',*,*,#881,.F.);
#881 = EDGE_CURVE('',#640,#873,#882,.T.);
#882 = B_SPLINE_CURVE_WITH_KNOTS('',2,(#883,#884,#885,#886,#887),
  .UNSPECIFIED.,.F.,.F.,(3,1,1,3),(-0.306,2.348381905604E-15,5.,5.306),
  .UNSPECIFIED.);
#883 = CARTESIAN_POINT('',(69.027646502836,-6.499941205186,5.306));
#884 = CARTESIAN_POINT('',(69.027646502836,-6.499941205186,5.153));
#885 = CARTESIAN_POINT('',(69.027646502836,-6.499941205186,2.5));
#886 = CARTESIAN_POINT('',(69.027646502836,-6.499941205186,-0.153));
#887 = CARTESIAN_POINT('',(69.027646502836,-6.499941205186,-0.306));
#888 = CYLINDRICAL_SURFACE('',#889,6.5);
#889 = AXIS2_PLACEMENT_3D('',#890,#891,#892);
#890 = CARTESIAN_POINT('',(69.,0.,5.));
#891 = DIRECTION('',(0.,0.,1.));
#892 = DIRECTION('',(1.,0.,0.));
#893 = ADVANCED_FACE('',(#894),#953,.T.);
#894 = FACE_BOUND('',#895,.T.);
#895 = EDGE_LOOP('',(#896,#897,#907,#952));
#896 = ORIENTED_EDGE('',*,*,#639,.T.);
#897 = ORIENTED_EDGE('',*,*,#898,.T.);
#898 = EDGE_CURVE('',#631,#899,#901,.T.);
#899 = VERTEX_POINT('',#900);
#900 = CARTESIAN_POINT('',(73.98097826087,-12.32131711972,0.));
#901 = B_SPLINE_CURVE_WITH_KNOTS('',2,(#902,#903,#904,#905,#906),
  .UNSPECIFIED.,.F.,.F.,(3,1,1,3),(-0.306,2.348381905604E-15,5.,5.306),
  .UNSPECIFIED.);
#902 = CARTESIAN_POINT('',(73.98097826087,-12.32131711972,5.306));
#903 = CARTESIAN_POINT('',(73.98097826087,-12.32131711972,5.153));
#904 = CARTESIAN_POINT('',(73.98097826087,-12.32131711972,2.5));
#905 = CARTESIAN_POINT('',(73.98097826087,-12.32131711972,-0.153));
#906 = CARTESIAN_POINT('',(73.98097826087,-12.32131711972,-0.306));
#907 = ORIENTED_EDGE('',*,*,#908,.F.);
#908 = EDGE_CURVE('',#873,#899,#909,.T.);
#909 = B_SPLINE_CURVE_WITH_KNOTS('',6,(#910,#911,#912,#913,#914,#915,
    #916,#917,#918,#919,#920,#921,#922,#923,#924,#925,#926,#927,#928,
    #929,#930,#931,#932,#933,#934,#935,#936,#937,#938,#939,#940,#941,
    #942,#943,#944,#945,#946,#947,#948,#949,#950,#951),.UNSPECIFIED.,.F.
  ,.F.,(7,5,5,5,5,5,5,5,7),(0.,0.144347625826,0.247773250101,
    0.321369248254,0.500000000001,0.678630751747,0.7522267499,
    0.855652374174,1.),.UNSPECIFIED.);
#910 = CARTESIAN_POINT('',(69.027646502836,-6.499941205186,0.));
#911 = CARTESIAN_POINT('',(69.229739356859,-6.499081634233,0.));
#912 = CARTESIAN_POINT('',(69.433242142861,-6.508018439983,0.));
#913 = CARTESIAN_POINT('',(69.637415557409,-6.527002955659,0.));
#914 = CARTESIAN_POINT('',(69.841501476162,-6.556196109242,0.));
#915 = CARTESIAN_POINT('',(70.044728954816,-6.595666964704,0.));
#916 = CARTESIAN_POINT('',(70.390761147384,-6.681018912736,0.));
#917 = CARTESIAN_POINT('',(70.534364303078,-6.721910948856,0.));
#918 = CARTESIAN_POINT('',(70.676844780156,-6.768058664694,0.));
#919 = CARTESIAN_POINT('',(70.817920592151,-6.819430001092,0.));
#920 = CARTESIAN_POINT('',(70.957313487101,-6.875969652102,0.));
#921 = CARTESIAN_POINT('',(71.192547170075,-6.981453736952,0.));
#922 = CARTESIAN_POINT('',(71.289354269961,-7.027885744147,0.));
#923 = CARTESIAN_POINT('',(71.385072585707,-7.076866983003,0.));
#924 = CARTESIAN_POINT('',(71.479605769599,-7.128363731274,0.));
#925 = CARTESIAN_POINT('',(71.572859591705,-7.1823367535,0.));
#926 = CARTESIAN_POINT('',(71.887756958854,-7.375645303587,0.));
#927 = CARTESIAN_POINT('',(72.102701419361,-7.526879434175,0.));
#928 = CARTESIAN_POINT('',(72.308242780146,-7.691796729918,0.));
#929 = CARTESIAN_POINT('',(72.503170853349,-7.86957738017,0.));
#930 = CARTESIAN_POINT('',(72.686390302712,-8.059253036187,0.));
#931 = CARTESIAN_POINT('',(73.027495210344,-8.460134703441,0.));
#932 = CARTESIAN_POINT('',(73.185393502271,-8.671355797363,0.));
#933 = CARTESIAN_POINT('',(73.329675798754,-8.892230269059,0.));
#934 = CARTESIAN_POINT('',(73.459561589312,-9.121521888708,0.));
#935 = CARTESIAN_POINT('',(73.57443537211,-9.357904835179,0.));
#936 = CARTESIAN_POINT('',(73.714839751936,-9.699687159912,0.));
#937 = CARTESIAN_POINT('',(73.753187931736,-9.80037866686,0.));
#938 = CARTESIAN_POINT('',(73.788886964926,-9.901936615681,0.));
#939 = CARTESIAN_POINT('',(73.821913207079,-10.00426171064,0.));
#940 = CARTESIAN_POINT('',(73.852248794906,-10.10725344813,0.));
#941 = CARTESIAN_POINT('',(73.918714530847,-10.35633994657,0.));
#942 = CARTESIAN_POINT('',(73.95220996122,-10.50298634933,0.));
#943 = CARTESIAN_POINT('',(73.980334319876,-10.65046658321,0.));
#944 = CARTESIAN_POINT('',(74.003077558739,-10.79849713111,0.));
#945 = CARTESIAN_POINT('',(74.020453174554,-10.94679451112,0.));
#946 = CARTESIAN_POINT('',(74.049308994629,-11.30202763876,0.));
#947 = CARTESIAN_POINT('',(74.05573666661,-11.50895284637,0.));
#948 = CARTESIAN_POINT('',(74.051881764251,-11.71508009391,0.));
#949 = CARTESIAN_POINT('',(74.037935879131,-11.9196594363,0.));
#950 = CARTESIAN_POINT('',(74.014179229745,-12.12196828933,0.));
#951 = CARTESIAN_POINT('',(73.98097826087,-12.32131711972,0.));
#952 = ORIENTED_EDGE('',*,*,#881,.F.);
#953 = ( BOUNDED_SURFACE() B_SPLINE_SURFACE(2,2,(
    (#954,#955,#956,#957,#958)
    ,(#959,#960,#961,#962,#963)
    ,(#964,#965,#966,#967,#968
)),.UNSPECIFIED.,.F.,.F.,.F.) B_SPLINE_SURFACE_WITH_KNOTS((3,3),(3,1,1,3
    ),(0.,5.),(-0.306,2.348381905604E-15,5.,5.306),.UNSPECIFIED.) 
GEOMETRIC_REPRESENTATION_ITEM() RATIONAL_B_SPLINE_SURFACE((
    (1.,1.,1.,1.,1.)
    ,(0.644795215216,0.644795215216,0.644795215216,0.644795215216
      ,0.644795215216)
,(1.,1.,1.,1.,1.))) REPRESENTATION_ITEM('') SURFACE() );
#954 = CARTESIAN_POINT('',(69.027646502836,-6.499941205186,5.306));
#955 = CARTESIAN_POINT('',(69.027646502836,-6.499941205186,5.153));
#956 = CARTESIAN_POINT('',(69.027646502836,-6.499941205186,2.5));
#957 = CARTESIAN_POINT('',(69.027646502836,-6.499941205186,-0.153));
#958 = CARTESIAN_POINT('',(69.027646502836,-6.499941205186,-0.306));
#959 = CARTESIAN_POINT('',(74.954710144928,-6.474731349187,5.306));
#960 = CARTESIAN_POINT('',(74.954710144928,-6.474731349187,5.153));
#961 = CARTESIAN_POINT('',(74.954710144928,-6.474731349187,2.5));
#962 = CARTESIAN_POINT('',(74.954710144928,-6.474731349187,-0.153));
#963 = CARTESIAN_POINT('',(74.954710144928,-6.474731349187,-0.306));
#964 = CARTESIAN_POINT('',(73.98097826087,-12.32131711972,5.306));
#965 = CARTESIAN_POINT('',(73.98097826087,-12.32131711972,5.153));
#966 = CARTESIAN_POINT('',(73.98097826087,-12.32131711972,2.5));
#967 = CARTESIAN_POINT('',(73.98097826087,-12.32131711972,-0.153));
#968 = CARTESIAN_POINT('',(73.98097826087,-12.32131711972,-0.306));
#969 = ADVANCED_FACE('',(#970),#991,.T.);
#970 = FACE_BOUND('',#971,.F.);
#971 = EDGE_LOOP('',(#972,#981,#989,#990));
#972 = ORIENTED_EDGE('',*,*,#973,.F.);
#973 = EDGE_CURVE('',#974,#899,#976,.T.);
#974 = VERTEX_POINT('',#975);
#975 = CARTESIAN_POINT('',(47.659293251383,-57.91020434067,0.));
#976 = CIRCLE('',#977,75.);
#977 = AXIS2_PLACEMENT_3D('',#978,#979,#980);
#978 = CARTESIAN_POINT('',(0.,0.,0.));
#979 = DIRECTION('',(0.,0.,1.));
#980 = DIRECTION('',(1.,0.,0.));
#981 = ORIENTED_EDGE('',*,*,#982,.F.);
#982 = EDGE_CURVE('',#584,#974,#983,.T.);
#983 = B_SPLINE_CURVE_WITH_KNOTS('',2,(#984,#985,#986,#987,#988),
  .UNSPECIFIED.,.F.,.F.,(3,1,1,3),(-0.306,1.026620195105E-14,5.,5.306),
  .UNSPECIFIED.);
#984 = CARTESIAN_POINT('',(47.659293251383,-57.91020434067,5.306));
#985 = CARTESIAN_POINT('',(47.659293251383,-57.91020434067,5.153));
#986 = CARTESIAN_POINT('',(47.659293251383,-57.91020434067,2.5));
#987 = CARTESIAN_POINT('',(47.659293251383,-57.91020434067,-0.153));
#988 = CARTESIAN_POINT('',(47.659293251383,-57.91020434067,-0.306));
#989 = ORIENTED_EDGE('',*,*,#630,.T.);
#990 = ORIENTED_EDGE('',*,*,#898,.T.);
#991 = CYLINDRICAL_SURFACE('',#992,75.);
#992 = AXIS2_PLACEMENT_3D('',#993,#994,#995);
#993 = CARTESIAN_POINT('',(0.,0.,0.));
#994 = DIRECTION('',(-0.,-0.,-1.));
#995 = DIRECTION('',(1.,0.,0.));
#996 = ADVANCED_FACE('',(#997),#1056,.T.);
#997 = FACE_BOUND('',#998,.T.);
#998 = EDGE_LOOP('',(#999,#1000,#1010,#1055));
#999 = ORIENTED_EDGE('',*,*,#583,.T.);
#1000 = ORIENTED_EDGE('',*,*,#1001,.T.);
#1001 = EDGE_CURVE('',#575,#1002,#1004,.T.);
#1002 = VERTEX_POINT('',#1003);
#1003 = CARTESIAN_POINT('',(40.142003976092,-56.53233968116,0.));
#1004 = B_SPLINE_CURVE_WITH_KNOTS('',2,(#1005,#1006,#1007,#1008,#1009),
  .UNSPECIFIED.,.F.,.F.,(3,1,1,3),(-0.306,1.026620195105E-14,5.,5.306),
  .UNSPECIFIED.);
#1005 = CARTESIAN_POINT('',(40.142003976092,-56.53233968116,5.306));
#1006 = CARTESIAN_POINT('',(40.142003976092,-56.53233968116,5.153));
#1007 = CARTESIAN_POINT('',(40.142003976092,-56.53233968116,2.5));
#1008 = CARTESIAN_POINT('',(40.142003976092,-56.53233968116,-0.153));
#1009 = CARTESIAN_POINT('',(40.142003976092,-56.53233968116,-0.306));
#1010 = ORIENTED_EDGE('',*,*,#1011,.F.);
#1011 = EDGE_CURVE('',#974,#1002,#1012,.T.);
#1012 = B_SPLINE_CURVE_WITH_KNOTS('',6,(#1013,#1014,#1015,#1016,#1017,
    #1018,#1019,#1020,#1021,#1022,#1023,#1024,#1025,#1026,#1027,#1028,
    #1029,#1030,#1031,#1032,#1033,#1034,#1035,#1036,#1037,#1038,#1039,
    #1040,#1041,#1042,#1043,#1044,#1045,#1046,#1047,#1048,#1049,#1050,
    #1051,#1052,#1053,#1054),.UNSPECIFIED.,.F.,.F.,(7,5,5,5,5,5,5,5,7),(
    0.,0.144351649687,0.247777648908,0.321372932161,0.5,0.678627067839,
    0.752222351092,0.855648350313,1.),.UNSPECIFIED.);
#1013 = CARTESIAN_POINT('',(47.659293251383,-57.91020434067,0.));
#1014 = CARTESIAN_POINT('',(47.503272210163,-58.03860748899,0.));
#1015 = CARTESIAN_POINT('',(47.339967980418,-58.16031340894,0.));
#1016 = CARTESIAN_POINT('',(47.169794324754,-58.27466030307,0.));
#1017 = CARTESIAN_POINT('',(46.99323670046,-58.38104448569,0.));
#1018 = CARTESIAN_POINT('',(46.810848534953,-58.47892530553,0.));
#1019 = CARTESIAN_POINT('',(46.488833904899,-58.63152912522,0.));
#1020 = CARTESIAN_POINT('',(46.351742228399,-58.69062132059,0.));
#1021 = CARTESIAN_POINT('',(46.212198613255,-58.74493336625,0.));
#1022 = CARTESIAN_POINT('',(46.070441686285,-58.79431190625,0.));
#1023 = CARTESIAN_POINT('',(45.926721870387,-58.8386239436,0.));
#1024 = CARTESIAN_POINT('',(45.677822724163,-58.90560353394,0.));
#1025 = CARTESIAN_POINT('',(45.573482848977,-58.93082775093,0.));
#1026 = CARTESIAN_POINT('',(45.468375141364,-58.9533895435,0.));
#1027 = CARTESIAN_POINT('',(45.362595516521,-58.9732541439,0.));
#1028 = CARTESIAN_POINT('',(45.256241733266,-58.99039239094,0.));
#1029 = CARTESIAN_POINT('',(44.890124589737,-59.03970344095,0.));
#1030 = CARTESIAN_POINT('',(44.628029632134,-59.0584276979,0.));
#1031 = CARTESIAN_POINT('',(44.364569117909,-59.06061245526,0.));
#1032 = CARTESIAN_POINT('',(44.101198129115,-59.04612778168,0.));
#1033 = CARTESIAN_POINT('',(43.839376679623,-59.01503131324,0.));
#1034 = CARTESIAN_POINT('',(43.321744859809,-58.92015315104,0.));
#1035 = CARTESIAN_POINT('',(43.065915029104,-58.85636789033,0.));
#1036 = CARTESIAN_POINT('',(42.814528096418,-58.77650116646,0.));
#1037 = CARTESIAN_POINT('',(42.568969604205,-58.68101691319,0.));
#1038 = CARTESIAN_POINT('',(42.330553959171,-58.5705526891,0.));
#1039 = CARTESIAN_POINT('',(42.00572666307,-58.39459652938,0.));
#1040 = CARTESIAN_POINT('',(41.912365193204,-58.34085192343,0.));
#1041 = CARTESIAN_POINT('',(41.820507512185,-58.28476183679,0.));
#1042 = CARTESIAN_POINT('',(41.730234681082,-58.22638820706,0.));
#1043 = CARTESIAN_POINT('',(41.641624048725,-58.16579756001,0.));
#1044 = CARTESIAN_POINT('',(41.432661092075,-58.01489516353,0.));
#1045 = CARTESIAN_POINT('',(41.314000423115,-57.92249068432,0.));
#1046 = CARTESIAN_POINT('',(41.198971974927,-57.82604524553,0.));
#1047 = CARTESIAN_POINT('',(41.087762720771,-57.7257720157,0.));
#1048 = CARTESIAN_POINT('',(40.98054138397,-57.6218990151,0.));
#1049 = CARTESIAN_POINT('',(40.733584406151,-57.36500682203,0.));
#1050 = CARTESIAN_POINT('',(40.597768392888,-57.20880148169,0.));
#1051 = CARTESIAN_POINT('',(40.470419773636,-57.0467134865,0.));
#1052 = CARTESIAN_POINT('',(40.351864245617,-56.87944462492,0.));
#1053 = CARTESIAN_POINT('',(40.242341598141,-56.70773151507,0.));
#1054 = CARTESIAN_POINT('',(40.142003976092,-56.53233968116,0.));
#1055 = ORIENTED_EDGE('',*,*,#982,.F.);
#1056 = ( BOUNDED_SURFACE() B_SPLINE_SURFACE(2,2,(
    (#1057,#1058,#1059,#1060,#1061)
    ,(#1062,#1063,#1064,#1065,#1066)
    ,(#1067,#1068,#1069,#1070,#1071
)),.UNSPECIFIED.,.F.,.F.,.F.) B_SPLINE_SURFACE_WITH_KNOTS((3,3),(3,1,1,3
    ),(0.,5.),(-0.306,1.026620195105E-14,5.,5.306),.UNSPECIFIED.) 
GEOMETRIC_REPRESENTATION_ITEM() RATIONAL_B_SPLINE_SURFACE((
    (1.,1.,1.,1.,1.)
    ,(0.644917443799,0.644917443799,0.644917443799,0.644917443799
      ,0.644917443799)
,(1.,1.,1.,1.,1.))) REPRESENTATION_ITEM('') SURFACE() );
#1057 = CARTESIAN_POINT('',(47.659293251383,-57.91020434067,5.306));
#1058 = CARTESIAN_POINT('',(47.659293251383,-57.91020434067,5.153));
#1059 = CARTESIAN_POINT('',(47.659293251383,-57.91020434067,2.5));
#1060 = CARTESIAN_POINT('',(47.659293251383,-57.91020434067,-0.153));
#1061 = CARTESIAN_POINT('',(47.659293251383,-57.91020434067,-0.306));
#1062 = CARTESIAN_POINT('',(43.084237019912,-61.67541202833,5.306));
#1063 = CARTESIAN_POINT('',(43.084237019912,-61.67541202833,5.153));
#1064 = CARTESIAN_POINT('',(43.084237019912,-61.67541202833,2.5));
#1065 = CARTESIAN_POINT('',(43.084237019912,-61.67541202833,-0.153));
#1066 = CARTESIAN_POINT('',(43.084237019912,-61.67541202833,-0.306));
#1067 = CARTESIAN_POINT('',(40.142003976092,-56.53233968116,5.306));
#1068 = CARTESIAN_POINT('',(40.142003976092,-56.53233968116,5.153));
#1069 = CARTESIAN_POINT('',(40.142003976092,-56.53233968116,2.5));
#1070 = CARTESIAN_POINT('',(40.142003976092,-56.53233968116,-0.153));
#1071 = CARTESIAN_POINT('',(40.142003976092,-56.53233968116,-0.306));
#1072 = ADVANCED_FACE('',(#1073),#1094,.F.);
#1073 = FACE_BOUND('',#1074,.T.);
#1074 = EDGE_LOOP('',(#1075,#1076,#1077,#1087));
#1075 = ORIENTED_EDGE('',*,*,#1001,.F.);
#1076 = ORIENTED_EDGE('',*,*,#574,.F.);
#1077 = ORIENTED_EDGE('',*,*,#1078,.T.);
#1078 = EDGE_CURVE('',#528,#1079,#1081,.T.);
#1079 = VERTEX_POINT('',#1080);
#1080 = CARTESIAN_POINT('',(28.883560784112,-63.03194292955,0.));
#1081 = B_SPLINE_CURVE_WITH_KNOTS('',2,(#1082,#1083,#1084,#1085,#1086),
  .UNSPECIFIED.,.F.,.F.,(3,1,1,3),(-0.306,2.733056836401E-15,5.,5.306),
  .UNSPECIFIED.);
#1082 = CARTESIAN_POINT('',(28.883560784112,-63.03194292955,5.306));
#1083 = CARTESIAN_POINT('',(28.883560784112,-63.03194292955,5.153));
#1084 = CARTESIAN_POINT('',(28.883560784112,-63.03194292955,2.5));
#1085 = CARTESIAN_POINT('',(28.883560784112,-63.03194292955,-0.153));
#1086 = CARTESIAN_POINT('',(28.883560784112,-63.03194292955,-0.306));
#1087 = ORIENTED_EDGE('',*,*,#1088,.F.);
#1088 = EDGE_CURVE('',#1002,#1079,#1089,.T.);
#1089 = CIRCLE('',#1090,6.5);
#1090 = AXIS2_PLACEMENT_3D('',#1091,#1092,#1093);
#1091 = CARTESIAN_POINT('',(34.5,-59.76,0.));
#1092 = DIRECTION('',(0.,0.,1.));
#1093 = DIRECTION('',(1.,0.,0.));
#1094 = CYLINDRICAL_SURFACE('',#1095,6.5);
#1095 = AXIS2_PLACEMENT_3D('',#1096,#1097,#1098);
#1096 = CARTESIAN_POINT('',(34.5,-59.76,5.));
#1097 = DIRECTION('',(0.,0.,1.));
#1098 = DIRECTION('',(1.,0.,0.));
#1099 = ADVANCED_FACE('',(#1100),#1159,.F.);
#1100 = FACE_BOUND('',#1101,.F.);
#1101 = EDGE_LOOP('',(#1102,#1103,#1104,#1151));
#1102 = ORIENTED_EDGE('',*,*,#527,.T.);
#1103 = ORIENTED_EDGE('',*,*,#1078,.T.);
#1104 = ORIENTED_EDGE('',*,*,#1105,.F.);
#1105 = EDGE_CURVE('',#1106,#1079,#1108,.T.);
#1106 = VERTEX_POINT('',#1107);
#1107 = CARTESIAN_POINT('',(26.317738849003,-70.23088082799,0.));
#1108 = B_SPLINE_CURVE_WITH_KNOTS('',6,(#1109,#1110,#1111,#1112,#1113,
    #1114,#1115,#1116,#1117,#1118,#1119,#1120,#1121,#1122,#1123,#1124,
    #1125,#1126,#1127,#1128,#1129,#1130,#1131,#1132,#1133,#1134,#1135,
    #1136,#1137,#1138,#1139,#1140,#1141,#1142,#1143,#1144,#1145,#1146,
    #1147,#1148,#1149,#1150),.UNSPECIFIED.,.F.,.F.,(7,5,5,5,5,5,5,5,7),(
    0.,0.144351649687,0.247777648908,0.321372932161,0.5,0.67862706784,
    0.752222351093,0.855648350313,1.),.UNSPECIFIED.);
#1109 = CARTESIAN_POINT('',(26.317738849003,-70.23088082799,0.));
#1110 = CARTESIAN_POINT('',(26.506954122499,-70.15997586289,0.));
#1111 = CARTESIAN_POINT('',(26.694011614693,-70.07941472449,0.));
#1112 = CARTESIAN_POINT('',(26.878131309174,-69.989224795,0.));
#1113 = CARTESIAN_POINT('',(27.058547662863,-69.88952460277,0.));
#1114 = CARTESIAN_POINT('',(27.234515731465,-69.78052305855,0.));
#1115 = CARTESIAN_POINT('',(27.527694298628,-69.57797016297,0.));
#1116 = CARTESIAN_POINT('',(27.647420967918,-69.48879875511,0.));
#1117 = CARTESIAN_POINT('',(27.764234153247,-69.39511365189,0.));
#1118 = CARTESIAN_POINT('',(27.877881723075,-69.29704481674,0.));
#1119 = CARTESIAN_POINT('',(27.988123277913,-69.19474260893,0.));
#1120 = CARTESIAN_POINT('',(28.170590083341,-69.01269065088,0.));
#1121 = CARTESIAN_POINT('',(28.244609618902,-68.93494633255,0.));
#1122 = CARTESIAN_POINT('',(28.316707466353,-68.85520572134,0.));
#1123 = CARTESIAN_POINT('',(28.386805554315,-68.77353449357,0.));
#1124 = CARTESIAN_POINT('',(28.45482974472,-68.6900027257,0.));
#1125 = CARTESIAN_POINT('',(28.680610935803,-68.3976053998,0.));
#1126 = CARTESIAN_POINT('',(28.827887490824,-68.17999570116,0.));
#1127 = CARTESIAN_POINT('',(28.961523779164,-67.95293280644,0.));
#1128 = CARTESIAN_POINT('',(29.080679662375,-67.71761183627,0.));
#1129 = CARTESIAN_POINT('',(29.184674968248,-67.47532597593,0.));
#1130 = CARTESIAN_POINT('',(29.361354490474,-66.97961546266,0.));
#1131 = CARTESIAN_POINT('',(29.434045349098,-66.72617217347,0.));
#1132 = CARTESIAN_POINT('',(29.490588061197,-66.46853482133,0.));
#1133 = CARTESIAN_POINT('',(29.530691545834,-66.20813527018,0.));
#1134 = CARTESIAN_POINT('',(29.554250651911,-65.94643060243,0.));
#1135 = CARTESIAN_POINT('',(29.564304525068,-65.57714445041,0.));
#1136 = CARTESIAN_POINT('',(29.564447696389,-65.46941875141,0.));
#1137 = CARTESIAN_POINT('',(29.561807719458,-65.3618224601,0.));
#1138 = CARTESIAN_POINT('',(29.556397697041,-65.25445674704,0.));
#1139 = CARTESIAN_POINT('',(29.548236561565,-65.14742186233,0.));
#1140 = CARTESIAN_POINT('',(29.522048513517,-64.89100182284,0.));
#1141 = CARTESIAN_POINT('',(29.501363390358,-64.74203515605,0.));
#1142 = CARTESIAN_POINT('',(29.475362513915,-64.59419327774,0.));
#1143 = CARTESIAN_POINT('',(29.444136990411,-64.4477447014,0.));
#1144 = CARTESIAN_POINT('',(29.407799913514,-64.3029495628,0.));
#1145 = CARTESIAN_POINT('',(29.308824306816,-63.96062635729,0.));
#1146 = CARTESIAN_POINT('',(29.241466567261,-63.76489942319,0.));
#1147 = CARTESIAN_POINT('',(29.164780331883,-63.57356356583,0.));
#1148 = CARTESIAN_POINT('',(29.079210479729,-63.38725176888,0.));
#1149 = CARTESIAN_POINT('',(28.985275010704,-63.20654003694,0.));
#1150 = CARTESIAN_POINT('',(28.883560784112,-63.03194292955,0.));
#1151 = ORIENTED_EDGE('',*,*,#1152,.F.);
#1152 = EDGE_CURVE('',#519,#1106,#1153,.T.);
#1153 = B_SPLINE_CURVE_WITH_KNOTS('',2,(#1154,#1155,#1156,#1157,#1158),
  .UNSPECIFIED.,.F.,.F.,(3,1,1,3),(-0.306,2.733056836401E-15,5.,5.306),
  .UNSPECIFIED.);
#1154 = CARTESIAN_POINT('',(26.317738849003,-70.23088082799,5.306));
#1155 = CARTESIAN_POINT('',(26.317738849003,-70.23088082799,5.153));
#1156 = CARTESIAN_POINT('',(26.317738849003,-70.23088082799,2.5));
#1157 = CARTESIAN_POINT('',(26.317738849003,-70.23088082799,-0.153));
#1158 = CARTESIAN_POINT('',(26.317738849003,-70.23088082799,-0.306));
#1159 = ( BOUNDED_SURFACE() B_SPLINE_SURFACE(2,2,(
    (#1160,#1161,#1162,#1163,#1164)
    ,(#1165,#1166,#1167,#1168,#1169)
    ,(#1170,#1171,#1172,#1173,#1174
)),.UNSPECIFIED.,.F.,.F.,.F.) B_SPLINE_SURFACE_WITH_KNOTS((3,3),(3,1,1,3
    ),(0.,5.),(-0.306,2.733056836401E-15,5.,5.306),.UNSPECIFIED.) 
GEOMETRIC_REPRESENTATION_ITEM() RATIONAL_B_SPLINE_SURFACE((
    (1.,1.,1.,1.,1.)
    ,(0.644917443799,0.644917443799,0.644917443799,0.644917443799
      ,0.644917443799)
,(1.,1.,1.,1.,1.))) REPRESENTATION_ITEM('') SURFACE() );
#1160 = CARTESIAN_POINT('',(26.317738849003,-70.23088082799,5.306));
#1161 = CARTESIAN_POINT('',(26.317738849003,-70.23088082799,5.153));
#1162 = CARTESIAN_POINT('',(26.317738849003,-70.23088082799,2.5));
#1163 = CARTESIAN_POINT('',(26.317738849003,-70.23088082799,-0.153));
#1164 = CARTESIAN_POINT('',(26.317738849003,-70.23088082799,-0.306));
#1165 = CARTESIAN_POINT('',(31.866160455039,-68.15171125001,5.306));
#1166 = CARTESIAN_POINT('',(31.866160455039,-68.15171125001,5.153));
#1167 = CARTESIAN_POINT('',(31.866160455039,-68.15171125001,2.5));
#1168 = CARTESIAN_POINT('',(31.866160455039,-68.15171125001,-0.153));
#1169 = CARTESIAN_POINT('',(31.866160455039,-68.15171125001,-0.306));
#1170 = CARTESIAN_POINT('',(28.883560784112,-63.03194292955,5.306));
#1171 = CARTESIAN_POINT('',(28.883560784112,-63.03194292955,5.153));
#1172 = CARTESIAN_POINT('',(28.883560784112,-63.03194292955,2.5));
#1173 = CARTESIAN_POINT('',(28.883560784112,-63.03194292955,-0.153));
#1174 = CARTESIAN_POINT('',(28.883560784112,-63.03194292955,-0.306));
#1175 = ADVANCED_FACE('',(#1176),#1197,.T.);
#1176 = FACE_BOUND('',#1177,.F.);
#1177 = EDGE_LOOP('',(#1178,#1188,#1189,#1190));
#1178 = ORIENTED_EDGE('',*,*,#1179,.F.);
#1179 = EDGE_CURVE('',#472,#1180,#1182,.T.);
#1180 = VERTEX_POINT('',#1181);
#1181 = CARTESIAN_POINT('',(-26.317738849,-70.23088082799,
    -5.843711925247E-15));
#1182 = B_SPLINE_CURVE_WITH_KNOTS('',2,(#1183,#1184,#1185,#1186,#1187),
  .UNSPECIFIED.,.F.,.F.,(3,1,1,3),(-0.306,2.733056836401E-15,5.,5.306),
  .UNSPECIFIED.);
#1183 = CARTESIAN_POINT('',(-26.317738849,-70.23088082799,5.306));
#1184 = CARTESIAN_POINT('',(-26.317738849,-70.23088082799,5.153));
#1185 = CARTESIAN_POINT('',(-26.317738849,-70.23088082799,2.5));
#1186 = CARTESIAN_POINT('',(-26.317738849,-70.23088082799,-0.153));
#1187 = CARTESIAN_POINT('',(-26.317738849,-70.23088082799,-0.306));
#1188 = ORIENTED_EDGE('',*,*,#518,.T.);
#1189 = ORIENTED_EDGE('',*,*,#1152,.T.);
#1190 = ORIENTED_EDGE('',*,*,#1191,.F.);
#1191 = EDGE_CURVE('',#1180,#1106,#1192,.T.);
#1192 = CIRCLE('',#1193,75.);
#1193 = AXIS2_PLACEMENT_3D('',#1194,#1195,#1196);
#1194 = CARTESIAN_POINT('',(0.,0.,0.));
#1195 = DIRECTION('',(0.,0.,1.));
#1196 = DIRECTION('',(1.,0.,0.));
#1197 = CYLINDRICAL_SURFACE('',#1198,75.);
#1198 = AXIS2_PLACEMENT_3D('',#1199,#1200,#1201);
#1199 = CARTESIAN_POINT('',(0.,0.,0.));
#1200 = DIRECTION('',(-0.,-0.,-1.));
#1201 = DIRECTION('',(1.,0.,0.));
#1202 = ADVANCED_FACE('',(#1203),#1262,.T.);
#1203 = FACE_BOUND('',#1204,.T.);
#1204 = EDGE_LOOP('',(#1205,#1206,#1216,#1261));
#1205 = ORIENTED_EDGE('',*,*,#471,.T.);
#1206 = ORIENTED_EDGE('',*,*,#1207,.T.);
#1207 = EDGE_CURVE('',#463,#1208,#1210,.T.);
#1208 = VERTEX_POINT('',#1209);
#1209 = CARTESIAN_POINT('',(-28.88356078411,-63.03194292955,
    -6.413438843136E-15));
#1210 = B_SPLINE_CURVE_WITH_KNOTS('',2,(#1211,#1212,#1213,#1214,#1215),
  .UNSPECIFIED.,.F.,.F.,(3,1,1,3),(-0.306,2.733056836401E-15,5.,5.306),
  .UNSPECIFIED.);
#1211 = CARTESIAN_POINT('',(-28.88356078411,-63.03194292955,5.306));
#1212 = CARTESIAN_POINT('',(-28.88356078411,-63.03194292955,5.153));
#1213 = CARTESIAN_POINT('',(-28.88356078411,-63.03194292955,2.5));
#1214 = CARTESIAN_POINT('',(-28.88356078411,-63.03194292955,-0.153));
#1215 = CARTESIAN_POINT('',(-28.88356078411,-63.03194292955,-0.306));
#1216 = ORIENTED_EDGE('',*,*,#1217,.F.);
#1217 = EDGE_CURVE('',#1180,#1208,#1218,.T.);
#1218 = B_SPLINE_CURVE_WITH_KNOTS('',6,(#1219,#1220,#1221,#1222,#1223,
    #1224,#1225,#1226,#1227,#1228,#1229,#1230,#1231,#1232,#1233,#1234,
    #1235,#1236,#1237,#1238,#1239,#1240,#1241,#1242,#1243,#1244,#1245,
    #1246,#1247,#1248,#1249,#1250,#1251,#1252,#1253,#1254,#1255,#1256,
    #1257,#1258,#1259,#1260),.UNSPECIFIED.,.F.,.F.,(7,5,5,5,5,5,5,5,7),(
    0.,0.144351649687,0.247777648908,0.321372932161,0.5,0.67862706784,
    0.752222351093,0.855648350313,1.),.UNSPECIFIED.);
#1219 = CARTESIAN_POINT('',(-26.317738849,-70.23088082799,
    -5.843711925247E-15));
#1220 = CARTESIAN_POINT('',(-26.50695412249,-70.15997586289,
    -5.885726155896E-15));
#1221 = CARTESIAN_POINT('',(-26.69401161469,-70.07941472449,
    -5.927261262849E-15));
#1222 = CARTESIAN_POINT('',(-26.87813130917,-69.989224795,
    -5.968144047669E-15));
#1223 = CARTESIAN_POINT('',(-27.05854766286,-69.88952460277,
    -6.008204525645E-15));
#1224 = CARTESIAN_POINT('',(-27.23451573146,-69.78052305855,
    -6.047277285918E-15));
#1225 = CARTESIAN_POINT('',(-27.52769429862,-69.57797016297,
    -6.112376005036E-15));
#1226 = CARTESIAN_POINT('',(-27.64742096791,-69.48879875511,
    -6.138960666017E-15));
#1227 = CARTESIAN_POINT('',(-27.76423415324,-69.39511365189,
    -6.164898403604E-15));
#1228 = CARTESIAN_POINT('',(-27.87788172307,-69.29704481674,
    -6.190133233347E-15));
#1229 = CARTESIAN_POINT('',(-27.98812327791,-69.19474260893,
    -6.214611775837E-15));
#1230 = CARTESIAN_POINT('',(-28.17059008334,-69.01269065088,
    -6.25512754556E-15));
#1231 = CARTESIAN_POINT('',(-28.2446096189,-68.93494633255,
    -6.271563184091E-15));
#1232 = CARTESIAN_POINT('',(-28.31670746635,-68.85520572134,
    -6.287572122144E-15));
#1233 = CARTESIAN_POINT('',(-28.38680555431,-68.77353449357,
    -6.303137024391E-15));
#1234 = CARTESIAN_POINT('',(-28.45482974472,-68.6900027257,
    -6.318241428875E-15));
#1235 = CARTESIAN_POINT('',(-28.6806109358,-68.3976053998,
    -6.368374924249E-15));
#1236 = CARTESIAN_POINT('',(-28.82788749082,-68.17999570116,
    -6.401076888723E-15));
#1237 = CARTESIAN_POINT('',(-28.96152377916,-67.95293280644,
    -6.430750105571E-15));
#1238 = CARTESIAN_POINT('',(-29.08067966237,-67.71761183627,
    -6.457208026584E-15));
#1239 = CARTESIAN_POINT('',(-29.18467496824,-67.47532597593,
    -6.48029962319E-15));
#1240 = CARTESIAN_POINT('',(-29.36135449047,-66.97961546266,
    -6.519530357901E-15));
#1241 = CARTESIAN_POINT('',(-29.43404534909,-66.72617217347,
    -6.535670970886E-15));
#1242 = CARTESIAN_POINT('',(-29.49058806119,-66.46853482133,
    -6.548225975055E-15));
#1243 = CARTESIAN_POINT('',(-29.53069154583,-66.20813527018,
    -6.557130737458E-15));
#1244 = CARTESIAN_POINT('',(-29.55425065191,-65.94643060243,
    -6.562361909859E-15));
#1245 = CARTESIAN_POINT('',(-29.56430452506,-65.57714445041,
    -6.564594318152E-15));
#1246 = CARTESIAN_POINT('',(-29.56444769638,-65.46941875141,
    -6.564626108571E-15));
#1247 = CARTESIAN_POINT('',(-29.56180771945,-65.3618224601,
    -6.564039915937E-15));
#1248 = CARTESIAN_POINT('',(-29.55639769704,-65.25445674704,
    -6.562838649647E-15));
#1249 = CARTESIAN_POINT('',(-29.54823656156,-65.14742186233,
    -6.561026513544E-15));
#1250 = CARTESIAN_POINT('',(-29.52204851351,-64.89100182284,
    -6.555211598762E-15));
#1251 = CARTESIAN_POINT('',(-29.50136339035,-64.74203515605,
    -6.550618578762E-15));
#1252 = CARTESIAN_POINT('',(-29.47536251391,-64.59419327774,
    -6.544845224424E-15));
#1253 = CARTESIAN_POINT('',(-29.44413699041,-64.4477447014,
    -6.537911765394E-15));
#1254 = CARTESIAN_POINT('',(-29.40779991351,-64.3029495628,
    -6.529843313511E-15));
#1255 = CARTESIAN_POINT('',(-29.30882430681,-63.96062635729,
    -6.507866314024E-15));
#1256 = CARTESIAN_POINT('',(-29.24146656726,-63.76489942319,
    -6.492909891356E-15));
#1257 = CARTESIAN_POINT('',(-29.16478033188,-63.57356356583,
    -6.475882126518E-15));
#1258 = CARTESIAN_POINT('',(-29.07921047972,-63.38725176888,
    -6.456881802503E-15));
#1259 = CARTESIAN_POINT('',(-28.9852750107,-63.20654003694,
    -6.436023938395E-15));
#1260 = CARTESIAN_POINT('',(-28.88356078411,-63.03194292955,
    -6.413438843136E-15));
#1261 = ORIENTED_EDGE('',*,*,#1179,.F.);
#1262 = ( BOUNDED_SURFACE() B_SPLINE_SURFACE(2,2,(
    (#1263,#1264,#1265,#1266,#1267)
    ,(#1268,#1269,#1270,#1271,#1272)
    ,(#1273,#1274,#1275,#1276,#1277
)),.UNSPECIFIED.,.F.,.F.,.F.) B_SPLINE_SURFACE_WITH_KNOTS((3,3),(3,1,1,3
    ),(0.,5.),(-0.306,2.733056836401E-15,5.,5.306),.UNSPECIFIED.) 
GEOMETRIC_REPRESENTATION_ITEM() RATIONAL_B_SPLINE_SURFACE((
    (1.,1.,1.,1.,1.)
    ,(0.644917443799,0.644917443799,0.644917443799,0.644917443799
      ,0.644917443799)
,(1.,1.,1.,1.,1.))) REPRESENTATION_ITEM('') SURFACE() );
#1263 = CARTESIAN_POINT('',(-26.317738849,-70.23088082799,5.306));
#1264 = CARTESIAN_POINT('',(-26.317738849,-70.23088082799,5.153));
#1265 = CARTESIAN_POINT('',(-26.317738849,-70.23088082799,2.5));
#1266 = CARTESIAN_POINT('',(-26.317738849,-70.23088082799,-0.153));
#1267 = CARTESIAN_POINT('',(-26.317738849,-70.23088082799,-0.306));
#1268 = CARTESIAN_POINT('',(-31.86616045503,-68.15171125001,5.306));
#1269 = CARTESIAN_POINT('',(-31.86616045503,-68.15171125001,5.153));
#1270 = CARTESIAN_POINT('',(-31.86616045503,-68.15171125001,2.5));
#1271 = CARTESIAN_POINT('',(-31.86616045503,-68.15171125001,-0.153));
#1272 = CARTESIAN_POINT('',(-31.86616045503,-68.15171125001,-0.306));
#1273 = CARTESIAN_POINT('',(-28.88356078411,-63.03194292955,5.306));
#1274 = CARTESIAN_POINT('',(-28.88356078411,-63.03194292955,5.153));
#1275 = CARTESIAN_POINT('',(-28.88356078411,-63.03194292955,2.5));
#1276 = CARTESIAN_POINT('',(-28.88356078411,-63.03194292955,-0.153));
#1277 = CARTESIAN_POINT('',(-28.88356078411,-63.03194292955,-0.306));
#1278 = ADVANCED_FACE('',(#1279),#1300,.F.);
#1279 = FACE_BOUND('',#1280,.F.);
#1280 = EDGE_LOOP('',(#1281,#1291,#1292,#1293));
#1281 = ORIENTED_EDGE('',*,*,#1282,.F.);
#1282 = EDGE_CURVE('',#416,#1283,#1285,.T.);
#1283 = VERTEX_POINT('',#1284);
#1284 = CARTESIAN_POINT('',(-40.14200397609,-56.53233968116,
    -8.91331541377E-15));
#1285 = B_SPLINE_CURVE_WITH_KNOTS('',2,(#1286,#1287,#1288,#1289,#1290),
  .UNSPECIFIED.,.F.,.F.,(3,1,1,3),(-0.306,1.026620195105E-14,5.,5.306),
  .UNSPECIFIED.);
#1286 = CARTESIAN_POINT('',(-40.14200397609,-56.53233968116,5.306));
#1287 = CARTESIAN_POINT('',(-40.14200397609,-56.53233968116,5.153));
#1288 = CARTESIAN_POINT('',(-40.14200397609,-56.53233968116,2.5));
#1289 = CARTESIAN_POINT('',(-40.14200397609,-56.53233968116,-0.153));
#1290 = CARTESIAN_POINT('',(-40.14200397609,-56.53233968116,-0.306));
#1291 = ORIENTED_EDGE('',*,*,#462,.F.);
#1292 = ORIENTED_EDGE('',*,*,#1207,.T.);
#1293 = ORIENTED_EDGE('',*,*,#1294,.T.);
#1294 = EDGE_CURVE('',#1208,#1283,#1295,.T.);
#1295 = CIRCLE('',#1296,6.5);
#1296 = AXIS2_PLACEMENT_3D('',#1297,#1298,#1299);
#1297 = CARTESIAN_POINT('',(-34.5,-59.76,0.));
#1298 = DIRECTION('',(-2.22044604925E-16,-2.465190328816E-32,1.));
#1299 = DIRECTION('',(-1.,-2.22044604925E-16,-2.22044604925E-16));
#1300 = CYLINDRICAL_SURFACE('',#1301,6.5);
#1301 = AXIS2_PLACEMENT_3D('',#1302,#1303,#1304);
#1302 = CARTESIAN_POINT('',(-34.5,-59.76,5.));
#1303 = DIRECTION('',(-2.22044604925E-16,-2.465190328816E-32,1.));
#1304 = DIRECTION('',(-1.,-2.22044604925E-16,-2.22044604925E-16));
#1305 = ADVANCED_FACE('',(#1306),#1365,.F.);
#1306 = FACE_BOUND('',#1307,.F.);
#1307 = EDGE_LOOP('',(#1308,#1309,#1310,#1357));
#1308 = ORIENTED_EDGE('',*,*,#415,.T.);
#1309 = ORIENTED_EDGE('',*,*,#1282,.T.);
#1310 = ORIENTED_EDGE('',*,*,#1311,.F.);
#1311 = EDGE_CURVE('',#1312,#1283,#1314,.T.);
#1312 = VERTEX_POINT('',#1313);
#1313 = CARTESIAN_POINT('',(-47.65929325138,-57.91020434067,
    -1.058248894101E-14));
#1314 = B_SPLINE_CURVE_WITH_KNOTS('',6,(#1315,#1316,#1317,#1318,#1319,
    #1320,#1321,#1322,#1323,#1324,#1325,#1326,#1327,#1328,#1329,#1330,
    #1331,#1332,#1333,#1334,#1335,#1336,#1337,#1338,#1339,#1340,#1341,
    #1342,#1343,#1344,#1345,#1346,#1347,#1348,#1349,#1350,#1351,#1352,
    #1353,#1354,#1355,#1356),.UNSPECIFIED.,.F.,.F.,(7,5,5,5,5,5,5,5,7),(
    0.,0.144351649687,0.247777648908,0.321372932161,0.5,0.678627067839,
    0.752222351092,0.855648350313,1.),.UNSPECIFIED.);
#1315 = CARTESIAN_POINT('',(-47.65929325138,-57.91020434067,
    -1.058248894101E-14));
#1316 = CARTESIAN_POINT('',(-47.50327221016,-58.03860748899,
    -1.054784531055E-14));
#1317 = CARTESIAN_POINT('',(-47.33996798041,-58.16031340894,
    -1.051158448738E-14));
#1318 = CARTESIAN_POINT('',(-47.16979432475,-58.27466030307,
    -1.047379834524E-14));
#1319 = CARTESIAN_POINT('',(-46.99323670046,-58.38104448569,
    -1.04345946773E-14));
#1320 = CARTESIAN_POINT('',(-46.81084853495,-58.47892530553,
    -1.039409636915E-14));
#1321 = CARTESIAN_POINT('',(-46.48883390489,-58.63152912522,
    -1.032259475784E-14));
#1322 = CARTESIAN_POINT('',(-46.35174222839,-58.69062132059,
    -1.029215429069E-14));
#1323 = CARTESIAN_POINT('',(-46.21219861325,-58.74493336625,
    -1.02611693838E-14));
#1324 = CARTESIAN_POINT('',(-46.07044168628,-58.79431190625,
    -1.022969302295E-14));
#1325 = CARTESIAN_POINT('',(-45.92672187038,-58.8386239436,
    -1.019778081321E-14));
#1326 = CARTESIAN_POINT('',(-45.67782272416,-58.90560353394,
    -1.014251410062E-14));
#1327 = CARTESIAN_POINT('',(-45.57348284897,-58.93082775093,
    -1.011934599426E-14));
#1328 = CARTESIAN_POINT('',(-45.46837514136,-58.9533895435,
    -1.009600739485E-14));
#1329 = CARTESIAN_POINT('',(-45.36259551652,-58.9732541439,
    -1.007251959984E-14));
#1330 = CARTESIAN_POINT('',(-45.25624173326,-58.99039239094,
    -1.004890431605E-14));
#1331 = CARTESIAN_POINT('',(-44.89012458973,-59.03970344095,
    -9.967609979564E-15));
#1332 = CARTESIAN_POINT('',(-44.62802963213,-59.0584276979,
    -9.90941320825E-15));
#1333 = CARTESIAN_POINT('',(-44.3645691179,-59.06061245526,
    -9.850913222455E-15));
#1334 = CARTESIAN_POINT('',(-44.10119812911,-59.04612778168,
    -9.7924331153E-15));
#1335 = CARTESIAN_POINT('',(-43.83937667962,-59.01503131324,
    -9.734297074987E-15));
#1336 = CARTESIAN_POINT('',(-43.3217448598,-58.92015315104,
    -9.619359722059E-15));
#1337 = CARTESIAN_POINT('',(-43.0659150291,-58.85636789033,
    -9.562554088372E-15));
#1338 = CARTESIAN_POINT('',(-42.81452809641,-58.77650116646,
    -9.506734976221E-15));
#1339 = CARTESIAN_POINT('',(-42.5689696042,-58.68101691319,
    -9.452210037831E-15));
#1340 = CARTESIAN_POINT('',(-42.33055395917,-58.5705526891,
    -9.399271130122E-15));
#1341 = CARTESIAN_POINT('',(-42.00572666307,-58.39459652938,
    -9.32714498149E-15));
#1342 = CARTESIAN_POINT('',(-41.9123651932,-58.34085192343,
    -9.306414570799E-15));
#1343 = CARTESIAN_POINT('',(-41.82050751218,-58.28476183679,
    -9.286018068307E-15));
#1344 = CARTESIAN_POINT('',(-41.73023468108,-58.22638820706,
    -9.26597347319E-15));
#1345 = CARTESIAN_POINT('',(-41.64162404872,-58.16579756001,
    -9.246297960336E-15));
#1346 = CARTESIAN_POINT('',(-41.43266109207,-58.01489516353,
    -9.199898863182E-15));
#1347 = CARTESIAN_POINT('',(-41.31400042311,-57.92249068432,
    -9.173550901823E-15));
#1348 = CARTESIAN_POINT('',(-41.19897197492,-57.82604524553,
    -9.14800945549E-15));
#1349 = CARTESIAN_POINT('',(-41.08776272077,-57.7257720157,
    -9.123316040587E-15));
#1350 = CARTESIAN_POINT('',(-40.98054138397,-57.6218990151,
    -9.099508121218E-15));
#1351 = CARTESIAN_POINT('',(-40.73358440615,-57.36500682203,
    -9.044672656644E-15));
#1352 = CARTESIAN_POINT('',(-40.59776839288,-57.20880148169,
    -9.014515443637E-15));
#1353 = CARTESIAN_POINT('',(-40.47041977363,-57.0467134865,
    -8.986238369787E-15));
#1354 = CARTESIAN_POINT('',(-40.35186424561,-56.87944462492,
    -8.959913754407E-15));
#1355 = CARTESIAN_POINT('',(-40.24234159814,-56.70773151507,
    -8.935594841417E-15));
#1356 = CARTESIAN_POINT('',(-40.14200397609,-56.53233968116,
    -8.91331541377E-15));
#1357 = ORIENTED_EDGE('',*,*,#1358,.F.);
#1358 = EDGE_CURVE('',#407,#1312,#1359,.T.);
#1359 = B_SPLINE_CURVE_WITH_KNOTS('',2,(#1360,#1361,#1362,#1363,#1364),
  .UNSPECIFIED.,.F.,.F.,(3,1,1,3),(-0.306,1.026620195105E-14,5.,5.306),
  .UNSPECIFIED.);
#1360 = CARTESIAN_POINT('',(-47.65929325138,-57.91020434067,5.306));
#1361 = CARTESIAN_POINT('',(-47.65929325138,-57.91020434067,5.153));
#1362 = CARTESIAN_POINT('',(-47.65929325138,-57.91020434067,2.5));
#1363 = CARTESIAN_POINT('',(-47.65929325138,-57.91020434067,-0.153));
#1364 = CARTESIAN_POINT('',(-47.65929325138,-57.91020434067,-0.306));
#1365 = ( BOUNDED_SURFACE() B_SPLINE_SURFACE(2,2,(
    (#1366,#1367,#1368,#1369,#1370)
    ,(#1371,#1372,#1373,#1374,#1375)
    ,(#1376,#1377,#1378,#1379,#1380
)),.UNSPECIFIED.,.F.,.F.,.F.) B_SPLINE_SURFACE_WITH_KNOTS((3,3),(3,1,1,3
    ),(0.,5.),(-0.306,1.026620195105E-14,5.,5.306),.UNSPECIFIED.) 
GEOMETRIC_REPRESENTATION_ITEM() RATIONAL_B_SPLINE_SURFACE((
    (1.,1.,1.,1.,1.)
    ,(0.644917443799,0.644917443799,0.644917443799,0.644917443799
      ,0.644917443799)
,(1.,1.,1.,1.,1.))) REPRESENTATION_ITEM('') SURFACE() );
#1366 = CARTESIAN_POINT('',(-47.65929325138,-57.91020434067,5.306));
#1367 = CARTESIAN_POINT('',(-47.65929325138,-57.91020434067,5.153));
#1368 = CARTESIAN_POINT('',(-47.65929325138,-57.91020434067,2.5));
#1369 = CARTESIAN_POINT('',(-47.65929325138,-57.91020434067,-0.153));
#1370 = CARTESIAN_POINT('',(-47.65929325138,-57.91020434067,-0.306));
#1371 = CARTESIAN_POINT('',(-43.08423701991,-61.67541202833,5.306));
#1372 = CARTESIAN_POINT('',(-43.08423701991,-61.67541202833,5.153));
#1373 = CARTESIAN_POINT('',(-43.08423701991,-61.67541202833,2.5));
#1374 = CARTESIAN_POINT('',(-43.08423701991,-61.67541202833,-0.153));
#1375 = CARTESIAN_POINT('',(-43.08423701991,-61.67541202833,-0.306));
#1376 = CARTESIAN_POINT('',(-40.14200397609,-56.53233968116,5.306));
#1377 = CARTESIAN_POINT('',(-40.14200397609,-56.53233968116,5.153));
#1378 = CARTESIAN_POINT('',(-40.14200397609,-56.53233968116,2.5));
#1379 = CARTESIAN_POINT('',(-40.14200397609,-56.53233968116,-0.153));
#1380 = CARTESIAN_POINT('',(-40.14200397609,-56.53233968116,-0.306));
#1381 = ADVANCED_FACE('',(#1382),#1403,.T.);
#1382 = FACE_BOUND('',#1383,.F.);
#1383 = EDGE_LOOP('',(#1384,#1394,#1395,#1396));
#1384 = ORIENTED_EDGE('',*,*,#1385,.F.);
#1385 = EDGE_CURVE('',#360,#1386,#1388,.T.);
#1386 = VERTEX_POINT('',#1387);
#1387 = CARTESIAN_POINT('',(-73.98097826087,-12.32131711972,0.));
#1388 = B_SPLINE_CURVE_WITH_KNOTS('',2,(#1389,#1390,#1391,#1392,#1393),
  .UNSPECIFIED.,.F.,.F.,(3,1,1,3),(-0.306,2.348381905604E-15,5.,5.306),
  .UNSPECIFIED.);
#1389 = CARTESIAN_POINT('',(-73.98097826087,-12.32131711972,5.306));
#1390 = CARTESIAN_POINT('',(-73.98097826087,-12.32131711972,5.153));
#1391 = CARTESIAN_POINT('',(-73.98097826087,-12.32131711972,2.5));
#1392 = CARTESIAN_POINT('',(-73.98097826087,-12.32131711972,-0.153));
#1393 = CARTESIAN_POINT('',(-73.98097826087,-12.32131711972,-0.306));
#1394 = ORIENTED_EDGE('',*,*,#406,.T.);
#1395 = ORIENTED_EDGE('',*,*,#1358,.T.);
#1396 = ORIENTED_EDGE('',*,*,#1397,.F.);
#1397 = EDGE_CURVE('',#1386,#1312,#1398,.T.);
#1398 = CIRCLE('',#1399,75.);
#1399 = AXIS2_PLACEMENT_3D('',#1400,#1401,#1402);
#1400 = CARTESIAN_POINT('',(0.,0.,0.));
#1401 = DIRECTION('',(0.,0.,1.));
#1402 = DIRECTION('',(1.,0.,0.));
#1403 = CYLINDRICAL_SURFACE('',#1404,75.);
#1404 = AXIS2_PLACEMENT_3D('',#1405,#1406,#1407);
#1405 = CARTESIAN_POINT('',(0.,0.,0.));
#1406 = DIRECTION('',(-0.,-0.,-1.));
#1407 = DIRECTION('',(1.,0.,0.));
#1408 = ADVANCED_FACE('',(#1409),#1468,.F.);
#1409 = FACE_BOUND('',#1410,.F.);
#1410 = EDGE_LOOP('',(#1411,#1412,#1413,#1460));
#1411 = ORIENTED_EDGE('',*,*,#359,.T.);
#1412 = ORIENTED_EDGE('',*,*,#1385,.T.);
#1413 = ORIENTED_EDGE('',*,*,#1414,.F.);
#1414 = EDGE_CURVE('',#1415,#1386,#1417,.T.);
#1415 = VERTEX_POINT('',#1416);
#1416 = CARTESIAN_POINT('',(-69.02764650283,-6.499941205186,0.));
#1417 = B_SPLINE_CURVE_WITH_KNOTS('',6,(#1418,#1419,#1420,#1421,#1422,
    #1423,#1424,#1425,#1426,#1427,#1428,#1429,#1430,#1431,#1432,#1433,
    #1434,#1435,#1436,#1437,#1438,#1439,#1440,#1441,#1442,#1443,#1444,
    #1445,#1446,#1447,#1448,#1449,#1450,#1451,#1452,#1453,#1454,#1455,
    #1456,#1457,#1458,#1459),.UNSPECIFIED.,.F.,.F.,(7,5,5,5,5,5,5,5,7),(
    0.,0.144347625826,0.247773250101,0.321369248254,0.500000000001,
    0.678630751747,0.7522267499,0.855652374174,1.),.UNSPECIFIED.);
#1418 = CARTESIAN_POINT('',(-69.02764650283,-6.499941205186,0.));
#1419 = CARTESIAN_POINT('',(-69.22973935685,-6.499081634233,0.));
#1420 = CARTESIAN_POINT('',(-69.43324214286,-6.508018439983,0.));
#1421 = CARTESIAN_POINT('',(-69.6374155574,-6.527002955659,0.));
#1422 = CARTESIAN_POINT('',(-69.84150147616,-6.556196109242,0.));
#1423 = CARTESIAN_POINT('',(-70.04472895481,-6.595666964704,0.));
#1424 = CARTESIAN_POINT('',(-70.39076114738,-6.681018912736,0.));
#1425 = CARTESIAN_POINT('',(-70.53436430307,-6.721910948856,0.));
#1426 = CARTESIAN_POINT('',(-70.67684478015,-6.768058664694,0.));
#1427 = CARTESIAN_POINT('',(-70.81792059215,-6.819430001092,0.));
#1428 = CARTESIAN_POINT('',(-70.9573134871,-6.875969652102,0.));
#1429 = CARTESIAN_POINT('',(-71.19254717007,-6.981453736952,0.));
#1430 = CARTESIAN_POINT('',(-71.28935426996,-7.027885744147,0.));
#1431 = CARTESIAN_POINT('',(-71.3850725857,-7.076866983003,0.));
#1432 = CARTESIAN_POINT('',(-71.47960576959,-7.128363731274,0.));
#1433 = CARTESIAN_POINT('',(-71.5728595917,-7.1823367535,0.));
#1434 = CARTESIAN_POINT('',(-71.88775695885,-7.375645303587,0.));
#1435 = CARTESIAN_POINT('',(-72.10270141936,-7.526879434175,0.));
#1436 = CARTESIAN_POINT('',(-72.30824278014,-7.691796729918,0.));
#1437 = CARTESIAN_POINT('',(-72.50317085334,-7.86957738017,0.));
#1438 = CARTESIAN_POINT('',(-72.68639030271,-8.059253036187,0.));
#1439 = CARTESIAN_POINT('',(-73.02749521034,-8.460134703441,0.));
#1440 = CARTESIAN_POINT('',(-73.18539350227,-8.671355797363,0.));
#1441 = CARTESIAN_POINT('',(-73.32967579875,-8.892230269059,0.));
#1442 = CARTESIAN_POINT('',(-73.45956158931,-9.121521888708,0.));
#1443 = CARTESIAN_POINT('',(-73.57443537211,-9.357904835179,0.));
#1444 = CARTESIAN_POINT('',(-73.71483975193,-9.699687159912,0.));
#1445 = CARTESIAN_POINT('',(-73.75318793173,-9.80037866686,0.));
#1446 = CARTESIAN_POINT('',(-73.78888696492,-9.901936615681,0.));
#1447 = CARTESIAN_POINT('',(-73.82191320707,-10.00426171064,0.));
#1448 = CARTESIAN_POINT('',(-73.8522487949,-10.10725344813,0.));
#1449 = CARTESIAN_POINT('',(-73.91871453084,-10.35633994657,0.));
#1450 = CARTESIAN_POINT('',(-73.95220996122,-10.50298634933,0.));
#1451 = CARTESIAN_POINT('',(-73.98033431987,-10.65046658321,0.));
#1452 = CARTESIAN_POINT('',(-74.00307755873,-10.79849713111,0.));
#1453 = CARTESIAN_POINT('',(-74.02045317455,-10.94679451112,0.));
#1454 = CARTESIAN_POINT('',(-74.04930899462,-11.30202763876,0.));
#1455 = CARTESIAN_POINT('',(-74.05573666661,-11.50895284637,0.));
#1456 = CARTESIAN_POINT('',(-74.05188176425,-11.71508009391,0.));
#1457 = CARTESIAN_POINT('',(-74.03793587913,-11.9196594363,0.));
#1458 = CARTESIAN_POINT('',(-74.01417922974,-12.12196828933,0.));
#1459 = CARTESIAN_POINT('',(-73.98097826087,-12.32131711972,0.));
#1460 = ORIENTED_EDGE('',*,*,#1461,.F.);
#1461 = EDGE_CURVE('',#351,#1415,#1462,.T.);
#1462 = B_SPLINE_CURVE_WITH_KNOTS('',2,(#1463,#1464,#1465,#1466,#1467),
  .UNSPECIFIED.,.F.,.F.,(3,1,1,3),(-0.306,2.348381905604E-15,5.,5.306),
  .UNSPECIFIED.);
#1463 = CARTESIAN_POINT('',(-69.02764650283,-6.499941205186,5.306));
#1464 = CARTESIAN_POINT('',(-69.02764650283,-6.499941205186,5.153));
#1465 = CARTESIAN_POINT('',(-69.02764650283,-6.499941205186,2.5));
#1466 = CARTESIAN_POINT('',(-69.02764650283,-6.499941205186,-0.153));
#1467 = CARTESIAN_POINT('',(-69.02764650283,-6.499941205186,-0.306));
#1468 = ( BOUNDED_SURFACE() B_SPLINE_SURFACE(2,2,(
    (#1469,#1470,#1471,#1472,#1473)
    ,(#1474,#1475,#1476,#1477,#1478)
    ,(#1479,#1480,#1481,#1482,#1483
)),.UNSPECIFIED.,.F.,.F.,.F.) B_SPLINE_SURFACE_WITH_KNOTS((3,3),(3,1,1,3
    ),(0.,5.),(-0.306,2.348381905604E-15,5.,5.306),.UNSPECIFIED.) 
GEOMETRIC_REPRESENTATION_ITEM() RATIONAL_B_SPLINE_SURFACE((
    (1.,1.,1.,1.,1.)
    ,(0.644795215216,0.644795215216,0.644795215216,0.644795215216
      ,0.644795215216)
,(1.,1.,1.,1.,1.))) REPRESENTATION_ITEM('') SURFACE() );
#1469 = CARTESIAN_POINT('',(-69.02764650283,-6.499941205186,5.306));
#1470 = CARTESIAN_POINT('',(-69.02764650283,-6.499941205186,5.153));
#1471 = CARTESIAN_POINT('',(-69.02764650283,-6.499941205186,2.5));
#1472 = CARTESIAN_POINT('',(-69.02764650283,-6.499941205186,-0.153));
#1473 = CARTESIAN_POINT('',(-69.02764650283,-6.499941205186,-0.306));
#1474 = CARTESIAN_POINT('',(-74.95471014492,-6.474731349187,5.306));
#1475 = CARTESIAN_POINT('',(-74.95471014492,-6.474731349187,5.153));
#1476 = CARTESIAN_POINT('',(-74.95471014492,-6.474731349187,2.5));
#1477 = CARTESIAN_POINT('',(-74.95471014492,-6.474731349187,-0.153));
#1478 = CARTESIAN_POINT('',(-74.95471014492,-6.474731349187,-0.306));
#1479 = CARTESIAN_POINT('',(-73.98097826087,-12.32131711972,5.306));
#1480 = CARTESIAN_POINT('',(-73.98097826087,-12.32131711972,5.153));
#1481 = CARTESIAN_POINT('',(-73.98097826087,-12.32131711972,2.5));
#1482 = CARTESIAN_POINT('',(-73.98097826087,-12.32131711972,-0.153));
#1483 = CARTESIAN_POINT('',(-73.98097826087,-12.32131711972,-0.306));
#1484 = ADVANCED_FACE('',(#1485),#1506,.F.);
#1485 = FACE_BOUND('',#1486,.T.);
#1486 = EDGE_LOOP('',(#1487,#1488,#1498,#1505));
#1487 = ORIENTED_EDGE('',*,*,#350,.F.);
#1488 = ORIENTED_EDGE('',*,*,#1489,.T.);
#1489 = EDGE_CURVE('',#304,#1490,#1492,.T.);
#1490 = VERTEX_POINT('',#1491);
#1491 = CARTESIAN_POINT('',(-69.02764650283,6.499941205186,0.));
#1492 = B_SPLINE_CURVE_WITH_KNOTS('',2,(#1493,#1494,#1495,#1496,#1497),
  .UNSPECIFIED.,.F.,.F.,(3,1,1,3),(-0.306,2.359766028415E-15,5.,5.306),
  .UNSPECIFIED.);
#1493 = CARTESIAN_POINT('',(-69.02764650283,6.499941205186,5.306));
#1494 = CARTESIAN_POINT('',(-69.02764650283,6.499941205186,5.153));
#1495 = CARTESIAN_POINT('',(-69.02764650283,6.499941205186,2.5));
#1496 = CARTESIAN_POINT('',(-69.02764650283,6.499941205186,-0.153));
#1497 = CARTESIAN_POINT('',(-69.02764650283,6.499941205186,-0.306));
#1498 = ORIENTED_EDGE('',*,*,#1499,.T.);
#1499 = EDGE_CURVE('',#1490,#1415,#1500,.T.);
#1500 = CIRCLE('',#1501,6.5);
#1501 = AXIS2_PLACEMENT_3D('',#1502,#1503,#1504);
#1502 = CARTESIAN_POINT('',(-69.,0.,0.));
#1503 = DIRECTION('',(0.,0.,-1.));
#1504 = DIRECTION('',(-1.,-0.,-0.));
#1505 = ORIENTED_EDGE('',*,*,#1461,.F.);
#1506 = CYLINDRICAL_SURFACE('',#1507,6.5);
#1507 = AXIS2_PLACEMENT_3D('',#1508,#1509,#1510);
#1508 = CARTESIAN_POINT('',(-69.,0.,5.));
#1509 = DIRECTION('',(0.,0.,1.));
#1510 = DIRECTION('',(-1.,-0.,-0.));
#1511 = ADVANCED_FACE('',(#1512),#1571,.F.);
#1512 = FACE_BOUND('',#1513,.F.);
#1513 = EDGE_LOOP('',(#1514,#1515,#1516,#1563));
#1514 = ORIENTED_EDGE('',*,*,#303,.T.);
#1515 = ORIENTED_EDGE('',*,*,#1489,.T.);
#1516 = ORIENTED_EDGE('',*,*,#1517,.F.);
#1517 = EDGE_CURVE('',#1518,#1490,#1520,.T.);
#1518 = VERTEX_POINT('',#1519);
#1519 = CARTESIAN_POINT('',(-73.98097826087,12.321317119722,0.));
#1520 = B_SPLINE_CURVE_WITH_KNOTS('',6,(#1521,#1522,#1523,#1524,#1525,
    #1526,#1527,#1528,#1529,#1530,#1531,#1532,#1533,#1534,#1535,#1536,
    #1537,#1538,#1539,#1540,#1541,#1542,#1543,#1544,#1545,#1546,#1547,
    #1548,#1549,#1550,#1551,#1552,#1553,#1554,#1555,#1556,#1557,#1558,
    #1559,#1560,#1561,#1562),.UNSPECIFIED.,.F.,.F.,(7,5,5,5,5,5,5,5,7),(
    0.,0.144347625826,0.2477732501,0.321369248254,0.5,0.678630751746,
    0.7522267499,0.855652374174,1.),.UNSPECIFIED.);
#1521 = CARTESIAN_POINT('',(-73.98097826087,12.321317119722,0.));
#1522 = CARTESIAN_POINT('',(-74.01417922974,12.121968289338,0.));
#1523 = CARTESIAN_POINT('',(-74.03793587913,11.9196594363,0.));
#1524 = CARTESIAN_POINT('',(-74.05188176425,11.715080093912,0.));
#1525 = CARTESIAN_POINT('',(-74.05573666661,11.508952846375,0.));
#1526 = CARTESIAN_POINT('',(-74.04930899462,11.302027638767,0.));
#1527 = CARTESIAN_POINT('',(-74.02045317455,10.946794511125,0.));
#1528 = CARTESIAN_POINT('',(-74.00307755873,10.798497131113,0.));
#1529 = CARTESIAN_POINT('',(-73.98033431987,10.650466583213,0.));
#1530 = CARTESIAN_POINT('',(-73.95220996122,10.502986349339,0.));
#1531 = CARTESIAN_POINT('',(-73.91871453084,10.356339946577,0.));
#1532 = CARTESIAN_POINT('',(-73.8522487949,10.107253448132,0.));
#1533 = CARTESIAN_POINT('',(-73.82191320707,10.00426171064,0.));
#1534 = CARTESIAN_POINT('',(-73.78888696492,9.901936615681,0.));
#1535 = CARTESIAN_POINT('',(-73.75318793173,9.80037866686,0.));
#1536 = CARTESIAN_POINT('',(-73.71483975193,9.699687159912,0.));
#1537 = CARTESIAN_POINT('',(-73.57443537211,9.357904835179,0.));
#1538 = CARTESIAN_POINT('',(-73.45956158931,9.121521888706,0.));
#1539 = CARTESIAN_POINT('',(-73.32967579875,8.892230269061,0.));
#1540 = CARTESIAN_POINT('',(-73.18539350227,8.671355797362,0.));
#1541 = CARTESIAN_POINT('',(-73.02749521034,8.460134703441,0.));
#1542 = CARTESIAN_POINT('',(-72.68639030271,8.059253036187,0.));
#1543 = CARTESIAN_POINT('',(-72.50317085334,7.86957738017,0.));
#1544 = CARTESIAN_POINT('',(-72.30824278014,7.691796729918,0.));
#1545 = CARTESIAN_POINT('',(-72.10270141936,7.526879434175,0.));
#1546 = CARTESIAN_POINT('',(-71.88775695885,7.375645303587,0.));
#1547 = CARTESIAN_POINT('',(-71.5728595917,7.1823367535,0.));
#1548 = CARTESIAN_POINT('',(-71.47960576959,7.128363731274,0.));
#1549 = CARTESIAN_POINT('',(-71.3850725857,7.076866983003,0.));
#1550 = CARTESIAN_POINT('',(-71.28935426996,7.027885744147,0.));
#1551 = CARTESIAN_POINT('',(-71.19254717007,6.981453736952,0.));
#1552 = CARTESIAN_POINT('',(-70.9573134871,6.875969652102,0.));
#1553 = CARTESIAN_POINT('',(-70.81792059215,6.819430001092,0.));
#1554 = CARTESIAN_POINT('',(-70.67684478015,6.768058664694,0.));
#1555 = CARTESIAN_POINT('',(-70.53436430307,6.721910948856,0.));
#1556 = CARTESIAN_POINT('',(-70.39076114738,6.681018912736,0.));
#1557 = CARTESIAN_POINT('',(-70.04472895481,6.595666964704,0.));
#1558 = CARTESIAN_POINT('',(-69.84150147616,6.556196109242,0.));
#1559 = CARTESIAN_POINT('',(-69.6374155574,6.527002955659,0.));
#1560 = CARTESIAN_POINT('',(-69.43324214286,6.508018439983,0.));
#1561 = CARTESIAN_POINT('',(-69.22973935685,6.499081634233,0.));
#1562 = CARTESIAN_POINT('',(-69.02764650283,6.499941205186,0.));
#1563 = ORIENTED_EDGE('',*,*,#1564,.F.);
#1564 = EDGE_CURVE('',#295,#1518,#1565,.T.);
#1565 = B_SPLINE_CURVE_WITH_KNOTS('',2,(#1566,#1567,#1568,#1569,#1570),
  .UNSPECIFIED.,.F.,.F.,(3,1,1,3),(-0.306,2.359766028415E-15,5.,5.306),
  .UNSPECIFIED.);
#1566 = CARTESIAN_POINT('',(-73.98097826087,12.321317119722,5.306));
#1567 = CARTESIAN_POINT('',(-73.98097826087,12.321317119722,5.153));
#1568 = CARTESIAN_POINT('',(-73.98097826087,12.321317119722,2.5));
#1569 = CARTESIAN_POINT('',(-73.98097826087,12.321317119722,-0.153));
#1570 = CARTESIAN_POINT('',(-73.98097826087,12.321317119722,-0.306));
#1571 = ( BOUNDED_SURFACE() B_SPLINE_SURFACE(2,2,(
    (#1572,#1573,#1574,#1575,#1576)
    ,(#1577,#1578,#1579,#1580,#1581)
    ,(#1582,#1583,#1584,#1585,#1586
)),.UNSPECIFIED.,.F.,.F.,.F.) B_SPLINE_SURFACE_WITH_KNOTS((3,3),(3,1,1,3
    ),(0.,5.),(-0.306,2.359766028415E-15,5.,5.306),.UNSPECIFIED.) 
GEOMETRIC_REPRESENTATION_ITEM() RATIONAL_B_SPLINE_SURFACE((
    (1.,1.,1.,1.,1.)
    ,(0.644795215216,0.644795215216,0.644795215216,0.644795215216
      ,0.644795215216)
,(1.,1.,1.,1.,1.))) REPRESENTATION_ITEM('') SURFACE() );
#1572 = CARTESIAN_POINT('',(-73.98097826087,12.321317119722,5.306));
#1573 = CARTESIAN_POINT('',(-73.98097826087,12.321317119722,5.153));
#1574 = CARTESIAN_POINT('',(-73.98097826087,12.321317119722,2.5));
#1575 = CARTESIAN_POINT('',(-73.98097826087,12.321317119722,-0.153));
#1576 = CARTESIAN_POINT('',(-73.98097826087,12.321317119722,-0.306));
#1577 = CARTESIAN_POINT('',(-74.95471014492,6.474731349187,5.306));
#1578 = CARTESIAN_POINT('',(-74.95471014492,6.474731349187,5.153));
#1579 = CARTESIAN_POINT('',(-74.95471014492,6.474731349187,2.5));
#1580 = CARTESIAN_POINT('',(-74.95471014492,6.474731349187,-0.153));
#1581 = CARTESIAN_POINT('',(-74.95471014492,6.474731349187,-0.306));
#1582 = CARTESIAN_POINT('',(-69.02764650283,6.499941205186,5.306));
#1583 = CARTESIAN_POINT('',(-69.02764650283,6.499941205186,5.153));
#1584 = CARTESIAN_POINT('',(-69.02764650283,6.499941205186,2.5));
#1585 = CARTESIAN_POINT('',(-69.02764650283,6.499941205186,-0.153));
#1586 = CARTESIAN_POINT('',(-69.02764650283,6.499941205186,-0.306));
#1587 = ADVANCED_FACE('',(#1588),#1609,.T.);
#1588 = FACE_BOUND('',#1589,.F.);
#1589 = EDGE_LOOP('',(#1590,#1600,#1601,#1602));
#1590 = ORIENTED_EDGE('',*,*,#1591,.F.);
#1591 = EDGE_CURVE('',#248,#1592,#1594,.T.);
#1592 = VERTEX_POINT('',#1593);
#1593 = CARTESIAN_POINT('',(-47.65929325138,57.910204340675,
    -1.058248894101E-14));
#1594 = B_SPLINE_CURVE_WITH_KNOTS('',2,(#1595,#1596,#1597,#1598,#1599),
  .UNSPECIFIED.,.F.,.F.,(3,1,1,3),(-0.306,1.026620195105E-14,5.,5.306),
  .UNSPECIFIED.);
#1595 = CARTESIAN_POINT('',(-47.65929325138,57.910204340675,5.306));
#1596 = CARTESIAN_POINT('',(-47.65929325138,57.910204340675,5.153));
#1597 = CARTESIAN_POINT('',(-47.65929325138,57.910204340675,2.5));
#1598 = CARTESIAN_POINT('',(-47.65929325138,57.910204340675,-0.153));
#1599 = CARTESIAN_POINT('',(-47.65929325138,57.910204340675,-0.306));
#1600 = ORIENTED_EDGE('',*,*,#294,.T.);
#1601 = ORIENTED_EDGE('',*,*,#1564,.T.);
#1602 = ORIENTED_EDGE('',*,*,#1603,.F.);
#1603 = EDGE_CURVE('',#1592,#1518,#1604,.T.);
#1604 = CIRCLE('',#1605,75.);
#1605 = AXIS2_PLACEMENT_3D('',#1606,#1607,#1608);
#1606 = CARTESIAN_POINT('',(0.,0.,0.));
#1607 = DIRECTION('',(0.,0.,1.));
#1608 = DIRECTION('',(1.,0.,0.));
#1609 = CYLINDRICAL_SURFACE('',#1610,75.);
#1610 = AXIS2_PLACEMENT_3D('',#1611,#1612,#1613);
#1611 = CARTESIAN_POINT('',(0.,0.,0.));
#1612 = DIRECTION('',(-0.,-0.,-1.));
#1613 = DIRECTION('',(1.,0.,0.));
#1614 = ADVANCED_FACE('',(#1615),#1674,.T.);
#1615 = FACE_BOUND('',#1616,.T.);
#1616 = EDGE_LOOP('',(#1617,#1618,#1628,#1673));
#1617 = ORIENTED_EDGE('',*,*,#247,.T.);
#1618 = ORIENTED_EDGE('',*,*,#1619,.T.);
#1619 = EDGE_CURVE('',#239,#1620,#1622,.T.);
#1620 = VERTEX_POINT('',#1621);
#1621 = CARTESIAN_POINT('',(-40.14200397609,56.532339681168,
    -8.91331541377E-15));
#1622 = B_SPLINE_CURVE_WITH_KNOTS('',2,(#1623,#1624,#1625,#1626,#1627),
  .UNSPECIFIED.,.F.,.F.,(3,1,1,3),(-0.306,1.026620195105E-14,5.,5.306),
  .UNSPECIFIED.);
#1623 = CARTESIAN_POINT('',(-40.14200397609,56.532339681168,5.306));
#1624 = CARTESIAN_POINT('',(-40.14200397609,56.532339681168,5.153));
#1625 = CARTESIAN_POINT('',(-40.14200397609,56.532339681168,2.5));
#1626 = CARTESIAN_POINT('',(-40.14200397609,56.532339681168,-0.153));
#1627 = CARTESIAN_POINT('',(-40.14200397609,56.532339681168,-0.306));
#1628 = ORIENTED_EDGE('',*,*,#1629,.F.);
#1629 = EDGE_CURVE('',#1592,#1620,#1630,.T.);
#1630 = B_SPLINE_CURVE_WITH_KNOTS('',6,(#1631,#1632,#1633,#1634,#1635,
    #1636,#1637,#1638,#1639,#1640,#1641,#1642,#1643,#1644,#1645,#1646,
    #1647,#1648,#1649,#1650,#1651,#1652,#1653,#1654,#1655,#1656,#1657,
    #1658,#1659,#1660,#1661,#1662,#1663,#1664,#1665,#1666,#1667,#1668,
    #1669,#1670,#1671,#1672),.UNSPECIFIED.,.F.,.F.,(7,5,5,5,5,5,5,5,7),(
    0.,0.144351649687,0.247777648908,0.321372932161,0.5,0.678627067839,
    0.752222351092,0.855648350313,1.),.UNSPECIFIED.);
#1631 = CARTESIAN_POINT('',(-47.65929325138,57.910204340675,
    -1.058248894101E-14));
#1632 = CARTESIAN_POINT('',(-47.50327221016,58.03860748899,
    -1.054784531055E-14));
#1633 = CARTESIAN_POINT('',(-47.33996798041,58.160313408945,
    -1.051158448738E-14));
#1634 = CARTESIAN_POINT('',(-47.16979432475,58.274660303074,
    -1.047379834524E-14));
#1635 = CARTESIAN_POINT('',(-46.99323670046,58.381044485691,
    -1.04345946773E-14));
#1636 = CARTESIAN_POINT('',(-46.81084853495,58.478925305537,
    -1.039409636915E-14));
#1637 = CARTESIAN_POINT('',(-46.48883390489,58.63152912522,
    -1.032259475784E-14));
#1638 = CARTESIAN_POINT('',(-46.35174222839,58.690621320596,
    -1.029215429069E-14));
#1639 = CARTESIAN_POINT('',(-46.21219861325,58.744933366251,
    -1.02611693838E-14));
#1640 = CARTESIAN_POINT('',(-46.07044168628,58.794311906254,
    -1.022969302295E-14));
#1641 = CARTESIAN_POINT('',(-45.92672187038,58.8386239436,
    -1.019778081321E-14));
#1642 = CARTESIAN_POINT('',(-45.67782272416,58.905603533942,
    -1.014251410062E-14));
#1643 = CARTESIAN_POINT('',(-45.57348284897,58.930827750935,
    -1.011934599426E-14));
#1644 = CARTESIAN_POINT('',(-45.46837514136,58.953389543502,
    -1.009600739485E-14));
#1645 = CARTESIAN_POINT('',(-45.36259551652,58.973254143907,
    -1.007251959984E-14));
#1646 = CARTESIAN_POINT('',(-45.25624173326,58.990392390949,
    -1.004890431605E-14));
#1647 = CARTESIAN_POINT('',(-44.89012458973,59.039703440957,
    -9.967609979564E-15));
#1648 = CARTESIAN_POINT('',(-44.62802963213,59.058427697902,
    -9.90941320825E-15));
#1649 = CARTESIAN_POINT('',(-44.3645691179,59.060612455265,
    -9.850913222455E-15));
#1650 = CARTESIAN_POINT('',(-44.10119812911,59.046127781681,
    -9.7924331153E-15));
#1651 = CARTESIAN_POINT('',(-43.83937667962,59.015031313245,
    -9.734297074987E-15));
#1652 = CARTESIAN_POINT('',(-43.3217448598,58.920153151047,
    -9.619359722059E-15));
#1653 = CARTESIAN_POINT('',(-43.0659150291,58.856367890335,
    -9.562554088372E-15));
#1654 = CARTESIAN_POINT('',(-42.81452809641,58.776501166463,
    -9.506734976221E-15));
#1655 = CARTESIAN_POINT('',(-42.5689696042,58.681016913191,
    -9.452210037831E-15));
#1656 = CARTESIAN_POINT('',(-42.33055395917,58.570552689108,
    -9.399271130122E-15));
#1657 = CARTESIAN_POINT('',(-42.00572666307,58.394596529382,
    -9.32714498149E-15));
#1658 = CARTESIAN_POINT('',(-41.9123651932,58.340851923431,
    -9.306414570799E-15));
#1659 = CARTESIAN_POINT('',(-41.82050751218,58.284761836793,
    -9.286018068307E-15));
#1660 = CARTESIAN_POINT('',(-41.73023468108,58.226388207061,
    -9.26597347319E-15));
#1661 = CARTESIAN_POINT('',(-41.64162404872,58.16579756001,
    -9.246297960336E-15));
#1662 = CARTESIAN_POINT('',(-41.43266109207,58.014895163537,
    -9.199898863182E-15));
#1663 = CARTESIAN_POINT('',(-41.31400042311,57.922490684329,
    -9.173550901823E-15));
#1664 = CARTESIAN_POINT('',(-41.19897197492,57.826045245535,
    -9.14800945549E-15));
#1665 = CARTESIAN_POINT('',(-41.08776272077,57.725772015705,
    -9.123316040587E-15));
#1666 = CARTESIAN_POINT('',(-40.98054138397,57.6218990151,
    -9.099508121218E-15));
#1667 = CARTESIAN_POINT('',(-40.73358440615,57.365006822036,
    -9.044672656644E-15));
#1668 = CARTESIAN_POINT('',(-40.59776839288,57.208801481691,
    -9.014515443637E-15));
#1669 = CARTESIAN_POINT('',(-40.47041977363,57.046713486509,
    -8.986238369787E-15));
#1670 = CARTESIAN_POINT('',(-40.35186424561,56.879444624928,
    -8.959913754407E-15));
#1671 = CARTESIAN_POINT('',(-40.24234159814,56.707731515076,
    -8.935594841417E-15));
#1672 = CARTESIAN_POINT('',(-40.14200397609,56.532339681168,
    -8.91331541377E-15));
#1673 = ORIENTED_EDGE('',*,*,#1591,.F.);
#1674 = ( BOUNDED_SURFACE() B_SPLINE_SURFACE(2,2,(
    (#1675,#1676,#1677,#1678,#1679)
    ,(#1680,#1681,#1682,#1683,#1684)
    ,(#1685,#1686,#1687,#1688,#1689
)),.UNSPECIFIED.,.F.,.F.,.F.) B_SPLINE_SURFACE_WITH_KNOTS((3,3),(3,1,1,3
    ),(0.,5.),(-0.306,1.026620195105E-14,5.,5.306),.UNSPECIFIED.) 
GEOMETRIC_REPRESENTATION_ITEM() RATIONAL_B_SPLINE_SURFACE((
    (1.,1.,1.,1.,1.)
    ,(0.644917443799,0.644917443799,0.644917443799,0.644917443799
      ,0.644917443799)
,(1.,1.,1.,1.,1.))) REPRESENTATION_ITEM('') SURFACE() );
#1675 = CARTESIAN_POINT('',(-47.65929325138,57.910204340675,5.306));
#1676 = CARTESIAN_POINT('',(-47.65929325138,57.910204340675,5.153));
#1677 = CARTESIAN_POINT('',(-47.65929325138,57.910204340675,2.5));
#1678 = CARTESIAN_POINT('',(-47.65929325138,57.910204340675,-0.153));
#1679 = CARTESIAN_POINT('',(-47.65929325138,57.910204340675,-0.306));
#1680 = CARTESIAN_POINT('',(-43.08423701991,61.675412028331,5.306));
#1681 = CARTESIAN_POINT('',(-43.08423701991,61.675412028331,5.153));
#1682 = CARTESIAN_POINT('',(-43.08423701991,61.675412028331,2.5));
#1683 = CARTESIAN_POINT('',(-43.08423701991,61.675412028331,-0.153));
#1684 = CARTESIAN_POINT('',(-43.08423701991,61.675412028331,-0.306));
#1685 = CARTESIAN_POINT('',(-40.14200397609,56.532339681168,5.306));
#1686 = CARTESIAN_POINT('',(-40.14200397609,56.532339681168,5.153));
#1687 = CARTESIAN_POINT('',(-40.14200397609,56.532339681168,2.5));
#1688 = CARTESIAN_POINT('',(-40.14200397609,56.532339681168,-0.153));
#1689 = CARTESIAN_POINT('',(-40.14200397609,56.532339681168,-0.306));
#1690 = ADVANCED_FACE('',(#1691),#1712,.F.);
#1691 = FACE_BOUND('',#1692,.T.);
#1692 = EDGE_LOOP('',(#1693,#1694,#1695,#1705));
#1693 = ORIENTED_EDGE('',*,*,#1619,.F.);
#1694 = ORIENTED_EDGE('',*,*,#238,.F.);
#1695 = ORIENTED_EDGE('',*,*,#1696,.T.);
#1696 = EDGE_CURVE('',#192,#1697,#1699,.T.);
#1697 = VERTEX_POINT('',#1698);
#1698 = CARTESIAN_POINT('',(-28.88356078411,63.03194292955,
    -6.413438843136E-15));
#1699 = B_SPLINE_CURVE_WITH_KNOTS('',2,(#1700,#1701,#1702,#1703,#1704),
  .UNSPECIFIED.,.F.,.F.,(3,1,1,3),(-0.306,2.733056836401E-15,5.,5.306),
  .UNSPECIFIED.);
#1700 = CARTESIAN_POINT('',(-28.88356078411,63.03194292955,5.306));
#1701 = CARTESIAN_POINT('',(-28.88356078411,63.03194292955,5.153));
#1702 = CARTESIAN_POINT('',(-28.88356078411,63.03194292955,2.5));
#1703 = CARTESIAN_POINT('',(-28.88356078411,63.03194292955,-0.153));
#1704 = CARTESIAN_POINT('',(-28.88356078411,63.03194292955,-0.306));
#1705 = ORIENTED_EDGE('',*,*,#1706,.F.);
#1706 = EDGE_CURVE('',#1620,#1697,#1707,.T.);
#1707 = CIRCLE('',#1708,6.5);
#1708 = AXIS2_PLACEMENT_3D('',#1709,#1710,#1711);
#1709 = CARTESIAN_POINT('',(-34.5,59.76,0.));
#1710 = DIRECTION('',(-2.22044604925E-16,2.465190328816E-32,1.));
#1711 = DIRECTION('',(-1.,2.22044604925E-16,-2.22044604925E-16));
#1712 = CYLINDRICAL_SURFACE('',#1713,6.5);
#1713 = AXIS2_PLACEMENT_3D('',#1714,#1715,#1716);
#1714 = CARTESIAN_POINT('',(-34.5,59.76,5.));
#1715 = DIRECTION('',(-2.22044604925E-16,2.465190328816E-32,1.));
#1716 = DIRECTION('',(-1.,2.22044604925E-16,-2.22044604925E-16));
#1717 = ADVANCED_FACE('',(#1718),#1777,.F.);
#1718 = FACE_BOUND('',#1719,.F.);
#1719 = EDGE_LOOP('',(#1720,#1721,#1722,#1769));
#1720 = ORIENTED_EDGE('',*,*,#191,.T.);
#1721 = ORIENTED_EDGE('',*,*,#1696,.T.);
#1722 = ORIENTED_EDGE('',*,*,#1723,.F.);
#1723 = EDGE_CURVE('',#1724,#1697,#1726,.T.);
#1724 = VERTEX_POINT('',#1725);
#1725 = CARTESIAN_POINT('',(-26.317738849,70.230880827993,
    -5.843711925247E-15));
#1726 = B_SPLINE_CURVE_WITH_KNOTS('',6,(#1727,#1728,#1729,#1730,#1731,
    #1732,#1733,#1734,#1735,#1736,#1737,#1738,#1739,#1740,#1741,#1742,
    #1743,#1744,#1745,#1746,#1747,#1748,#1749,#1750,#1751,#1752,#1753,
    #1754,#1755,#1756,#1757,#1758,#1759,#1760,#1761,#1762,#1763,#1764,
    #1765,#1766,#1767,#1768),.UNSPECIFIED.,.F.,.F.,(7,5,5,5,5,5,5,5,7),(
    0.,0.144351649687,0.247777648908,0.321372932161,0.5,0.67862706784,
    0.752222351093,0.855648350313,1.),.UNSPECIFIED.);
#1727 = CARTESIAN_POINT('',(-26.317738849,70.230880827993,
    -5.843711925247E-15));
#1728 = CARTESIAN_POINT('',(-26.50695412249,70.159975862891,
    -5.885726155896E-15));
#1729 = CARTESIAN_POINT('',(-26.69401161469,70.079414724499,
    -5.927261262849E-15));
#1730 = CARTESIAN_POINT('',(-26.87813130917,69.989224795,
    -5.968144047669E-15));
#1731 = CARTESIAN_POINT('',(-27.05854766286,69.889524602778,
    -6.008204525645E-15));
#1732 = CARTESIAN_POINT('',(-27.23451573146,69.780523058554,
    -6.047277285918E-15));
#1733 = CARTESIAN_POINT('',(-27.52769429862,69.577970162976,
    -6.112376005036E-15));
#1734 = CARTESIAN_POINT('',(-27.64742096791,69.48879875511,
    -6.138960666017E-15));
#1735 = CARTESIAN_POINT('',(-27.76423415324,69.395113651899,
    -6.164898403604E-15));
#1736 = CARTESIAN_POINT('',(-27.87788172307,69.297044816741,
    -6.190133233347E-15));
#1737 = CARTESIAN_POINT('',(-27.98812327791,69.194742608933,
    -6.214611775837E-15));
#1738 = CARTESIAN_POINT('',(-28.17059008334,69.012690650882,
    -6.25512754556E-15));
#1739 = CARTESIAN_POINT('',(-28.2446096189,68.934946332555,
    -6.271563184091E-15));
#1740 = CARTESIAN_POINT('',(-28.31670746635,68.855205721345,
    -6.287572122144E-15));
#1741 = CARTESIAN_POINT('',(-28.38680555431,68.773534493575,
    -6.303137024391E-15));
#1742 = CARTESIAN_POINT('',(-28.45482974472,68.690002725702,
    -6.318241428875E-15));
#1743 = CARTESIAN_POINT('',(-28.6806109358,68.397605399805,
    -6.368374924249E-15));
#1744 = CARTESIAN_POINT('',(-28.82788749082,68.179995701168,
    -6.401076888723E-15));
#1745 = CARTESIAN_POINT('',(-28.96152377916,67.952932806448,
    -6.430750105571E-15));
#1746 = CARTESIAN_POINT('',(-29.08067966237,67.717611836274,
    -6.457208026584E-15));
#1747 = CARTESIAN_POINT('',(-29.18467496824,67.475325975937,
    -6.48029962319E-15));
#1748 = CARTESIAN_POINT('',(-29.36135449047,66.979615462661,
    -6.519530357901E-15));
#1749 = CARTESIAN_POINT('',(-29.43404534909,66.726172173471,
    -6.535670970886E-15));
#1750 = CARTESIAN_POINT('',(-29.49058806119,66.468534821335,
    -6.548225975055E-15));
#1751 = CARTESIAN_POINT('',(-29.53069154583,66.208135270182,
    -6.557130737458E-15));
#1752 = CARTESIAN_POINT('',(-29.55425065191,65.946430602436,
    -6.562361909859E-15));
#1753 = CARTESIAN_POINT('',(-29.56430452506,65.577144450417,
    -6.564594318152E-15));
#1754 = CARTESIAN_POINT('',(-29.56444769638,65.469418751412,
    -6.564626108571E-15));
#1755 = CARTESIAN_POINT('',(-29.56180771945,65.361822460104,
    -6.564039915937E-15));
#1756 = CARTESIAN_POINT('',(-29.55639769704,65.254456747045,
    -6.562838649647E-15));
#1757 = CARTESIAN_POINT('',(-29.54823656156,65.147421862336,
    -6.561026513544E-15));
#1758 = CARTESIAN_POINT('',(-29.52204851351,64.891001822845,
    -6.555211598762E-15));
#1759 = CARTESIAN_POINT('',(-29.50136339035,64.742035156052,
    -6.550618578762E-15));
#1760 = CARTESIAN_POINT('',(-29.47536251391,64.594193277745,
    -6.544845224424E-15));
#1761 = CARTESIAN_POINT('',(-29.44413699041,64.447744701404,
    -6.537911765394E-15));
#1762 = CARTESIAN_POINT('',(-29.40779991351,64.302949562803,
    -6.529843313511E-15));
#1763 = CARTESIAN_POINT('',(-29.30882430681,63.960626357294,
    -6.507866314024E-15));
#1764 = CARTESIAN_POINT('',(-29.24146656726,63.764899423193,
    -6.492909891356E-15));
#1765 = CARTESIAN_POINT('',(-29.16478033188,63.573563565834,
    -6.475882126518E-15));
#1766 = CARTESIAN_POINT('',(-29.07921047972,63.387251768889,
    -6.456881802503E-15));
#1767 = CARTESIAN_POINT('',(-28.9852750107,63.20654003694,
    -6.436023938395E-15));
#1768 = CARTESIAN_POINT('',(-28.88356078411,63.03194292955,
    -6.413438843136E-15));
#1769 = ORIENTED_EDGE('',*,*,#1770,.F.);
#1770 = EDGE_CURVE('',#183,#1724,#1771,.T.);
#1771 = B_SPLINE_CURVE_WITH_KNOTS('',2,(#1772,#1773,#1774,#1775,#1776),
  .UNSPECIFIED.,.F.,.F.,(3,1,1,3),(-0.306,2.733056836401E-15,5.,5.306),
  .UNSPECIFIED.);
#1772 = CARTESIAN_POINT('',(-26.317738849,70.230880827993,5.306));
#1773 = CARTESIAN_POINT('',(-26.317738849,70.230880827993,5.153));
#1774 = CARTESIAN_POINT('',(-26.317738849,70.230880827993,2.5));
#1775 = CARTESIAN_POINT('',(-26.317738849,70.230880827993,-0.153));
#1776 = CARTESIAN_POINT('',(-26.317738849,70.230880827993,-0.306));
#1777 = ( BOUNDED_SURFACE() B_SPLINE_SURFACE(2,2,(
    (#1778,#1779,#1780,#1781,#1782)
    ,(#1783,#1784,#1785,#1786,#1787)
    ,(#1788,#1789,#1790,#1791,#1792
)),.UNSPECIFIED.,.F.,.F.,.F.) B_SPLINE_SURFACE_WITH_KNOTS((3,3),(3,1,1,3
    ),(0.,5.),(-0.306,2.733056836401E-15,5.,5.306),.UNSPECIFIED.) 
GEOMETRIC_REPRESENTATION_ITEM() RATIONAL_B_SPLINE_SURFACE((
    (1.,1.,1.,1.,1.)
    ,(0.644917443799,0.644917443799,0.644917443799,0.644917443799
      ,0.644917443799)
,(1.,1.,1.,1.,1.))) REPRESENTATION_ITEM('') SURFACE() );
#1778 = CARTESIAN_POINT('',(-26.317738849,70.230880827993,5.306));
#1779 = CARTESIAN_POINT('',(-26.317738849,70.230880827993,5.153));
#1780 = CARTESIAN_POINT('',(-26.317738849,70.230880827993,2.5));
#1781 = CARTESIAN_POINT('',(-26.317738849,70.230880827993,-0.153));
#1782 = CARTESIAN_POINT('',(-26.317738849,70.230880827993,-0.306));
#1783 = CARTESIAN_POINT('',(-31.86616045503,68.151711250019,5.306));
#1784 = CARTESIAN_POINT('',(-31.86616045503,68.151711250019,5.153));
#1785 = CARTESIAN_POINT('',(-31.86616045503,68.151711250019,2.5));
#1786 = CARTESIAN_POINT('',(-31.86616045503,68.151711250019,-0.153));
#1787 = CARTESIAN_POINT('',(-31.86616045503,68.151711250019,-0.306));
#1788 = CARTESIAN_POINT('',(-28.88356078411,63.03194292955,5.306));
#1789 = CARTESIAN_POINT('',(-28.88356078411,63.03194292955,5.153));
#1790 = CARTESIAN_POINT('',(-28.88356078411,63.03194292955,2.5));
#1791 = CARTESIAN_POINT('',(-28.88356078411,63.03194292955,-0.153));
#1792 = CARTESIAN_POINT('',(-28.88356078411,63.03194292955,-0.306));
#1793 = ADVANCED_FACE('',(#1794),#1815,.T.);
#1794 = FACE_BOUND('',#1795,.F.);
#1795 = EDGE_LOOP('',(#1796,#1806,#1807,#1808));
#1796 = ORIENTED_EDGE('',*,*,#1797,.F.);
#1797 = EDGE_CURVE('',#136,#1798,#1800,.T.);
#1798 = VERTEX_POINT('',#1799);
#1799 = CARTESIAN_POINT('',(26.317738849003,70.230880827993,0.));
#1800 = B_SPLINE_CURVE_WITH_KNOTS('',2,(#1801,#1802,#1803,#1804,#1805),
  .UNSPECIFIED.,.F.,.F.,(3,1,1,3),(-0.306,2.733056836401E-15,5.,5.306),
  .UNSPECIFIED.);
#1801 = CARTESIAN_POINT('',(26.317738849003,70.230880827993,5.306));
#1802 = CARTESIAN_POINT('',(26.317738849003,70.230880827993,5.153));
#1803 = CARTESIAN_POINT('',(26.317738849003,70.230880827993,2.5));
#1804 = CARTESIAN_POINT('',(26.317738849003,70.230880827993,-0.153));
#1805 = CARTESIAN_POINT('',(26.317738849003,70.230880827993,-0.306));
#1806 = ORIENTED_EDGE('',*,*,#182,.T.);
#1807 = ORIENTED_EDGE('',*,*,#1770,.T.);
#1808 = ORIENTED_EDGE('',*,*,#1809,.F.);
#1809 = EDGE_CURVE('',#1798,#1724,#1810,.T.);
#1810 = CIRCLE('',#1811,75.);
#1811 = AXIS2_PLACEMENT_3D('',#1812,#1813,#1814);
#1812 = CARTESIAN_POINT('',(0.,0.,0.));
#1813 = DIRECTION('',(0.,0.,1.));
#1814 = DIRECTION('',(1.,0.,0.));
#1815 = CYLINDRICAL_SURFACE('',#1816,75.);
#1816 = AXIS2_PLACEMENT_3D('',#1817,#1818,#1819);
#1817 = CARTESIAN_POINT('',(0.,0.,0.));
#1818 = DIRECTION('',(-0.,-0.,-1.));
#1819 = DIRECTION('',(1.,0.,0.));
#1820 = ADVANCED_FACE('',(#1821),#1880,.T.);
#1821 = FACE_BOUND('',#1822,.T.);
#1822 = EDGE_LOOP('',(#1823,#1824,#1834,#1879));
#1823 = ORIENTED_EDGE('',*,*,#135,.T.);
#1824 = ORIENTED_EDGE('',*,*,#1825,.T.);
#1825 = EDGE_CURVE('',#127,#1826,#1828,.T.);
#1826 = VERTEX_POINT('',#1827);
#1827 = CARTESIAN_POINT('',(28.883560784112,63.03194292955,0.));
#1828 = B_SPLINE_CURVE_WITH_KNOTS('',2,(#1829,#1830,#1831,#1832,#1833),
  .UNSPECIFIED.,.F.,.F.,(3,1,1,3),(-0.306,2.733056836401E-15,5.,5.306),
  .UNSPECIFIED.);
#1829 = CARTESIAN_POINT('',(28.883560784112,63.03194292955,5.306));
#1830 = CARTESIAN_POINT('',(28.883560784112,63.03194292955,5.153));
#1831 = CARTESIAN_POINT('',(28.883560784112,63.03194292955,2.5));
#1832 = CARTESIAN_POINT('',(28.883560784112,63.03194292955,-0.153));
#1833 = CARTESIAN_POINT('',(28.883560784112,63.03194292955,-0.306));
#1834 = ORIENTED_EDGE('',*,*,#1835,.F.);
#1835 = EDGE_CURVE('',#1798,#1826,#1836,.T.);
#1836 = B_SPLINE_CURVE_WITH_KNOTS('',6,(#1837,#1838,#1839,#1840,#1841,
    #1842,#1843,#1844,#1845,#1846,#1847,#1848,#1849,#1850,#1851,#1852,
    #1853,#1854,#1855,#1856,#1857,#1858,#1859,#1860,#1861,#1862,#1863,
    #1864,#1865,#1866,#1867,#1868,#1869,#1870,#1871,#1872,#1873,#1874,
    #1875,#1876,#1877,#1878),.UNSPECIFIED.,.F.,.F.,(7,5,5,5,5,5,5,5,7),(
    0.,0.144351649687,0.247777648908,0.321372932161,0.5,0.67862706784,
    0.752222351093,0.855648350313,1.),.UNSPECIFIED.);
#1837 = CARTESIAN_POINT('',(26.317738849003,70.230880827993,0.));
#1838 = CARTESIAN_POINT('',(26.506954122499,70.159975862891,0.));
#1839 = CARTESIAN_POINT('',(26.694011614693,70.079414724499,0.));
#1840 = CARTESIAN_POINT('',(26.878131309174,69.989224795,0.));
#1841 = CARTESIAN_POINT('',(27.058547662863,69.889524602778,0.));
#1842 = CARTESIAN_POINT('',(27.234515731465,69.780523058554,0.));
#1843 = CARTESIAN_POINT('',(27.527694298628,69.577970162976,0.));
#1844 = CARTESIAN_POINT('',(27.647420967918,69.48879875511,0.));
#1845 = CARTESIAN_POINT('',(27.764234153247,69.395113651899,0.));
#1846 = CARTESIAN_POINT('',(27.877881723075,69.297044816741,0.));
#1847 = CARTESIAN_POINT('',(27.988123277913,69.194742608933,0.));
#1848 = CARTESIAN_POINT('',(28.170590083341,69.012690650882,0.));
#1849 = CARTESIAN_POINT('',(28.244609618902,68.934946332555,0.));
#1850 = CARTESIAN_POINT('',(28.316707466353,68.855205721345,0.));
#1851 = CARTESIAN_POINT('',(28.386805554315,68.773534493575,0.));
#1852 = CARTESIAN_POINT('',(28.45482974472,68.690002725702,0.));
#1853 = CARTESIAN_POINT('',(28.680610935803,68.397605399805,0.));
#1854 = CARTESIAN_POINT('',(28.827887490824,68.179995701168,0.));
#1855 = CARTESIAN_POINT('',(28.961523779164,67.952932806448,0.));
#1856 = CARTESIAN_POINT('',(29.080679662375,67.717611836274,0.));
#1857 = CARTESIAN_POINT('',(29.184674968248,67.475325975937,0.));
#1858 = CARTESIAN_POINT('',(29.361354490474,66.979615462661,0.));
#1859 = CARTESIAN_POINT('',(29.434045349098,66.726172173471,0.));
#1860 = CARTESIAN_POINT('',(29.490588061197,66.468534821335,0.));
#1861 = CARTESIAN_POINT('',(29.530691545834,66.208135270182,0.));
#1862 = CARTESIAN_POINT('',(29.554250651911,65.946430602436,0.));
#1863 = CARTESIAN_POINT('',(29.564304525068,65.577144450417,0.));
#1864 = CARTESIAN_POINT('',(29.564447696389,65.469418751412,0.));
#1865 = CARTESIAN_POINT('',(29.561807719458,65.361822460104,0.));
#1866 = CARTESIAN_POINT('',(29.556397697041,65.254456747045,0.));
#1867 = CARTESIAN_POINT('',(29.548236561565,65.147421862336,0.));
#1868 = CARTESIAN_POINT('',(29.522048513517,64.891001822845,0.));
#1869 = CARTESIAN_POINT('',(29.501363390358,64.742035156052,0.));
#1870 = CARTESIAN_POINT('',(29.475362513915,64.594193277745,0.));
#1871 = CARTESIAN_POINT('',(29.444136990411,64.447744701404,0.));
#1872 = CARTESIAN_POINT('',(29.407799913514,64.302949562803,0.));
#1873 = CARTESIAN_POINT('',(29.308824306816,63.960626357294,0.));
#1874 = CARTESIAN_POINT('',(29.241466567261,63.764899423193,0.));
#1875 = CARTESIAN_POINT('',(29.164780331883,63.573563565834,0.));
#1876 = CARTESIAN_POINT('',(29.079210479729,63.387251768889,0.));
#1877 = CARTESIAN_POINT('',(28.985275010704,63.20654003694,0.));
#1878 = CARTESIAN_POINT('',(28.883560784112,63.03194292955,0.));
#1879 = ORIENTED_EDGE('',*,*,#1797,.F.);
#1880 = ( BOUNDED_SURFACE() B_SPLINE_SURFACE(2,2,(
    (#1881,#1882,#1883,#1884,#1885)
    ,(#1886,#1887,#1888,#1889,#1890)
    ,(#1891,#1892,#1893,#1894,#1895
)),.UNSPECIFIED.,.F.,.F.,.F.) B_SPLINE_SURFACE_WITH_KNOTS((3,3),(3,1,1,3
    ),(0.,5.),(-0.306,2.733056836401E-15,5.,5.306),.UNSPECIFIED.) 
GEOMETRIC_REPRESENTATION_ITEM() RATIONAL_B_SPLINE_SURFACE((
    (1.,1.,1.,1.,1.)
    ,(0.644917443799,0.644917443799,0.644917443799,0.644917443799
      ,0.644917443799)
,(1.,1.,1.,1.,1.))) REPRESENTATION_ITEM('') SURFACE() );
#1881 = CARTESIAN_POINT('',(26.317738849003,70.230880827993,5.306));
#1882 = CARTESIAN_POINT('',(26.317738849003,70.230880827993,5.153));
#1883 = CARTESIAN_POINT('',(26.317738849003,70.230880827993,2.5));
#1884 = CARTESIAN_POINT('',(26.317738849003,70.230880827993,-0.153));
#1885 = CARTESIAN_POINT('',(26.317738849003,70.230880827993,-0.306));
#1886 = CARTESIAN_POINT('',(31.866160455039,68.151711250019,5.306));
#1887 = CARTESIAN_POINT('',(31.866160455039,68.151711250019,5.153));
#1888 = CARTESIAN_POINT('',(31.866160455039,68.151711250019,2.5));
#1889 = CARTESIAN_POINT('',(31.866160455039,68.151711250019,-0.153));
#1890 = CARTESIAN_POINT('',(31.866160455039,68.151711250019,-0.306));
#1891 = CARTESIAN_POINT('',(28.883560784112,63.03194292955,5.306));
#1892 = CARTESIAN_POINT('',(28.883560784112,63.03194292955,5.153));
#1893 = CARTESIAN_POINT('',(28.883560784112,63.03194292955,2.5));
#1894 = CARTESIAN_POINT('',(28.883560784112,63.03194292955,-0.153));
#1895 = CARTESIAN_POINT('',(28.883560784112,63.03194292955,-0.306));
#1896 = ADVANCED_FACE('',(#1897),#1918,.F.);
#1897 = FACE_BOUND('',#1898,.F.);
#1898 = EDGE_LOOP('',(#1899,#1908,#1916,#1917));
#1899 = ORIENTED_EDGE('',*,*,#1900,.T.);
#1900 = EDGE_CURVE('',#1826,#1901,#1903,.T.);
#1901 = VERTEX_POINT('',#1902);
#1902 = CARTESIAN_POINT('',(40.142003976092,56.532339681168,0.));
#1903 = CIRCLE('',#1904,6.5);
#1904 = AXIS2_PLACEMENT_3D('',#1905,#1906,#1907);
#1905 = CARTESIAN_POINT('',(34.5,59.76,0.));
#1906 = DIRECTION('',(0.,0.,1.));
#1907 = DIRECTION('',(1.,0.,0.));
#1908 = ORIENTED_EDGE('',*,*,#1909,.F.);
#1909 = EDGE_CURVE('',#80,#1901,#1910,.T.);
#1910 = B_SPLINE_CURVE_WITH_KNOTS('',2,(#1911,#1912,#1913,#1914,#1915),
  .UNSPECIFIED.,.F.,.F.,(3,1,1,3),(-0.306,1.026620195105E-14,5.,5.306),
  .UNSPECIFIED.);
#1911 = CARTESIAN_POINT('',(40.142003976092,56.532339681168,5.306));
#1912 = CARTESIAN_POINT('',(40.142003976092,56.532339681168,5.153));
#1913 = CARTESIAN_POINT('',(40.142003976092,56.532339681168,2.5));
#1914 = CARTESIAN_POINT('',(40.142003976092,56.532339681168,-0.153));
#1915 = CARTESIAN_POINT('',(40.142003976092,56.532339681168,-0.306));
#1916 = ORIENTED_EDGE('',*,*,#126,.F.);
#1917 = ORIENTED_EDGE('',*,*,#1825,.T.);
#1918 = CYLINDRICAL_SURFACE('',#1919,6.5);
#1919 = AXIS2_PLACEMENT_3D('',#1920,#1921,#1922);
#1920 = CARTESIAN_POINT('',(34.5,59.76,5.));
#1921 = DIRECTION('',(0.,0.,1.));
#1922 = DIRECTION('',(1.,0.,0.));
#1923 = ADVANCED_FACE('',(#1924),#1983,.F.);
#1924 = FACE_BOUND('',#1925,.F.);
#1925 = EDGE_LOOP('',(#1926,#1927,#1928,#1975));
#1926 = ORIENTED_EDGE('',*,*,#79,.T.);
#1927 = ORIENTED_EDGE('',*,*,#1909,.T.);
#1928 = ORIENTED_EDGE('',*,*,#1929,.F.);
#1929 = EDGE_CURVE('',#1930,#1901,#1932,.T.);
#1930 = VERTEX_POINT('',#1931);
#1931 = CARTESIAN_POINT('',(47.659293251383,57.910204340675,0.));
#1932 = B_SPLINE_CURVE_WITH_KNOTS('',6,(#1933,#1934,#1935,#1936,#1937,
    #1938,#1939,#1940,#1941,#1942,#1943,#1944,#1945,#1946,#1947,#1948,
    #1949,#1950,#1951,#1952,#1953,#1954,#1955,#1956,#1957,#1958,#1959,
    #1960,#1961,#1962,#1963,#1964,#1965,#1966,#1967,#1968,#1969,#1970,
    #1971,#1972,#1973,#1974),.UNSPECIFIED.,.F.,.F.,(7,5,5,5,5,5,5,5,7),(
    0.,0.144351649687,0.247777648908,0.321372932161,0.5,0.678627067839,
    0.752222351092,0.855648350313,1.),.UNSPECIFIED.);
#1933 = CARTESIAN_POINT('',(47.659293251383,57.910204340675,0.));
#1934 = CARTESIAN_POINT('',(47.503272210163,58.03860748899,0.));
#1935 = CARTESIAN_POINT('',(47.339967980418,58.160313408945,0.));
#1936 = CARTESIAN_POINT('',(47.169794324754,58.274660303073,0.));
#1937 = CARTESIAN_POINT('',(46.99323670046,58.381044485691,0.));
#1938 = CARTESIAN_POINT('',(46.810848534953,58.478925305537,0.));
#1939 = CARTESIAN_POINT('',(46.488833904899,58.63152912522,0.));
#1940 = CARTESIAN_POINT('',(46.351742228399,58.690621320596,0.));
#1941 = CARTESIAN_POINT('',(46.212198613255,58.744933366251,0.));
#1942 = CARTESIAN_POINT('',(46.070441686285,58.794311906254,0.));
#1943 = CARTESIAN_POINT('',(45.926721870387,58.8386239436,0.));
#1944 = CARTESIAN_POINT('',(45.677822724163,58.905603533942,0.));
#1945 = CARTESIAN_POINT('',(45.573482848977,58.930827750935,0.));
#1946 = CARTESIAN_POINT('',(45.468375141364,58.953389543502,0.));
#1947 = CARTESIAN_POINT('',(45.362595516521,58.973254143907,0.));
#1948 = CARTESIAN_POINT('',(45.256241733266,58.990392390949,0.));
#1949 = CARTESIAN_POINT('',(44.890124589737,59.039703440957,0.));
#1950 = CARTESIAN_POINT('',(44.628029632134,59.058427697902,0.));
#1951 = CARTESIAN_POINT('',(44.364569117909,59.060612455265,0.));
#1952 = CARTESIAN_POINT('',(44.101198129115,59.046127781681,0.));
#1953 = CARTESIAN_POINT('',(43.839376679623,59.015031313245,0.));
#1954 = CARTESIAN_POINT('',(43.321744859809,58.920153151047,0.));
#1955 = CARTESIAN_POINT('',(43.065915029104,58.856367890335,0.));
#1956 = CARTESIAN_POINT('',(42.814528096418,58.776501166463,0.));
#1957 = CARTESIAN_POINT('',(42.568969604205,58.681016913191,0.));
#1958 = CARTESIAN_POINT('',(42.330553959171,58.570552689108,0.));
#1959 = CARTESIAN_POINT('',(42.00572666307,58.394596529382,0.));
#1960 = CARTESIAN_POINT('',(41.912365193204,58.340851923431,0.));
#1961 = CARTESIAN_POINT('',(41.820507512185,58.284761836793,0.));
#1962 = CARTESIAN_POINT('',(41.730234681082,58.226388207061,0.));
#1963 = CARTESIAN_POINT('',(41.641624048725,58.16579756001,0.));
#1964 = CARTESIAN_POINT('',(41.432661092075,58.014895163537,0.));
#1965 = CARTESIAN_POINT('',(41.314000423115,57.922490684329,0.));
#1966 = CARTESIAN_POINT('',(41.198971974927,57.826045245535,0.));
#1967 = CARTESIAN_POINT('',(41.087762720771,57.725772015705,0.));
#1968 = CARTESIAN_POINT('',(40.98054138397,57.6218990151,0.));
#1969 = CARTESIAN_POINT('',(40.733584406151,57.365006822036,0.));
#1970 = CARTESIAN_POINT('',(40.597768392888,57.208801481691,0.));
#1971 = CARTESIAN_POINT('',(40.470419773636,57.046713486509,0.));
#1972 = CARTESIAN_POINT('',(40.351864245617,56.879444624928,0.));
#1973 = CARTESIAN_POINT('',(40.242341598141,56.707731515076,0.));
#1974 = CARTESIAN_POINT('',(40.142003976092,56.532339681168,0.));
#1975 = ORIENTED_EDGE('',*,*,#1976,.F.);
#1976 = EDGE_CURVE('',#71,#1930,#1977,.T.);
#1977 = B_SPLINE_CURVE_WITH_KNOTS('',2,(#1978,#1979,#1980,#1981,#1982),
  .UNSPECIFIED.,.F.,.F.,(3,1,1,3),(-0.306,1.026620195105E-14,5.,5.306),
  .UNSPECIFIED.);
#1978 = CARTESIAN_POINT('',(47.659293251383,57.910204340675,5.306));
#1979 = CARTESIAN_POINT('',(47.659293251383,57.910204340675,5.153));
#1980 = CARTESIAN_POINT('',(47.659293251383,57.910204340675,2.5));
#1981 = CARTESIAN_POINT('',(47.659293251383,57.910204340675,-0.153));
#1982 = CARTESIAN_POINT('',(47.659293251383,57.910204340675,-0.306));
#1983 = ( BOUNDED_SURFACE() B_SPLINE_SURFACE(2,2,(
    (#1984,#1985,#1986,#1987,#1988)
    ,(#1989,#1990,#1991,#1992,#1993)
    ,(#1994,#1995,#1996,#1997,#1998
)),.UNSPECIFIED.,.F.,.F.,.F.) B_SPLINE_SURFACE_WITH_KNOTS((3,3),(3,1,1,3
    ),(0.,5.),(-0.306,1.026620195105E-14,5.,5.306),.UNSPECIFIED.) 
GEOMETRIC_REPRESENTATION_ITEM() RATIONAL_B_SPLINE_SURFACE((
    (1.,1.,1.,1.,1.)
    ,(0.644917443799,0.644917443799,0.644917443799,0.644917443799
      ,0.644917443799)
,(1.,1.,1.,1.,1.))) REPRESENTATION_ITEM('') SURFACE() );
#1984 = CARTESIAN_POINT('',(47.659293251383,57.910204340675,5.306));
#1985 = CARTESIAN_POINT('',(47.659293251383,57.910204340675,5.153));
#1986 = CARTESIAN_POINT('',(47.659293251383,57.910204340675,2.5));
#1987 = CARTESIAN_POINT('',(47.659293251383,57.910204340675,-0.153));
#1988 = CARTESIAN_POINT('',(47.659293251383,57.910204340675,-0.306));
#1989 = CARTESIAN_POINT('',(43.084237019912,61.675412028331,5.306));
#1990 = CARTESIAN_POINT('',(43.084237019912,61.675412028331,5.153));
#1991 = CARTESIAN_POINT('',(43.084237019912,61.675412028331,2.5));
#1992 = CARTESIAN_POINT('',(43.084237019912,61.675412028331,-0.153));
#1993 = CARTESIAN_POINT('',(43.084237019912,61.675412028331,-0.306));
#1994 = CARTESIAN_POINT('',(40.142003976092,56.532339681168,5.306));
#1995 = CARTESIAN_POINT('',(40.142003976092,56.532339681168,5.153));
#1996 = CARTESIAN_POINT('',(40.142003976092,56.532339681168,2.5));
#1997 = CARTESIAN_POINT('',(40.142003976092,56.532339681168,-0.153));
#1998 = CARTESIAN_POINT('',(40.142003976092,56.532339681168,-0.306));
#1999 = ADVANCED_FACE('',(#2000),#2012,.T.);
#2000 = FACE_BOUND('',#2001,.F.);
#2001 = EDGE_LOOP('',(#2002,#2009,#2010,#2011));
#2002 = ORIENTED_EDGE('',*,*,#2003,.F.);
#2003 = EDGE_CURVE('',#797,#1930,#2004,.T.);
#2004 = CIRCLE('',#2005,75.);
#2005 = AXIS2_PLACEMENT_3D('',#2006,#2007,#2008);
#2006 = CARTESIAN_POINT('',(0.,0.,0.));
#2007 = DIRECTION('',(0.,0.,1.));
#2008 = DIRECTION('',(1.,0.,0.));
#2009 = ORIENTED_EDGE('',*,*,#843,.F.);
#2010 = ORIENTED_EDGE('',*,*,#70,.T.);
#2011 = ORIENTED_EDGE('',*,*,#1976,.T.);
#2012 = CYLINDRICAL_SURFACE('',#2013,75.);
#2013 = AXIS2_PLACEMENT_3D('',#2014,#2015,#2016);
#2014 = CARTESIAN_POINT('',(0.,0.,0.));
#2015 = DIRECTION('',(-0.,-0.,-1.));
#2016 = DIRECTION('',(1.,0.,0.));
#2017 = ADVANCED_FACE('',(#2018),#2046,.F.);
#2018 = FACE_BOUND('',#2019,.T.);
#2019 = EDGE_LOOP('',(#2020,#2031,#2038,#2043,#2044,#2045));
#2020 = ORIENTED_EDGE('',*,*,#2021,.F.);
#2021 = EDGE_CURVE('',#2022,#2024,#2026,.T.);
#2022 = VERTEX_POINT('',#2023);
#2023 = CARTESIAN_POINT('',(-3.,-69.,0.));
#2024 = VERTEX_POINT('',#2025);
#2025 = CARTESIAN_POINT('',(3.,-69.,0.));
#2026 = CIRCLE('',#2027,3.);
#2027 = AXIS2_PLACEMENT_3D('',#2028,#2029,#2030);
#2028 = CARTESIAN_POINT('',(1.532107773983E-14,-69.,0.));
#2029 = DIRECTION('',(-2.22044604925E-16,-2.465190328816E-32,1.));
#2030 = DIRECTION('',(-1.,-2.22044604925E-16,-2.22044604925E-16));
#2031 = ORIENTED_EDGE('',*,*,#2032,.F.);
#2032 = EDGE_CURVE('',#2024,#2022,#2033,.T.);
#2033 = CIRCLE('',#2034,3.);
#2034 = AXIS2_PLACEMENT_3D('',#2035,#2036,#2037);
#2035 = CARTESIAN_POINT('',(1.532107773983E-14,-69.,0.));
#2036 = DIRECTION('',(-2.22044604925E-16,-2.465190328816E-32,1.));
#2037 = DIRECTION('',(-1.,-2.22044604925E-16,-2.22044604925E-16));
#2038 = ORIENTED_EDGE('',*,*,#2039,.T.);
#2039 = EDGE_CURVE('',#2024,#698,#2040,.T.);
#2040 = B_SPLINE_CURVE_WITH_KNOTS('',1,(#2041,#2042),.UNSPECIFIED.,.F.,
  .F.,(2,2),(-5.,0.),.PIECEWISE_BEZIER_KNOTS.);
#2041 = CARTESIAN_POINT('',(3.,-69.,8.881784197001E-16));
#2042 = CARTESIAN_POINT('',(3.,-69.,5.));
#2043 = ORIENTED_EDGE('',*,*,#695,.F.);
#2044 = ORIENTED_EDGE('',*,*,#706,.F.);
#2045 = ORIENTED_EDGE('',*,*,#2039,.F.);
#2046 = CYLINDRICAL_SURFACE('',#2047,3.);
#2047 = AXIS2_PLACEMENT_3D('',#2048,#2049,#2050);
#2048 = CARTESIAN_POINT('',(0.,-69.,5.));
#2049 = DIRECTION('',(0.,0.,1.));
#2050 = DIRECTION('',(1.,0.,0.));
#2051 = ADVANCED_FACE('',(#2052),#2071,.F.);
#2052 = FACE_BOUND('',#2053,.F.);
#2053 = EDGE_LOOP('',(#2054,#2055,#2063,#2070));
#2054 = ORIENTED_EDGE('',*,*,#715,.F.);
#2055 = ORIENTED_EDGE('',*,*,#2056,.T.);
#2056 = EDGE_CURVE('',#716,#2057,#2059,.T.);
#2057 = VERTEX_POINT('',#2058);
#2058 = CARTESIAN_POINT('',(-62.76,-34.5,0.));
#2059 = LINE('',#2060,#2061);
#2060 = CARTESIAN_POINT('',(-62.76,-34.5,5.));
#2061 = VECTOR('',#2062,1.);
#2062 = DIRECTION('',(2.22044604925E-16,2.465190328816E-32,-1.));
#2063 = ORIENTED_EDGE('',*,*,#2064,.T.);
#2064 = EDGE_CURVE('',#2057,#2057,#2065,.T.);
#2065 = CIRCLE('',#2066,3.);
#2066 = AXIS2_PLACEMENT_3D('',#2067,#2068,#2069);
#2067 = CARTESIAN_POINT('',(-59.76,-34.5,0.));
#2068 = DIRECTION('',(-2.22044604925E-16,-2.465190328816E-32,1.));
#2069 = DIRECTION('',(-1.,-2.22044604925E-16,-2.22044604925E-16));
#2070 = ORIENTED_EDGE('',*,*,#2056,.F.);
#2071 = CYLINDRICAL_SURFACE('',#2072,3.);
#2072 = AXIS2_PLACEMENT_3D('',#2073,#2074,#2075);
#2073 = CARTESIAN_POINT('',(-59.76,-34.5,5.));
#2074 = DIRECTION('',(-2.22044604925E-16,-2.465190328816E-32,1.));
#2075 = DIRECTION('',(-1.,-2.22044604925E-16,-2.22044604925E-16));
#2076 = ADVANCED_FACE('',(#2077),#2096,.F.);
#2077 = FACE_BOUND('',#2078,.T.);
#2078 = EDGE_LOOP('',(#2079,#2080,#2088,#2095));
#2079 = ORIENTED_EDGE('',*,*,#726,.F.);
#2080 = ORIENTED_EDGE('',*,*,#2081,.T.);
#2081 = EDGE_CURVE('',#727,#2082,#2084,.T.);
#2082 = VERTEX_POINT('',#2083);
#2083 = CARTESIAN_POINT('',(62.76,-34.5,0.));
#2084 = LINE('',#2085,#2086);
#2085 = CARTESIAN_POINT('',(62.76,-34.5,5.));
#2086 = VECTOR('',#2087,1.);
#2087 = DIRECTION('',(0.,0.,-1.));
#2088 = ORIENTED_EDGE('',*,*,#2089,.F.);
#2089 = EDGE_CURVE('',#2082,#2082,#2090,.T.);
#2090 = CIRCLE('',#2091,3.);
#2091 = AXIS2_PLACEMENT_3D('',#2092,#2093,#2094);
#2092 = CARTESIAN_POINT('',(59.76,-34.5,0.));
#2093 = DIRECTION('',(0.,0.,1.));
#2094 = DIRECTION('',(1.,0.,0.));
#2095 = ORIENTED_EDGE('',*,*,#2081,.F.);
#2096 = CYLINDRICAL_SURFACE('',#2097,3.);
#2097 = AXIS2_PLACEMENT_3D('',#2098,#2099,#2100);
#2098 = CARTESIAN_POINT('',(59.76,-34.5,5.));
#2099 = DIRECTION('',(0.,0.,1.));
#2100 = DIRECTION('',(1.,0.,0.));
#2101 = ADVANCED_FACE('',(#2102),#2121,.F.);
#2102 = FACE_BOUND('',#2103,.T.);
#2103 = EDGE_LOOP('',(#2104,#2105,#2113,#2120));
#2104 = ORIENTED_EDGE('',*,*,#737,.F.);
#2105 = ORIENTED_EDGE('',*,*,#2106,.T.);
#2106 = EDGE_CURVE('',#738,#2107,#2109,.T.);
#2107 = VERTEX_POINT('',#2108);
#2108 = CARTESIAN_POINT('',(-62.76,34.5,0.));
#2109 = LINE('',#2110,#2111);
#2110 = CARTESIAN_POINT('',(-62.76,34.5,5.));
#2111 = VECTOR('',#2112,1.);
#2112 = DIRECTION('',(2.22044604925E-16,-2.465190328816E-32,-1.));
#2113 = ORIENTED_EDGE('',*,*,#2114,.F.);
#2114 = EDGE_CURVE('',#2107,#2107,#2115,.T.);
#2115 = CIRCLE('',#2116,3.);
#2116 = AXIS2_PLACEMENT_3D('',#2117,#2118,#2119);
#2117 = CARTESIAN_POINT('',(-59.76,34.5,0.));
#2118 = DIRECTION('',(-2.22044604925E-16,2.465190328816E-32,1.));
#2119 = DIRECTION('',(-1.,2.22044604925E-16,-2.22044604925E-16));
#2120 = ORIENTED_EDGE('',*,*,#2106,.F.);
#2121 = CYLINDRICAL_SURFACE('',#2122,3.);
#2122 = AXIS2_PLACEMENT_3D('',#2123,#2124,#2125);
#2123 = CARTESIAN_POINT('',(-59.76,34.5,5.));
#2124 = DIRECTION('',(-2.22044604925E-16,2.465190328816E-32,1.));
#2125 = DIRECTION('',(-1.,2.22044604925E-16,-2.22044604925E-16));
#2126 = ADVANCED_FACE('',(#2127),#2155,.F.);
#2127 = FACE_BOUND('',#2128,.F.);
#2128 = EDGE_LOOP('',(#2129,#2140,#2147,#2152,#2153,#2154));
#2129 = ORIENTED_EDGE('',*,*,#2130,.T.);
#2130 = EDGE_CURVE('',#2131,#2133,#2135,.T.);
#2131 = VERTEX_POINT('',#2132);
#2132 = CARTESIAN_POINT('',(3.,69.,0.));
#2133 = VERTEX_POINT('',#2134);
#2134 = CARTESIAN_POINT('',(-3.,69.,0.));
#2135 = CIRCLE('',#2136,3.);
#2136 = AXIS2_PLACEMENT_3D('',#2137,#2138,#2139);
#2137 = CARTESIAN_POINT('',(0.,69.,0.));
#2138 = DIRECTION('',(0.,0.,1.));
#2139 = DIRECTION('',(1.,0.,0.));
#2140 = ORIENTED_EDGE('',*,*,#2141,.T.);
#2141 = EDGE_CURVE('',#2133,#2131,#2142,.T.);
#2142 = CIRCLE('',#2143,3.);
#2143 = AXIS2_PLACEMENT_3D('',#2144,#2145,#2146);
#2144 = CARTESIAN_POINT('',(0.,69.,0.));
#2145 = DIRECTION('',(0.,0.,1.));
#2146 = DIRECTION('',(1.,0.,0.));
#2147 = ORIENTED_EDGE('',*,*,#2148,.T.);
#2148 = EDGE_CURVE('',#2131,#749,#2149,.T.);
#2149 = B_SPLINE_CURVE_WITH_KNOTS('',1,(#2150,#2151),.UNSPECIFIED.,.F.,
  .F.,(2,2),(-5.,0.),.PIECEWISE_BEZIER_KNOTS.);
#2150 = CARTESIAN_POINT('',(3.,69.,0.));
#2151 = CARTESIAN_POINT('',(3.,69.,5.));
#2152 = ORIENTED_EDGE('',*,*,#759,.F.);
#2153 = ORIENTED_EDGE('',*,*,#748,.F.);
#2154 = ORIENTED_EDGE('',*,*,#2148,.F.);
#2155 = CYLINDRICAL_SURFACE('',#2156,3.);
#2156 = AXIS2_PLACEMENT_3D('',#2157,#2158,#2159);
#2157 = CARTESIAN_POINT('',(0.,69.,5.));
#2158 = DIRECTION('',(0.,0.,1.));
#2159 = DIRECTION('',(1.,0.,0.));
#2160 = ADVANCED_FACE('',(#2161),#2180,.F.);
#2161 = FACE_BOUND('',#2162,.F.);
#2162 = EDGE_LOOP('',(#2163,#2164,#2172,#2179));
#2163 = ORIENTED_EDGE('',*,*,#768,.F.);
#2164 = ORIENTED_EDGE('',*,*,#2165,.T.);
#2165 = EDGE_CURVE('',#769,#2166,#2168,.T.);
#2166 = VERTEX_POINT('',#2167);
#2167 = CARTESIAN_POINT('',(62.76,34.5,0.));
#2168 = LINE('',#2169,#2170);
#2169 = CARTESIAN_POINT('',(62.76,34.5,5.));
#2170 = VECTOR('',#2171,1.);
#2171 = DIRECTION('',(-0.,-0.,-1.));
#2172 = ORIENTED_EDGE('',*,*,#2173,.T.);
#2173 = EDGE_CURVE('',#2166,#2166,#2174,.T.);
#2174 = CIRCLE('',#2175,3.);
#2175 = AXIS2_PLACEMENT_3D('',#2176,#2177,#2178);
#2176 = CARTESIAN_POINT('',(59.76,34.5,0.));
#2177 = DIRECTION('',(0.,0.,1.));
#2178 = DIRECTION('',(1.,0.,0.));
#2179 = ORIENTED_EDGE('',*,*,#2165,.F.);
#2180 = CYLINDRICAL_SURFACE('',#2181,3.);
#2181 = AXIS2_PLACEMENT_3D('',#2182,#2183,#2184);
#2182 = CARTESIAN_POINT('',(59.76,34.5,5.));
#2183 = DIRECTION('',(0.,0.,1.));
#2184 = DIRECTION('',(1.,0.,0.));
#2185 = ADVANCED_FACE('',(#2186,#2212,#2215,#2219,#2222,#2225,#2229),
  #2232,.F.);
#2186 = FACE_BOUND('',#2187,.F.);
#2187 = EDGE_LOOP('',(#2188,#2189,#2190,#2191,#2192,#2193,#2194,#2195,
    #2196,#2197,#2198,#2199,#2200,#2201,#2202,#2203,#2204,#2205,#2206,
    #2207,#2208,#2209,#2210,#2211));
#2188 = ORIENTED_EDGE('',*,*,#796,.F.);
#2189 = ORIENTED_EDGE('',*,*,#2003,.T.);
#2190 = ORIENTED_EDGE('',*,*,#1929,.T.);
#2191 = ORIENTED_EDGE('',*,*,#1900,.F.);
#2192 = ORIENTED_EDGE('',*,*,#1835,.F.);
#2193 = ORIENTED_EDGE('',*,*,#1809,.T.);
#2194 = ORIENTED_EDGE('',*,*,#1723,.T.);
#2195 = ORIENTED_EDGE('',*,*,#1706,.F.);
#2196 = ORIENTED_EDGE('',*,*,#1629,.F.);
#2197 = ORIENTED_EDGE('',*,*,#1603,.T.);
#2198 = ORIENTED_EDGE('',*,*,#1517,.T.);
#2199 = ORIENTED_EDGE('',*,*,#1499,.T.);
#2200 = ORIENTED_EDGE('',*,*,#1414,.T.);
#2201 = ORIENTED_EDGE('',*,*,#1397,.T.);
#2202 = ORIENTED_EDGE('',*,*,#1311,.T.);
#2203 = ORIENTED_EDGE('',*,*,#1294,.F.);
#2204 = ORIENTED_EDGE('',*,*,#1217,.F.);
#2205 = ORIENTED_EDGE('',*,*,#1191,.T.);
#2206 = ORIENTED_EDGE('',*,*,#1105,.T.);
#2207 = ORIENTED_EDGE('',*,*,#1088,.F.);
#2208 = ORIENTED_EDGE('',*,*,#1011,.F.);
#2209 = ORIENTED_EDGE('',*,*,#973,.T.);
#2210 = ORIENTED_EDGE('',*,*,#908,.F.);
#2211 = ORIENTED_EDGE('',*,*,#872,.F.);
#2212 = FACE_BOUND('',#2213,.F.);
#2213 = EDGE_LOOP('',(#2214));
#2214 = ORIENTED_EDGE('',*,*,#2064,.F.);
#2215 = FACE_BOUND('',#2216,.F.);
#2216 = EDGE_LOOP('',(#2217,#2218));
#2217 = ORIENTED_EDGE('',*,*,#2021,.F.);
#2218 = ORIENTED_EDGE('',*,*,#2032,.F.);
#2219 = FACE_BOUND('',#2220,.F.);
#2220 = EDGE_LOOP('',(#2221));
#2221 = ORIENTED_EDGE('',*,*,#2089,.F.);
#2222 = FACE_BOUND('',#2223,.F.);
#2223 = EDGE_LOOP('',(#2224));
#2224 = ORIENTED_EDGE('',*,*,#2114,.F.);
#2225 = FACE_BOUND('',#2226,.F.);
#2226 = EDGE_LOOP('',(#2227,#2228));
#2227 = ORIENTED_EDGE('',*,*,#2130,.F.);
#2228 = ORIENTED_EDGE('',*,*,#2141,.F.);
#2229 = FACE_BOUND('',#2230,.F.);
#2230 = EDGE_LOOP('',(#2231));
#2231 = ORIENTED_EDGE('',*,*,#2173,.F.);
#2232 = PLANE('',#2233);
#2233 = AXIS2_PLACEMENT_3D('',#2234,#2235,#2236);
#2234 = CARTESIAN_POINT('',(-1.166882246434E-14,1.605911987866E-15,0.));
#2235 = DIRECTION('',(0.,0.,1.));
#2236 = DIRECTION('',(1.,0.,0.));
#2237 = ( GEOMETRIC_REPRESENTATION_CONTEXT(3) 
GLOBAL_UNCERTAINTY_ASSIGNED_CONTEXT((#2241)) 
GLOBAL_UNIT_ASSIGNED_CONTEXT((#2238,#2239,#2240)) REPRESENTATION_CONTEXT
('Context #1','3D Context with UNIT and UNCERTAINTY') );
#2238 = ( LENGTH_UNIT() NAMED_UNIT(*) SI_UNIT(.MILLI.,.METRE.) );
#2239 = ( NAMED_UNIT(*) PLANE_ANGLE_UNIT() SI_UNIT($,.RADIAN.) );
#2240 = ( NAMED_UNIT(*) SI_UNIT($,.STERADIAN.) SOLID_ANGLE_UNIT() );
#2241 = UNCERTAINTY_MEASURE_WITH_UNIT(LENGTH_MEASURE(2.E-06),#2238,
  'distance_accuracy_value','confusion accuracy');
#2242 = PRODUCT_RELATED_PRODUCT_CATEGORY('part',$,(#7));
#2243 = MECHANICAL_DESIGN_GEOMETRIC_PRESENTATION_REPRESENTATION('',(
    #2244),#2237);
#2244 = STYLED_ITEM('color',(#2245),#15);
#2245 = PRESENTATION_STYLE_ASSIGNMENT((#2246,#2252));
#2246 = SURFACE_STYLE_USAGE(.BOTH.,#2247);
#2247 = SURFACE_SIDE_STYLE('',(#2248));
#2248 = SURFACE_STYLE_FILL_AREA(#2249);
#2249 = FILL_AREA_STYLE('',(#2250));
#2250 = FILL_AREA_STYLE_COLOUR('',#2251);
#2251 = COLOUR_RGB('',0.678431390124,0.709803936702,0.741176476869);
#2252 = CURVE_STYLE('',#2253,POSITIVE_LENGTH_MEASURE(0.1),#2254);
#2253 = DRAUGHTING_PRE_DEFINED_CURVE_FONT('continuous');
#2254 = COLOUR_RGB('',9.803921802644E-02,9.803921802644E-02,
  9.803921802644E-02);
ENDSEC;
END-ISO-10303-21;
