ISO-10303-21;
HEADER;
FILE_DESCRIPTION(('FreeCAD Model'),'2;1');
FILE_NAME('Open CASCADE Shape Model','2026-09-24T10:28:28',(''),(''),
  'Open CASCADE STEP processor 7.8','FreeCAD','Unknown');
FILE_SCHEMA(('AUTOMOTIVE_DESIGN { 1 0 10303 214 1 1 1 1 }'));
ENDSEC;
DATA;
#1 = APPLICATION_PROTOCOL_DEFINITION('international standard',
  'automotive_design',2000,#2);
#2 = APPLICATION_CONTEXT(
  'core data for automotive mechanical design processes');
#3 = SHAPE_DEFINITION_REPRESENTATION(#4,#10);
#4 = PRODUCT_DEFINITION_SHAPE('','',#5);
#5 = PRODUCT_DEFINITION('design','',#6,#9);
#6 = PRODUCT_DEFINITION_FORMATION('','',#7);
#7 = PRODUCT('Assembly','Assembly','',(#8));
#8 = PRODUCT_CONTEXT('',#2,'mechanical');
#9 = PRODUCT_DEFINITION_CONTEXT('part definition',#2,'design');
#10 = SHAPE_REPRESENTATION('',(#11,#15,#19),#23);
#11 = AXIS2_PLACEMENT_3D('',#12,#13,#14);
#12 = CARTESIAN_POINT('',(0.,0.,0.));
#13 = DIRECTION('',(0.,0.,1.));
#14 = DIRECTION('',(1.,0.,-0.));
#15 = AXIS2_PLACEMENT_3D('',#16,#17,#18);
#16 = CARTESIAN_POINT('',(0.,0.,0.));
#17 = DIRECTION('',(0.,0.,1.));
#18 = DIRECTION('',(1.,0.,0.));
#19 = AXIS2_PLACEMENT_3D('',#20,#21,#22);
#20 = CARTESIAN_POINT('',(-59.76,34.5,45.000000000001));
#21 = DIRECTION('',(-2.423899142805E-15,0.,1.));
#22 = DIRECTION('',(-1.,0.,-2.423899142805E-15));
#23 = ( GEOMETRIC_REPRESENTATION_CONTEXT(3) 
GLOBAL_UNCERTAINTY_ASSIGNED_CONTEXT((#27)) GLOBAL_UNIT_ASSIGNED_CONTEXT(
(#24,#25,#26)) REPRESENTATION_CONTEXT('Context #1',
  '3D Context with UNIT and UNCERTAINTY') );
#24 = ( LENGTH_UNIT() NAMED_UNIT(*) SI_UNIT(.MILLI.,.METRE.) );
#25 = ( NAMED_UNIT(*) PLANE_ANGLE_UNIT() SI_UNIT($,.RADIAN.) );
#26 = ( NAMED_UNIT(*) SI_UNIT($,.STERADIAN.) SOLID_ANGLE_UNIT() );
#27 = UNCERTAINTY_MEASURE_WITH_UNIT(LENGTH_MEASURE(1.E-07),#24,
  'distance_accuracy_value','confusion accuracy');
#28 = PRODUCT_RELATED_PRODUCT_CATEGORY('part',$,(#7));
#29 = SHAPE_DEFINITION_REPRESENTATION(#30,#36);
#30 = PRODUCT_DEFINITION_SHAPE('','',#31);
#31 = PRODUCT_DEFINITION('design','',#32,#35);
#32 = PRODUCT_DEFINITION_FORMATION('','',#33);
#33 = PRODUCT('casing_base','casing_base','',(#34));
#34 = PRODUCT_CONTEXT('',#2,'mechanical');
#35 = PRODUCT_DEFINITION_CONTEXT('part definition',#2,'design');
#36 = ADVANCED_BREP_SHAPE_REPRESENTATION('',(#11,#37),#1903);
#37 = MANIFOLD_SOLID_BREP('',#38);
#38 = CLOSED_SHELL('',(#39,#72,#81,#114,#123,#156,#165,#198,#207,#240,
    #249,#282,#291,#333,#366,#649,#681,#706,#724,#818,#850,#875,#1116,
    #1138,#1155,#1177,#1194,#1211,#1223,#1240,#1257,#1274,#1286,#1303,
    #1320,#1337,#1349,#1366,#1383,#1395,#1412,#1429,#1446,#1463,#1480,
    #1497,#1522,#1547,#1572,#1597,#1622,#1647,#1682,#1699,#1724,#1762,
    #1787,#1807,#1832,#1852,#1869,#1886));
#39 = ADVANCED_FACE('',(#40),#67,.F.);
#40 = FACE_BOUND('',#41,.F.);
#41 = EDGE_LOOP('',(#42,#52,#59,#60));
#42 = ORIENTED_EDGE('',*,*,#43,.T.);
#43 = EDGE_CURVE('',#44,#46,#48,.T.);
#44 = VERTEX_POINT('',#45);
#45 = CARTESIAN_POINT('',(-36.64,-20.,15.));
#46 = VERTEX_POINT('',#47);
#47 = CARTESIAN_POINT('',(-36.64,-20.,10.));
#48 = LINE('',#49,#50);
#49 = CARTESIAN_POINT('',(-36.64,-20.,12.5));
#50 = VECTOR('',#51,1.);
#51 = DIRECTION('',(0.,0.,-1.));
#52 = ORIENTED_EDGE('',*,*,#53,.F.);
#53 = EDGE_CURVE('',#46,#46,#54,.T.);
#54 = CIRCLE('',#55,2.);
#55 = AXIS2_PLACEMENT_3D('',#56,#57,#58);
#56 = CARTESIAN_POINT('',(-34.64,-20.,10.));
#57 = DIRECTION('',(0.,0.,-1.));
#58 = DIRECTION('',(1.,0.,0.));
#59 = ORIENTED_EDGE('',*,*,#43,.F.);
#60 = ORIENTED_EDGE('',*,*,#61,.T.);
#61 = EDGE_CURVE('',#44,#44,#62,.T.);
#62 = CIRCLE('',#63,2.);
#63 = AXIS2_PLACEMENT_3D('',#64,#65,#66);
#64 = CARTESIAN_POINT('',(-34.64,-20.,15.));
#65 = DIRECTION('',(0.,0.,-1.));
#66 = DIRECTION('',(1.,0.,0.));
#67 = CYLINDRICAL_SURFACE('',#68,2.);
#68 = AXIS2_PLACEMENT_3D('',#69,#70,#71);
#69 = CARTESIAN_POINT('',(-34.64,-20.,12.5));
#70 = DIRECTION('',(0.,0.,-1.));
#71 = DIRECTION('',(1.,0.,0.));
#72 = ADVANCED_FACE('',(#73),#76,.F.);
#73 = FACE_BOUND('',#74,.T.);
#74 = EDGE_LOOP('',(#75));
#75 = ORIENTED_EDGE('',*,*,#53,.F.);
#76 = PLANE('',#77);
#77 = AXIS2_PLACEMENT_3D('',#78,#79,#80);
#78 = CARTESIAN_POINT('',(-34.64,-20.,10.));
#79 = DIRECTION('',(0.,0.,-1.));
#80 = DIRECTION('',(1.,0.,0.));
#81 = ADVANCED_FACE('',(#82),#109,.F.);
#82 = FACE_BOUND('',#83,.F.);
#83 = EDGE_LOOP('',(#84,#94,#101,#102));
#84 = ORIENTED_EDGE('',*,*,#85,.T.);
#85 = EDGE_CURVE('',#86,#88,#90,.T.);
#86 = VERTEX_POINT('',#87);
#87 = CARTESIAN_POINT('',(32.64,-20.,15.));
#88 = VERTEX_POINT('',#89);
#89 = CARTESIAN_POINT('',(32.64,-20.,10.));
#90 = LINE('',#91,#92);
#91 = CARTESIAN_POINT('',(32.64,-20.,12.5));
#92 = VECTOR('',#93,1.);
#93 = DIRECTION('',(0.,0.,-1.));
#94 = ORIENTED_EDGE('',*,*,#95,.F.);
#95 = EDGE_CURVE('',#88,#88,#96,.T.);
#96 = CIRCLE('',#97,2.);
#97 = AXIS2_PLACEMENT_3D('',#98,#99,#100);
#98 = CARTESIAN_POINT('',(34.64,-20.,10.));
#99 = DIRECTION('',(0.,0.,-1.));
#100 = DIRECTION('',(1.,0.,0.));
#101 = ORIENTED_EDGE('',*,*,#85,.F.);
#102 = ORIENTED_EDGE('',*,*,#103,.T.);
#103 = EDGE_CURVE('',#86,#86,#104,.T.);
#104 = CIRCLE('',#105,2.);
#105 = AXIS2_PLACEMENT_3D('',#106,#107,#108);
#106 = CARTESIAN_POINT('',(34.64,-20.,15.));
#107 = DIRECTION('',(0.,0.,-1.));
#108 = DIRECTION('',(1.,0.,0.));
#109 = CYLINDRICAL_SURFACE('',#110,2.);
#110 = AXIS2_PLACEMENT_3D('',#111,#112,#113);
#111 = CARTESIAN_POINT('',(34.64,-20.,12.5));
#112 = DIRECTION('',(0.,0.,-1.));
#113 = DIRECTION('',(1.,0.,0.));
#114 = ADVANCED_FACE('',(#115),#118,.F.);
#115 = FACE_BOUND('',#116,.T.);
#116 = EDGE_LOOP('',(#117));
#117 = ORIENTED_EDGE('',*,*,#95,.F.);
#118 = PLANE('',#119);
#119 = AXIS2_PLACEMENT_3D('',#120,#121,#122);
#120 = CARTESIAN_POINT('',(34.64,-20.,10.));
#121 = DIRECTION('',(0.,0.,-1.));
#122 = DIRECTION('',(1.,0.,0.));
#123 = ADVANCED_FACE('',(#124),#151,.F.);
#124 = FACE_BOUND('',#125,.F.);
#125 = EDGE_LOOP('',(#126,#136,#143,#144));
#126 = ORIENTED_EDGE('',*,*,#127,.T.);
#127 = EDGE_CURVE('',#128,#130,#132,.T.);
#128 = VERTEX_POINT('',#129);
#129 = CARTESIAN_POINT('',(-2.,40.,15.));
#130 = VERTEX_POINT('',#131);
#131 = CARTESIAN_POINT('',(-2.,40.,10.));
#132 = LINE('',#133,#134);
#133 = CARTESIAN_POINT('',(-2.,40.,12.5));
#134 = VECTOR('',#135,1.);
#135 = DIRECTION('',(0.,0.,-1.));
#136 = ORIENTED_EDGE('',*,*,#137,.F.);
#137 = EDGE_CURVE('',#130,#130,#138,.T.);
#138 = CIRCLE('',#139,2.);
#139 = AXIS2_PLACEMENT_3D('',#140,#141,#142);
#140 = CARTESIAN_POINT('',(0.,40.,10.));
#141 = DIRECTION('',(0.,0.,-1.));
#142 = DIRECTION('',(1.,0.,0.));
#143 = ORIENTED_EDGE('',*,*,#127,.F.);
#144 = ORIENTED_EDGE('',*,*,#145,.T.);
#145 = EDGE_CURVE('',#128,#128,#146,.T.);
#146 = CIRCLE('',#147,2.);
#147 = AXIS2_PLACEMENT_3D('',#148,#149,#150);
#148 = CARTESIAN_POINT('',(0.,40.,15.));
#149 = DIRECTION('',(0.,0.,-1.));
#150 = DIRECTION('',(1.,0.,0.));
#151 = CYLINDRICAL_SURFACE('',#152,2.);
#152 = AXIS2_PLACEMENT_3D('',#153,#154,#155);
#153 = CARTESIAN_POINT('',(0.,40.,12.5));
#154 = DIRECTION('',(0.,0.,-1.));
#155 = DIRECTION('',(1.,0.,0.));
#156 = ADVANCED_FACE('',(#157),#160,.F.);
#157 = FACE_BOUND('',#158,.T.);
#158 = EDGE_LOOP('',(#159));
#159 = ORIENTED_EDGE('',*,*,#137,.F.);
#160 = PLANE('',#161);
#161 = AXIS2_PLACEMENT_3D('',#162,#163,#164);
#162 = CARTESIAN_POINT('',(0.,40.,10.));
#163 = DIRECTION('',(0.,0.,-1.));
#164 = DIRECTION('',(1.,0.,0.));
#165 = ADVANCED_FACE('',(#166),#193,.F.);
#166 = FACE_BOUND('',#167,.F.);
#167 = EDGE_LOOP('',(#168,#178,#185,#186));
#168 = ORIENTED_EDGE('',*,*,#169,.T.);
#169 = EDGE_CURVE('',#170,#172,#174,.T.);
#170 = VERTEX_POINT('',#171);
#171 = CARTESIAN_POINT('',(32.64,20.,15.));
#172 = VERTEX_POINT('',#173);
#173 = CARTESIAN_POINT('',(32.64,20.,10.));
#174 = LINE('',#175,#176);
#175 = CARTESIAN_POINT('',(32.64,20.,12.5));
#176 = VECTOR('',#177,1.);
#177 = DIRECTION('',(0.,0.,-1.));
#178 = ORIENTED_EDGE('',*,*,#179,.F.);
#179 = EDGE_CURVE('',#172,#172,#180,.T.);
#180 = CIRCLE('',#181,2.);
#181 = AXIS2_PLACEMENT_3D('',#182,#183,#184);
#182 = CARTESIAN_POINT('',(34.64,20.,10.));
#183 = DIRECTION('',(0.,0.,-1.));
#184 = DIRECTION('',(1.,0.,0.));
#185 = ORIENTED_EDGE('',*,*,#169,.F.);
#186 = ORIENTED_EDGE('',*,*,#187,.T.);
#187 = EDGE_CURVE('',#170,#170,#188,.T.);
#188 = CIRCLE('',#189,2.);
#189 = AXIS2_PLACEMENT_3D('',#190,#191,#192);
#190 = CARTESIAN_POINT('',(34.64,20.,15.));
#191 = DIRECTION('',(0.,0.,-1.));
#192 = DIRECTION('',(1.,0.,0.));
#193 = CYLINDRICAL_SURFACE('',#194,2.);
#194 = AXIS2_PLACEMENT_3D('',#195,#196,#197);
#195 = CARTESIAN_POINT('',(34.64,20.,12.5));
#196 = DIRECTION('',(0.,0.,-1.));
#197 = DIRECTION('',(1.,0.,0.));
#198 = ADVANCED_FACE('',(#199),#202,.F.);
#199 = FACE_BOUND('',#200,.T.);
#200 = EDGE_LOOP('',(#201));
#201 = ORIENTED_EDGE('',*,*,#179,.F.);
#202 = PLANE('',#203);
#203 = AXIS2_PLACEMENT_3D('',#204,#205,#206);
#204 = CARTESIAN_POINT('',(34.64,20.,10.));
#205 = DIRECTION('',(0.,0.,-1.));
#206 = DIRECTION('',(1.,0.,0.));
#207 = ADVANCED_FACE('',(#208),#235,.F.);
#208 = FACE_BOUND('',#209,.F.);
#209 = EDGE_LOOP('',(#210,#220,#227,#228));
#210 = ORIENTED_EDGE('',*,*,#211,.T.);
#211 = EDGE_CURVE('',#212,#214,#216,.T.);
#212 = VERTEX_POINT('',#213);
#213 = CARTESIAN_POINT('',(-2.,-40.,15.));
#214 = VERTEX_POINT('',#215);
#215 = CARTESIAN_POINT('',(-2.,-40.,10.));
#216 = LINE('',#217,#218);
#217 = CARTESIAN_POINT('',(-2.,-40.,12.5));
#218 = VECTOR('',#219,1.);
#219 = DIRECTION('',(0.,0.,-1.));
#220 = ORIENTED_EDGE('',*,*,#221,.F.);
#221 = EDGE_CURVE('',#214,#214,#222,.T.);
#222 = CIRCLE('',#223,2.);
#223 = AXIS2_PLACEMENT_3D('',#224,#225,#226);
#224 = CARTESIAN_POINT('',(0.,-40.,10.));
#225 = DIRECTION('',(0.,0.,-1.));
#226 = DIRECTION('',(1.,0.,0.));
#227 = ORIENTED_EDGE('',*,*,#211,.F.);
#228 = ORIENTED_EDGE('',*,*,#229,.T.);
#229 = EDGE_CURVE('',#212,#212,#230,.T.);
#230 = CIRCLE('',#231,2.);
#231 = AXIS2_PLACEMENT_3D('',#232,#233,#234);
#232 = CARTESIAN_POINT('',(0.,-40.,15.));
#233 = DIRECTION('',(0.,0.,-1.));
#234 = DIRECTION('',(1.,0.,0.));
#235 = CYLINDRICAL_SURFACE('',#236,2.);
#236 = AXIS2_PLACEMENT_3D('',#237,#238,#239);
#237 = CARTESIAN_POINT('',(0.,-40.,12.5));
#238 = DIRECTION('',(0.,0.,-1.));
#239 = DIRECTION('',(1.,0.,0.));
#240 = ADVANCED_FACE('',(#241),#244,.F.);
#241 = FACE_BOUND('',#242,.T.);
#242 = EDGE_LOOP('',(#243));
#243 = ORIENTED_EDGE('',*,*,#221,.F.);
#244 = PLANE('',#245);
#245 = AXIS2_PLACEMENT_3D('',#246,#247,#248);
#246 = CARTESIAN_POINT('',(0.,-40.,10.));
#247 = DIRECTION('',(0.,0.,-1.));
#248 = DIRECTION('',(1.,0.,0.));
#249 = ADVANCED_FACE('',(#250),#277,.F.);
#250 = FACE_BOUND('',#251,.F.);
#251 = EDGE_LOOP('',(#252,#262,#269,#270));
#252 = ORIENTED_EDGE('',*,*,#253,.T.);
#253 = EDGE_CURVE('',#254,#256,#258,.T.);
#254 = VERTEX_POINT('',#255);
#255 = CARTESIAN_POINT('',(-36.64,20.,15.));
#256 = VERTEX_POINT('',#257);
#257 = CARTESIAN_POINT('',(-36.64,20.,10.));
#258 = LINE('',#259,#260);
#259 = CARTESIAN_POINT('',(-36.64,20.,12.5));
#260 = VECTOR('',#261,1.);
#261 = DIRECTION('',(0.,0.,-1.));
#262 = ORIENTED_EDGE('',*,*,#263,.F.);
#263 = EDGE_CURVE('',#256,#256,#264,.T.);
#264 = CIRCLE('',#265,2.);
#265 = AXIS2_PLACEMENT_3D('',#266,#267,#268);
#266 = CARTESIAN_POINT('',(-34.64,20.,10.));
#267 = DIRECTION('',(0.,0.,-1.));
#268 = DIRECTION('',(1.,0.,0.));
#269 = ORIENTED_EDGE('',*,*,#253,.F.);
#270 = ORIENTED_EDGE('',*,*,#271,.T.);
#271 = EDGE_CURVE('',#254,#254,#272,.T.);
#272 = CIRCLE('',#273,2.);
#273 = AXIS2_PLACEMENT_3D('',#274,#275,#276);
#274 = CARTESIAN_POINT('',(-34.64,20.,15.));
#275 = DIRECTION('',(0.,0.,-1.));
#276 = DIRECTION('',(1.,0.,0.));
#277 = CYLINDRICAL_SURFACE('',#278,2.);
#278 = AXIS2_PLACEMENT_3D('',#279,#280,#281);
#279 = CARTESIAN_POINT('',(-34.64,20.,12.5));
#280 = DIRECTION('',(0.,0.,-1.));
#281 = DIRECTION('',(1.,0.,0.));
#282 = ADVANCED_FACE('',(#283),#286,.F.);
#283 = FACE_BOUND('',#284,.T.);
#284 = EDGE_LOOP('',(#285));
#285 = ORIENTED_EDGE('',*,*,#263,.F.);
#286 = PLANE('',#287);
#287 = AXIS2_PLACEMENT_3D('',#288,#289,#290);
#288 = CARTESIAN_POINT('',(-34.64,20.,10.));
#289 = DIRECTION('',(0.,0.,-1.));
#290 = DIRECTION('',(1.,0.,0.));
#291 = ADVANCED_FACE('',(#292),#328,.T.);
#292 = FACE_BOUND('',#293,.T.);
#293 = EDGE_LOOP('',(#294,#305,#313,#322));
#294 = ORIENTED_EDGE('',*,*,#295,.T.);
#295 = EDGE_CURVE('',#296,#298,#300,.T.);
#296 = VERTEX_POINT('',#297);
#297 = CARTESIAN_POINT('',(47.659293251383,57.910204340675,40.));
#298 = VERTEX_POINT('',#299);
#299 = CARTESIAN_POINT('',(40.142003976092,56.532339681168,40.));
#300 = CIRCLE('',#301,5.);
#301 = AXIS2_PLACEMENT_3D('',#302,#303,#304);
#302 = CARTESIAN_POINT('',(44.482007034624,54.049524051297,40.));
#303 = DIRECTION('',(0.,0.,1.));
#304 = DIRECTION('',(-0.180289252981,0.98361363617,0.));
#305 = ORIENTED_EDGE('',*,*,#306,.T.);
#306 = EDGE_CURVE('',#298,#307,#309,.T.);
#307 = VERTEX_POINT('',#308);
#308 = CARTESIAN_POINT('',(40.142003976092,56.532339681168,45.));
#309 = LINE('',#310,#311);
#310 = CARTESIAN_POINT('',(40.142003976092,56.532339681168,42.));
#311 = VECTOR('',#312,1.);
#312 = DIRECTION('',(0.,0.,1.));
#313 = ORIENTED_EDGE('',*,*,#314,.T.);
#314 = EDGE_CURVE('',#307,#315,#317,.T.);
#315 = VERTEX_POINT('',#316);
#316 = CARTESIAN_POINT('',(47.659293251383,57.910204340675,45.));
#317 = CIRCLE('',#318,5.);
#318 = AXIS2_PLACEMENT_3D('',#319,#320,#321);
#319 = CARTESIAN_POINT('',(44.482007034624,54.049524051297,45.));
#320 = DIRECTION('',(0.,0.,-1.));
#321 = DIRECTION('',(-0.180289252981,0.98361363617,0.));
#322 = ORIENTED_EDGE('',*,*,#323,.T.);
#323 = EDGE_CURVE('',#315,#296,#324,.T.);
#324 = LINE('',#325,#326);
#325 = CARTESIAN_POINT('',(47.659293251383,57.910204340675,42.));
#326 = VECTOR('',#327,1.);
#327 = DIRECTION('',(0.,0.,-1.));
#328 = CYLINDRICAL_SURFACE('',#329,5.);
#329 = AXIS2_PLACEMENT_3D('',#330,#331,#332);
#330 = CARTESIAN_POINT('',(44.482007034624,54.049524051297,42.));
#331 = DIRECTION('',(0.,0.,-1.));
#332 = DIRECTION('',(-0.180289252981,0.98361363617,0.));
#333 = ADVANCED_FACE('',(#334),#361,.T.);
#334 = FACE_BOUND('',#335,.T.);
#335 = EDGE_LOOP('',(#336,#337,#346,#354));
#336 = ORIENTED_EDGE('',*,*,#323,.F.);
#337 = ORIENTED_EDGE('',*,*,#338,.T.);
#338 = EDGE_CURVE('',#315,#339,#341,.T.);
#339 = VERTEX_POINT('',#340);
#340 = CARTESIAN_POINT('',(73.98097826087,12.321317119722,45.));
#341 = CIRCLE('',#342,75.);
#342 = AXIS2_PLACEMENT_3D('',#343,#344,#345);
#343 = CARTESIAN_POINT('',(0.,0.,45.));
#344 = DIRECTION('',(0.,0.,-1.));
#345 = DIRECTION('',(1.,0.,0.));
#346 = ORIENTED_EDGE('',*,*,#347,.F.);
#347 = EDGE_CURVE('',#348,#339,#350,.T.);
#348 = VERTEX_POINT('',#349);
#349 = CARTESIAN_POINT('',(73.98097826087,12.321317119722,40.));
#350 = LINE('',#351,#352);
#351 = CARTESIAN_POINT('',(73.98097826087,12.321317119722,42.));
#352 = VECTOR('',#353,1.);
#353 = DIRECTION('',(0.,0.,1.));
#354 = ORIENTED_EDGE('',*,*,#355,.F.);
#355 = EDGE_CURVE('',#296,#348,#356,.T.);
#356 = CIRCLE('',#357,75.);
#357 = AXIS2_PLACEMENT_3D('',#358,#359,#360);
#358 = CARTESIAN_POINT('',(0.,0.,40.));
#359 = DIRECTION('',(0.,0.,-1.));
#360 = DIRECTION('',(1.,0.,0.));
#361 = CYLINDRICAL_SURFACE('',#362,75.);
#362 = AXIS2_PLACEMENT_3D('',#363,#364,#365);
#363 = CARTESIAN_POINT('',(0.,0.,42.5));
#364 = DIRECTION('',(0.,0.,-1.));
#365 = DIRECTION('',(0.,1.,0.));
#366 = ADVANCED_FACE('',(#367,#567,#578,#589,#600,#611,#622,#633),#644,
  .T.);
#367 = FACE_BOUND('',#368,.T.);
#368 = EDGE_LOOP('',(#369,#370,#379,#388,#397,#406,#415,#424,#433,#442,
    #451,#460,#469,#478,#487,#496,#505,#514,#523,#532,#541,#550,#559,
    #566));
#369 = ORIENTED_EDGE('',*,*,#314,.F.);
#370 = ORIENTED_EDGE('',*,*,#371,.F.);
#371 = EDGE_CURVE('',#372,#307,#374,.T.);
#372 = VERTEX_POINT('',#373);
#373 = CARTESIAN_POINT('',(28.883560784112,63.03194292955,45.));
#374 = CIRCLE('',#375,6.5);
#375 = AXIS2_PLACEMENT_3D('',#376,#377,#378);
#376 = CARTESIAN_POINT('',(34.5,59.76,45.));
#377 = DIRECTION('',(0.,0.,1.));
#378 = DIRECTION('',(-1.,0.,0.));
#379 = ORIENTED_EDGE('',*,*,#380,.F.);
#380 = EDGE_CURVE('',#381,#372,#383,.T.);
#381 = VERTEX_POINT('',#382);
#382 = CARTESIAN_POINT('',(26.317738849003,70.230880827993,45.));
#383 = CIRCLE('',#384,5.);
#384 = AXIS2_PLACEMENT_3D('',#385,#386,#387);
#385 = CARTESIAN_POINT('',(24.563222925736,65.548822106126,45.));
#386 = DIRECTION('',(0.,0.,-1.));
#387 = DIRECTION('',(0.941958360725,0.335729722635,0.));
#388 = ORIENTED_EDGE('',*,*,#389,.F.);
#389 = EDGE_CURVE('',#390,#381,#392,.T.);
#390 = VERTEX_POINT('',#391);
#391 = CARTESIAN_POINT('',(-26.317738849,70.230880827993,45.));
#392 = CIRCLE('',#393,75.);
#393 = AXIS2_PLACEMENT_3D('',#394,#395,#396);
#394 = CARTESIAN_POINT('',(0.,0.,45.));
#395 = DIRECTION('',(0.,0.,-1.));
#396 = DIRECTION('',(1.,0.,0.));
#397 = ORIENTED_EDGE('',*,*,#398,.F.);
#398 = EDGE_CURVE('',#399,#390,#401,.T.);
#399 = VERTEX_POINT('',#400);
#400 = CARTESIAN_POINT('',(-28.88356078411,63.03194292955,45.));
#401 = CIRCLE('',#402,5.);
#402 = AXIS2_PLACEMENT_3D('',#403,#404,#405);
#403 = CARTESIAN_POINT('',(-24.56322292573,65.548822106126,45.));
#404 = DIRECTION('',(0.,0.,-1.));
#405 = DIRECTION('',(-0.941958360725,0.335729722635,0.));
#406 = ORIENTED_EDGE('',*,*,#407,.F.);
#407 = EDGE_CURVE('',#408,#399,#410,.T.);
#408 = VERTEX_POINT('',#409);
#409 = CARTESIAN_POINT('',(-40.14200397609,56.532339681168,45.));
#410 = CIRCLE('',#411,6.5);
#411 = AXIS2_PLACEMENT_3D('',#412,#413,#414);
#412 = CARTESIAN_POINT('',(-34.5,59.76,45.));
#413 = DIRECTION('',(0.,0.,1.));
#414 = DIRECTION('',(1.,0.,-0.));
#415 = ORIENTED_EDGE('',*,*,#416,.F.);
#416 = EDGE_CURVE('',#417,#408,#419,.T.);
#417 = VERTEX_POINT('',#418);
#418 = CARTESIAN_POINT('',(-47.65929325138,57.910204340675,45.));
#419 = CIRCLE('',#420,5.);
#420 = AXIS2_PLACEMENT_3D('',#421,#422,#423);
#421 = CARTESIAN_POINT('',(-44.48200703462,54.049524051297,45.));
#422 = DIRECTION('',(0.,0.,-1.));
#423 = DIRECTION('',(0.180289252981,0.98361363617,0.));
#424 = ORIENTED_EDGE('',*,*,#425,.F.);
#425 = EDGE_CURVE('',#426,#417,#428,.T.);
#426 = VERTEX_POINT('',#427);
#427 = CARTESIAN_POINT('',(-73.98097826087,12.321317119722,45.));
#428 = CIRCLE('',#429,75.);
#429 = AXIS2_PLACEMENT_3D('',#430,#431,#432);
#430 = CARTESIAN_POINT('',(0.,0.,45.));
#431 = DIRECTION('',(0.,0.,-1.));
#432 = DIRECTION('',(1.,0.,0.));
#433 = ORIENTED_EDGE('',*,*,#434,.F.);
#434 = EDGE_CURVE('',#435,#426,#437,.T.);
#435 = VERTEX_POINT('',#436);
#436 = CARTESIAN_POINT('',(-69.02764650283,6.499941205186,45.));
#437 = CIRCLE('',#438,5.);
#438 = AXIS2_PLACEMENT_3D('',#439,#440,#441);
#439 = CARTESIAN_POINT('',(-69.04891304347,11.499895978407,45.));
#440 = DIRECTION('',(0.,0.,-1.));
#441 = DIRECTION('',(-0.76160594261,-0.648040421719,-0.));
#442 = ORIENTED_EDGE('',*,*,#443,.T.);
#443 = EDGE_CURVE('',#435,#444,#446,.T.);
#444 = VERTEX_POINT('',#445);
#445 = CARTESIAN_POINT('',(-69.02764650283,-6.499941205186,45.));
#446 = CIRCLE('',#447,6.5);
#447 = AXIS2_PLACEMENT_3D('',#448,#449,#450);
#448 = CARTESIAN_POINT('',(-69.,0.,45.));
#449 = DIRECTION('',(0.,0.,-1.));
#450 = DIRECTION('',(1.,0.,0.));
#451 = ORIENTED_EDGE('',*,*,#452,.F.);
#452 = EDGE_CURVE('',#453,#444,#455,.T.);
#453 = VERTEX_POINT('',#454);
#454 = CARTESIAN_POINT('',(-73.98097826087,-12.32131711972,45.));
#455 = CIRCLE('',#456,5.);
#456 = AXIS2_PLACEMENT_3D('',#457,#458,#459);
#457 = CARTESIAN_POINT('',(-69.04891304347,-11.4998959784,45.));
#458 = DIRECTION('',(0.,0.,-1.));
#459 = DIRECTION('',(-0.76160594261,0.648040421719,0.));
#460 = ORIENTED_EDGE('',*,*,#461,.F.);
#461 = EDGE_CURVE('',#462,#453,#464,.T.);
#462 = VERTEX_POINT('',#463);
#463 = CARTESIAN_POINT('',(-47.65929325138,-57.91020434067,45.));
#464 = CIRCLE('',#465,75.);
#465 = AXIS2_PLACEMENT_3D('',#466,#467,#468);
#466 = CARTESIAN_POINT('',(0.,0.,45.));
#467 = DIRECTION('',(0.,0.,-1.));
#468 = DIRECTION('',(1.,0.,0.));
#469 = ORIENTED_EDGE('',*,*,#470,.F.);
#470 = EDGE_CURVE('',#471,#462,#473,.T.);
#471 = VERTEX_POINT('',#472);
#472 = CARTESIAN_POINT('',(-40.14200397609,-56.53233968116,45.));
#473 = CIRCLE('',#474,5.);
#474 = AXIS2_PLACEMENT_3D('',#475,#476,#477);
#475 = CARTESIAN_POINT('',(-44.48200703462,-54.04952405129,45.));
#476 = DIRECTION('',(0.,0.,-1.));
#477 = DIRECTION('',(0.180289252981,-0.98361363617,0.));
#478 = ORIENTED_EDGE('',*,*,#479,.T.);
#479 = EDGE_CURVE('',#471,#480,#482,.T.);
#480 = VERTEX_POINT('',#481);
#481 = CARTESIAN_POINT('',(-28.88356078411,-63.03194292955,45.));
#482 = CIRCLE('',#483,6.5);
#483 = AXIS2_PLACEMENT_3D('',#484,#485,#486);
#484 = CARTESIAN_POINT('',(-34.5,-59.76,45.));
#485 = DIRECTION('',(0.,0.,-1.));
#486 = DIRECTION('',(1.,0.,0.));
#487 = ORIENTED_EDGE('',*,*,#488,.F.);
#488 = EDGE_CURVE('',#489,#480,#491,.T.);
#489 = VERTEX_POINT('',#490);
#490 = CARTESIAN_POINT('',(-26.317738849,-70.23088082799,45.));
#491 = CIRCLE('',#492,5.);
#492 = AXIS2_PLACEMENT_3D('',#493,#494,#495);
#493 = CARTESIAN_POINT('',(-24.56322292573,-65.54882210612,45.));
#494 = DIRECTION('',(0.,0.,-1.));
#495 = DIRECTION('',(-0.941958360725,-0.335729722635,-0.));
#496 = ORIENTED_EDGE('',*,*,#497,.T.);
#497 = EDGE_CURVE('',#489,#498,#500,.T.);
#498 = VERTEX_POINT('',#499);
#499 = CARTESIAN_POINT('',(26.317738849003,-70.23088082799,45.));
#500 = CIRCLE('',#501,75.);
#501 = AXIS2_PLACEMENT_3D('',#502,#503,#504);
#502 = CARTESIAN_POINT('',(0.,0.,45.));
#503 = DIRECTION('',(0.,-0.,1.));
#504 = DIRECTION('',(0.,1.,0.));
#505 = ORIENTED_EDGE('',*,*,#506,.F.);
#506 = EDGE_CURVE('',#507,#498,#509,.T.);
#507 = VERTEX_POINT('',#508);
#508 = CARTESIAN_POINT('',(28.883560784112,-63.03194292955,45.));
#509 = CIRCLE('',#510,5.);
#510 = AXIS2_PLACEMENT_3D('',#511,#512,#513);
#511 = CARTESIAN_POINT('',(24.563222925736,-65.54882210612,45.));
#512 = DIRECTION('',(0.,0.,-1.));
#513 = DIRECTION('',(0.941958360725,-0.335729722635,0.));
#514 = ORIENTED_EDGE('',*,*,#515,.F.);
#515 = EDGE_CURVE('',#516,#507,#518,.T.);
#516 = VERTEX_POINT('',#517);
#517 = CARTESIAN_POINT('',(40.142003976092,-56.53233968116,45.));
#518 = CIRCLE('',#519,6.5);
#519 = AXIS2_PLACEMENT_3D('',#520,#521,#522);
#520 = CARTESIAN_POINT('',(34.5,-59.76,45.));
#521 = DIRECTION('',(0.,0.,1.));
#522 = DIRECTION('',(-1.,0.,0.));
#523 = ORIENTED_EDGE('',*,*,#524,.F.);
#524 = EDGE_CURVE('',#525,#516,#527,.T.);
#525 = VERTEX_POINT('',#526);
#526 = CARTESIAN_POINT('',(47.659293251383,-57.91020434067,45.));
#527 = CIRCLE('',#528,5.);
#528 = AXIS2_PLACEMENT_3D('',#529,#530,#531);
#529 = CARTESIAN_POINT('',(44.482007034624,-54.04952405129,45.));
#530 = DIRECTION('',(0.,0.,-1.));
#531 = DIRECTION('',(-0.180289252981,-0.98361363617,-0.));
#532 = ORIENTED_EDGE('',*,*,#533,.T.);
#533 = EDGE_CURVE('',#525,#534,#536,.T.);
#534 = VERTEX_POINT('',#535);
#535 = CARTESIAN_POINT('',(73.98097826087,-12.32131711972,45.));
#536 = CIRCLE('',#537,75.);
#537 = AXIS2_PLACEMENT_3D('',#538,#539,#540);
#538 = CARTESIAN_POINT('',(0.,0.,45.));
#539 = DIRECTION('',(0.,-0.,1.));
#540 = DIRECTION('',(0.,1.,0.));
#541 = ORIENTED_EDGE('',*,*,#542,.F.);
#542 = EDGE_CURVE('',#543,#534,#545,.T.);
#543 = VERTEX_POINT('',#544);
#544 = CARTESIAN_POINT('',(69.027646502836,-6.499941205186,45.));
#545 = CIRCLE('',#546,5.);
#546 = AXIS2_PLACEMENT_3D('',#547,#548,#549);
#547 = CARTESIAN_POINT('',(69.048913043478,-11.4998959784,45.));
#548 = DIRECTION('',(0.,0.,-1.));
#549 = DIRECTION('',(0.76160594261,0.648040421719,0.));
#550 = ORIENTED_EDGE('',*,*,#551,.F.);
#551 = EDGE_CURVE('',#552,#543,#554,.T.);
#552 = VERTEX_POINT('',#553);
#553 = CARTESIAN_POINT('',(69.027646502836,6.499941205186,45.));
#554 = CIRCLE('',#555,6.5);
#555 = AXIS2_PLACEMENT_3D('',#556,#557,#558);
#556 = CARTESIAN_POINT('',(69.,0.,45.));
#557 = DIRECTION('',(0.,0.,1.));
#558 = DIRECTION('',(-1.,0.,0.));
#559 = ORIENTED_EDGE('',*,*,#560,.F.);
#560 = EDGE_CURVE('',#339,#552,#561,.T.);
#561 = CIRCLE('',#562,5.);
#562 = AXIS2_PLACEMENT_3D('',#563,#564,#565);
#563 = CARTESIAN_POINT('',(69.048913043478,11.499895978407,45.));
#564 = DIRECTION('',(0.,0.,-1.));
#565 = DIRECTION('',(0.76160594261,-0.648040421719,0.));
#566 = ORIENTED_EDGE('',*,*,#338,.F.);
#567 = FACE_BOUND('',#568,.T.);
#568 = EDGE_LOOP('',(#569));
#569 = ORIENTED_EDGE('',*,*,#570,.T.);
#570 = EDGE_CURVE('',#571,#571,#573,.T.);
#571 = VERTEX_POINT('',#572);
#572 = CARTESIAN_POINT('',(-62.76,-34.5,45.));
#573 = CIRCLE('',#574,3.);
#574 = AXIS2_PLACEMENT_3D('',#575,#576,#577);
#575 = CARTESIAN_POINT('',(-59.76,-34.5,45.));
#576 = DIRECTION('',(0.,0.,-1.));
#577 = DIRECTION('',(1.,0.,0.));
#578 = FACE_BOUND('',#579,.T.);
#579 = EDGE_LOOP('',(#580));
#580 = ORIENTED_EDGE('',*,*,#581,.T.);
#581 = EDGE_CURVE('',#582,#582,#584,.T.);
#582 = VERTEX_POINT('',#583);
#583 = CARTESIAN_POINT('',(56.76,-34.5,45.));
#584 = CIRCLE('',#585,3.);
#585 = AXIS2_PLACEMENT_3D('',#586,#587,#588);
#586 = CARTESIAN_POINT('',(59.76,-34.5,45.));
#587 = DIRECTION('',(0.,0.,-1.));
#588 = DIRECTION('',(1.,0.,0.));
#589 = FACE_BOUND('',#590,.T.);
#590 = EDGE_LOOP('',(#591));
#591 = ORIENTED_EDGE('',*,*,#592,.T.);
#592 = EDGE_CURVE('',#593,#593,#595,.T.);
#593 = VERTEX_POINT('',#594);
#594 = CARTESIAN_POINT('',(-3.,69.,45.));
#595 = CIRCLE('',#596,3.);
#596 = AXIS2_PLACEMENT_3D('',#597,#598,#599);
#597 = CARTESIAN_POINT('',(0.,69.,45.));
#598 = DIRECTION('',(0.,0.,-1.));
#599 = DIRECTION('',(1.,0.,0.));
#600 = FACE_BOUND('',#601,.T.);
#601 = EDGE_LOOP('',(#602));
#602 = ORIENTED_EDGE('',*,*,#603,.T.);
#603 = EDGE_CURVE('',#604,#604,#606,.T.);
#604 = VERTEX_POINT('',#605);
#605 = CARTESIAN_POINT('',(56.76,34.5,45.));
#606 = CIRCLE('',#607,3.);
#607 = AXIS2_PLACEMENT_3D('',#608,#609,#610);
#608 = CARTESIAN_POINT('',(59.76,34.5,45.));
#609 = DIRECTION('',(0.,0.,-1.));
#610 = DIRECTION('',(1.,0.,0.));
#611 = FACE_BOUND('',#612,.T.);
#612 = EDGE_LOOP('',(#613));
#613 = ORIENTED_EDGE('',*,*,#614,.T.);
#614 = EDGE_CURVE('',#615,#615,#617,.T.);
#615 = VERTEX_POINT('',#616);
#616 = CARTESIAN_POINT('',(-3.,-69.,45.));
#617 = CIRCLE('',#618,3.);
#618 = AXIS2_PLACEMENT_3D('',#619,#620,#621);
#619 = CARTESIAN_POINT('',(0.,-69.,45.));
#620 = DIRECTION('',(0.,0.,-1.));
#621 = DIRECTION('',(1.,0.,0.));
#622 = FACE_BOUND('',#623,.T.);
#623 = EDGE_LOOP('',(#624));
#624 = ORIENTED_EDGE('',*,*,#625,.T.);
#625 = EDGE_CURVE('',#626,#626,#628,.T.);
#626 = VERTEX_POINT('',#627);
#627 = CARTESIAN_POINT('',(-62.76,34.5,45.));
#628 = CIRCLE('',#629,3.);
#629 = AXIS2_PLACEMENT_3D('',#630,#631,#632);
#630 = CARTESIAN_POINT('',(-59.76,34.5,45.));
#631 = DIRECTION('',(0.,0.,-1.));
#632 = DIRECTION('',(1.,0.,0.));
#633 = FACE_BOUND('',#634,.T.);
#634 = EDGE_LOOP('',(#635));
#635 = ORIENTED_EDGE('',*,*,#636,.T.);
#636 = EDGE_CURVE('',#637,#637,#639,.T.);
#637 = VERTEX_POINT('',#638);
#638 = CARTESIAN_POINT('',(-6.490628035481E-15,-53.,45.));
#639 = CIRCLE('',#640,53.);
#640 = AXIS2_PLACEMENT_3D('',#641,#642,#643);
#641 = CARTESIAN_POINT('',(0.,0.,45.));
#642 = DIRECTION('',(0.,0.,-1.));
#643 = DIRECTION('',(1.,0.,0.));
#644 = PLANE('',#645);
#645 = AXIS2_PLACEMENT_3D('',#646,#647,#648);
#646 = CARTESIAN_POINT('',(0.,75.,45.));
#647 = DIRECTION('',(0.,0.,1.));
#648 = DIRECTION('',(1.,0.,-0.));
#649 = ADVANCED_FACE('',(#650),#676,.T.);
#650 = FACE_BOUND('',#651,.T.);
#651 = EDGE_LOOP('',(#652,#653,#661,#670));
#652 = ORIENTED_EDGE('',*,*,#380,.T.);
#653 = ORIENTED_EDGE('',*,*,#654,.T.);
#654 = EDGE_CURVE('',#372,#655,#657,.T.);
#655 = VERTEX_POINT('',#656);
#656 = CARTESIAN_POINT('',(28.883560784112,63.03194292955,40.));
#657 = LINE('',#658,#659);
#658 = CARTESIAN_POINT('',(28.883560784112,63.03194292955,42.));
#659 = VECTOR('',#660,1.);
#660 = DIRECTION('',(0.,0.,-1.));
#661 = ORIENTED_EDGE('',*,*,#662,.T.);
#662 = EDGE_CURVE('',#655,#663,#665,.T.);
#663 = VERTEX_POINT('',#664);
#664 = CARTESIAN_POINT('',(26.317738849003,70.230880827993,40.));
#665 = CIRCLE('',#666,5.);
#666 = AXIS2_PLACEMENT_3D('',#667,#668,#669);
#667 = CARTESIAN_POINT('',(24.563222925736,65.548822106126,40.));
#668 = DIRECTION('',(0.,0.,1.));
#669 = DIRECTION('',(0.941958360725,0.335729722635,-0.));
#670 = ORIENTED_EDGE('',*,*,#671,.T.);
#671 = EDGE_CURVE('',#663,#381,#672,.T.);
#672 = LINE('',#673,#674);
#673 = CARTESIAN_POINT('',(26.317738849003,70.230880827993,42.));
#674 = VECTOR('',#675,1.);
#675 = DIRECTION('',(0.,0.,1.));
#676 = CYLINDRICAL_SURFACE('',#677,5.);
#677 = AXIS2_PLACEMENT_3D('',#678,#679,#680);
#678 = CARTESIAN_POINT('',(24.563222925736,65.548822106126,42.));
#679 = DIRECTION('',(0.,0.,1.));
#680 = DIRECTION('',(0.941958360725,0.335729722635,-0.));
#681 = ADVANCED_FACE('',(#682),#701,.T.);
#682 = FACE_BOUND('',#683,.T.);
#683 = EDGE_LOOP('',(#684,#685,#694,#700));
#684 = ORIENTED_EDGE('',*,*,#671,.F.);
#685 = ORIENTED_EDGE('',*,*,#686,.F.);
#686 = EDGE_CURVE('',#687,#663,#689,.T.);
#687 = VERTEX_POINT('',#688);
#688 = CARTESIAN_POINT('',(-26.317738849,70.230880827993,40.));
#689 = CIRCLE('',#690,75.);
#690 = AXIS2_PLACEMENT_3D('',#691,#692,#693);
#691 = CARTESIAN_POINT('',(0.,0.,40.));
#692 = DIRECTION('',(0.,0.,-1.));
#693 = DIRECTION('',(1.,0.,0.));
#694 = ORIENTED_EDGE('',*,*,#695,.F.);
#695 = EDGE_CURVE('',#390,#687,#696,.T.);
#696 = LINE('',#697,#698);
#697 = CARTESIAN_POINT('',(-26.317738849,70.230880827993,42.));
#698 = VECTOR('',#699,1.);
#699 = DIRECTION('',(0.,0.,-1.));
#700 = ORIENTED_EDGE('',*,*,#389,.T.);
#701 = CYLINDRICAL_SURFACE('',#702,75.);
#702 = AXIS2_PLACEMENT_3D('',#703,#704,#705);
#703 = CARTESIAN_POINT('',(0.,0.,42.5));
#704 = DIRECTION('',(0.,0.,-1.));
#705 = DIRECTION('',(0.,1.,0.));
#706 = ADVANCED_FACE('',(#707),#719,.F.);
#707 = FACE_BOUND('',#708,.F.);
#708 = EDGE_LOOP('',(#709,#710,#711,#718));
#709 = ORIENTED_EDGE('',*,*,#371,.F.);
#710 = ORIENTED_EDGE('',*,*,#654,.T.);
#711 = ORIENTED_EDGE('',*,*,#712,.F.);
#712 = EDGE_CURVE('',#298,#655,#713,.T.);
#713 = CIRCLE('',#714,6.5);
#714 = AXIS2_PLACEMENT_3D('',#715,#716,#717);
#715 = CARTESIAN_POINT('',(34.5,59.76,40.));
#716 = DIRECTION('',(0.,0.,-1.));
#717 = DIRECTION('',(-1.,0.,0.));
#718 = ORIENTED_EDGE('',*,*,#306,.T.);
#719 = CYLINDRICAL_SURFACE('',#720,6.5);
#720 = AXIS2_PLACEMENT_3D('',#721,#722,#723);
#721 = CARTESIAN_POINT('',(34.5,59.76,42.));
#722 = DIRECTION('',(0.,0.,-1.));
#723 = DIRECTION('',(-1.,0.,0.));
#724 = ADVANCED_FACE('',(#725,#736,#747,#758,#769,#780,#791,#802),#813,
  .T.);
#725 = FACE_BOUND('',#726,.T.);
#726 = EDGE_LOOP('',(#727));
#727 = ORIENTED_EDGE('',*,*,#728,.F.);
#728 = EDGE_CURVE('',#729,#729,#731,.T.);
#729 = VERTEX_POINT('',#730);
#730 = CARTESIAN_POINT('',(-9.184850993605E-15,-75.,10.));
#731 = CIRCLE('',#732,75.);
#732 = AXIS2_PLACEMENT_3D('',#733,#734,#735);
#733 = CARTESIAN_POINT('',(0.,0.,10.));
#734 = DIRECTION('',(0.,0.,-1.));
#735 = DIRECTION('',(1.,0.,0.));
#736 = FACE_BOUND('',#737,.T.);
#737 = EDGE_LOOP('',(#738));
#738 = ORIENTED_EDGE('',*,*,#739,.T.);
#739 = EDGE_CURVE('',#740,#740,#742,.T.);
#740 = VERTEX_POINT('',#741);
#741 = CARTESIAN_POINT('',(37.5,59.76,10.));
#742 = CIRCLE('',#743,3.);
#743 = AXIS2_PLACEMENT_3D('',#744,#745,#746);
#744 = CARTESIAN_POINT('',(34.5,59.76,10.));
#745 = DIRECTION('',(0.,0.,-1.));
#746 = DIRECTION('',(-1.,0.,0.));
#747 = FACE_BOUND('',#748,.T.);
#748 = EDGE_LOOP('',(#749));
#749 = ORIENTED_EDGE('',*,*,#750,.T.);
#750 = EDGE_CURVE('',#751,#751,#753,.T.);
#751 = VERTEX_POINT('',#752);
#752 = CARTESIAN_POINT('',(37.5,-59.76,10.));
#753 = CIRCLE('',#754,3.);
#754 = AXIS2_PLACEMENT_3D('',#755,#756,#757);
#755 = CARTESIAN_POINT('',(34.5,-59.76,10.));
#756 = DIRECTION('',(0.,0.,-1.));
#757 = DIRECTION('',(-1.,0.,0.));
#758 = FACE_BOUND('',#759,.T.);
#759 = EDGE_LOOP('',(#760));
#760 = ORIENTED_EDGE('',*,*,#761,.T.);
#761 = EDGE_CURVE('',#762,#762,#764,.T.);
#762 = VERTEX_POINT('',#763);
#763 = CARTESIAN_POINT('',(-7.531577814756E-15,-61.5,10.));
#764 = CIRCLE('',#765,61.5);
#765 = AXIS2_PLACEMENT_3D('',#766,#767,#768);
#766 = CARTESIAN_POINT('',(0.,0.,10.));
#767 = DIRECTION('',(0.,0.,-1.));
#768 = DIRECTION('',(1.,0.,0.));
#769 = FACE_BOUND('',#770,.T.);
#770 = EDGE_LOOP('',(#771));
#771 = ORIENTED_EDGE('',*,*,#772,.T.);
#772 = EDGE_CURVE('',#773,#773,#775,.T.);
#773 = VERTEX_POINT('',#774);
#774 = CARTESIAN_POINT('',(-66.,-3.673940397442E-16,10.));
#775 = CIRCLE('',#776,3.);
#776 = AXIS2_PLACEMENT_3D('',#777,#778,#779);
#777 = CARTESIAN_POINT('',(-69.,0.,10.));
#778 = DIRECTION('',(0.,0.,-1.));
#779 = DIRECTION('',(-1.,0.,0.));
#780 = FACE_BOUND('',#781,.T.);
#781 = EDGE_LOOP('',(#782));
#782 = ORIENTED_EDGE('',*,*,#783,.T.);
#783 = EDGE_CURVE('',#784,#784,#786,.T.);
#784 = VERTEX_POINT('',#785);
#785 = CARTESIAN_POINT('',(-31.5,-59.76,10.));
#786 = CIRCLE('',#787,3.);
#787 = AXIS2_PLACEMENT_3D('',#788,#789,#790);
#788 = CARTESIAN_POINT('',(-34.5,-59.76,10.));
#789 = DIRECTION('',(0.,0.,-1.));
#790 = DIRECTION('',(-1.,0.,0.));
#791 = FACE_BOUND('',#792,.T.);
#792 = EDGE_LOOP('',(#793));
#793 = ORIENTED_EDGE('',*,*,#794,.T.);
#794 = EDGE_CURVE('',#795,#795,#797,.T.);
#795 = VERTEX_POINT('',#796);
#796 = CARTESIAN_POINT('',(72.,-3.673940397442E-16,10.));
#797 = CIRCLE('',#798,3.);
#798 = AXIS2_PLACEMENT_3D('',#799,#800,#801);
#799 = CARTESIAN_POINT('',(69.,0.,10.));
#800 = DIRECTION('',(0.,0.,-1.));
#801 = DIRECTION('',(-1.,0.,0.));
#802 = FACE_BOUND('',#803,.T.);
#803 = EDGE_LOOP('',(#804));
#804 = ORIENTED_EDGE('',*,*,#805,.T.);
#805 = EDGE_CURVE('',#806,#806,#808,.T.);
#806 = VERTEX_POINT('',#807);
#807 = CARTESIAN_POINT('',(-31.5,59.76,10.));
#808 = CIRCLE('',#809,3.);
#809 = AXIS2_PLACEMENT_3D('',#810,#811,#812);
#810 = CARTESIAN_POINT('',(-34.5,59.76,10.));
#811 = DIRECTION('',(0.,0.,-1.));
#812 = DIRECTION('',(-1.,0.,0.));
#813 = PLANE('',#814);
#814 = AXIS2_PLACEMENT_3D('',#815,#816,#817);
#815 = CARTESIAN_POINT('',(0.,75.,10.));
#816 = DIRECTION('',(0.,0.,1.));
#817 = DIRECTION('',(1.,0.,-0.));
#818 = ADVANCED_FACE('',(#819),#845,.T.);
#819 = FACE_BOUND('',#820,.T.);
#820 = EDGE_LOOP('',(#821,#832,#838,#839));
#821 = ORIENTED_EDGE('',*,*,#822,.T.);
#822 = EDGE_CURVE('',#823,#825,#827,.T.);
#823 = VERTEX_POINT('',#824);
#824 = CARTESIAN_POINT('',(40.142003976092,-56.53233968116,40.));
#825 = VERTEX_POINT('',#826);
#826 = CARTESIAN_POINT('',(47.659293251383,-57.91020434067,40.));
#827 = CIRCLE('',#828,5.);
#828 = AXIS2_PLACEMENT_3D('',#829,#830,#831);
#829 = CARTESIAN_POINT('',(44.482007034624,-54.04952405129,40.));
#830 = DIRECTION('',(0.,0.,1.));
#831 = DIRECTION('',(-0.180289252981,-0.98361363617,0.));
#832 = ORIENTED_EDGE('',*,*,#833,.T.);
#833 = EDGE_CURVE('',#825,#525,#834,.T.);
#834 = LINE('',#835,#836);
#835 = CARTESIAN_POINT('',(47.659293251383,-57.91020434067,42.5));
#836 = VECTOR('',#837,1.);
#837 = DIRECTION('',(0.,0.,1.));
#838 = ORIENTED_EDGE('',*,*,#524,.T.);
#839 = ORIENTED_EDGE('',*,*,#840,.T.);
#840 = EDGE_CURVE('',#516,#823,#841,.T.);
#841 = LINE('',#842,#843);
#842 = CARTESIAN_POINT('',(40.142003976092,-56.53233968116,42.5));
#843 = VECTOR('',#844,1.);
#844 = DIRECTION('',(0.,0.,-1.));
#845 = CYLINDRICAL_SURFACE('',#846,5.);
#846 = AXIS2_PLACEMENT_3D('',#847,#848,#849);
#847 = CARTESIAN_POINT('',(44.482007034624,-54.04952405129,42.5));
#848 = DIRECTION('',(0.,0.,-1.));
#849 = DIRECTION('',(-0.180289252981,-0.98361363617,-0.));
#850 = ADVANCED_FACE('',(#851),#870,.T.);
#851 = FACE_BOUND('',#852,.T.);
#852 = EDGE_LOOP('',(#853,#854,#863,#869));
#853 = ORIENTED_EDGE('',*,*,#833,.F.);
#854 = ORIENTED_EDGE('',*,*,#855,.F.);
#855 = EDGE_CURVE('',#856,#825,#858,.T.);
#856 = VERTEX_POINT('',#857);
#857 = CARTESIAN_POINT('',(73.98097826087,-12.32131711972,40.));
#858 = CIRCLE('',#859,75.);
#859 = AXIS2_PLACEMENT_3D('',#860,#861,#862);
#860 = CARTESIAN_POINT('',(0.,0.,40.));
#861 = DIRECTION('',(0.,0.,-1.));
#862 = DIRECTION('',(1.,0.,0.));
#863 = ORIENTED_EDGE('',*,*,#864,.F.);
#864 = EDGE_CURVE('',#534,#856,#865,.T.);
#865 = LINE('',#866,#867);
#866 = CARTESIAN_POINT('',(73.98097826087,-12.32131711972,42.));
#867 = VECTOR('',#868,1.);
#868 = DIRECTION('',(0.,0.,-1.));
#869 = ORIENTED_EDGE('',*,*,#533,.F.);
#870 = CYLINDRICAL_SURFACE('',#871,75.);
#871 = AXIS2_PLACEMENT_3D('',#872,#873,#874);
#872 = CARTESIAN_POINT('',(0.,0.,42.5));
#873 = DIRECTION('',(0.,0.,-1.));
#874 = DIRECTION('',(0.,1.,0.));
#875 = ADVANCED_FACE('',(#876,#1034,#1045,#1056,#1067,#1078,#1089,#1100)
  ,#1111,.T.);
#876 = FACE_BOUND('',#877,.T.);
#877 = EDGE_LOOP('',(#878,#879,#880,#889,#898,#905,#906,#907,#916,#925,
    #934,#943,#952,#961,#970,#979,#988,#997,#1006,#1015,#1024,#1031,
    #1032,#1033));
#878 = ORIENTED_EDGE('',*,*,#295,.F.);
#879 = ORIENTED_EDGE('',*,*,#355,.T.);
#880 = ORIENTED_EDGE('',*,*,#881,.F.);
#881 = EDGE_CURVE('',#882,#348,#884,.T.);
#882 = VERTEX_POINT('',#883);
#883 = CARTESIAN_POINT('',(69.027646502836,6.499941205186,40.));
#884 = CIRCLE('',#885,5.);
#885 = AXIS2_PLACEMENT_3D('',#886,#887,#888);
#886 = CARTESIAN_POINT('',(69.048913043478,11.499895978407,40.));
#887 = DIRECTION('',(0.,0.,1.));
#888 = DIRECTION('',(0.76160594261,-0.648040421719,0.));
#889 = ORIENTED_EDGE('',*,*,#890,.F.);
#890 = EDGE_CURVE('',#891,#882,#893,.T.);
#891 = VERTEX_POINT('',#892);
#892 = CARTESIAN_POINT('',(69.027646502836,-6.499941205186,40.));
#893 = CIRCLE('',#894,6.5);
#894 = AXIS2_PLACEMENT_3D('',#895,#896,#897);
#895 = CARTESIAN_POINT('',(69.,0.,40.));
#896 = DIRECTION('',(0.,0.,-1.));
#897 = DIRECTION('',(-1.,0.,0.));
#898 = ORIENTED_EDGE('',*,*,#899,.F.);
#899 = EDGE_CURVE('',#856,#891,#900,.T.);
#900 = CIRCLE('',#901,5.);
#901 = AXIS2_PLACEMENT_3D('',#902,#903,#904);
#902 = CARTESIAN_POINT('',(69.048913043478,-11.4998959784,40.));
#903 = DIRECTION('',(0.,0.,1.));
#904 = DIRECTION('',(0.76160594261,0.648040421719,-0.));
#905 = ORIENTED_EDGE('',*,*,#855,.T.);
#906 = ORIENTED_EDGE('',*,*,#822,.F.);
#907 = ORIENTED_EDGE('',*,*,#908,.F.);
#908 = EDGE_CURVE('',#909,#823,#911,.T.);
#909 = VERTEX_POINT('',#910);
#910 = CARTESIAN_POINT('',(28.883560784112,-63.03194292955,40.));
#911 = CIRCLE('',#912,6.5);
#912 = AXIS2_PLACEMENT_3D('',#913,#914,#915);
#913 = CARTESIAN_POINT('',(34.5,-59.76,40.));
#914 = DIRECTION('',(0.,0.,-1.));
#915 = DIRECTION('',(-1.,0.,0.));
#916 = ORIENTED_EDGE('',*,*,#917,.F.);
#917 = EDGE_CURVE('',#918,#909,#920,.T.);
#918 = VERTEX_POINT('',#919);
#919 = CARTESIAN_POINT('',(26.317738849003,-70.23088082799,40.));
#920 = CIRCLE('',#921,5.);
#921 = AXIS2_PLACEMENT_3D('',#922,#923,#924);
#922 = CARTESIAN_POINT('',(24.563222925736,-65.54882210612,40.));
#923 = DIRECTION('',(0.,0.,1.));
#924 = DIRECTION('',(0.941958360725,-0.335729722635,0.));
#925 = ORIENTED_EDGE('',*,*,#926,.T.);
#926 = EDGE_CURVE('',#918,#927,#929,.T.);
#927 = VERTEX_POINT('',#928);
#928 = CARTESIAN_POINT('',(-26.317738849,-70.23088082799,40.));
#929 = CIRCLE('',#930,75.);
#930 = AXIS2_PLACEMENT_3D('',#931,#932,#933);
#931 = CARTESIAN_POINT('',(0.,0.,40.));
#932 = DIRECTION('',(0.,0.,-1.));
#933 = DIRECTION('',(1.,0.,0.));
#934 = ORIENTED_EDGE('',*,*,#935,.F.);
#935 = EDGE_CURVE('',#936,#927,#938,.T.);
#936 = VERTEX_POINT('',#937);
#937 = CARTESIAN_POINT('',(-28.88356078411,-63.03194292955,40.));
#938 = CIRCLE('',#939,5.);
#939 = AXIS2_PLACEMENT_3D('',#940,#941,#942);
#940 = CARTESIAN_POINT('',(-24.56322292573,-65.54882210612,40.));
#941 = DIRECTION('',(0.,0.,1.));
#942 = DIRECTION('',(-0.941958360725,-0.335729722635,0.));
#943 = ORIENTED_EDGE('',*,*,#944,.T.);
#944 = EDGE_CURVE('',#936,#945,#947,.T.);
#945 = VERTEX_POINT('',#946);
#946 = CARTESIAN_POINT('',(-40.14200397609,-56.53233968116,40.));
#947 = CIRCLE('',#948,6.5);
#948 = AXIS2_PLACEMENT_3D('',#949,#950,#951);
#949 = CARTESIAN_POINT('',(-34.5,-59.76,40.));
#950 = DIRECTION('',(0.,0.,1.));
#951 = DIRECTION('',(1.,0.,-0.));
#952 = ORIENTED_EDGE('',*,*,#953,.F.);
#953 = EDGE_CURVE('',#954,#945,#956,.T.);
#954 = VERTEX_POINT('',#955);
#955 = CARTESIAN_POINT('',(-47.65929325138,-57.91020434067,40.));
#956 = CIRCLE('',#957,5.);
#957 = AXIS2_PLACEMENT_3D('',#958,#959,#960);
#958 = CARTESIAN_POINT('',(-44.48200703462,-54.04952405129,40.));
#959 = DIRECTION('',(0.,0.,1.));
#960 = DIRECTION('',(0.180289252981,-0.98361363617,0.));
#961 = ORIENTED_EDGE('',*,*,#962,.T.);
#962 = EDGE_CURVE('',#954,#963,#965,.T.);
#963 = VERTEX_POINT('',#964);
#964 = CARTESIAN_POINT('',(-73.98097826087,-12.32131711972,40.));
#965 = CIRCLE('',#966,75.);
#966 = AXIS2_PLACEMENT_3D('',#967,#968,#969);
#967 = CARTESIAN_POINT('',(0.,0.,40.));
#968 = DIRECTION('',(0.,0.,-1.));
#969 = DIRECTION('',(1.,0.,0.));
#970 = ORIENTED_EDGE('',*,*,#971,.F.);
#971 = EDGE_CURVE('',#972,#963,#974,.T.);
#972 = VERTEX_POINT('',#973);
#973 = CARTESIAN_POINT('',(-69.02764650283,-6.499941205186,40.));
#974 = CIRCLE('',#975,5.);
#975 = AXIS2_PLACEMENT_3D('',#976,#977,#978);
#976 = CARTESIAN_POINT('',(-69.04891304347,-11.4998959784,40.));
#977 = DIRECTION('',(0.,0.,1.));
#978 = DIRECTION('',(-0.76160594261,0.648040421719,0.));
#979 = ORIENTED_EDGE('',*,*,#980,.T.);
#980 = EDGE_CURVE('',#972,#981,#983,.T.);
#981 = VERTEX_POINT('',#982);
#982 = CARTESIAN_POINT('',(-69.02764650283,6.499941205186,40.));
#983 = CIRCLE('',#984,6.5);
#984 = AXIS2_PLACEMENT_3D('',#985,#986,#987);
#985 = CARTESIAN_POINT('',(-69.,0.,40.));
#986 = DIRECTION('',(0.,0.,1.));
#987 = DIRECTION('',(1.,0.,-0.));
#988 = ORIENTED_EDGE('',*,*,#989,.F.);
#989 = EDGE_CURVE('',#990,#981,#992,.T.);
#990 = VERTEX_POINT('',#991);
#991 = CARTESIAN_POINT('',(-73.98097826087,12.321317119722,40.));
#992 = CIRCLE('',#993,5.);
#993 = AXIS2_PLACEMENT_3D('',#994,#995,#996);
#994 = CARTESIAN_POINT('',(-69.04891304347,11.499895978407,40.));
#995 = DIRECTION('',(0.,0.,1.));
#996 = DIRECTION('',(-0.76160594261,-0.648040421719,0.));
#997 = ORIENTED_EDGE('',*,*,#998,.T.);
#998 = EDGE_CURVE('',#990,#999,#1001,.T.);
#999 = VERTEX_POINT('',#1000);
#1000 = CARTESIAN_POINT('',(-47.65929325138,57.910204340675,40.));
#1001 = CIRCLE('',#1002,75.);
#1002 = AXIS2_PLACEMENT_3D('',#1003,#1004,#1005);
#1003 = CARTESIAN_POINT('',(0.,0.,40.));
#1004 = DIRECTION('',(0.,0.,-1.));
#1005 = DIRECTION('',(1.,0.,0.));
#1006 = ORIENTED_EDGE('',*,*,#1007,.F.);
#1007 = EDGE_CURVE('',#1008,#999,#1010,.T.);
#1008 = VERTEX_POINT('',#1009);
#1009 = CARTESIAN_POINT('',(-40.14200397609,56.532339681168,40.));
#1010 = CIRCLE('',#1011,5.);
#1011 = AXIS2_PLACEMENT_3D('',#1012,#1013,#1014);
#1012 = CARTESIAN_POINT('',(-44.48200703462,54.049524051297,40.));
#1013 = DIRECTION('',(0.,0.,1.));
#1014 = DIRECTION('',(0.180289252981,0.98361363617,-0.));
#1015 = ORIENTED_EDGE('',*,*,#1016,.F.);
#1016 = EDGE_CURVE('',#1017,#1008,#1019,.T.);
#1017 = VERTEX_POINT('',#1018);
#1018 = CARTESIAN_POINT('',(-28.88356078411,63.03194292955,40.));
#1019 = CIRCLE('',#1020,6.5);
#1020 = AXIS2_PLACEMENT_3D('',#1021,#1022,#1023);
#1021 = CARTESIAN_POINT('',(-34.5,59.76,40.));
#1022 = DIRECTION('',(0.,0.,-1.));
#1023 = DIRECTION('',(1.,0.,0.));
#1024 = ORIENTED_EDGE('',*,*,#1025,.F.);
#1025 = EDGE_CURVE('',#687,#1017,#1026,.T.);
#1026 = CIRCLE('',#1027,5.);
#1027 = AXIS2_PLACEMENT_3D('',#1028,#1029,#1030);
#1028 = CARTESIAN_POINT('',(-24.56322292573,65.548822106126,40.));
#1029 = DIRECTION('',(0.,0.,1.));
#1030 = DIRECTION('',(-0.941958360725,0.335729722635,0.));
#1031 = ORIENTED_EDGE('',*,*,#686,.T.);
#1032 = ORIENTED_EDGE('',*,*,#662,.F.);
#1033 = ORIENTED_EDGE('',*,*,#712,.F.);
#1034 = FACE_BOUND('',#1035,.T.);
#1035 = EDGE_LOOP('',(#1036));
#1036 = ORIENTED_EDGE('',*,*,#1037,.F.);
#1037 = EDGE_CURVE('',#1038,#1038,#1040,.T.);
#1038 = VERTEX_POINT('',#1039);
#1039 = CARTESIAN_POINT('',(-7.531577814756E-15,-61.5,40.));
#1040 = CIRCLE('',#1041,61.5);
#1041 = AXIS2_PLACEMENT_3D('',#1042,#1043,#1044);
#1042 = CARTESIAN_POINT('',(0.,0.,40.));
#1043 = DIRECTION('',(0.,0.,-1.));
#1044 = DIRECTION('',(1.,0.,0.));
#1045 = FACE_BOUND('',#1046,.T.);
#1046 = EDGE_LOOP('',(#1047));
#1047 = ORIENTED_EDGE('',*,*,#1048,.T.);
#1048 = EDGE_CURVE('',#1049,#1049,#1051,.T.);
#1049 = VERTEX_POINT('',#1050);
#1050 = CARTESIAN_POINT('',(-62.76,34.5,40.));
#1051 = CIRCLE('',#1052,3.);
#1052 = AXIS2_PLACEMENT_3D('',#1053,#1054,#1055);
#1053 = CARTESIAN_POINT('',(-59.76,34.5,40.));
#1054 = DIRECTION('',(0.,0.,1.));
#1055 = DIRECTION('',(1.,0.,-0.));
#1056 = FACE_BOUND('',#1057,.T.);
#1057 = EDGE_LOOP('',(#1058));
#1058 = ORIENTED_EDGE('',*,*,#1059,.T.);
#1059 = EDGE_CURVE('',#1060,#1060,#1062,.T.);
#1060 = VERTEX_POINT('',#1061);
#1061 = CARTESIAN_POINT('',(-3.,-69.,40.));
#1062 = CIRCLE('',#1063,3.);
#1063 = AXIS2_PLACEMENT_3D('',#1064,#1065,#1066);
#1064 = CARTESIAN_POINT('',(0.,-69.,40.));
#1065 = DIRECTION('',(0.,0.,1.));
#1066 = DIRECTION('',(1.,0.,-0.));
#1067 = FACE_BOUND('',#1068,.T.);
#1068 = EDGE_LOOP('',(#1069));
#1069 = ORIENTED_EDGE('',*,*,#1070,.T.);
#1070 = EDGE_CURVE('',#1071,#1071,#1073,.T.);
#1071 = VERTEX_POINT('',#1072);
#1072 = CARTESIAN_POINT('',(56.76,34.5,40.));
#1073 = CIRCLE('',#1074,3.);
#1074 = AXIS2_PLACEMENT_3D('',#1075,#1076,#1077);
#1075 = CARTESIAN_POINT('',(59.76,34.5,40.));
#1076 = DIRECTION('',(0.,0.,1.));
#1077 = DIRECTION('',(1.,0.,-0.));
#1078 = FACE_BOUND('',#1079,.T.);
#1079 = EDGE_LOOP('',(#1080));
#1080 = ORIENTED_EDGE('',*,*,#1081,.T.);
#1081 = EDGE_CURVE('',#1082,#1082,#1084,.T.);
#1082 = VERTEX_POINT('',#1083);
#1083 = CARTESIAN_POINT('',(-3.,69.,40.));
#1084 = CIRCLE('',#1085,3.);
#1085 = AXIS2_PLACEMENT_3D('',#1086,#1087,#1088);
#1086 = CARTESIAN_POINT('',(0.,69.,40.));
#1087 = DIRECTION('',(0.,0.,1.));
#1088 = DIRECTION('',(1.,0.,-0.));
#1089 = FACE_BOUND('',#1090,.T.);
#1090 = EDGE_LOOP('',(#1091));
#1091 = ORIENTED_EDGE('',*,*,#1092,.T.);
#1092 = EDGE_CURVE('',#1093,#1093,#1095,.T.);
#1093 = VERTEX_POINT('',#1094);
#1094 = CARTESIAN_POINT('',(56.76,-34.5,40.));
#1095 = CIRCLE('',#1096,3.);
#1096 = AXIS2_PLACEMENT_3D('',#1097,#1098,#1099);
#1097 = CARTESIAN_POINT('',(59.76,-34.5,40.));
#1098 = DIRECTION('',(0.,0.,1.));
#1099 = DIRECTION('',(1.,0.,-0.));
#1100 = FACE_BOUND('',#1101,.T.);
#1101 = EDGE_LOOP('',(#1102));
#1102 = ORIENTED_EDGE('',*,*,#1103,.T.);
#1103 = EDGE_CURVE('',#1104,#1104,#1106,.T.);
#1104 = VERTEX_POINT('',#1105);
#1105 = CARTESIAN_POINT('',(-62.76,-34.5,40.));
#1106 = CIRCLE('',#1107,3.);
#1107 = AXIS2_PLACEMENT_3D('',#1108,#1109,#1110);
#1108 = CARTESIAN_POINT('',(-59.76,-34.5,40.));
#1109 = DIRECTION('',(0.,0.,1.));
#1110 = DIRECTION('',(1.,0.,-0.));
#1111 = PLANE('',#1112);
#1112 = AXIS2_PLACEMENT_3D('',#1113,#1114,#1115);
#1113 = CARTESIAN_POINT('',(0.,61.5,40.));
#1114 = DIRECTION('',(0.,0.,-1.));
#1115 = DIRECTION('',(-1.,0.,0.));
#1116 = ADVANCED_FACE('',(#1117),#1133,.T.);
#1117 = FACE_BOUND('',#1118,.T.);
#1118 = EDGE_LOOP('',(#1119,#1120,#1126,#1127));
#1119 = ORIENTED_EDGE('',*,*,#506,.T.);
#1120 = ORIENTED_EDGE('',*,*,#1121,.T.);
#1121 = EDGE_CURVE('',#498,#918,#1122,.T.);
#1122 = LINE('',#1123,#1124);
#1123 = CARTESIAN_POINT('',(26.317738849003,-70.23088082799,42.5));
#1124 = VECTOR('',#1125,1.);
#1125 = DIRECTION('',(0.,0.,-1.));
#1126 = ORIENTED_EDGE('',*,*,#917,.T.);
#1127 = ORIENTED_EDGE('',*,*,#1128,.T.);
#1128 = EDGE_CURVE('',#909,#507,#1129,.T.);
#1129 = LINE('',#1130,#1131);
#1130 = CARTESIAN_POINT('',(28.883560784112,-63.03194292955,42.5));
#1131 = VECTOR('',#1132,1.);
#1132 = DIRECTION('',(0.,0.,1.));
#1133 = CYLINDRICAL_SURFACE('',#1134,5.);
#1134 = AXIS2_PLACEMENT_3D('',#1135,#1136,#1137);
#1135 = CARTESIAN_POINT('',(24.563222925736,-65.54882210612,42.5));
#1136 = DIRECTION('',(0.,0.,1.));
#1137 = DIRECTION('',(0.941958360725,-0.335729722635,0.));
#1138 = ADVANCED_FACE('',(#1139),#1150,.T.);
#1139 = FACE_BOUND('',#1140,.T.);
#1140 = EDGE_LOOP('',(#1141,#1142,#1143,#1149));
#1141 = ORIENTED_EDGE('',*,*,#1121,.F.);
#1142 = ORIENTED_EDGE('',*,*,#497,.F.);
#1143 = ORIENTED_EDGE('',*,*,#1144,.F.);
#1144 = EDGE_CURVE('',#927,#489,#1145,.T.);
#1145 = LINE('',#1146,#1147);
#1146 = CARTESIAN_POINT('',(-26.317738849,-70.23088082799,42.5));
#1147 = VECTOR('',#1148,1.);
#1148 = DIRECTION('',(0.,0.,1.));
#1149 = ORIENTED_EDGE('',*,*,#926,.F.);
#1150 = CYLINDRICAL_SURFACE('',#1151,75.);
#1151 = AXIS2_PLACEMENT_3D('',#1152,#1153,#1154);
#1152 = CARTESIAN_POINT('',(0.,0.,42.5));
#1153 = DIRECTION('',(0.,0.,-1.));
#1154 = DIRECTION('',(1.224646799147E-16,-1.,0.));
#1155 = ADVANCED_FACE('',(#1156),#1172,.T.);
#1156 = FACE_BOUND('',#1157,.T.);
#1157 = EDGE_LOOP('',(#1158,#1159,#1165,#1166));
#1158 = ORIENTED_EDGE('',*,*,#416,.T.);
#1159 = ORIENTED_EDGE('',*,*,#1160,.T.);
#1160 = EDGE_CURVE('',#408,#1008,#1161,.T.);
#1161 = LINE('',#1162,#1163);
#1162 = CARTESIAN_POINT('',(-40.14200397609,56.532339681168,42.));
#1163 = VECTOR('',#1164,1.);
#1164 = DIRECTION('',(0.,0.,-1.));
#1165 = ORIENTED_EDGE('',*,*,#1007,.T.);
#1166 = ORIENTED_EDGE('',*,*,#1167,.T.);
#1167 = EDGE_CURVE('',#999,#417,#1168,.T.);
#1168 = LINE('',#1169,#1170);
#1169 = CARTESIAN_POINT('',(-47.65929325138,57.910204340675,42.));
#1170 = VECTOR('',#1171,1.);
#1171 = DIRECTION('',(0.,0.,1.));
#1172 = CYLINDRICAL_SURFACE('',#1173,5.);
#1173 = AXIS2_PLACEMENT_3D('',#1174,#1175,#1176);
#1174 = CARTESIAN_POINT('',(-44.48200703462,54.049524051297,42.));
#1175 = DIRECTION('',(0.,0.,1.));
#1176 = DIRECTION('',(0.180289252981,0.98361363617,-0.));
#1177 = ADVANCED_FACE('',(#1178),#1189,.T.);
#1178 = FACE_BOUND('',#1179,.T.);
#1179 = EDGE_LOOP('',(#1180,#1181,#1182,#1188));
#1180 = ORIENTED_EDGE('',*,*,#1167,.F.);
#1181 = ORIENTED_EDGE('',*,*,#998,.F.);
#1182 = ORIENTED_EDGE('',*,*,#1183,.F.);
#1183 = EDGE_CURVE('',#426,#990,#1184,.T.);
#1184 = LINE('',#1185,#1186);
#1185 = CARTESIAN_POINT('',(-73.98097826087,12.321317119722,42.5));
#1186 = VECTOR('',#1187,1.);
#1187 = DIRECTION('',(0.,0.,-1.));
#1188 = ORIENTED_EDGE('',*,*,#425,.T.);
#1189 = CYLINDRICAL_SURFACE('',#1190,75.);
#1190 = AXIS2_PLACEMENT_3D('',#1191,#1192,#1193);
#1191 = CARTESIAN_POINT('',(0.,0.,42.5));
#1192 = DIRECTION('',(0.,0.,-1.));
#1193 = DIRECTION('',(0.,1.,0.));
#1194 = ADVANCED_FACE('',(#1195),#1206,.T.);
#1195 = FACE_BOUND('',#1196,.T.);
#1196 = EDGE_LOOP('',(#1197,#1198,#1204,#1205));
#1197 = ORIENTED_EDGE('',*,*,#1025,.T.);
#1198 = ORIENTED_EDGE('',*,*,#1199,.T.);
#1199 = EDGE_CURVE('',#1017,#399,#1200,.T.);
#1200 = LINE('',#1201,#1202);
#1201 = CARTESIAN_POINT('',(-28.88356078411,63.03194292955,42.));
#1202 = VECTOR('',#1203,1.);
#1203 = DIRECTION('',(0.,0.,1.));
#1204 = ORIENTED_EDGE('',*,*,#398,.T.);
#1205 = ORIENTED_EDGE('',*,*,#695,.T.);
#1206 = CYLINDRICAL_SURFACE('',#1207,5.);
#1207 = AXIS2_PLACEMENT_3D('',#1208,#1209,#1210);
#1208 = CARTESIAN_POINT('',(-24.56322292573,65.548822106126,42.));
#1209 = DIRECTION('',(0.,0.,-1.));
#1210 = DIRECTION('',(-0.941958360725,0.335729722635,0.));
#1211 = ADVANCED_FACE('',(#1212),#1218,.F.);
#1212 = FACE_BOUND('',#1213,.F.);
#1213 = EDGE_LOOP('',(#1214,#1215,#1216,#1217));
#1214 = ORIENTED_EDGE('',*,*,#1016,.F.);
#1215 = ORIENTED_EDGE('',*,*,#1199,.T.);
#1216 = ORIENTED_EDGE('',*,*,#407,.F.);
#1217 = ORIENTED_EDGE('',*,*,#1160,.T.);
#1218 = CYLINDRICAL_SURFACE('',#1219,6.5);
#1219 = AXIS2_PLACEMENT_3D('',#1220,#1221,#1222);
#1220 = CARTESIAN_POINT('',(-34.5,59.76,42.));
#1221 = DIRECTION('',(0.,0.,1.));
#1222 = DIRECTION('',(1.,0.,-0.));
#1223 = ADVANCED_FACE('',(#1224),#1235,.T.);
#1224 = FACE_BOUND('',#1225,.T.);
#1225 = EDGE_LOOP('',(#1226,#1227,#1228,#1229));
#1226 = ORIENTED_EDGE('',*,*,#935,.T.);
#1227 = ORIENTED_EDGE('',*,*,#1144,.T.);
#1228 = ORIENTED_EDGE('',*,*,#488,.T.);
#1229 = ORIENTED_EDGE('',*,*,#1230,.T.);
#1230 = EDGE_CURVE('',#480,#936,#1231,.T.);
#1231 = LINE('',#1232,#1233);
#1232 = CARTESIAN_POINT('',(-28.88356078411,-63.03194292955,42.5));
#1233 = VECTOR('',#1234,1.);
#1234 = DIRECTION('',(0.,0.,-1.));
#1235 = CYLINDRICAL_SURFACE('',#1236,5.);
#1236 = AXIS2_PLACEMENT_3D('',#1237,#1238,#1239);
#1237 = CARTESIAN_POINT('',(-24.56322292573,-65.54882210612,42.5));
#1238 = DIRECTION('',(0.,0.,-1.));
#1239 = DIRECTION('',(-0.941958360725,-0.335729722635,-0.));
#1240 = ADVANCED_FACE('',(#1241),#1252,.F.);
#1241 = FACE_BOUND('',#1242,.F.);
#1242 = EDGE_LOOP('',(#1243,#1244,#1250,#1251));
#1243 = ORIENTED_EDGE('',*,*,#944,.T.);
#1244 = ORIENTED_EDGE('',*,*,#1245,.T.);
#1245 = EDGE_CURVE('',#945,#471,#1246,.T.);
#1246 = LINE('',#1247,#1248);
#1247 = CARTESIAN_POINT('',(-40.14200397609,-56.53233968116,42.5));
#1248 = VECTOR('',#1249,1.);
#1249 = DIRECTION('',(0.,0.,1.));
#1250 = ORIENTED_EDGE('',*,*,#479,.T.);
#1251 = ORIENTED_EDGE('',*,*,#1230,.T.);
#1252 = CYLINDRICAL_SURFACE('',#1253,6.5);
#1253 = AXIS2_PLACEMENT_3D('',#1254,#1255,#1256);
#1254 = CARTESIAN_POINT('',(-34.5,-59.76,42.));
#1255 = DIRECTION('',(0.,0.,-1.));
#1256 = DIRECTION('',(1.,0.,0.));
#1257 = ADVANCED_FACE('',(#1258),#1269,.T.);
#1258 = FACE_BOUND('',#1259,.T.);
#1259 = EDGE_LOOP('',(#1260,#1261,#1267,#1268));
#1260 = ORIENTED_EDGE('',*,*,#470,.T.);
#1261 = ORIENTED_EDGE('',*,*,#1262,.T.);
#1262 = EDGE_CURVE('',#462,#954,#1263,.T.);
#1263 = LINE('',#1264,#1265);
#1264 = CARTESIAN_POINT('',(-47.65929325138,-57.91020434067,42.5));
#1265 = VECTOR('',#1266,1.);
#1266 = DIRECTION('',(0.,0.,-1.));
#1267 = ORIENTED_EDGE('',*,*,#953,.T.);
#1268 = ORIENTED_EDGE('',*,*,#1245,.T.);
#1269 = CYLINDRICAL_SURFACE('',#1270,5.);
#1270 = AXIS2_PLACEMENT_3D('',#1271,#1272,#1273);
#1271 = CARTESIAN_POINT('',(-44.48200703462,-54.04952405129,42.5));
#1272 = DIRECTION('',(0.,0.,1.));
#1273 = DIRECTION('',(0.180289252981,-0.98361363617,0.));
#1274 = ADVANCED_FACE('',(#1275),#1281,.F.);
#1275 = FACE_BOUND('',#1276,.F.);
#1276 = EDGE_LOOP('',(#1277,#1278,#1279,#1280));
#1277 = ORIENTED_EDGE('',*,*,#908,.F.);
#1278 = ORIENTED_EDGE('',*,*,#1128,.T.);
#1279 = ORIENTED_EDGE('',*,*,#515,.F.);
#1280 = ORIENTED_EDGE('',*,*,#840,.T.);
#1281 = CYLINDRICAL_SURFACE('',#1282,6.5);
#1282 = AXIS2_PLACEMENT_3D('',#1283,#1284,#1285);
#1283 = CARTESIAN_POINT('',(34.5,-59.76,42.));
#1284 = DIRECTION('',(0.,0.,1.));
#1285 = DIRECTION('',(-1.,0.,0.));
#1286 = ADVANCED_FACE('',(#1287),#1298,.T.);
#1287 = FACE_BOUND('',#1288,.T.);
#1288 = EDGE_LOOP('',(#1289,#1290,#1291,#1297));
#1289 = ORIENTED_EDGE('',*,*,#1262,.F.);
#1290 = ORIENTED_EDGE('',*,*,#461,.T.);
#1291 = ORIENTED_EDGE('',*,*,#1292,.F.);
#1292 = EDGE_CURVE('',#963,#453,#1293,.T.);
#1293 = LINE('',#1294,#1295);
#1294 = CARTESIAN_POINT('',(-73.98097826087,-12.32131711972,42.5));
#1295 = VECTOR('',#1296,1.);
#1296 = DIRECTION('',(0.,0.,1.));
#1297 = ORIENTED_EDGE('',*,*,#962,.F.);
#1298 = CYLINDRICAL_SURFACE('',#1299,75.);
#1299 = AXIS2_PLACEMENT_3D('',#1300,#1301,#1302);
#1300 = CARTESIAN_POINT('',(0.,0.,42.5));
#1301 = DIRECTION('',(0.,0.,-1.));
#1302 = DIRECTION('',(0.,1.,0.));
#1303 = ADVANCED_FACE('',(#1304),#1315,.T.);
#1304 = FACE_BOUND('',#1305,.T.);
#1305 = EDGE_LOOP('',(#1306,#1307,#1313,#1314));
#1306 = ORIENTED_EDGE('',*,*,#560,.T.);
#1307 = ORIENTED_EDGE('',*,*,#1308,.T.);
#1308 = EDGE_CURVE('',#552,#882,#1309,.T.);
#1309 = LINE('',#1310,#1311);
#1310 = CARTESIAN_POINT('',(69.027646502836,6.499941205186,42.));
#1311 = VECTOR('',#1312,1.);
#1312 = DIRECTION('',(0.,0.,-1.));
#1313 = ORIENTED_EDGE('',*,*,#881,.T.);
#1314 = ORIENTED_EDGE('',*,*,#347,.T.);
#1315 = CYLINDRICAL_SURFACE('',#1316,5.);
#1316 = AXIS2_PLACEMENT_3D('',#1317,#1318,#1319);
#1317 = CARTESIAN_POINT('',(69.048913043478,11.499895978407,42.));
#1318 = DIRECTION('',(0.,0.,1.));
#1319 = DIRECTION('',(0.76160594261,-0.648040421719,0.));
#1320 = ADVANCED_FACE('',(#1321),#1332,.T.);
#1321 = FACE_BOUND('',#1322,.T.);
#1322 = EDGE_LOOP('',(#1323,#1324,#1330,#1331));
#1323 = ORIENTED_EDGE('',*,*,#899,.T.);
#1324 = ORIENTED_EDGE('',*,*,#1325,.T.);
#1325 = EDGE_CURVE('',#891,#543,#1326,.T.);
#1326 = LINE('',#1327,#1328);
#1327 = CARTESIAN_POINT('',(69.027646502836,-6.499941205186,42.));
#1328 = VECTOR('',#1329,1.);
#1329 = DIRECTION('',(0.,0.,1.));
#1330 = ORIENTED_EDGE('',*,*,#542,.T.);
#1331 = ORIENTED_EDGE('',*,*,#864,.T.);
#1332 = CYLINDRICAL_SURFACE('',#1333,5.);
#1333 = AXIS2_PLACEMENT_3D('',#1334,#1335,#1336);
#1334 = CARTESIAN_POINT('',(69.048913043478,-11.4998959784,42.));
#1335 = DIRECTION('',(0.,0.,-1.));
#1336 = DIRECTION('',(0.76160594261,0.648040421719,0.));
#1337 = ADVANCED_FACE('',(#1338),#1344,.F.);
#1338 = FACE_BOUND('',#1339,.F.);
#1339 = EDGE_LOOP('',(#1340,#1341,#1342,#1343));
#1340 = ORIENTED_EDGE('',*,*,#890,.F.);
#1341 = ORIENTED_EDGE('',*,*,#1325,.T.);
#1342 = ORIENTED_EDGE('',*,*,#551,.F.);
#1343 = ORIENTED_EDGE('',*,*,#1308,.T.);
#1344 = CYLINDRICAL_SURFACE('',#1345,6.5);
#1345 = AXIS2_PLACEMENT_3D('',#1346,#1347,#1348);
#1346 = CARTESIAN_POINT('',(69.,0.,42.));
#1347 = DIRECTION('',(0.,0.,1.));
#1348 = DIRECTION('',(-1.,0.,0.));
#1349 = ADVANCED_FACE('',(#1350),#1361,.T.);
#1350 = FACE_BOUND('',#1351,.T.);
#1351 = EDGE_LOOP('',(#1352,#1353,#1354,#1355));
#1352 = ORIENTED_EDGE('',*,*,#971,.T.);
#1353 = ORIENTED_EDGE('',*,*,#1292,.T.);
#1354 = ORIENTED_EDGE('',*,*,#452,.T.);
#1355 = ORIENTED_EDGE('',*,*,#1356,.T.);
#1356 = EDGE_CURVE('',#444,#972,#1357,.T.);
#1357 = LINE('',#1358,#1359);
#1358 = CARTESIAN_POINT('',(-69.02764650283,-6.499941205186,42.5));
#1359 = VECTOR('',#1360,1.);
#1360 = DIRECTION('',(0.,0.,-1.));
#1361 = CYLINDRICAL_SURFACE('',#1362,5.);
#1362 = AXIS2_PLACEMENT_3D('',#1363,#1364,#1365);
#1363 = CARTESIAN_POINT('',(-69.04891304347,-11.4998959784,42.5));
#1364 = DIRECTION('',(0.,0.,-1.));
#1365 = DIRECTION('',(-0.76160594261,0.648040421719,0.));
#1366 = ADVANCED_FACE('',(#1367),#1378,.F.);
#1367 = FACE_BOUND('',#1368,.F.);
#1368 = EDGE_LOOP('',(#1369,#1370,#1376,#1377));
#1369 = ORIENTED_EDGE('',*,*,#980,.T.);
#1370 = ORIENTED_EDGE('',*,*,#1371,.T.);
#1371 = EDGE_CURVE('',#981,#435,#1372,.T.);
#1372 = LINE('',#1373,#1374);
#1373 = CARTESIAN_POINT('',(-69.02764650283,6.499941205186,42.5));
#1374 = VECTOR('',#1375,1.);
#1375 = DIRECTION('',(0.,0.,1.));
#1376 = ORIENTED_EDGE('',*,*,#443,.T.);
#1377 = ORIENTED_EDGE('',*,*,#1356,.T.);
#1378 = CYLINDRICAL_SURFACE('',#1379,6.5);
#1379 = AXIS2_PLACEMENT_3D('',#1380,#1381,#1382);
#1380 = CARTESIAN_POINT('',(-69.,0.,42.));
#1381 = DIRECTION('',(0.,0.,-1.));
#1382 = DIRECTION('',(1.,0.,0.));
#1383 = ADVANCED_FACE('',(#1384),#1390,.T.);
#1384 = FACE_BOUND('',#1385,.T.);
#1385 = EDGE_LOOP('',(#1386,#1387,#1388,#1389));
#1386 = ORIENTED_EDGE('',*,*,#434,.T.);
#1387 = ORIENTED_EDGE('',*,*,#1183,.T.);
#1388 = ORIENTED_EDGE('',*,*,#989,.T.);
#1389 = ORIENTED_EDGE('',*,*,#1371,.T.);
#1390 = CYLINDRICAL_SURFACE('',#1391,5.);
#1391 = AXIS2_PLACEMENT_3D('',#1392,#1393,#1394);
#1392 = CARTESIAN_POINT('',(-69.04891304347,11.499895978407,42.5));
#1393 = DIRECTION('',(0.,0.,1.));
#1394 = DIRECTION('',(-0.76160594261,-0.648040421719,0.));
#1395 = ADVANCED_FACE('',(#1396),#1407,.F.);
#1396 = FACE_BOUND('',#1397,.F.);
#1397 = EDGE_LOOP('',(#1398,#1404,#1405,#1406));
#1398 = ORIENTED_EDGE('',*,*,#1399,.T.);
#1399 = EDGE_CURVE('',#571,#1104,#1400,.T.);
#1400 = LINE('',#1401,#1402);
#1401 = CARTESIAN_POINT('',(-62.76,-34.5,42.));
#1402 = VECTOR('',#1403,1.);
#1403 = DIRECTION('',(0.,0.,-1.));
#1404 = ORIENTED_EDGE('',*,*,#1103,.T.);
#1405 = ORIENTED_EDGE('',*,*,#1399,.F.);
#1406 = ORIENTED_EDGE('',*,*,#570,.T.);
#1407 = CYLINDRICAL_SURFACE('',#1408,3.);
#1408 = AXIS2_PLACEMENT_3D('',#1409,#1410,#1411);
#1409 = CARTESIAN_POINT('',(-59.76,-34.5,42.));
#1410 = DIRECTION('',(0.,0.,-1.));
#1411 = DIRECTION('',(1.,0.,0.));
#1412 = ADVANCED_FACE('',(#1413),#1424,.F.);
#1413 = FACE_BOUND('',#1414,.F.);
#1414 = EDGE_LOOP('',(#1415,#1421,#1422,#1423));
#1415 = ORIENTED_EDGE('',*,*,#1416,.T.);
#1416 = EDGE_CURVE('',#582,#1093,#1417,.T.);
#1417 = LINE('',#1418,#1419);
#1418 = CARTESIAN_POINT('',(56.76,-34.5,42.));
#1419 = VECTOR('',#1420,1.);
#1420 = DIRECTION('',(0.,0.,-1.));
#1421 = ORIENTED_EDGE('',*,*,#1092,.T.);
#1422 = ORIENTED_EDGE('',*,*,#1416,.F.);
#1423 = ORIENTED_EDGE('',*,*,#581,.T.);
#1424 = CYLINDRICAL_SURFACE('',#1425,3.);
#1425 = AXIS2_PLACEMENT_3D('',#1426,#1427,#1428);
#1426 = CARTESIAN_POINT('',(59.76,-34.5,42.));
#1427 = DIRECTION('',(0.,0.,-1.));
#1428 = DIRECTION('',(1.,0.,0.));
#1429 = ADVANCED_FACE('',(#1430),#1441,.F.);
#1430 = FACE_BOUND('',#1431,.F.);
#1431 = EDGE_LOOP('',(#1432,#1438,#1439,#1440));
#1432 = ORIENTED_EDGE('',*,*,#1433,.T.);
#1433 = EDGE_CURVE('',#593,#1082,#1434,.T.);
#1434 = LINE('',#1435,#1436);
#1435 = CARTESIAN_POINT('',(-3.,69.,42.));
#1436 = VECTOR('',#1437,1.);
#1437 = DIRECTION('',(0.,0.,-1.));
#1438 = ORIENTED_EDGE('',*,*,#1081,.T.);
#1439 = ORIENTED_EDGE('',*,*,#1433,.F.);
#1440 = ORIENTED_EDGE('',*,*,#592,.T.);
#1441 = CYLINDRICAL_SURFACE('',#1442,3.);
#1442 = AXIS2_PLACEMENT_3D('',#1443,#1444,#1445);
#1443 = CARTESIAN_POINT('',(0.,69.,42.));
#1444 = DIRECTION('',(0.,0.,-1.));
#1445 = DIRECTION('',(1.,0.,0.));
#1446 = ADVANCED_FACE('',(#1447),#1458,.F.);
#1447 = FACE_BOUND('',#1448,.F.);
#1448 = EDGE_LOOP('',(#1449,#1455,#1456,#1457));
#1449 = ORIENTED_EDGE('',*,*,#1450,.T.);
#1450 = EDGE_CURVE('',#604,#1071,#1451,.T.);
#1451 = LINE('',#1452,#1453);
#1452 = CARTESIAN_POINT('',(56.76,34.5,42.));
#1453 = VECTOR('',#1454,1.);
#1454 = DIRECTION('',(0.,0.,-1.));
#1455 = ORIENTED_EDGE('',*,*,#1070,.T.);
#1456 = ORIENTED_EDGE('',*,*,#1450,.F.);
#1457 = ORIENTED_EDGE('',*,*,#603,.T.);
#1458 = CYLINDRICAL_SURFACE('',#1459,3.);
#1459 = AXIS2_PLACEMENT_3D('',#1460,#1461,#1462);
#1460 = CARTESIAN_POINT('',(59.76,34.5,42.));
#1461 = DIRECTION('',(0.,0.,-1.));
#1462 = DIRECTION('',(1.,0.,0.));
#1463 = ADVANCED_FACE('',(#1464),#1475,.F.);
#1464 = FACE_BOUND('',#1465,.F.);
#1465 = EDGE_LOOP('',(#1466,#1472,#1473,#1474));
#1466 = ORIENTED_EDGE('',*,*,#1467,.T.);
#1467 = EDGE_CURVE('',#615,#1060,#1468,.T.);
#1468 = LINE('',#1469,#1470);
#1469 = CARTESIAN_POINT('',(-3.,-69.,42.));
#1470 = VECTOR('',#1471,1.);
#1471 = DIRECTION('',(0.,0.,-1.));
#1472 = ORIENTED_EDGE('',*,*,#1059,.T.);
#1473 = ORIENTED_EDGE('',*,*,#1467,.F.);
#1474 = ORIENTED_EDGE('',*,*,#614,.T.);
#1475 = CYLINDRICAL_SURFACE('',#1476,3.);
#1476 = AXIS2_PLACEMENT_3D('',#1477,#1478,#1479);
#1477 = CARTESIAN_POINT('',(0.,-69.,42.));
#1478 = DIRECTION('',(0.,0.,-1.));
#1479 = DIRECTION('',(1.,0.,0.));
#1480 = ADVANCED_FACE('',(#1481),#1492,.F.);
#1481 = FACE_BOUND('',#1482,.F.);
#1482 = EDGE_LOOP('',(#1483,#1489,#1490,#1491));
#1483 = ORIENTED_EDGE('',*,*,#1484,.T.);
#1484 = EDGE_CURVE('',#626,#1049,#1485,.T.);
#1485 = LINE('',#1486,#1487);
#1486 = CARTESIAN_POINT('',(-62.76,34.5,42.));
#1487 = VECTOR('',#1488,1.);
#1488 = DIRECTION('',(0.,0.,-1.));
#1489 = ORIENTED_EDGE('',*,*,#1048,.T.);
#1490 = ORIENTED_EDGE('',*,*,#1484,.F.);
#1491 = ORIENTED_EDGE('',*,*,#625,.T.);
#1492 = CYLINDRICAL_SURFACE('',#1493,3.);
#1493 = AXIS2_PLACEMENT_3D('',#1494,#1495,#1496);
#1494 = CARTESIAN_POINT('',(-59.76,34.5,42.));
#1495 = DIRECTION('',(0.,0.,-1.));
#1496 = DIRECTION('',(1.,0.,0.));
#1497 = ADVANCED_FACE('',(#1498),#1517,.F.);
#1498 = FACE_BOUND('',#1499,.F.);
#1499 = EDGE_LOOP('',(#1500,#1508,#1509,#1510));
#1500 = ORIENTED_EDGE('',*,*,#1501,.T.);
#1501 = EDGE_CURVE('',#1502,#784,#1504,.T.);
#1502 = VERTEX_POINT('',#1503);
#1503 = CARTESIAN_POINT('',(-31.5,-59.76,0.));
#1504 = LINE('',#1505,#1506);
#1505 = CARTESIAN_POINT('',(-31.5,-59.76,5.5));
#1506 = VECTOR('',#1507,1.);
#1507 = DIRECTION('',(0.,0.,1.));
#1508 = ORIENTED_EDGE('',*,*,#783,.T.);
#1509 = ORIENTED_EDGE('',*,*,#1501,.F.);
#1510 = ORIENTED_EDGE('',*,*,#1511,.T.);
#1511 = EDGE_CURVE('',#1502,#1502,#1512,.T.);
#1512 = CIRCLE('',#1513,3.);
#1513 = AXIS2_PLACEMENT_3D('',#1514,#1515,#1516);
#1514 = CARTESIAN_POINT('',(-34.5,-59.76,0.));
#1515 = DIRECTION('',(0.,0.,1.));
#1516 = DIRECTION('',(-1.,0.,0.));
#1517 = CYLINDRICAL_SURFACE('',#1518,3.);
#1518 = AXIS2_PLACEMENT_3D('',#1519,#1520,#1521);
#1519 = CARTESIAN_POINT('',(-34.5,-59.76,5.5));
#1520 = DIRECTION('',(0.,0.,1.));
#1521 = DIRECTION('',(-1.,0.,0.));
#1522 = ADVANCED_FACE('',(#1523),#1542,.F.);
#1523 = FACE_BOUND('',#1524,.F.);
#1524 = EDGE_LOOP('',(#1525,#1533,#1534,#1535));
#1525 = ORIENTED_EDGE('',*,*,#1526,.T.);
#1526 = EDGE_CURVE('',#1527,#806,#1529,.T.);
#1527 = VERTEX_POINT('',#1528);
#1528 = CARTESIAN_POINT('',(-31.5,59.76,0.));
#1529 = LINE('',#1530,#1531);
#1530 = CARTESIAN_POINT('',(-31.5,59.76,5.5));
#1531 = VECTOR('',#1532,1.);
#1532 = DIRECTION('',(0.,0.,1.));
#1533 = ORIENTED_EDGE('',*,*,#805,.T.);
#1534 = ORIENTED_EDGE('',*,*,#1526,.F.);
#1535 = ORIENTED_EDGE('',*,*,#1536,.T.);
#1536 = EDGE_CURVE('',#1527,#1527,#1537,.T.);
#1537 = CIRCLE('',#1538,3.);
#1538 = AXIS2_PLACEMENT_3D('',#1539,#1540,#1541);
#1539 = CARTESIAN_POINT('',(-34.5,59.76,0.));
#1540 = DIRECTION('',(0.,0.,1.));
#1541 = DIRECTION('',(-1.,0.,0.));
#1542 = CYLINDRICAL_SURFACE('',#1543,3.);
#1543 = AXIS2_PLACEMENT_3D('',#1544,#1545,#1546);
#1544 = CARTESIAN_POINT('',(-34.5,59.76,5.5));
#1545 = DIRECTION('',(0.,0.,1.));
#1546 = DIRECTION('',(-1.,0.,0.));
#1547 = ADVANCED_FACE('',(#1548),#1567,.F.);
#1548 = FACE_BOUND('',#1549,.F.);
#1549 = EDGE_LOOP('',(#1550,#1558,#1559,#1560));
#1550 = ORIENTED_EDGE('',*,*,#1551,.T.);
#1551 = EDGE_CURVE('',#1552,#740,#1554,.T.);
#1552 = VERTEX_POINT('',#1553);
#1553 = CARTESIAN_POINT('',(37.5,59.76,0.));
#1554 = LINE('',#1555,#1556);
#1555 = CARTESIAN_POINT('',(37.5,59.76,5.5));
#1556 = VECTOR('',#1557,1.);
#1557 = DIRECTION('',(0.,0.,1.));
#1558 = ORIENTED_EDGE('',*,*,#739,.T.);
#1559 = ORIENTED_EDGE('',*,*,#1551,.F.);
#1560 = ORIENTED_EDGE('',*,*,#1561,.T.);
#1561 = EDGE_CURVE('',#1552,#1552,#1562,.T.);
#1562 = CIRCLE('',#1563,3.);
#1563 = AXIS2_PLACEMENT_3D('',#1564,#1565,#1566);
#1564 = CARTESIAN_POINT('',(34.5,59.76,0.));
#1565 = DIRECTION('',(0.,0.,1.));
#1566 = DIRECTION('',(-1.,0.,0.));
#1567 = CYLINDRICAL_SURFACE('',#1568,3.);
#1568 = AXIS2_PLACEMENT_3D('',#1569,#1570,#1571);
#1569 = CARTESIAN_POINT('',(34.5,59.76,5.5));
#1570 = DIRECTION('',(0.,0.,1.));
#1571 = DIRECTION('',(-1.,0.,0.));
#1572 = ADVANCED_FACE('',(#1573),#1592,.F.);
#1573 = FACE_BOUND('',#1574,.F.);
#1574 = EDGE_LOOP('',(#1575,#1583,#1584,#1585));
#1575 = ORIENTED_EDGE('',*,*,#1576,.T.);
#1576 = EDGE_CURVE('',#1577,#795,#1579,.T.);
#1577 = VERTEX_POINT('',#1578);
#1578 = CARTESIAN_POINT('',(72.,3.673940397442E-16,0.));
#1579 = LINE('',#1580,#1581);
#1580 = CARTESIAN_POINT('',(72.,3.673940397442E-16,5.5));
#1581 = VECTOR('',#1582,1.);
#1582 = DIRECTION('',(0.,0.,1.));
#1583 = ORIENTED_EDGE('',*,*,#794,.T.);
#1584 = ORIENTED_EDGE('',*,*,#1576,.F.);
#1585 = ORIENTED_EDGE('',*,*,#1586,.T.);
#1586 = EDGE_CURVE('',#1577,#1577,#1587,.T.);
#1587 = CIRCLE('',#1588,3.);
#1588 = AXIS2_PLACEMENT_3D('',#1589,#1590,#1591);
#1589 = CARTESIAN_POINT('',(69.,0.,0.));
#1590 = DIRECTION('',(0.,0.,1.));
#1591 = DIRECTION('',(-1.,0.,0.));
#1592 = CYLINDRICAL_SURFACE('',#1593,3.);
#1593 = AXIS2_PLACEMENT_3D('',#1594,#1595,#1596);
#1594 = CARTESIAN_POINT('',(69.,0.,5.5));
#1595 = DIRECTION('',(0.,0.,1.));
#1596 = DIRECTION('',(-1.,0.,0.));
#1597 = ADVANCED_FACE('',(#1598),#1617,.F.);
#1598 = FACE_BOUND('',#1599,.F.);
#1599 = EDGE_LOOP('',(#1600,#1608,#1609,#1610));
#1600 = ORIENTED_EDGE('',*,*,#1601,.T.);
#1601 = EDGE_CURVE('',#1602,#773,#1604,.T.);
#1602 = VERTEX_POINT('',#1603);
#1603 = CARTESIAN_POINT('',(-66.,3.673940397442E-16,0.));
#1604 = LINE('',#1605,#1606);
#1605 = CARTESIAN_POINT('',(-66.,3.673940397442E-16,5.5));
#1606 = VECTOR('',#1607,1.);
#1607 = DIRECTION('',(0.,0.,1.));
#1608 = ORIENTED_EDGE('',*,*,#772,.T.);
#1609 = ORIENTED_EDGE('',*,*,#1601,.F.);
#1610 = ORIENTED_EDGE('',*,*,#1611,.T.);
#1611 = EDGE_CURVE('',#1602,#1602,#1612,.T.);
#1612 = CIRCLE('',#1613,3.);
#1613 = AXIS2_PLACEMENT_3D('',#1614,#1615,#1616);
#1614 = CARTESIAN_POINT('',(-69.,0.,0.));
#1615 = DIRECTION('',(0.,0.,1.));
#1616 = DIRECTION('',(-1.,0.,0.));
#1617 = CYLINDRICAL_SURFACE('',#1618,3.);
#1618 = AXIS2_PLACEMENT_3D('',#1619,#1620,#1621);
#1619 = CARTESIAN_POINT('',(-69.,0.,5.5));
#1620 = DIRECTION('',(0.,0.,1.));
#1621 = DIRECTION('',(-1.,0.,0.));
#1622 = ADVANCED_FACE('',(#1623),#1642,.F.);
#1623 = FACE_BOUND('',#1624,.F.);
#1624 = EDGE_LOOP('',(#1625,#1633,#1634,#1635));
#1625 = ORIENTED_EDGE('',*,*,#1626,.T.);
#1626 = EDGE_CURVE('',#1627,#751,#1629,.T.);
#1627 = VERTEX_POINT('',#1628);
#1628 = CARTESIAN_POINT('',(37.5,-59.76,0.));
#1629 = LINE('',#1630,#1631);
#1630 = CARTESIAN_POINT('',(37.5,-59.76,5.5));
#1631 = VECTOR('',#1632,1.);
#1632 = DIRECTION('',(0.,0.,1.));
#1633 = ORIENTED_EDGE('',*,*,#750,.T.);
#1634 = ORIENTED_EDGE('',*,*,#1626,.F.);
#1635 = ORIENTED_EDGE('',*,*,#1636,.T.);
#1636 = EDGE_CURVE('',#1627,#1627,#1637,.T.);
#1637 = CIRCLE('',#1638,3.);
#1638 = AXIS2_PLACEMENT_3D('',#1639,#1640,#1641);
#1639 = CARTESIAN_POINT('',(34.5,-59.76,0.));
#1640 = DIRECTION('',(0.,0.,1.));
#1641 = DIRECTION('',(-1.,0.,0.));
#1642 = CYLINDRICAL_SURFACE('',#1643,3.);
#1643 = AXIS2_PLACEMENT_3D('',#1644,#1645,#1646);
#1644 = CARTESIAN_POINT('',(34.5,-59.76,5.5));
#1645 = DIRECTION('',(0.,0.,1.));
#1646 = DIRECTION('',(-1.,0.,0.));
#1647 = ADVANCED_FACE('',(#1648,#1659,#1662,#1665,#1668,#1671,#1674),
  #1677,.T.);
#1648 = FACE_BOUND('',#1649,.T.);
#1649 = EDGE_LOOP('',(#1650));
#1650 = ORIENTED_EDGE('',*,*,#1651,.T.);
#1651 = EDGE_CURVE('',#1652,#1652,#1654,.T.);
#1652 = VERTEX_POINT('',#1653);
#1653 = CARTESIAN_POINT('',(-9.184850993605E-15,-75.,0.));
#1654 = CIRCLE('',#1655,75.);
#1655 = AXIS2_PLACEMENT_3D('',#1656,#1657,#1658);
#1656 = CARTESIAN_POINT('',(0.,0.,0.));
#1657 = DIRECTION('',(0.,0.,-1.));
#1658 = DIRECTION('',(1.,0.,0.));
#1659 = FACE_BOUND('',#1660,.T.);
#1660 = EDGE_LOOP('',(#1661));
#1661 = ORIENTED_EDGE('',*,*,#1636,.T.);
#1662 = FACE_BOUND('',#1663,.T.);
#1663 = EDGE_LOOP('',(#1664));
#1664 = ORIENTED_EDGE('',*,*,#1611,.T.);
#1665 = FACE_BOUND('',#1666,.T.);
#1666 = EDGE_LOOP('',(#1667));
#1667 = ORIENTED_EDGE('',*,*,#1586,.T.);
#1668 = FACE_BOUND('',#1669,.T.);
#1669 = EDGE_LOOP('',(#1670));
#1670 = ORIENTED_EDGE('',*,*,#1561,.T.);
#1671 = FACE_BOUND('',#1672,.T.);
#1672 = EDGE_LOOP('',(#1673));
#1673 = ORIENTED_EDGE('',*,*,#1536,.T.);
#1674 = FACE_BOUND('',#1675,.T.);
#1675 = EDGE_LOOP('',(#1676));
#1676 = ORIENTED_EDGE('',*,*,#1511,.T.);
#1677 = PLANE('',#1678);
#1678 = AXIS2_PLACEMENT_3D('',#1679,#1680,#1681);
#1679 = CARTESIAN_POINT('',(0.,0.,0.));
#1680 = DIRECTION('',(0.,0.,-1.));
#1681 = DIRECTION('',(-1.,0.,0.));
#1682 = ADVANCED_FACE('',(#1683),#1694,.T.);
#1683 = FACE_BOUND('',#1684,.T.);
#1684 = EDGE_LOOP('',(#1685));
#1685 = ORIENTED_EDGE('',*,*,#1686,.F.);
#1686 = EDGE_CURVE('',#1687,#1687,#1689,.T.);
#1687 = VERTEX_POINT('',#1688);
#1688 = CARTESIAN_POINT('',(-4.286263797016E-15,-35.,5.));
#1689 = CIRCLE('',#1690,35.);
#1690 = AXIS2_PLACEMENT_3D('',#1691,#1692,#1693);
#1691 = CARTESIAN_POINT('',(0.,0.,5.));
#1692 = DIRECTION('',(0.,0.,-1.));
#1693 = DIRECTION('',(1.,0.,0.));
#1694 = PLANE('',#1695);
#1695 = AXIS2_PLACEMENT_3D('',#1696,#1697,#1698);
#1696 = CARTESIAN_POINT('',(0.,35.,5.));
#1697 = DIRECTION('',(0.,0.,1.));
#1698 = DIRECTION('',(1.,0.,-0.));
#1699 = ADVANCED_FACE('',(#1700),#1719,.F.);
#1700 = FACE_BOUND('',#1701,.F.);
#1701 = EDGE_LOOP('',(#1702,#1710,#1717,#1718));
#1702 = ORIENTED_EDGE('',*,*,#1703,.T.);
#1703 = EDGE_CURVE('',#1687,#1704,#1706,.T.);
#1704 = VERTEX_POINT('',#1705);
#1705 = CARTESIAN_POINT('',(-4.286263797016E-15,-35.,15.));
#1706 = LINE('',#1707,#1708);
#1707 = CARTESIAN_POINT('',(-4.286263797016E-15,-35.,10.));
#1708 = VECTOR('',#1709,1.);
#1709 = DIRECTION('',(0.,0.,1.));
#1710 = ORIENTED_EDGE('',*,*,#1711,.T.);
#1711 = EDGE_CURVE('',#1704,#1704,#1712,.T.);
#1712 = CIRCLE('',#1713,35.);
#1713 = AXIS2_PLACEMENT_3D('',#1714,#1715,#1716);
#1714 = CARTESIAN_POINT('',(0.,0.,15.));
#1715 = DIRECTION('',(0.,0.,-1.));
#1716 = DIRECTION('',(1.,0.,0.));
#1717 = ORIENTED_EDGE('',*,*,#1703,.F.);
#1718 = ORIENTED_EDGE('',*,*,#1686,.F.);
#1719 = CYLINDRICAL_SURFACE('',#1720,35.);
#1720 = AXIS2_PLACEMENT_3D('',#1721,#1722,#1723);
#1721 = CARTESIAN_POINT('',(0.,0.,10.));
#1722 = DIRECTION('',(0.,0.,-1.));
#1723 = DIRECTION('',(0.,1.,0.));
#1724 = ADVANCED_FACE('',(#1725,#1736,#1739,#1742,#1745,#1748,#1751,
    #1754),#1757,.T.);
#1725 = FACE_BOUND('',#1726,.T.);
#1726 = EDGE_LOOP('',(#1727));
#1727 = ORIENTED_EDGE('',*,*,#1728,.F.);
#1728 = EDGE_CURVE('',#1729,#1729,#1731,.T.);
#1729 = VERTEX_POINT('',#1730);
#1730 = CARTESIAN_POINT('',(-5.755839955993E-15,-47.,15.));
#1731 = CIRCLE('',#1732,47.);
#1732 = AXIS2_PLACEMENT_3D('',#1733,#1734,#1735);
#1733 = CARTESIAN_POINT('',(0.,0.,15.));
#1734 = DIRECTION('',(0.,0.,-1.));
#1735 = DIRECTION('',(1.,0.,0.));
#1736 = FACE_BOUND('',#1737,.T.);
#1737 = EDGE_LOOP('',(#1738));
#1738 = ORIENTED_EDGE('',*,*,#1711,.T.);
#1739 = FACE_BOUND('',#1740,.T.);
#1740 = EDGE_LOOP('',(#1741));
#1741 = ORIENTED_EDGE('',*,*,#271,.T.);
#1742 = FACE_BOUND('',#1743,.T.);
#1743 = EDGE_LOOP('',(#1744));
#1744 = ORIENTED_EDGE('',*,*,#229,.T.);
#1745 = FACE_BOUND('',#1746,.T.);
#1746 = EDGE_LOOP('',(#1747));
#1747 = ORIENTED_EDGE('',*,*,#187,.T.);
#1748 = FACE_BOUND('',#1749,.T.);
#1749 = EDGE_LOOP('',(#1750));
#1750 = ORIENTED_EDGE('',*,*,#145,.T.);
#1751 = FACE_BOUND('',#1752,.T.);
#1752 = EDGE_LOOP('',(#1753));
#1753 = ORIENTED_EDGE('',*,*,#103,.T.);
#1754 = FACE_BOUND('',#1755,.T.);
#1755 = EDGE_LOOP('',(#1756));
#1756 = ORIENTED_EDGE('',*,*,#61,.T.);
#1757 = PLANE('',#1758);
#1758 = AXIS2_PLACEMENT_3D('',#1759,#1760,#1761);
#1759 = CARTESIAN_POINT('',(0.,47.,15.));
#1760 = DIRECTION('',(0.,0.,1.));
#1761 = DIRECTION('',(1.,0.,-0.));
#1762 = ADVANCED_FACE('',(#1763),#1782,.F.);
#1763 = FACE_BOUND('',#1764,.F.);
#1764 = EDGE_LOOP('',(#1765,#1773,#1780,#1781));
#1765 = ORIENTED_EDGE('',*,*,#1766,.T.);
#1766 = EDGE_CURVE('',#1729,#1767,#1769,.T.);
#1767 = VERTEX_POINT('',#1768);
#1768 = CARTESIAN_POINT('',(-5.755839955993E-15,-47.,45.));
#1769 = LINE('',#1770,#1771);
#1770 = CARTESIAN_POINT('',(-5.755839955993E-15,-47.,30.));
#1771 = VECTOR('',#1772,1.);
#1772 = DIRECTION('',(0.,0.,1.));
#1773 = ORIENTED_EDGE('',*,*,#1774,.T.);
#1774 = EDGE_CURVE('',#1767,#1767,#1775,.T.);
#1775 = CIRCLE('',#1776,47.);
#1776 = AXIS2_PLACEMENT_3D('',#1777,#1778,#1779);
#1777 = CARTESIAN_POINT('',(0.,0.,45.));
#1778 = DIRECTION('',(0.,0.,-1.));
#1779 = DIRECTION('',(1.,0.,0.));
#1780 = ORIENTED_EDGE('',*,*,#1766,.F.);
#1781 = ORIENTED_EDGE('',*,*,#1728,.F.);
#1782 = CYLINDRICAL_SURFACE('',#1783,47.);
#1783 = AXIS2_PLACEMENT_3D('',#1784,#1785,#1786);
#1784 = CARTESIAN_POINT('',(0.,0.,30.));
#1785 = DIRECTION('',(0.,0.,-1.));
#1786 = DIRECTION('',(0.,1.,0.));
#1787 = ADVANCED_FACE('',(#1788,#1799),#1802,.T.);
#1788 = FACE_BOUND('',#1789,.T.);
#1789 = EDGE_LOOP('',(#1790));
#1790 = ORIENTED_EDGE('',*,*,#1791,.F.);
#1791 = EDGE_CURVE('',#1792,#1792,#1794,.T.);
#1792 = VERTEX_POINT('',#1793);
#1793 = CARTESIAN_POINT('',(-6.123233995737E-15,-50.,45.));
#1794 = CIRCLE('',#1795,50.);
#1795 = AXIS2_PLACEMENT_3D('',#1796,#1797,#1798);
#1796 = CARTESIAN_POINT('',(0.,0.,45.));
#1797 = DIRECTION('',(0.,0.,-1.));
#1798 = DIRECTION('',(1.,0.,0.));
#1799 = FACE_BOUND('',#1800,.T.);
#1800 = EDGE_LOOP('',(#1801));
#1801 = ORIENTED_EDGE('',*,*,#1774,.T.);
#1802 = PLANE('',#1803);
#1803 = AXIS2_PLACEMENT_3D('',#1804,#1805,#1806);
#1804 = CARTESIAN_POINT('',(0.,50.,45.));
#1805 = DIRECTION('',(0.,0.,1.));
#1806 = DIRECTION('',(1.,0.,-0.));
#1807 = ADVANCED_FACE('',(#1808),#1827,.T.);
#1808 = FACE_BOUND('',#1809,.T.);
#1809 = EDGE_LOOP('',(#1810,#1819,#1825,#1826));
#1810 = ORIENTED_EDGE('',*,*,#1811,.F.);
#1811 = EDGE_CURVE('',#1812,#1812,#1814,.T.);
#1812 = VERTEX_POINT('',#1813);
#1813 = CARTESIAN_POINT('',(-6.123233995737E-15,-50.,43.5));
#1814 = CIRCLE('',#1815,50.);
#1815 = AXIS2_PLACEMENT_3D('',#1816,#1817,#1818);
#1816 = CARTESIAN_POINT('',(0.,0.,43.5));
#1817 = DIRECTION('',(0.,0.,-1.));
#1818 = DIRECTION('',(1.,0.,0.));
#1819 = ORIENTED_EDGE('',*,*,#1820,.T.);
#1820 = EDGE_CURVE('',#1812,#1792,#1821,.T.);
#1821 = LINE('',#1822,#1823);
#1822 = CARTESIAN_POINT('',(-6.123233995737E-15,-50.,44.25));
#1823 = VECTOR('',#1824,1.);
#1824 = DIRECTION('',(0.,0.,1.));
#1825 = ORIENTED_EDGE('',*,*,#1791,.T.);
#1826 = ORIENTED_EDGE('',*,*,#1820,.F.);
#1827 = CYLINDRICAL_SURFACE('',#1828,50.);
#1828 = AXIS2_PLACEMENT_3D('',#1829,#1830,#1831);
#1829 = CARTESIAN_POINT('',(0.,0.,44.25));
#1830 = DIRECTION('',(0.,0.,-1.));
#1831 = DIRECTION('',(0.,1.,0.));
#1832 = ADVANCED_FACE('',(#1833,#1844),#1847,.T.);
#1833 = FACE_BOUND('',#1834,.T.);
#1834 = EDGE_LOOP('',(#1835));
#1835 = ORIENTED_EDGE('',*,*,#1836,.F.);
#1836 = EDGE_CURVE('',#1837,#1837,#1839,.T.);
#1837 = VERTEX_POINT('',#1838);
#1838 = CARTESIAN_POINT('',(-6.490628035481E-15,-53.,43.5));
#1839 = CIRCLE('',#1840,53.);
#1840 = AXIS2_PLACEMENT_3D('',#1841,#1842,#1843);
#1841 = CARTESIAN_POINT('',(0.,0.,43.5));
#1842 = DIRECTION('',(0.,0.,-1.));
#1843 = DIRECTION('',(1.,0.,0.));
#1844 = FACE_BOUND('',#1845,.T.);
#1845 = EDGE_LOOP('',(#1846));
#1846 = ORIENTED_EDGE('',*,*,#1811,.T.);
#1847 = PLANE('',#1848);
#1848 = AXIS2_PLACEMENT_3D('',#1849,#1850,#1851);
#1849 = CARTESIAN_POINT('',(0.,53.,43.5));
#1850 = DIRECTION('',(0.,0.,1.));
#1851 = DIRECTION('',(1.,0.,-0.));
#1852 = ADVANCED_FACE('',(#1853),#1864,.F.);
#1853 = FACE_BOUND('',#1854,.F.);
#1854 = EDGE_LOOP('',(#1855,#1861,#1862,#1863));
#1855 = ORIENTED_EDGE('',*,*,#1856,.T.);
#1856 = EDGE_CURVE('',#1837,#637,#1857,.T.);
#1857 = LINE('',#1858,#1859);
#1858 = CARTESIAN_POINT('',(-6.490628035481E-15,-53.,44.25));
#1859 = VECTOR('',#1860,1.);
#1860 = DIRECTION('',(0.,0.,1.));
#1861 = ORIENTED_EDGE('',*,*,#636,.T.);
#1862 = ORIENTED_EDGE('',*,*,#1856,.F.);
#1863 = ORIENTED_EDGE('',*,*,#1836,.F.);
#1864 = CYLINDRICAL_SURFACE('',#1865,53.);
#1865 = AXIS2_PLACEMENT_3D('',#1866,#1867,#1868);
#1866 = CARTESIAN_POINT('',(0.,0.,44.25));
#1867 = DIRECTION('',(0.,0.,-1.));
#1868 = DIRECTION('',(0.,1.,0.));
#1869 = ADVANCED_FACE('',(#1870),#1881,.T.);
#1870 = FACE_BOUND('',#1871,.T.);
#1871 = EDGE_LOOP('',(#1872,#1873,#1879,#1880));
#1872 = ORIENTED_EDGE('',*,*,#761,.F.);
#1873 = ORIENTED_EDGE('',*,*,#1874,.T.);
#1874 = EDGE_CURVE('',#762,#1038,#1875,.T.);
#1875 = LINE('',#1876,#1877);
#1876 = CARTESIAN_POINT('',(-7.531577814756E-15,-61.5,25.));
#1877 = VECTOR('',#1878,1.);
#1878 = DIRECTION('',(0.,0.,1.));
#1879 = ORIENTED_EDGE('',*,*,#1037,.T.);
#1880 = ORIENTED_EDGE('',*,*,#1874,.F.);
#1881 = CYLINDRICAL_SURFACE('',#1882,61.5);
#1882 = AXIS2_PLACEMENT_3D('',#1883,#1884,#1885);
#1883 = CARTESIAN_POINT('',(0.,0.,25.));
#1884 = DIRECTION('',(0.,0.,-1.));
#1885 = DIRECTION('',(0.,1.,0.));
#1886 = ADVANCED_FACE('',(#1887),#1898,.T.);
#1887 = FACE_BOUND('',#1888,.T.);
#1888 = EDGE_LOOP('',(#1889,#1890,#1896,#1897));
#1889 = ORIENTED_EDGE('',*,*,#1651,.F.);
#1890 = ORIENTED_EDGE('',*,*,#1891,.T.);
#1891 = EDGE_CURVE('',#1652,#729,#1892,.T.);
#1892 = LINE('',#1893,#1894);
#1893 = CARTESIAN_POINT('',(-9.184850993605E-15,-75.,5.));
#1894 = VECTOR('',#1895,1.);
#1895 = DIRECTION('',(0.,0.,1.));
#1896 = ORIENTED_EDGE('',*,*,#728,.T.);
#1897 = ORIENTED_EDGE('',*,*,#1891,.F.);
#1898 = CYLINDRICAL_SURFACE('',#1899,75.);
#1899 = AXIS2_PLACEMENT_3D('',#1900,#1901,#1902);
#1900 = CARTESIAN_POINT('',(0.,0.,5.));
#1901 = DIRECTION('',(0.,0.,-1.));
#1902 = DIRECTION('',(0.,1.,0.));
#1903 = ( GEOMETRIC_REPRESENTATION_CONTEXT(3) 
GLOBAL_UNCERTAINTY_ASSIGNED_CONTEXT((#1907)) 
GLOBAL_UNIT_ASSIGNED_CONTEXT((#1904,#1905,#1906)) REPRESENTATION_CONTEXT
('Context #1','3D Context with UNIT and UNCERTAINTY') );
#1904 = ( LENGTH_UNIT() NAMED_UNIT(*) SI_UNIT(.MILLI.,.METRE.) );
#1905 = ( NAMED_UNIT(*) PLANE_ANGLE_UNIT() SI_UNIT($,.RADIAN.) );
#1906 = ( NAMED_UNIT(*) SI_UNIT($,.STERADIAN.) SOLID_ANGLE_UNIT() );
#1907 = UNCERTAINTY_MEASURE_WITH_UNIT(LENGTH_MEASURE(1.E-07),#1904,
  'distance_accuracy_value','confusion accuracy');
#1908 = CONTEXT_DEPENDENT_SHAPE_REPRESENTATION(#1909,#1911);
#1909 = ( REPRESENTATION_RELATIONSHIP('','',#36,#10) 
REPRESENTATION_RELATIONSHIP_WITH_TRANSFORMATION(#1910) 
SHAPE_REPRESENTATION_RELATIONSHIP() );
#1910 = ITEM_DEFINED_TRANSFORMATION('','',#11,#15);
#1911 = PRODUCT_DEFINITION_SHAPE('Placement','Placement of an item',
  #1912);
#1912 = NEXT_ASSEMBLY_USAGE_OCCURRENCE('1','casing_base','',#5,#31,$);
#1913 = PRODUCT_RELATED_PRODUCT_CATEGORY('part',$,(#33));
#1914 = SHAPE_DEFINITION_REPRESENTATION(#1915,#1921);
#1915 = PRODUCT_DEFINITION_SHAPE('','',#1916);
#1916 = PRODUCT_DEFINITION('design','',#1917,#1920);
#1917 = PRODUCT_DEFINITION_FORMATION('','',#1918);
#1918 = PRODUCT('M6_bolts','M6_bolts','',(#1919));
#1919 = PRODUCT_CONTEXT('',#2,'mechanical');
#1920 = PRODUCT_DEFINITION_CONTEXT('part definition',#2,'design');
#1921 = SHAPE_REPRESENTATION('',(#11,#1922),#1926);
#1922 = AXIS2_PLACEMENT_3D('',#1923,#1924,#1925);
#1923 = CARTESIAN_POINT('',(0.,0.,0.));
#1924 = DIRECTION('',(0.,0.,1.));
#1925 = DIRECTION('',(1.,0.,0.));
#1926 = ( GEOMETRIC_REPRESENTATION_CONTEXT(3) 
GLOBAL_UNCERTAINTY_ASSIGNED_CONTEXT((#1930)) 
GLOBAL_UNIT_ASSIGNED_CONTEXT((#1927,#1928,#1929)) REPRESENTATION_CONTEXT
('Context #1','3D Context with UNIT and UNCERTAINTY') );
#1927 = ( LENGTH_UNIT() NAMED_UNIT(*) SI_UNIT(.MILLI.,.METRE.) );
#1928 = ( NAMED_UNIT(*) PLANE_ANGLE_UNIT() SI_UNIT($,.RADIAN.) );
#1929 = ( NAMED_UNIT(*) SI_UNIT($,.STERADIAN.) SOLID_ANGLE_UNIT() );
#1930 = UNCERTAINTY_MEASURE_WITH_UNIT(LENGTH_MEASURE(1.E-07),#1927,
  'distance_accuracy_value','confusion accuracy');
#1931 = CONTEXT_DEPENDENT_SHAPE_REPRESENTATION(#1932,#1934);
#1932 = ( REPRESENTATION_RELATIONSHIP('','',#1921,#10) 
REPRESENTATION_RELATIONSHIP_WITH_TRANSFORMATION(#1933) 
SHAPE_REPRESENTATION_RELATIONSHIP() );
#1933 = ITEM_DEFINED_TRANSFORMATION('','',#11,#19);
#1934 = PRODUCT_DEFINITION_SHAPE('Placement','Placement of an item',
  #1935);
#1935 = NEXT_ASSEMBLY_USAGE_OCCURRENCE('3','M6_bolts','',#5,#1916,$);
#1936 = PRODUCT_RELATED_PRODUCT_CATEGORY('part',$,(#1918));
#1937 = SHAPE_DEFINITION_REPRESENTATION(#1938,#1944);
#1938 = PRODUCT_DEFINITION_SHAPE('','',#1939);
#1939 = PRODUCT_DEFINITION('design','',#1940,#1943);
#1940 = PRODUCT_DEFINITION_FORMATION('','',#1941);
#1941 = PRODUCT(
  'Hexagon Socket Head Cap Screw ISO 4762 - M6 x 25 Steel 4.6 Plain',
  'Hexagon Socket Head Cap Screw ISO 4762 - M6 x 25 Steel 4.6 Plain','',
  (#1942));
#1942 = PRODUCT_CONTEXT('',#2,'mechanical');
#1943 = PRODUCT_DEFINITION_CONTEXT('part definition',#2,'design');
#1944 = ADVANCED_BREP_SHAPE_REPRESENTATION('',(#11,#1945),#2386);
#1945 = MANIFOLD_SOLID_BREP('',#1946);
#1946 = CLOSED_SHELL('',(#1947,#1980,#2014,#2073,#2098,#2130,#2153,#2176
    ,#2199,#2222,#2238,#2260,#2277,#2294,#2311,#2328,#2340,#2365,#2374)
  );
#1947 = ADVANCED_FACE('',(#1948),#1975,.T.);
#1948 = FACE_BOUND('',#1949,.T.);
#1949 = EDGE_LOOP('',(#1950,#1959,#1967,#1974));
#1950 = ORIENTED_EDGE('',*,*,#1951,.F.);
#1951 = EDGE_CURVE('',#1952,#1952,#1954,.T.);
#1952 = VERTEX_POINT('',#1953);
#1953 = CARTESIAN_POINT('',(2.942,3.602910883092E-16,-24.518));
#1954 = CIRCLE('',#1955,2.942);
#1955 = AXIS2_PLACEMENT_3D('',#1956,#1957,#1958);
#1956 = CARTESIAN_POINT('',(4.45925486514E-14,0.,-24.518));
#1957 = DIRECTION('',(-2.423899142805E-15,0.,1.));
#1958 = DIRECTION('',(-1.,0.,-2.423899142805E-15));
#1959 = ORIENTED_EDGE('',*,*,#1960,.T.);
#1960 = EDGE_CURVE('',#1952,#1961,#1963,.T.);
#1961 = VERTEX_POINT('',#1962);
#1962 = CARTESIAN_POINT('',(2.460000000006,-3.01263112591E-16,-25.));
#1963 = LINE('',#1964,#1965);
#1964 = CARTESIAN_POINT('',(2.760000000006,-3.380025165654E-16,-24.7));
#1965 = VECTOR('',#1966,1.);
#1966 = DIRECTION('',(-0.707106781187,8.659560562359E-17,-0.707106781186
    ));
#1967 = ORIENTED_EDGE('',*,*,#1968,.F.);
#1968 = EDGE_CURVE('',#1961,#1961,#1969,.T.);
#1969 = CIRCLE('',#1970,2.460000000006);
#1970 = AXIS2_PLACEMENT_3D('',#1971,#1972,#1973);
#1971 = CARTESIAN_POINT('',(0.,0.,-25.));
#1972 = DIRECTION('',(2.423899142805E-15,0.,-1.));
#1973 = DIRECTION('',(-1.,0.,-2.423899142805E-15));
#1974 = ORIENTED_EDGE('',*,*,#1960,.F.);
#1975 = CONICAL_SURFACE('',#1976,2.760000000006,0.785398163398);
#1976 = AXIS2_PLACEMENT_3D('',#1977,#1978,#1979);
#1977 = CARTESIAN_POINT('',(0.,0.,-24.7));
#1978 = DIRECTION('',(0.,0.,1.));
#1979 = DIRECTION('',(-1.,0.,0.));
#1980 = ADVANCED_FACE('',(#1981),#2009,.T.);
#1981 = FACE_BOUND('',#1982,.T.);
#1982 = EDGE_LOOP('',(#1983,#1992,#2001,#2008));
#1983 = ORIENTED_EDGE('',*,*,#1984,.T.);
#1984 = EDGE_CURVE('',#1985,#1985,#1987,.T.);
#1985 = VERTEX_POINT('',#1986);
#1986 = CARTESIAN_POINT('',(5.,-6.123233995737E-16,5.4));
#1987 = CIRCLE('',#1988,5.);
#1988 = AXIS2_PLACEMENT_3D('',#1989,#1990,#1991);
#1989 = CARTESIAN_POINT('',(-2.792566590304E-14,0.,5.4));
#1990 = DIRECTION('',(-2.423899142805E-15,0.,1.));
#1991 = DIRECTION('',(1.,0.,2.423899142805E-15));
#1992 = ORIENTED_EDGE('',*,*,#1993,.T.);
#1993 = EDGE_CURVE('',#1985,#1994,#1996,.T.);
#1994 = VERTEX_POINT('',#1995);
#1995 = CARTESIAN_POINT('',(4.4,-5.388445916248E-16,6.));
#1996 = CIRCLE('',#1997,0.6);
#1997 = AXIS2_PLACEMENT_3D('',#1998,#1999,#2000);
#1998 = CARTESIAN_POINT('',(4.4,-5.388445916248E-16,5.4));
#1999 = DIRECTION('',(-1.224646799147E-16,-1.,-2.968420326692E-31));
#2000 = DIRECTION('',(1.,-1.224646799147E-16,2.442490654175E-15));
#2001 = ORIENTED_EDGE('',*,*,#2002,.T.);
#2002 = EDGE_CURVE('',#1994,#1994,#2003,.T.);
#2003 = CIRCLE('',#2004,4.4);
#2004 = AXIS2_PLACEMENT_3D('',#2005,#2006,#2007);
#2005 = CARTESIAN_POINT('',(-2.938000538873E-14,0.,6.));
#2006 = DIRECTION('',(2.423899142805E-15,0.,-1.));
#2007 = DIRECTION('',(1.,0.,2.423899142805E-15));
#2008 = ORIENTED_EDGE('',*,*,#1993,.F.);
#2009 = TOROIDAL_SURFACE('',#2010,4.4,0.6);
#2010 = AXIS2_PLACEMENT_3D('',#2011,#2012,#2013);
#2011 = CARTESIAN_POINT('',(-2.792566590304E-14,0.,5.4));
#2012 = DIRECTION('',(2.423899142805E-15,0.,-1.));
#2013 = DIRECTION('',(-1.,0.,-2.423899142805E-15));
#2014 = ADVANCED_FACE('',(#2015,#2018),#2068,.T.);
#2015 = FACE_BOUND('',#2016,.T.);
#2016 = EDGE_LOOP('',(#2017));
#2017 = ORIENTED_EDGE('',*,*,#2002,.F.);
#2018 = FACE_BOUND('',#2019,.T.);
#2019 = EDGE_LOOP('',(#2020,#2030,#2038,#2046,#2054,#2062));
#2020 = ORIENTED_EDGE('',*,*,#2021,.T.);
#2021 = EDGE_CURVE('',#2022,#2024,#2026,.T.);
#2022 = VERTEX_POINT('',#2023);
#2023 = CARTESIAN_POINT('',(-2.5,-1.443375672974,6.));
#2024 = VERTEX_POINT('',#2025);
#2025 = CARTESIAN_POINT('',(-2.5,1.443375672974,6.));
#2026 = LINE('',#2027,#2028);
#2027 = CARTESIAN_POINT('',(-2.5,-0.721687836487,5.999999999999));
#2028 = VECTOR('',#2029,1.);
#2029 = DIRECTION('',(0.,1.,0.));
#2030 = ORIENTED_EDGE('',*,*,#2031,.T.);
#2031 = EDGE_CURVE('',#2024,#2032,#2034,.T.);
#2032 = VERTEX_POINT('',#2033);
#2033 = CARTESIAN_POINT('',(2.360765333072E-15,2.886751345948,6.));
#2034 = LINE('',#2035,#2036);
#2035 = CARTESIAN_POINT('',(-3.75,0.721687836487,5.999999999999));
#2036 = VECTOR('',#2037,1.);
#2037 = DIRECTION('',(0.866025403784,0.5,2.09915823388E-15));
#2038 = ORIENTED_EDGE('',*,*,#2039,.T.);
#2039 = EDGE_CURVE('',#2032,#2040,#2042,.T.);
#2040 = VERTEX_POINT('',#2041);
#2041 = CARTESIAN_POINT('',(2.5,1.443375672974,6.));
#2042 = LINE('',#2043,#2044);
#2043 = CARTESIAN_POINT('',(-1.25,3.608439182435,6.));
#2044 = VECTOR('',#2045,1.);
#2045 = DIRECTION('',(0.866025403784,-0.5,2.09915823388E-15));
#2046 = ORIENTED_EDGE('',*,*,#2047,.T.);
#2047 = EDGE_CURVE('',#2040,#2048,#2050,.T.);
#2048 = VERTEX_POINT('',#2049);
#2049 = CARTESIAN_POINT('',(2.5,-1.443375672974,6.));
#2050 = LINE('',#2051,#2052);
#2051 = CARTESIAN_POINT('',(2.5,0.721687836487,6.));
#2052 = VECTOR('',#2053,1.);
#2053 = DIRECTION('',(0.,-1.,0.));
#2054 = ORIENTED_EDGE('',*,*,#2055,.T.);
#2055 = EDGE_CURVE('',#2048,#2056,#2058,.T.);
#2056 = VERTEX_POINT('',#2057);
#2057 = CARTESIAN_POINT('',(-2.038300084273E-16,-2.886751345948,6.));
#2058 = LINE('',#2059,#2060);
#2059 = CARTESIAN_POINT('',(-4.996003610813E-15,-2.886751345948,6.));
#2060 = VECTOR('',#2061,1.);
#2061 = DIRECTION('',(-0.866025403784,-0.5,-2.09915823388E-15));
#2062 = ORIENTED_EDGE('',*,*,#2063,.T.);
#2063 = EDGE_CURVE('',#2056,#2022,#2064,.T.);
#2064 = LINE('',#2065,#2066);
#2065 = CARTESIAN_POINT('',(-2.5,-1.443375672974,5.999999999999));
#2066 = VECTOR('',#2067,1.);
#2067 = DIRECTION('',(-0.866025403784,0.5,-2.09915823388E-15));
#2068 = PLANE('',#2069);
#2069 = AXIS2_PLACEMENT_3D('',#2070,#2071,#2072);
#2070 = CARTESIAN_POINT('',(-5.,0.,5.999999999999));
#2071 = DIRECTION('',(-2.423899142805E-15,0.,1.));
#2072 = DIRECTION('',(1.,0.,2.423899142805E-15));
#2073 = ADVANCED_FACE('',(#2074),#2093,.T.);
#2074 = FACE_BOUND('',#2075,.T.);
#2075 = EDGE_LOOP('',(#2076,#2085,#2091,#2092));
#2076 = ORIENTED_EDGE('',*,*,#2077,.F.);
#2077 = EDGE_CURVE('',#2078,#2078,#2080,.T.);
#2078 = VERTEX_POINT('',#2079);
#2079 = CARTESIAN_POINT('',(5.,-6.123233995737E-16,-1.357247647604E-12)
  );
#2080 = CIRCLE('',#2081,5.);
#2081 = AXIS2_PLACEMENT_3D('',#2082,#2083,#2084);
#2082 = CARTESIAN_POINT('',(-1.48366105319E-14,0.,-1.368588078856E-12));
#2083 = DIRECTION('',(2.423899142805E-15,0.,-1.));
#2084 = DIRECTION('',(1.,0.,2.423899142805E-15));
#2085 = ORIENTED_EDGE('',*,*,#2086,.T.);
#2086 = EDGE_CURVE('',#2078,#1985,#2087,.T.);
#2087 = LINE('',#2088,#2089);
#2088 = CARTESIAN_POINT('',(5.,-6.123233995737E-16,2.999999999999));
#2089 = VECTOR('',#2090,1.);
#2090 = DIRECTION('',(-2.423899142805E-15,0.,1.));
#2091 = ORIENTED_EDGE('',*,*,#1984,.F.);
#2092 = ORIENTED_EDGE('',*,*,#2086,.F.);
#2093 = CYLINDRICAL_SURFACE('',#2094,5.);
#2094 = AXIS2_PLACEMENT_3D('',#2095,#2096,#2097);
#2095 = CARTESIAN_POINT('',(-2.210830796031E-14,0.,2.999999999999));
#2096 = DIRECTION('',(2.423899142805E-15,0.,-1.));
#2097 = DIRECTION('',(-1.,0.,-2.423899142805E-15));
#2098 = ADVANCED_FACE('',(#2099),#2125,.F.);
#2099 = FACE_BOUND('',#2100,.T.);
#2100 = EDGE_LOOP('',(#2101,#2111,#2119));
#2101 = ORIENTED_EDGE('',*,*,#2102,.F.);
#2102 = EDGE_CURVE('',#2103,#2105,#2107,.T.);
#2103 = VERTEX_POINT('',#2104);
#2104 = CARTESIAN_POINT('',(-2.5,1.443375672974,3.));
#2105 = VERTEX_POINT('',#2106);
#2106 = CARTESIAN_POINT('',(1.942890293094E-15,1.942890293094E-15,
    2.781278341185));
#2107 = LINE('',#2108,#2109);
#2108 = CARTESIAN_POINT('',(-1.8785674576,1.084591427336,2.945631697394)
  );
#2109 = VECTOR('',#2110,1.);
#2110 = DIRECTION('',(0.863550259614,-0.498570974847,-7.555085810113E-02
    ));
#2111 = ORIENTED_EDGE('',*,*,#2112,.F.);
#2112 = EDGE_CURVE('',#2113,#2103,#2115,.T.);
#2113 = VERTEX_POINT('',#2114);
#2114 = CARTESIAN_POINT('',(-2.5,-1.443375672974,3.));
#2115 = LINE('',#2116,#2117);
#2116 = CARTESIAN_POINT('',(-2.5,1.443375672974,3.));
#2117 = VECTOR('',#2118,1.);
#2118 = DIRECTION('',(0.,1.,0.));
#2119 = ORIENTED_EDGE('',*,*,#2120,.T.);
#2120 = EDGE_CURVE('',#2113,#2105,#2121,.T.);
#2121 = LINE('',#2122,#2123);
#2122 = CARTESIAN_POINT('',(-1.8785674576,-1.084591427336,2.945631697394
    ));
#2123 = VECTOR('',#2124,1.);
#2124 = DIRECTION('',(0.863550259614,0.498570974847,-7.555085810113E-02)
  );
#2125 = PLANE('',#2126);
#2126 = AXIS2_PLACEMENT_3D('',#2127,#2128,#2129);
#2127 = CARTESIAN_POINT('',(-2.5,1.443375672974,3.));
#2128 = DIRECTION('',(-8.715574274766E-02,0.,-0.996194698092));
#2129 = DIRECTION('',(0.,1.,0.));
#2130 = ADVANCED_FACE('',(#2131),#2148,.F.);
#2131 = FACE_BOUND('',#2132,.T.);
#2132 = EDGE_LOOP('',(#2133,#2134,#2142));
#2133 = ORIENTED_EDGE('',*,*,#2120,.F.);
#2134 = ORIENTED_EDGE('',*,*,#2135,.F.);
#2135 = EDGE_CURVE('',#2136,#2113,#2138,.T.);
#2136 = VERTEX_POINT('',#2137);
#2137 = CARTESIAN_POINT('',(-2.038300084273E-16,-2.886751345948,3.));
#2138 = LINE('',#2139,#2140);
#2139 = CARTESIAN_POINT('',(-2.5,-1.443375672974,3.));
#2140 = VECTOR('',#2141,1.);
#2141 = DIRECTION('',(-0.866025403784,0.5,0.));
#2142 = ORIENTED_EDGE('',*,*,#2143,.T.);
#2143 = EDGE_CURVE('',#2136,#2105,#2144,.T.);
#2144 = LINE('',#2145,#2146);
#2145 = CARTESIAN_POINT('',(-1.804112415016E-15,-2.169182854672,
    2.945631697394));
#2146 = VECTOR('',#2147,1.);
#2147 = DIRECTION('',(4.781434937487E-16,0.997141949694,
    -7.555085810113E-02));
#2148 = PLANE('',#2149);
#2149 = AXIS2_PLACEMENT_3D('',#2150,#2151,#2152);
#2150 = CARTESIAN_POINT('',(-2.5,-1.443375672974,3.));
#2151 = DIRECTION('',(-4.357787137383E-02,-7.547908730517E-02,
    -0.996194698092));
#2152 = DIRECTION('',(-0.866025403784,0.5,-8.326672684689E-17));
#2153 = ADVANCED_FACE('',(#2154),#2171,.F.);
#2154 = FACE_BOUND('',#2155,.T.);
#2155 = EDGE_LOOP('',(#2156,#2157,#2165));
#2156 = ORIENTED_EDGE('',*,*,#2143,.F.);
#2157 = ORIENTED_EDGE('',*,*,#2158,.F.);
#2158 = EDGE_CURVE('',#2159,#2136,#2161,.T.);
#2159 = VERTEX_POINT('',#2160);
#2160 = CARTESIAN_POINT('',(2.5,-1.443375672974,3.));
#2161 = LINE('',#2162,#2163);
#2162 = CARTESIAN_POINT('',(-2.038300084273E-16,-2.886751345948,3.));
#2163 = VECTOR('',#2164,1.);
#2164 = DIRECTION('',(-0.866025403784,-0.5,0.));
#2165 = ORIENTED_EDGE('',*,*,#2166,.T.);
#2166 = EDGE_CURVE('',#2159,#2105,#2167,.T.);
#2167 = LINE('',#2168,#2169);
#2168 = CARTESIAN_POINT('',(1.8785674576,-1.084591427336,2.945631697394)
  );
#2169 = VECTOR('',#2170,1.);
#2170 = DIRECTION('',(-0.863550259614,0.498570974847,-7.555085810113E-02
    ));
#2171 = PLANE('',#2172);
#2172 = AXIS2_PLACEMENT_3D('',#2173,#2174,#2175);
#2173 = CARTESIAN_POINT('',(-2.038300084273E-16,-2.886751345948,3.));
#2174 = DIRECTION('',(4.357787137383E-02,-7.547908730517E-02,
    -0.996194698092));
#2175 = DIRECTION('',(-0.866025403784,-0.5,-3.469446951954E-17));
#2176 = ADVANCED_FACE('',(#2177),#2194,.F.);
#2177 = FACE_BOUND('',#2178,.T.);
#2178 = EDGE_LOOP('',(#2179,#2180,#2188));
#2179 = ORIENTED_EDGE('',*,*,#2166,.F.);
#2180 = ORIENTED_EDGE('',*,*,#2181,.F.);
#2181 = EDGE_CURVE('',#2182,#2159,#2184,.T.);
#2182 = VERTEX_POINT('',#2183);
#2183 = CARTESIAN_POINT('',(2.5,1.443375672974,3.));
#2184 = LINE('',#2185,#2186);
#2185 = CARTESIAN_POINT('',(2.5,-1.443375672974,3.));
#2186 = VECTOR('',#2187,1.);
#2187 = DIRECTION('',(0.,-1.,0.));
#2188 = ORIENTED_EDGE('',*,*,#2189,.T.);
#2189 = EDGE_CURVE('',#2182,#2105,#2190,.T.);
#2190 = LINE('',#2191,#2192);
#2191 = CARTESIAN_POINT('',(1.8785674576,1.084591427336,2.945631697394)
  );
#2192 = VECTOR('',#2193,1.);
#2193 = DIRECTION('',(-0.863550259614,-0.498570974847,
    -7.555085810113E-02));
#2194 = PLANE('',#2195);
#2195 = AXIS2_PLACEMENT_3D('',#2196,#2197,#2198);
#2196 = CARTESIAN_POINT('',(2.5,-1.443375672974,3.));
#2197 = DIRECTION('',(8.715574274766E-02,0.,-0.996194698092));
#2198 = DIRECTION('',(0.,-1.,0.));
#2199 = ADVANCED_FACE('',(#2200),#2217,.F.);
#2200 = FACE_BOUND('',#2201,.T.);
#2201 = EDGE_LOOP('',(#2202,#2203,#2211));
#2202 = ORIENTED_EDGE('',*,*,#2189,.F.);
#2203 = ORIENTED_EDGE('',*,*,#2204,.F.);
#2204 = EDGE_CURVE('',#2205,#2182,#2207,.T.);
#2205 = VERTEX_POINT('',#2206);
#2206 = CARTESIAN_POINT('',(2.360765333072E-15,2.886751345948,3.));
#2207 = LINE('',#2208,#2209);
#2208 = CARTESIAN_POINT('',(2.5,1.443375672974,3.));
#2209 = VECTOR('',#2210,1.);
#2210 = DIRECTION('',(0.866025403784,-0.5,0.));
#2211 = ORIENTED_EDGE('',*,*,#2212,.T.);
#2212 = EDGE_CURVE('',#2205,#2105,#2213,.T.);
#2213 = LINE('',#2214,#2215);
#2214 = CARTESIAN_POINT('',(3.053113317719E-15,2.169182854672,
    2.945631697394));
#2215 = VECTOR('',#2216,1.);
#2216 = DIRECTION('',(-7.969058229146E-16,-0.997141949694,
    -7.555085810113E-02));
#2217 = PLANE('',#2218);
#2218 = AXIS2_PLACEMENT_3D('',#2219,#2220,#2221);
#2219 = CARTESIAN_POINT('',(2.5,1.443375672974,3.));
#2220 = DIRECTION('',(4.357787137383E-02,7.547908730517E-02,
    -0.996194698092));
#2221 = DIRECTION('',(0.866025403784,-0.5,-8.326672684689E-17));
#2222 = ADVANCED_FACE('',(#2223),#2233,.F.);
#2223 = FACE_BOUND('',#2224,.T.);
#2224 = EDGE_LOOP('',(#2225,#2226,#2232));
#2225 = ORIENTED_EDGE('',*,*,#2212,.F.);
#2226 = ORIENTED_EDGE('',*,*,#2227,.F.);
#2227 = EDGE_CURVE('',#2103,#2205,#2228,.T.);
#2228 = LINE('',#2229,#2230);
#2229 = CARTESIAN_POINT('',(2.360765333072E-15,2.886751345948,3.));
#2230 = VECTOR('',#2231,1.);
#2231 = DIRECTION('',(0.866025403784,0.5,0.));
#2232 = ORIENTED_EDGE('',*,*,#2102,.T.);
#2233 = PLANE('',#2234);
#2234 = AXIS2_PLACEMENT_3D('',#2235,#2236,#2237);
#2235 = CARTESIAN_POINT('',(2.360765333072E-15,2.886751345948,3.));
#2236 = DIRECTION('',(-4.357787137383E-02,7.547908730517E-02,
    -0.996194698092));
#2237 = DIRECTION('',(0.866025403784,0.5,-3.469446951954E-17));
#2238 = ADVANCED_FACE('',(#2239),#2255,.F.);
#2239 = FACE_BOUND('',#2240,.T.);
#2240 = EDGE_LOOP('',(#2241,#2242,#2248,#2249));
#2241 = ORIENTED_EDGE('',*,*,#2021,.F.);
#2242 = ORIENTED_EDGE('',*,*,#2243,.T.);
#2243 = EDGE_CURVE('',#2022,#2113,#2244,.T.);
#2244 = LINE('',#2245,#2246);
#2245 = CARTESIAN_POINT('',(-2.5,-1.443375672974,6.));
#2246 = VECTOR('',#2247,1.);
#2247 = DIRECTION('',(0.,0.,-1.));
#2248 = ORIENTED_EDGE('',*,*,#2112,.T.);
#2249 = ORIENTED_EDGE('',*,*,#2250,.F.);
#2250 = EDGE_CURVE('',#2024,#2103,#2251,.T.);
#2251 = LINE('',#2252,#2253);
#2252 = CARTESIAN_POINT('',(-2.5,1.443375672974,6.));
#2253 = VECTOR('',#2254,1.);
#2254 = DIRECTION('',(0.,0.,-1.));
#2255 = PLANE('',#2256);
#2256 = AXIS2_PLACEMENT_3D('',#2257,#2258,#2259);
#2257 = CARTESIAN_POINT('',(-2.5,-1.443375672974,6.));
#2258 = DIRECTION('',(-1.,0.,0.));
#2259 = DIRECTION('',(0.,1.,0.));
#2260 = ADVANCED_FACE('',(#2261),#2272,.F.);
#2261 = FACE_BOUND('',#2262,.T.);
#2262 = EDGE_LOOP('',(#2263,#2264,#2270,#2271));
#2263 = ORIENTED_EDGE('',*,*,#2063,.F.);
#2264 = ORIENTED_EDGE('',*,*,#2265,.T.);
#2265 = EDGE_CURVE('',#2056,#2136,#2266,.T.);
#2266 = LINE('',#2267,#2268);
#2267 = CARTESIAN_POINT('',(-2.038300084273E-16,-2.886751345948,6.));
#2268 = VECTOR('',#2269,1.);
#2269 = DIRECTION('',(0.,0.,-1.));
#2270 = ORIENTED_EDGE('',*,*,#2135,.T.);
#2271 = ORIENTED_EDGE('',*,*,#2243,.F.);
#2272 = PLANE('',#2273);
#2273 = AXIS2_PLACEMENT_3D('',#2274,#2275,#2276);
#2274 = CARTESIAN_POINT('',(-5.551115123126E-16,-2.886751345948,6.));
#2275 = DIRECTION('',(-0.5,-0.866025403784,0.));
#2276 = DIRECTION('',(-0.866025403784,0.5,0.));
#2277 = ADVANCED_FACE('',(#2278),#2289,.F.);
#2278 = FACE_BOUND('',#2279,.T.);
#2279 = EDGE_LOOP('',(#2280,#2281,#2287,#2288));
#2280 = ORIENTED_EDGE('',*,*,#2055,.F.);
#2281 = ORIENTED_EDGE('',*,*,#2282,.T.);
#2282 = EDGE_CURVE('',#2048,#2159,#2283,.T.);
#2283 = LINE('',#2284,#2285);
#2284 = CARTESIAN_POINT('',(2.5,-1.443375672974,6.));
#2285 = VECTOR('',#2286,1.);
#2286 = DIRECTION('',(0.,0.,-1.));
#2287 = ORIENTED_EDGE('',*,*,#2158,.T.);
#2288 = ORIENTED_EDGE('',*,*,#2265,.F.);
#2289 = PLANE('',#2290);
#2290 = AXIS2_PLACEMENT_3D('',#2291,#2292,#2293);
#2291 = CARTESIAN_POINT('',(2.5,-1.443375672974,6.));
#2292 = DIRECTION('',(0.5,-0.866025403784,0.));
#2293 = DIRECTION('',(-0.866025403784,-0.5,0.));
#2294 = ADVANCED_FACE('',(#2295),#2306,.F.);
#2295 = FACE_BOUND('',#2296,.T.);
#2296 = EDGE_LOOP('',(#2297,#2298,#2304,#2305));
#2297 = ORIENTED_EDGE('',*,*,#2047,.F.);
#2298 = ORIENTED_EDGE('',*,*,#2299,.T.);
#2299 = EDGE_CURVE('',#2040,#2182,#2300,.T.);
#2300 = LINE('',#2301,#2302);
#2301 = CARTESIAN_POINT('',(2.5,1.443375672974,6.));
#2302 = VECTOR('',#2303,1.);
#2303 = DIRECTION('',(0.,0.,-1.));
#2304 = ORIENTED_EDGE('',*,*,#2181,.T.);
#2305 = ORIENTED_EDGE('',*,*,#2282,.F.);
#2306 = PLANE('',#2307);
#2307 = AXIS2_PLACEMENT_3D('',#2308,#2309,#2310);
#2308 = CARTESIAN_POINT('',(2.5,1.443375672974,6.));
#2309 = DIRECTION('',(1.,0.,0.));
#2310 = DIRECTION('',(0.,-1.,0.));
#2311 = ADVANCED_FACE('',(#2312),#2323,.F.);
#2312 = FACE_BOUND('',#2313,.T.);
#2313 = EDGE_LOOP('',(#2314,#2315,#2321,#2322));
#2314 = ORIENTED_EDGE('',*,*,#2039,.F.);
#2315 = ORIENTED_EDGE('',*,*,#2316,.T.);
#2316 = EDGE_CURVE('',#2032,#2205,#2317,.T.);
#2317 = LINE('',#2318,#2319);
#2318 = CARTESIAN_POINT('',(2.360765333072E-15,2.886751345948,6.));
#2319 = VECTOR('',#2320,1.);
#2320 = DIRECTION('',(0.,0.,-1.));
#2321 = ORIENTED_EDGE('',*,*,#2204,.T.);
#2322 = ORIENTED_EDGE('',*,*,#2299,.F.);
#2323 = PLANE('',#2324);
#2324 = AXIS2_PLACEMENT_3D('',#2325,#2326,#2327);
#2325 = CARTESIAN_POINT('',(2.775557561563E-15,2.886751345948,6.));
#2326 = DIRECTION('',(0.5,0.866025403784,0.));
#2327 = DIRECTION('',(0.866025403784,-0.5,0.));
#2328 = ADVANCED_FACE('',(#2329),#2335,.F.);
#2329 = FACE_BOUND('',#2330,.T.);
#2330 = EDGE_LOOP('',(#2331,#2332,#2333,#2334));
#2331 = ORIENTED_EDGE('',*,*,#2031,.F.);
#2332 = ORIENTED_EDGE('',*,*,#2250,.T.);
#2333 = ORIENTED_EDGE('',*,*,#2227,.T.);
#2334 = ORIENTED_EDGE('',*,*,#2316,.F.);
#2335 = PLANE('',#2336);
#2336 = AXIS2_PLACEMENT_3D('',#2337,#2338,#2339);
#2337 = CARTESIAN_POINT('',(-2.5,1.443375672974,6.));
#2338 = DIRECTION('',(-0.5,0.866025403784,0.));
#2339 = DIRECTION('',(0.866025403784,0.5,0.));
#2340 = ADVANCED_FACE('',(#2341),#2360,.T.);
#2341 = FACE_BOUND('',#2342,.T.);
#2342 = EDGE_LOOP('',(#2343,#2344,#2352,#2359));
#2343 = ORIENTED_EDGE('',*,*,#1951,.T.);
#2344 = ORIENTED_EDGE('',*,*,#2345,.T.);
#2345 = EDGE_CURVE('',#1952,#2346,#2348,.T.);
#2346 = VERTEX_POINT('',#2347);
#2347 = CARTESIAN_POINT('',(2.942,3.602910883092E-16,-8.148107528897E-13
    ));
#2348 = LINE('',#2349,#2350);
#2349 = CARTESIAN_POINT('',(2.942,-3.602910883092E-16,-12.5));
#2350 = VECTOR('',#2351,1.);
#2351 = DIRECTION('',(-2.423899142805E-15,0.,1.));
#2352 = ORIENTED_EDGE('',*,*,#2353,.F.);
#2353 = EDGE_CURVE('',#2346,#2346,#2354,.T.);
#2354 = CIRCLE('',#2355,2.942);
#2355 = AXIS2_PLACEMENT_3D('',#2356,#2357,#2358);
#2356 = CARTESIAN_POINT('',(-1.48366105319E-14,0.,-8.215650382226E-13));
#2357 = DIRECTION('',(-2.423899142805E-15,0.,1.));
#2358 = DIRECTION('',(-1.,0.,-2.423899142805E-15));
#2359 = ORIENTED_EDGE('',*,*,#2345,.F.);
#2360 = CYLINDRICAL_SURFACE('',#2361,2.942);
#2361 = AXIS2_PLACEMENT_3D('',#2362,#2363,#2364);
#2362 = CARTESIAN_POINT('',(1.546212875316E-14,0.,-12.5));
#2363 = DIRECTION('',(2.423899142805E-15,0.,-1.));
#2364 = DIRECTION('',(-1.,0.,-2.423899142805E-15));
#2365 = ADVANCED_FACE('',(#2366),#2369,.T.);
#2366 = FACE_BOUND('',#2367,.T.);
#2367 = EDGE_LOOP('',(#2368));
#2368 = ORIENTED_EDGE('',*,*,#1968,.T.);
#2369 = PLANE('',#2370);
#2370 = AXIS2_PLACEMENT_3D('',#2371,#2372,#2373);
#2371 = CARTESIAN_POINT('',(4.551914400963E-14,0.,-25.));
#2372 = DIRECTION('',(2.423899142805E-15,0.,-1.));
#2373 = DIRECTION('',(-1.,0.,-2.423899142805E-15));
#2374 = ADVANCED_FACE('',(#2375,#2378),#2381,.T.);
#2375 = FACE_BOUND('',#2376,.T.);
#2376 = EDGE_LOOP('',(#2377));
#2377 = ORIENTED_EDGE('',*,*,#2077,.T.);
#2378 = FACE_BOUND('',#2379,.T.);
#2379 = EDGE_LOOP('',(#2380));
#2380 = ORIENTED_EDGE('',*,*,#2353,.T.);
#2381 = PLANE('',#2382);
#2382 = AXIS2_PLACEMENT_3D('',#2383,#2384,#2385);
#2383 = CARTESIAN_POINT('',(-3.,0.,-8.284245447421E-13));
#2384 = DIRECTION('',(2.423899142805E-15,0.,-1.));
#2385 = DIRECTION('',(-1.,0.,-2.423899142805E-15));
#2386 = ( GEOMETRIC_REPRESENTATION_CONTEXT(3) 
GLOBAL_UNCERTAINTY_ASSIGNED_CONTEXT((#2390)) 
GLOBAL_UNIT_ASSIGNED_CONTEXT((#2387,#2388,#2389)) REPRESENTATION_CONTEXT
('Context #1','3D Context with UNIT and UNCERTAINTY') );
#2387 = ( LENGTH_UNIT() NAMED_UNIT(*) SI_UNIT(.MILLI.,.METRE.) );
#2388 = ( NAMED_UNIT(*) PLANE_ANGLE_UNIT() SI_UNIT($,.RADIAN.) );
#2389 = ( NAMED_UNIT(*) SI_UNIT($,.STERADIAN.) SOLID_ANGLE_UNIT() );
#2390 = UNCERTAINTY_MEASURE_WITH_UNIT(LENGTH_MEASURE(1.E-07),#2387,
  'distance_accuracy_value','confusion accuracy');
#2391 = CONTEXT_DEPENDENT_SHAPE_REPRESENTATION(#2392,#2394);
#2392 = ( REPRESENTATION_RELATIONSHIP('','',#1944,#1921) 
REPRESENTATION_RELATIONSHIP_WITH_TRANSFORMATION(#2393) 
SHAPE_REPRESENTATION_RELATIONSHIP() );
#2393 = ITEM_DEFINED_TRANSFORMATION('','',#11,#1922);
#2394 = PRODUCT_DEFINITION_SHAPE('Placement','Placement of an item',
  #2395);
#2395 = NEXT_ASSEMBLY_USAGE_OCCURRENCE('2',
  'Hexagon Socket Head Cap Screw ISO 4762 - M6 x 25 Steel 4.6 Plain','',
  #1916,#1939,$);
#2396 = PRODUCT_RELATED_PRODUCT_CATEGORY('part',$,(#1941));
#2397 = MECHANICAL_DESIGN_GEOMETRIC_PRESENTATION_REPRESENTATION('',(
    #2398),#2386);
#2398 = STYLED_ITEM('color',(#2399),#1945);
#2399 = PRESENTATION_STYLE_ASSIGNMENT((#2400,#2406));
#2400 = SURFACE_STYLE_USAGE(.BOTH.,#2401);
#2401 = SURFACE_SIDE_STYLE('',(#2402));
#2402 = SURFACE_STYLE_FILL_AREA(#2403);
#2403 = FILL_AREA_STYLE('',(#2404));
#2404 = FILL_AREA_STYLE_COLOUR('',#2405);
#2405 = COLOUR_RGB('',0.627451011593,0.627451011593,0.627451011593);
#2406 = CURVE_STYLE('',#2407,POSITIVE_LENGTH_MEASURE(0.1),#2408);
#2407 = DRAUGHTING_PRE_DEFINED_CURVE_FONT('continuous');
#2408 = COLOUR_RGB('',9.803921802644E-02,9.803921802644E-02,
  9.803921802644E-02);
#2409 = MECHANICAL_DESIGN_GEOMETRIC_PRESENTATION_REPRESENTATION('',(
    #2410),#1903);
#2410 = STYLED_ITEM('color',(#2411),#37);
#2411 = PRESENTATION_STYLE_ASSIGNMENT((#2412,#2417));
#2412 = SURFACE_STYLE_USAGE(.BOTH.,#2413);
#2413 = SURFACE_SIDE_STYLE('',(#2414));
#2414 = SURFACE_STYLE_FILL_AREA(#2415);
#2415 = FILL_AREA_STYLE('',(#2416));
#2416 = FILL_AREA_STYLE_COLOUR('',#2405);
#2417 = CURVE_STYLE('',#2418,POSITIVE_LENGTH_MEASURE(0.1),#2408);
#2418 = DRAUGHTING_PRE_DEFINED_CURVE_FONT('continuous');
ENDSEC;
END-ISO-10303-21;
