ISO-10303-21;
HEADER;
/* Generated by software containing ST-Developer
 * from STEP Tools, Inc. (www.steptools.com) 
 */

FILE_DESCRIPTION(
/* description */ (''),
/* implementation_level */ '2;1');

FILE_NAME(
/* name */ 'casing_stack.step',
/* time_stamp */ '2026-09-23T13:09:32+05:30',
/* author */ (''),
/* organization */ (''),
/* preprocessor_version */ 'ST-DEVELOPER v20.1',
/* originating_system */ 'Autodesk Translation Framework v15.8.0.0',
/* authorisation */ '');

FILE_SCHEMA (('AUTOMOTIVE_DESIGN { 1 0 10303 214 3 1 1 }'));
ENDSEC;

DATA;
#10=MECHANICAL_DESIGN_GEOMETRIC_PRESENTATION_REPRESENTATION('',(#13),#2704);
#11=SHAPE_REPRESENTATION_RELATIONSHIP('SRR','None',#2711,#12);
#12=ADVANCED_BREP_SHAPE_REPRESENTATION('',(#14),#2703);
#13=STYLED_ITEM('',(#2720),#14);
#14=MANIFOLD_SOLID_BREP('Body1',#1492);
#15=FACE_BOUND('',#153,.T.);
#16=FACE_BOUND('',#154,.T.);
#17=FACE_BOUND('',#155,.T.);
#18=FACE_BOUND('',#156,.T.);
#19=FACE_BOUND('',#157,.T.);
#20=FACE_BOUND('',#158,.T.);
#21=FACE_BOUND('',#165,.T.);
#22=FACE_BOUND('',#166,.T.);
#23=FACE_BOUND('',#167,.T.);
#24=FACE_BOUND('',#168,.T.);
#25=FACE_BOUND('',#169,.T.);
#26=FACE_BOUND('',#170,.T.);
#27=FACE_BOUND('',#171,.T.);
#28=FACE_BOUND('',#198,.T.);
#29=FACE_BOUND('',#199,.T.);
#30=FACE_BOUND('',#200,.T.);
#31=FACE_BOUND('',#201,.T.);
#32=FACE_BOUND('',#202,.T.);
#33=FACE_BOUND('',#203,.T.);
#34=FACE_BOUND('',#204,.T.);
#35=FACE_BOUND('',#223,.T.);
#36=FACE_BOUND('',#224,.T.);
#37=FACE_BOUND('',#225,.T.);
#38=FACE_BOUND('',#226,.T.);
#39=FACE_BOUND('',#227,.T.);
#40=FACE_BOUND('',#228,.T.);
#41=FACE_BOUND('',#229,.T.);
#42=FACE_BOUND('',#254,.T.);
#43=FACE_BOUND('',#255,.T.);
#44=FACE_BOUND('',#256,.T.);
#45=FACE_BOUND('',#257,.T.);
#46=FACE_BOUND('',#258,.T.);
#47=FACE_BOUND('',#259,.T.);
#48=FACE_BOUND('',#260,.T.);
#49=FACE_BOUND('',#263,.T.);
#50=FACE_BOUND('',#266,.T.);
#51=PLANE('',#1512);
#52=PLANE('',#1552);
#53=PLANE('',#1607);
#54=PLANE('',#1670);
#55=PLANE('',#1694);
#56=PLANE('',#1698);
#57=PLANE('',#1702);
#58=PLANE('',#1706);
#59=PLANE('',#1710);
#60=PLANE('',#1714);
#61=PLANE('',#1715);
#62=PLANE('',#1719);
#63=PLANE('',#1723);
#64=PLANE('',#1727);
#65=FACE_OUTER_BOUND('',#150,.T.);
#66=FACE_OUTER_BOUND('',#151,.T.);
#67=FACE_OUTER_BOUND('',#152,.T.);
#68=FACE_OUTER_BOUND('',#159,.T.);
#69=FACE_OUTER_BOUND('',#160,.T.);
#70=FACE_OUTER_BOUND('',#161,.T.);
#71=FACE_OUTER_BOUND('',#162,.T.);
#72=FACE_OUTER_BOUND('',#163,.T.);
#73=FACE_OUTER_BOUND('',#164,.T.);
#74=FACE_OUTER_BOUND('',#172,.T.);
#75=FACE_OUTER_BOUND('',#173,.T.);
#76=FACE_OUTER_BOUND('',#174,.T.);
#77=FACE_OUTER_BOUND('',#175,.T.);
#78=FACE_OUTER_BOUND('',#176,.T.);
#79=FACE_OUTER_BOUND('',#177,.T.);
#80=FACE_OUTER_BOUND('',#178,.T.);
#81=FACE_OUTER_BOUND('',#179,.T.);
#82=FACE_OUTER_BOUND('',#180,.T.);
#83=FACE_OUTER_BOUND('',#181,.T.);
#84=FACE_OUTER_BOUND('',#182,.T.);
#85=FACE_OUTER_BOUND('',#183,.T.);
#86=FACE_OUTER_BOUND('',#184,.T.);
#87=FACE_OUTER_BOUND('',#185,.T.);
#88=FACE_OUTER_BOUND('',#186,.T.);
#89=FACE_OUTER_BOUND('',#187,.T.);
#90=FACE_OUTER_BOUND('',#188,.T.);
#91=FACE_OUTER_BOUND('',#189,.T.);
#92=FACE_OUTER_BOUND('',#190,.T.);
#93=FACE_OUTER_BOUND('',#191,.T.);
#94=FACE_OUTER_BOUND('',#192,.T.);
#95=FACE_OUTER_BOUND('',#193,.T.);
#96=FACE_OUTER_BOUND('',#194,.T.);
#97=FACE_OUTER_BOUND('',#195,.T.);
#98=FACE_OUTER_BOUND('',#196,.T.);
#99=FACE_OUTER_BOUND('',#197,.T.);
#100=FACE_OUTER_BOUND('',#205,.T.);
#101=FACE_OUTER_BOUND('',#206,.T.);
#102=FACE_OUTER_BOUND('',#207,.T.);
#103=FACE_OUTER_BOUND('',#208,.T.);
#104=FACE_OUTER_BOUND('',#209,.T.);
#105=FACE_OUTER_BOUND('',#210,.T.);
#106=FACE_OUTER_BOUND('',#211,.T.);
#107=FACE_OUTER_BOUND('',#212,.T.);
#108=FACE_OUTER_BOUND('',#213,.T.);
#109=FACE_OUTER_BOUND('',#214,.T.);
#110=FACE_OUTER_BOUND('',#215,.T.);
#111=FACE_OUTER_BOUND('',#216,.T.);
#112=FACE_OUTER_BOUND('',#217,.T.);
#113=FACE_OUTER_BOUND('',#218,.T.);
#114=FACE_OUTER_BOUND('',#219,.T.);
#115=FACE_OUTER_BOUND('',#220,.T.);
#116=FACE_OUTER_BOUND('',#221,.T.);
#117=FACE_OUTER_BOUND('',#222,.T.);
#118=FACE_OUTER_BOUND('',#230,.T.);
#119=FACE_OUTER_BOUND('',#231,.T.);
#120=FACE_OUTER_BOUND('',#232,.T.);
#121=FACE_OUTER_BOUND('',#233,.T.);
#122=FACE_OUTER_BOUND('',#234,.T.);
#123=FACE_OUTER_BOUND('',#235,.T.);
#124=FACE_OUTER_BOUND('',#236,.T.);
#125=FACE_OUTER_BOUND('',#237,.T.);
#126=FACE_OUTER_BOUND('',#238,.T.);
#127=FACE_OUTER_BOUND('',#239,.T.);
#128=FACE_OUTER_BOUND('',#240,.T.);
#129=FACE_OUTER_BOUND('',#241,.T.);
#130=FACE_OUTER_BOUND('',#242,.T.);
#131=FACE_OUTER_BOUND('',#243,.T.);
#132=FACE_OUTER_BOUND('',#244,.T.);
#133=FACE_OUTER_BOUND('',#245,.T.);
#134=FACE_OUTER_BOUND('',#246,.T.);
#135=FACE_OUTER_BOUND('',#247,.T.);
#136=FACE_OUTER_BOUND('',#248,.T.);
#137=FACE_OUTER_BOUND('',#249,.T.);
#138=FACE_OUTER_BOUND('',#250,.T.);
#139=FACE_OUTER_BOUND('',#251,.T.);
#140=FACE_OUTER_BOUND('',#252,.T.);
#141=FACE_OUTER_BOUND('',#253,.T.);
#142=FACE_OUTER_BOUND('',#261,.T.);
#143=FACE_OUTER_BOUND('',#262,.T.);
#144=FACE_OUTER_BOUND('',#264,.T.);
#145=FACE_OUTER_BOUND('',#265,.T.);
#146=FACE_OUTER_BOUND('',#267,.T.);
#147=FACE_OUTER_BOUND('',#268,.T.);
#148=FACE_OUTER_BOUND('',#269,.T.);
#149=FACE_OUTER_BOUND('',#270,.T.);
#150=EDGE_LOOP('',(#910,#911,#912,#913));
#151=EDGE_LOOP('',(#914,#915,#916,#917));
#152=EDGE_LOOP('',(#918,#919,#920,#921,#922,#923,#924,#925,#926,#927,#928,
#929,#930,#931,#932,#933,#934,#935,#936,#937,#938,#939,#940,#941));
#153=EDGE_LOOP('',(#942));
#154=EDGE_LOOP('',(#943));
#155=EDGE_LOOP('',(#944));
#156=EDGE_LOOP('',(#945));
#157=EDGE_LOOP('',(#946));
#158=EDGE_LOOP('',(#947));
#159=EDGE_LOOP('',(#948,#949,#950,#951));
#160=EDGE_LOOP('',(#952,#953,#954,#955));
#161=EDGE_LOOP('',(#956,#957,#958,#959));
#162=EDGE_LOOP('',(#960,#961,#962,#963));
#163=EDGE_LOOP('',(#964,#965,#966,#967));
#164=EDGE_LOOP('',(#968,#969,#970,#971,#972,#973,#974,#975,#976,#977,#978,
#979,#980,#981,#982,#983,#984,#985,#986,#987,#988,#989,#990,#991));
#165=EDGE_LOOP('',(#992));
#166=EDGE_LOOP('',(#993));
#167=EDGE_LOOP('',(#994));
#168=EDGE_LOOP('',(#995));
#169=EDGE_LOOP('',(#996));
#170=EDGE_LOOP('',(#997));
#171=EDGE_LOOP('',(#998));
#172=EDGE_LOOP('',(#999,#1000,#1001,#1002));
#173=EDGE_LOOP('',(#1003,#1004,#1005,#1006));
#174=EDGE_LOOP('',(#1007,#1008,#1009,#1010));
#175=EDGE_LOOP('',(#1011,#1012,#1013,#1014));
#176=EDGE_LOOP('',(#1015,#1016,#1017,#1018));
#177=EDGE_LOOP('',(#1019,#1020,#1021,#1022));
#178=EDGE_LOOP('',(#1023,#1024,#1025,#1026));
#179=EDGE_LOOP('',(#1027,#1028,#1029,#1030));
#180=EDGE_LOOP('',(#1031,#1032,#1033,#1034));
#181=EDGE_LOOP('',(#1035,#1036,#1037,#1038));
#182=EDGE_LOOP('',(#1039,#1040,#1041,#1042));
#183=EDGE_LOOP('',(#1043,#1044,#1045,#1046));
#184=EDGE_LOOP('',(#1047,#1048,#1049,#1050));
#185=EDGE_LOOP('',(#1051,#1052,#1053,#1054));
#186=EDGE_LOOP('',(#1055,#1056,#1057,#1058));
#187=EDGE_LOOP('',(#1059,#1060,#1061,#1062));
#188=EDGE_LOOP('',(#1063,#1064,#1065,#1066));
#189=EDGE_LOOP('',(#1067,#1068,#1069,#1070));
#190=EDGE_LOOP('',(#1071,#1072,#1073,#1074));
#191=EDGE_LOOP('',(#1075,#1076,#1077,#1078));
#192=EDGE_LOOP('',(#1079,#1080,#1081,#1082));
#193=EDGE_LOOP('',(#1083,#1084,#1085,#1086));
#194=EDGE_LOOP('',(#1087,#1088,#1089,#1090));
#195=EDGE_LOOP('',(#1091,#1092,#1093,#1094));
#196=EDGE_LOOP('',(#1095,#1096,#1097,#1098));
#197=EDGE_LOOP('',(#1099,#1100,#1101,#1102,#1103,#1104,#1105,#1106,#1107,
#1108,#1109,#1110,#1111,#1112,#1113,#1114,#1115,#1116,#1117,#1118,#1119,
#1120,#1121,#1122));
#198=EDGE_LOOP('',(#1123));
#199=EDGE_LOOP('',(#1124));
#200=EDGE_LOOP('',(#1125));
#201=EDGE_LOOP('',(#1126));
#202=EDGE_LOOP('',(#1127));
#203=EDGE_LOOP('',(#1128));
#204=EDGE_LOOP('',(#1129));
#205=EDGE_LOOP('',(#1130,#1131,#1132,#1133));
#206=EDGE_LOOP('',(#1134,#1135,#1136,#1137));
#207=EDGE_LOOP('',(#1138,#1139,#1140,#1141));
#208=EDGE_LOOP('',(#1142,#1143,#1144,#1145));
#209=EDGE_LOOP('',(#1146,#1147,#1148,#1149));
#210=EDGE_LOOP('',(#1150,#1151,#1152,#1153));
#211=EDGE_LOOP('',(#1154,#1155,#1156,#1157));
#212=EDGE_LOOP('',(#1158,#1159,#1160,#1161));
#213=EDGE_LOOP('',(#1162,#1163,#1164,#1165));
#214=EDGE_LOOP('',(#1166,#1167,#1168,#1169));
#215=EDGE_LOOP('',(#1170,#1171,#1172,#1173));
#216=EDGE_LOOP('',(#1174,#1175,#1176,#1177));
#217=EDGE_LOOP('',(#1178,#1179,#1180,#1181));
#218=EDGE_LOOP('',(#1182,#1183,#1184,#1185));
#219=EDGE_LOOP('',(#1186,#1187,#1188,#1189));
#220=EDGE_LOOP('',(#1190,#1191,#1192,#1193));
#221=EDGE_LOOP('',(#1194,#1195,#1196,#1197));
#222=EDGE_LOOP('',(#1198,#1199,#1200,#1201,#1202,#1203,#1204,#1205,#1206,
#1207,#1208,#1209,#1210,#1211,#1212,#1213,#1214,#1215,#1216,#1217,#1218,
#1219,#1220,#1221));
#223=EDGE_LOOP('',(#1222));
#224=EDGE_LOOP('',(#1223));
#225=EDGE_LOOP('',(#1224));
#226=EDGE_LOOP('',(#1225));
#227=EDGE_LOOP('',(#1226));
#228=EDGE_LOOP('',(#1227));
#229=EDGE_LOOP('',(#1228));
#230=EDGE_LOOP('',(#1229,#1230,#1231,#1232));
#231=EDGE_LOOP('',(#1233,#1234,#1235,#1236));
#232=EDGE_LOOP('',(#1237,#1238,#1239,#1240));
#233=EDGE_LOOP('',(#1241,#1242,#1243,#1244));
#234=EDGE_LOOP('',(#1245,#1246,#1247,#1248));
#235=EDGE_LOOP('',(#1249,#1250,#1251,#1252));
#236=EDGE_LOOP('',(#1253,#1254,#1255,#1256));
#237=EDGE_LOOP('',(#1257,#1258,#1259,#1260));
#238=EDGE_LOOP('',(#1261,#1262,#1263,#1264));
#239=EDGE_LOOP('',(#1265,#1266,#1267,#1268));
#240=EDGE_LOOP('',(#1269));
#241=EDGE_LOOP('',(#1270,#1271,#1272,#1273));
#242=EDGE_LOOP('',(#1274));
#243=EDGE_LOOP('',(#1275,#1276,#1277,#1278));
#244=EDGE_LOOP('',(#1279));
#245=EDGE_LOOP('',(#1280,#1281,#1282,#1283));
#246=EDGE_LOOP('',(#1284));
#247=EDGE_LOOP('',(#1285,#1286,#1287,#1288));
#248=EDGE_LOOP('',(#1289));
#249=EDGE_LOOP('',(#1290,#1291,#1292,#1293));
#250=EDGE_LOOP('',(#1294));
#251=EDGE_LOOP('',(#1295));
#252=EDGE_LOOP('',(#1296,#1297,#1298,#1299));
#253=EDGE_LOOP('',(#1300));
#254=EDGE_LOOP('',(#1301));
#255=EDGE_LOOP('',(#1302));
#256=EDGE_LOOP('',(#1303));
#257=EDGE_LOOP('',(#1304));
#258=EDGE_LOOP('',(#1305));
#259=EDGE_LOOP('',(#1306));
#260=EDGE_LOOP('',(#1307));
#261=EDGE_LOOP('',(#1308,#1309,#1310,#1311));
#262=EDGE_LOOP('',(#1312));
#263=EDGE_LOOP('',(#1313));
#264=EDGE_LOOP('',(#1314,#1315,#1316,#1317));
#265=EDGE_LOOP('',(#1318));
#266=EDGE_LOOP('',(#1319));
#267=EDGE_LOOP('',(#1320,#1321,#1322,#1323));
#268=EDGE_LOOP('',(#1324,#1325,#1326,#1327));
#269=EDGE_LOOP('',(#1328,#1329,#1330,#1331));
#270=EDGE_LOOP('',(#1332,#1333,#1334,#1335));
#271=LINE('',#2266,#342);
#272=LINE('',#2269,#343);
#273=LINE('',#2274,#344);
#274=LINE('',#2334,#345);
#275=LINE('',#2337,#346);
#276=LINE('',#2341,#347);
#277=LINE('',#2346,#348);
#278=LINE('',#2351,#349);
#279=LINE('',#2405,#350);
#280=LINE('',#2407,#351);
#281=LINE('',#2409,#352);
#282=LINE('',#2411,#353);
#283=LINE('',#2412,#354);
#284=LINE('',#2414,#355);
#285=LINE('',#2416,#356);
#286=LINE('',#2418,#357);
#287=LINE('',#2419,#358);
#288=LINE('',#2422,#359);
#289=LINE('',#2425,#360);
#290=LINE('',#2426,#361);
#291=LINE('',#2428,#362);
#292=LINE('',#2430,#363);
#293=LINE('',#2432,#364);
#294=LINE('',#2434,#365);
#295=LINE('',#2436,#366);
#296=LINE('',#2438,#367);
#297=LINE('',#2442,#368);
#298=LINE('',#2444,#369);
#299=LINE('',#2446,#370);
#300=LINE('',#2448,#371);
#301=LINE('',#2454,#372);
#302=LINE('',#2457,#373);
#303=LINE('',#2462,#374);
#304=LINE('',#2522,#375);
#305=LINE('',#2526,#376);
#306=LINE('',#2530,#377);
#307=LINE('',#2533,#378);
#308=LINE('',#2537,#379);
#309=LINE('',#2541,#380);
#310=LINE('',#2544,#381);
#311=LINE('',#2547,#382);
#312=LINE('',#2551,#383);
#313=LINE('',#2555,#384);
#314=LINE('',#2558,#385);
#315=LINE('',#2561,#386);
#316=LINE('',#2565,#387);
#317=LINE('',#2570,#388);
#318=LINE('',#2573,#389);
#319=LINE('',#2577,#390);
#320=LINE('',#2581,#391);
#321=LINE('',#2586,#392);
#322=LINE('',#2587,#393);
#323=LINE('',#2590,#394);
#324=LINE('',#2594,#395);
#325=LINE('',#2620,#396);
#326=LINE('',#2622,#397);
#327=LINE('',#2624,#398);
#328=LINE('',#2626,#399);
#329=LINE('',#2631,#400);
#330=LINE('',#2638,#401);
#331=LINE('',#2645,#402);
#332=LINE('',#2652,#403);
#333=LINE('',#2659,#404);
#334=LINE('',#2666,#405);
#335=LINE('',#2674,#406);
#336=LINE('',#2681,#407);
#337=LINE('',#2689,#408);
#338=LINE('',#2694,#409);
#339=LINE('',#2696,#410);
#340=LINE('',#2698,#411);
#341=LINE('',#2700,#412);
#342=VECTOR('',#1739,10.);
#343=VECTOR('',#1742,10.);
#344=VECTOR('',#1747,10.);
#345=VECTOR('',#1810,10.);
#346=VECTOR('',#1813,10.);
#347=VECTOR('',#1818,10.);
#348=VECTOR('',#1823,3.);
#349=VECTOR('',#1830,3.);
#350=VECTOR('',#1889,10.);
#351=VECTOR('',#1892,10.);
#352=VECTOR('',#1895,10.);
#353=VECTOR('',#1898,10.);
#354=VECTOR('',#1899,10.);
#355=VECTOR('',#1902,10.);
#356=VECTOR('',#1905,10.);
#357=VECTOR('',#1908,10.);
#358=VECTOR('',#1909,10.);
#359=VECTOR('',#1914,10.);
#360=VECTOR('',#1919,10.);
#361=VECTOR('',#1920,10.);
#362=VECTOR('',#1923,10.);
#363=VECTOR('',#1926,10.);
#364=VECTOR('',#1929,10.);
#365=VECTOR('',#1932,10.);
#366=VECTOR('',#1935,10.);
#367=VECTOR('',#1938,10.);
#368=VECTOR('',#1945,3.);
#369=VECTOR('',#1948,3.);
#370=VECTOR('',#1951,3.);
#371=VECTOR('',#1954,3.);
#372=VECTOR('',#1959,10.);
#373=VECTOR('',#1962,10.);
#374=VECTOR('',#1967,10.);
#375=VECTOR('',#2030,10.);
#376=VECTOR('',#2035,10.);
#377=VECTOR('',#2040,10.);
#378=VECTOR('',#2043,10.);
#379=VECTOR('',#2048,10.);
#380=VECTOR('',#2053,10.);
#381=VECTOR('',#2056,10.);
#382=VECTOR('',#2059,10.);
#383=VECTOR('',#2064,10.);
#384=VECTOR('',#2069,10.);
#385=VECTOR('',#2072,10.);
#386=VECTOR('',#2075,10.);
#387=VECTOR('',#2080,10.);
#388=VECTOR('',#2087,10.);
#389=VECTOR('',#2090,10.);
#390=VECTOR('',#2095,10.);
#391=VECTOR('',#2100,10.);
#392=VECTOR('',#2105,10.);
#393=VECTOR('',#2106,10.);
#394=VECTOR('',#2109,10.);
#395=VECTOR('',#2114,10.);
#396=VECTOR('',#2153,3.);
#397=VECTOR('',#2156,3.);
#398=VECTOR('',#2159,3.);
#399=VECTOR('',#2162,3.);
#400=VECTOR('',#2167,2.);
#401=VECTOR('',#2176,2.);
#402=VECTOR('',#2185,2.);
#403=VECTOR('',#2194,2.);
#404=VECTOR('',#2203,2.);
#405=VECTOR('',#2212,2.);
#406=VECTOR('',#2223,35.);
#407=VECTOR('',#2232,47.);
#408=VECTOR('',#2243,50.);
#409=VECTOR('',#2250,53.);
#410=VECTOR('',#2253,61.5);
#411=VECTOR('',#2256,3.);
#412=VECTOR('',#2259,3.);
#413=CIRCLE('',#1507,5.);
#414=CIRCLE('',#1508,5.);
#415=CIRCLE('',#1510,75.);
#416=CIRCLE('',#1511,75.);
#417=CIRCLE('',#1513,6.5);
#418=CIRCLE('',#1514,5.);
#419=CIRCLE('',#1515,75.);
#420=CIRCLE('',#1516,5.);
#421=CIRCLE('',#1517,6.5);
#422=CIRCLE('',#1518,5.);
#423=CIRCLE('',#1519,75.);
#424=CIRCLE('',#1520,5.);
#425=CIRCLE('',#1521,6.5);
#426=CIRCLE('',#1522,5.);
#427=CIRCLE('',#1523,75.);
#428=CIRCLE('',#1524,5.);
#429=CIRCLE('',#1525,6.5);
#430=CIRCLE('',#1526,5.);
#431=CIRCLE('',#1527,75.);
#432=CIRCLE('',#1528,5.);
#433=CIRCLE('',#1529,6.5);
#434=CIRCLE('',#1530,5.);
#435=CIRCLE('',#1531,75.);
#436=CIRCLE('',#1532,5.);
#437=CIRCLE('',#1533,6.5);
#438=CIRCLE('',#1534,5.);
#439=CIRCLE('',#1535,3.);
#440=CIRCLE('',#1536,3.);
#441=CIRCLE('',#1537,3.);
#442=CIRCLE('',#1538,3.);
#443=CIRCLE('',#1539,3.);
#444=CIRCLE('',#1540,3.);
#445=CIRCLE('',#1542,5.);
#446=CIRCLE('',#1544,75.);
#447=CIRCLE('',#1546,3.);
#448=CIRCLE('',#1547,3.);
#449=CIRCLE('',#1549,3.);
#450=CIRCLE('',#1551,6.5);
#451=CIRCLE('',#1553,5.);
#452=CIRCLE('',#1554,6.5);
#453=CIRCLE('',#1555,5.);
#454=CIRCLE('',#1556,75.);
#455=CIRCLE('',#1557,5.);
#456=CIRCLE('',#1558,6.5);
#457=CIRCLE('',#1559,5.);
#458=CIRCLE('',#1560,75.);
#459=CIRCLE('',#1561,5.);
#460=CIRCLE('',#1562,6.5);
#461=CIRCLE('',#1563,5.);
#462=CIRCLE('',#1564,75.);
#463=CIRCLE('',#1565,5.);
#464=CIRCLE('',#1566,6.5);
#465=CIRCLE('',#1567,5.);
#466=CIRCLE('',#1568,75.);
#467=CIRCLE('',#1569,5.);
#468=CIRCLE('',#1570,6.5);
#469=CIRCLE('',#1571,5.);
#470=CIRCLE('',#1572,3.);
#471=CIRCLE('',#1573,3.);
#472=CIRCLE('',#1574,3.);
#473=CIRCLE('',#1575,61.5);
#474=CIRCLE('',#1576,3.);
#475=CIRCLE('',#1577,3.);
#476=CIRCLE('',#1602,5.);
#477=CIRCLE('',#1603,5.);
#478=CIRCLE('',#1605,6.5);
#479=CIRCLE('',#1606,6.5);
#480=CIRCLE('',#1608,75.);
#481=CIRCLE('',#1609,5.);
#482=CIRCLE('',#1610,6.5);
#483=CIRCLE('',#1611,5.);
#484=CIRCLE('',#1612,75.);
#485=CIRCLE('',#1613,5.);
#486=CIRCLE('',#1614,6.5);
#487=CIRCLE('',#1615,5.);
#488=CIRCLE('',#1616,75.);
#489=CIRCLE('',#1617,5.);
#490=CIRCLE('',#1618,6.5);
#491=CIRCLE('',#1619,5.);
#492=CIRCLE('',#1620,75.);
#493=CIRCLE('',#1621,5.);
#494=CIRCLE('',#1622,6.5);
#495=CIRCLE('',#1623,5.);
#496=CIRCLE('',#1624,75.);
#497=CIRCLE('',#1625,5.);
#498=CIRCLE('',#1626,6.5);
#499=CIRCLE('',#1627,5.);
#500=CIRCLE('',#1628,75.);
#501=CIRCLE('',#1629,5.);
#502=CIRCLE('',#1630,3.);
#503=CIRCLE('',#1631,3.);
#504=CIRCLE('',#1632,3.);
#505=CIRCLE('',#1633,3.);
#506=CIRCLE('',#1634,3.);
#507=CIRCLE('',#1635,53.);
#508=CIRCLE('',#1637,5.);
#509=CIRCLE('',#1639,75.);
#510=CIRCLE('',#1641,5.);
#511=CIRCLE('',#1643,6.5);
#512=CIRCLE('',#1645,5.);
#513=CIRCLE('',#1647,5.);
#514=CIRCLE('',#1649,6.5);
#515=CIRCLE('',#1651,5.);
#516=CIRCLE('',#1653,5.);
#517=CIRCLE('',#1655,6.5);
#518=CIRCLE('',#1657,5.);
#519=CIRCLE('',#1659,5.);
#520=CIRCLE('',#1661,6.5);
#521=CIRCLE('',#1663,5.);
#522=CIRCLE('',#1665,5.);
#523=CIRCLE('',#1667,6.5);
#524=CIRCLE('',#1669,5.);
#525=CIRCLE('',#1671,75.);
#526=CIRCLE('',#1672,75.);
#527=CIRCLE('',#1673,75.);
#528=CIRCLE('',#1674,75.);
#529=CIRCLE('',#1675,75.);
#530=CIRCLE('',#1676,3.);
#531=CIRCLE('',#1677,3.);
#532=CIRCLE('',#1678,3.);
#533=CIRCLE('',#1679,3.);
#534=CIRCLE('',#1680,3.);
#535=CIRCLE('',#1681,61.5);
#536=CIRCLE('',#1692,2.);
#537=CIRCLE('',#1693,2.);
#538=CIRCLE('',#1696,2.);
#539=CIRCLE('',#1697,2.);
#540=CIRCLE('',#1700,2.);
#541=CIRCLE('',#1701,2.);
#542=CIRCLE('',#1704,2.);
#543=CIRCLE('',#1705,2.);
#544=CIRCLE('',#1708,2.);
#545=CIRCLE('',#1709,2.);
#546=CIRCLE('',#1712,2.);
#547=CIRCLE('',#1713,2.);
#548=CIRCLE('',#1716,35.);
#549=CIRCLE('',#1718,35.);
#550=CIRCLE('',#1720,47.);
#551=CIRCLE('',#1722,47.);
#552=CIRCLE('',#1724,50.);
#553=CIRCLE('',#1726,50.);
#554=CIRCLE('',#1728,53.);
#555=VERTEX_POINT('',#2262);
#556=VERTEX_POINT('',#2263);
#557=VERTEX_POINT('',#2265);
#558=VERTEX_POINT('',#2267);
#559=VERTEX_POINT('',#2271);
#560=VERTEX_POINT('',#2273);
#561=VERTEX_POINT('',#2277);
#562=VERTEX_POINT('',#2279);
#563=VERTEX_POINT('',#2281);
#564=VERTEX_POINT('',#2283);
#565=VERTEX_POINT('',#2285);
#566=VERTEX_POINT('',#2287);
#567=VERTEX_POINT('',#2289);
#568=VERTEX_POINT('',#2291);
#569=VERTEX_POINT('',#2293);
#570=VERTEX_POINT('',#2295);
#571=VERTEX_POINT('',#2297);
#572=VERTEX_POINT('',#2299);
#573=VERTEX_POINT('',#2301);
#574=VERTEX_POINT('',#2303);
#575=VERTEX_POINT('',#2305);
#576=VERTEX_POINT('',#2307);
#577=VERTEX_POINT('',#2309);
#578=VERTEX_POINT('',#2311);
#579=VERTEX_POINT('',#2313);
#580=VERTEX_POINT('',#2315);
#581=VERTEX_POINT('',#2317);
#582=VERTEX_POINT('',#2320);
#583=VERTEX_POINT('',#2322);
#584=VERTEX_POINT('',#2324);
#585=VERTEX_POINT('',#2326);
#586=VERTEX_POINT('',#2328);
#587=VERTEX_POINT('',#2330);
#588=VERTEX_POINT('',#2333);
#589=VERTEX_POINT('',#2335);
#590=VERTEX_POINT('',#2339);
#591=VERTEX_POINT('',#2343);
#592=VERTEX_POINT('',#2345);
#593=VERTEX_POINT('',#2349);
#594=VERTEX_POINT('',#2355);
#595=VERTEX_POINT('',#2357);
#596=VERTEX_POINT('',#2359);
#597=VERTEX_POINT('',#2361);
#598=VERTEX_POINT('',#2363);
#599=VERTEX_POINT('',#2365);
#600=VERTEX_POINT('',#2367);
#601=VERTEX_POINT('',#2369);
#602=VERTEX_POINT('',#2371);
#603=VERTEX_POINT('',#2373);
#604=VERTEX_POINT('',#2375);
#605=VERTEX_POINT('',#2377);
#606=VERTEX_POINT('',#2379);
#607=VERTEX_POINT('',#2381);
#608=VERTEX_POINT('',#2383);
#609=VERTEX_POINT('',#2385);
#610=VERTEX_POINT('',#2387);
#611=VERTEX_POINT('',#2389);
#612=VERTEX_POINT('',#2392);
#613=VERTEX_POINT('',#2394);
#614=VERTEX_POINT('',#2396);
#615=VERTEX_POINT('',#2398);
#616=VERTEX_POINT('',#2400);
#617=VERTEX_POINT('',#2402);
#618=VERTEX_POINT('',#2450);
#619=VERTEX_POINT('',#2451);
#620=VERTEX_POINT('',#2453);
#621=VERTEX_POINT('',#2455);
#622=VERTEX_POINT('',#2459);
#623=VERTEX_POINT('',#2461);
#624=VERTEX_POINT('',#2465);
#625=VERTEX_POINT('',#2467);
#626=VERTEX_POINT('',#2469);
#627=VERTEX_POINT('',#2471);
#628=VERTEX_POINT('',#2473);
#629=VERTEX_POINT('',#2475);
#630=VERTEX_POINT('',#2477);
#631=VERTEX_POINT('',#2479);
#632=VERTEX_POINT('',#2481);
#633=VERTEX_POINT('',#2483);
#634=VERTEX_POINT('',#2485);
#635=VERTEX_POINT('',#2487);
#636=VERTEX_POINT('',#2489);
#637=VERTEX_POINT('',#2491);
#638=VERTEX_POINT('',#2493);
#639=VERTEX_POINT('',#2495);
#640=VERTEX_POINT('',#2497);
#641=VERTEX_POINT('',#2499);
#642=VERTEX_POINT('',#2501);
#643=VERTEX_POINT('',#2503);
#644=VERTEX_POINT('',#2505);
#645=VERTEX_POINT('',#2508);
#646=VERTEX_POINT('',#2510);
#647=VERTEX_POINT('',#2512);
#648=VERTEX_POINT('',#2514);
#649=VERTEX_POINT('',#2516);
#650=VERTEX_POINT('',#2518);
#651=VERTEX_POINT('',#2521);
#652=VERTEX_POINT('',#2525);
#653=VERTEX_POINT('',#2529);
#654=VERTEX_POINT('',#2531);
#655=VERTEX_POINT('',#2535);
#656=VERTEX_POINT('',#2539);
#657=VERTEX_POINT('',#2543);
#658=VERTEX_POINT('',#2545);
#659=VERTEX_POINT('',#2549);
#660=VERTEX_POINT('',#2553);
#661=VERTEX_POINT('',#2557);
#662=VERTEX_POINT('',#2559);
#663=VERTEX_POINT('',#2563);
#664=VERTEX_POINT('',#2569);
#665=VERTEX_POINT('',#2571);
#666=VERTEX_POINT('',#2575);
#667=VERTEX_POINT('',#2579);
#668=VERTEX_POINT('',#2583);
#669=VERTEX_POINT('',#2584);
#670=VERTEX_POINT('',#2589);
#671=VERTEX_POINT('',#2593);
#672=VERTEX_POINT('',#2602);
#673=VERTEX_POINT('',#2604);
#674=VERTEX_POINT('',#2606);
#675=VERTEX_POINT('',#2608);
#676=VERTEX_POINT('',#2610);
#677=VERTEX_POINT('',#2612);
#678=VERTEX_POINT('',#2628);
#679=VERTEX_POINT('',#2630);
#680=VERTEX_POINT('',#2635);
#681=VERTEX_POINT('',#2637);
#682=VERTEX_POINT('',#2642);
#683=VERTEX_POINT('',#2644);
#684=VERTEX_POINT('',#2649);
#685=VERTEX_POINT('',#2651);
#686=VERTEX_POINT('',#2656);
#687=VERTEX_POINT('',#2658);
#688=VERTEX_POINT('',#2663);
#689=VERTEX_POINT('',#2665);
#690=VERTEX_POINT('',#2670);
#691=VERTEX_POINT('',#2673);
#692=VERTEX_POINT('',#2677);
#693=VERTEX_POINT('',#2680);
#694=VERTEX_POINT('',#2684);
#695=VERTEX_POINT('',#2687);
#696=VERTEX_POINT('',#2691);
#697=EDGE_CURVE('',#555,#556,#413,.T.);
#698=EDGE_CURVE('',#556,#557,#271,.T.);
#699=EDGE_CURVE('',#557,#558,#414,.T.);
#700=EDGE_CURVE('',#558,#555,#272,.T.);
#701=EDGE_CURVE('',#559,#558,#415,.T.);
#702=EDGE_CURVE('',#560,#559,#273,.T.);
#703=EDGE_CURVE('',#560,#555,#416,.T.);
#704=EDGE_CURVE('',#561,#557,#417,.T.);
#705=EDGE_CURVE('',#562,#561,#418,.T.);
#706=EDGE_CURVE('',#562,#563,#419,.T.);
#707=EDGE_CURVE('',#564,#563,#420,.T.);
#708=EDGE_CURVE('',#565,#564,#421,.T.);
#709=EDGE_CURVE('',#566,#565,#422,.T.);
#710=EDGE_CURVE('',#566,#567,#423,.T.);
#711=EDGE_CURVE('',#568,#567,#424,.T.);
#712=EDGE_CURVE('',#569,#568,#425,.T.);
#713=EDGE_CURVE('',#570,#569,#426,.T.);
#714=EDGE_CURVE('',#570,#571,#427,.T.);
#715=EDGE_CURVE('',#572,#571,#428,.T.);
#716=EDGE_CURVE('',#573,#572,#429,.T.);
#717=EDGE_CURVE('',#574,#573,#430,.T.);
#718=EDGE_CURVE('',#574,#575,#431,.T.);
#719=EDGE_CURVE('',#576,#575,#432,.T.);
#720=EDGE_CURVE('',#576,#577,#433,.T.);
#721=EDGE_CURVE('',#578,#577,#434,.T.);
#722=EDGE_CURVE('',#578,#579,#435,.T.);
#723=EDGE_CURVE('',#580,#579,#436,.T.);
#724=EDGE_CURVE('',#580,#581,#437,.T.);
#725=EDGE_CURVE('',#559,#581,#438,.T.);
#726=EDGE_CURVE('',#582,#582,#439,.T.);
#727=EDGE_CURVE('',#583,#583,#440,.T.);
#728=EDGE_CURVE('',#584,#584,#441,.T.);
#729=EDGE_CURVE('',#585,#585,#442,.T.);
#730=EDGE_CURVE('',#586,#586,#443,.T.);
#731=EDGE_CURVE('',#587,#587,#444,.T.);
#732=EDGE_CURVE('',#561,#588,#274,.T.);
#733=EDGE_CURVE('',#588,#589,#445,.T.);
#734=EDGE_CURVE('',#589,#562,#275,.T.);
#735=EDGE_CURVE('',#589,#590,#446,.T.);
#736=EDGE_CURVE('',#563,#590,#276,.T.);
#737=EDGE_CURVE('',#591,#591,#447,.T.);
#738=EDGE_CURVE('',#591,#592,#277,.T.);
#739=EDGE_CURVE('',#592,#592,#448,.T.);
#740=EDGE_CURVE('',#593,#593,#449,.T.);
#741=EDGE_CURVE('',#593,#583,#278,.T.);
#742=EDGE_CURVE('',#556,#588,#450,.T.);
#743=EDGE_CURVE('',#594,#560,#451,.T.);
#744=EDGE_CURVE('',#594,#595,#452,.T.);
#745=EDGE_CURVE('',#596,#595,#453,.T.);
#746=EDGE_CURVE('',#597,#596,#454,.T.);
#747=EDGE_CURVE('',#598,#597,#455,.T.);
#748=EDGE_CURVE('',#598,#599,#456,.T.);
#749=EDGE_CURVE('',#600,#599,#457,.T.);
#750=EDGE_CURVE('',#601,#600,#458,.T.);
#751=EDGE_CURVE('',#602,#601,#459,.T.);
#752=EDGE_CURVE('',#603,#602,#460,.T.);
#753=EDGE_CURVE('',#604,#603,#461,.T.);
#754=EDGE_CURVE('',#605,#604,#462,.T.);
#755=EDGE_CURVE('',#606,#605,#463,.T.);
#756=EDGE_CURVE('',#607,#606,#464,.T.);
#757=EDGE_CURVE('',#608,#607,#465,.T.);
#758=EDGE_CURVE('',#609,#608,#466,.T.);
#759=EDGE_CURVE('',#610,#609,#467,.T.);
#760=EDGE_CURVE('',#611,#610,#468,.T.);
#761=EDGE_CURVE('',#590,#611,#469,.T.);
#762=EDGE_CURVE('',#612,#612,#470,.T.);
#763=EDGE_CURVE('',#613,#613,#471,.T.);
#764=EDGE_CURVE('',#614,#614,#472,.T.);
#765=EDGE_CURVE('',#615,#615,#473,.T.);
#766=EDGE_CURVE('',#616,#616,#474,.T.);
#767=EDGE_CURVE('',#617,#617,#475,.T.);
#768=EDGE_CURVE('',#611,#564,#279,.T.);
#769=EDGE_CURVE('',#565,#610,#280,.T.);
#770=EDGE_CURVE('',#609,#566,#281,.T.);
#771=EDGE_CURVE('',#603,#572,#282,.T.);
#772=EDGE_CURVE('',#571,#604,#283,.T.);
#773=EDGE_CURVE('',#573,#602,#284,.T.);
#774=EDGE_CURVE('',#605,#570,#285,.T.);
#775=EDGE_CURVE('',#607,#568,#286,.T.);
#776=EDGE_CURVE('',#567,#608,#287,.T.);
#777=EDGE_CURVE('',#569,#606,#288,.T.);
#778=EDGE_CURVE('',#579,#596,#289,.T.);
#779=EDGE_CURVE('',#595,#580,#290,.T.);
#780=EDGE_CURVE('',#597,#578,#291,.T.);
#781=EDGE_CURVE('',#581,#594,#292,.T.);
#782=EDGE_CURVE('',#601,#574,#293,.T.);
#783=EDGE_CURVE('',#575,#600,#294,.T.);
#784=EDGE_CURVE('',#577,#598,#295,.T.);
#785=EDGE_CURVE('',#599,#576,#296,.T.);
#786=EDGE_CURVE('',#587,#613,#297,.T.);
#787=EDGE_CURVE('',#584,#617,#298,.T.);
#788=EDGE_CURVE('',#586,#614,#299,.T.);
#789=EDGE_CURVE('',#585,#616,#300,.T.);
#790=EDGE_CURVE('',#618,#619,#476,.T.);
#791=EDGE_CURVE('',#619,#620,#301,.T.);
#792=EDGE_CURVE('',#620,#621,#477,.T.);
#793=EDGE_CURVE('',#621,#618,#302,.T.);
#794=EDGE_CURVE('',#622,#621,#478,.T.);
#795=EDGE_CURVE('',#623,#622,#303,.T.);
#796=EDGE_CURVE('',#618,#623,#479,.T.);
#797=EDGE_CURVE('',#624,#620,#480,.T.);
#798=EDGE_CURVE('',#625,#624,#481,.T.);
#799=EDGE_CURVE('',#625,#626,#482,.T.);
#800=EDGE_CURVE('',#627,#626,#483,.T.);
#801=EDGE_CURVE('',#628,#627,#484,.T.);
#802=EDGE_CURVE('',#629,#628,#485,.T.);
#803=EDGE_CURVE('',#629,#630,#486,.T.);
#804=EDGE_CURVE('',#631,#630,#487,.T.);
#805=EDGE_CURVE('',#632,#631,#488,.T.);
#806=EDGE_CURVE('',#633,#632,#489,.T.);
#807=EDGE_CURVE('',#633,#634,#490,.T.);
#808=EDGE_CURVE('',#635,#634,#491,.T.);
#809=EDGE_CURVE('',#636,#635,#492,.T.);
#810=EDGE_CURVE('',#637,#636,#493,.T.);
#811=EDGE_CURVE('',#637,#638,#494,.T.);
#812=EDGE_CURVE('',#639,#638,#495,.T.);
#813=EDGE_CURVE('',#640,#639,#496,.T.);
#814=EDGE_CURVE('',#641,#640,#497,.T.);
#815=EDGE_CURVE('',#641,#642,#498,.T.);
#816=EDGE_CURVE('',#643,#642,#499,.T.);
#817=EDGE_CURVE('',#644,#643,#500,.T.);
#818=EDGE_CURVE('',#622,#644,#501,.T.);
#819=EDGE_CURVE('',#645,#645,#502,.T.);
#820=EDGE_CURVE('',#646,#646,#503,.T.);
#821=EDGE_CURVE('',#647,#647,#504,.T.);
#822=EDGE_CURVE('',#648,#648,#505,.T.);
#823=EDGE_CURVE('',#649,#649,#506,.T.);
#824=EDGE_CURVE('',#650,#650,#507,.T.);
#825=EDGE_CURVE('',#644,#651,#304,.T.);
#826=EDGE_CURVE('',#651,#623,#508,.T.);
#827=EDGE_CURVE('',#652,#643,#305,.T.);
#828=EDGE_CURVE('',#651,#652,#509,.T.);
#829=EDGE_CURVE('',#632,#653,#306,.T.);
#830=EDGE_CURVE('',#653,#654,#510,.T.);
#831=EDGE_CURVE('',#654,#633,#307,.T.);
#832=EDGE_CURVE('',#655,#654,#511,.T.);
#833=EDGE_CURVE('',#634,#655,#308,.T.);
#834=EDGE_CURVE('',#655,#656,#512,.T.);
#835=EDGE_CURVE('',#656,#635,#309,.T.);
#836=EDGE_CURVE('',#636,#657,#310,.T.);
#837=EDGE_CURVE('',#657,#658,#513,.T.);
#838=EDGE_CURVE('',#658,#637,#311,.T.);
#839=EDGE_CURVE('',#659,#658,#514,.T.);
#840=EDGE_CURVE('',#638,#659,#312,.T.);
#841=EDGE_CURVE('',#659,#660,#515,.T.);
#842=EDGE_CURVE('',#660,#639,#313,.T.);
#843=EDGE_CURVE('',#640,#661,#314,.T.);
#844=EDGE_CURVE('',#661,#662,#516,.T.);
#845=EDGE_CURVE('',#662,#641,#315,.T.);
#846=EDGE_CURVE('',#663,#662,#517,.T.);
#847=EDGE_CURVE('',#642,#663,#316,.T.);
#848=EDGE_CURVE('',#663,#652,#518,.T.);
#849=EDGE_CURVE('',#628,#664,#317,.T.);
#850=EDGE_CURVE('',#664,#665,#519,.T.);
#851=EDGE_CURVE('',#665,#629,#318,.T.);
#852=EDGE_CURVE('',#666,#665,#520,.T.);
#853=EDGE_CURVE('',#630,#666,#319,.T.);
#854=EDGE_CURVE('',#666,#667,#521,.T.);
#855=EDGE_CURVE('',#667,#631,#320,.T.);
#856=EDGE_CURVE('',#668,#669,#522,.T.);
#857=EDGE_CURVE('',#669,#627,#321,.T.);
#858=EDGE_CURVE('',#626,#668,#322,.T.);
#859=EDGE_CURVE('',#670,#625,#323,.T.);
#860=EDGE_CURVE('',#668,#670,#523,.T.);
#861=EDGE_CURVE('',#624,#671,#324,.T.);
#862=EDGE_CURVE('',#671,#670,#524,.T.);
#863=EDGE_CURVE('',#661,#660,#525,.T.);
#864=EDGE_CURVE('',#657,#656,#526,.T.);
#865=EDGE_CURVE('',#653,#667,#527,.T.);
#866=EDGE_CURVE('',#664,#669,#528,.T.);
#867=EDGE_CURVE('',#671,#619,#529,.T.);
#868=EDGE_CURVE('',#672,#672,#530,.T.);
#869=EDGE_CURVE('',#673,#673,#531,.T.);
#870=EDGE_CURVE('',#674,#674,#532,.T.);
#871=EDGE_CURVE('',#675,#675,#533,.T.);
#872=EDGE_CURVE('',#676,#676,#534,.T.);
#873=EDGE_CURVE('',#677,#677,#535,.T.);
#874=EDGE_CURVE('',#646,#673,#325,.T.);
#875=EDGE_CURVE('',#647,#674,#326,.T.);
#876=EDGE_CURVE('',#648,#675,#327,.T.);
#877=EDGE_CURVE('',#649,#676,#328,.T.);
#878=EDGE_CURVE('',#678,#678,#536,.T.);
#879=EDGE_CURVE('',#678,#679,#329,.T.);
#880=EDGE_CURVE('',#679,#679,#537,.T.);
#881=EDGE_CURVE('',#680,#680,#538,.T.);
#882=EDGE_CURVE('',#680,#681,#330,.T.);
#883=EDGE_CURVE('',#681,#681,#539,.T.);
#884=EDGE_CURVE('',#682,#682,#540,.T.);
#885=EDGE_CURVE('',#682,#683,#331,.T.);
#886=EDGE_CURVE('',#683,#683,#541,.T.);
#887=EDGE_CURVE('',#684,#684,#542,.T.);
#888=EDGE_CURVE('',#684,#685,#332,.T.);
#889=EDGE_CURVE('',#685,#685,#543,.T.);
#890=EDGE_CURVE('',#686,#686,#544,.T.);
#891=EDGE_CURVE('',#686,#687,#333,.T.);
#892=EDGE_CURVE('',#687,#687,#545,.T.);
#893=EDGE_CURVE('',#688,#688,#546,.T.);
#894=EDGE_CURVE('',#688,#689,#334,.T.);
#895=EDGE_CURVE('',#689,#689,#547,.T.);
#896=EDGE_CURVE('',#690,#690,#548,.T.);
#897=EDGE_CURVE('',#690,#691,#335,.T.);
#898=EDGE_CURVE('',#691,#691,#549,.T.);
#899=EDGE_CURVE('',#692,#692,#550,.T.);
#900=EDGE_CURVE('',#692,#693,#336,.T.);
#901=EDGE_CURVE('',#693,#693,#551,.T.);
#902=EDGE_CURVE('',#694,#694,#552,.T.);
#903=EDGE_CURVE('',#695,#695,#553,.T.);
#904=EDGE_CURVE('',#695,#694,#337,.T.);
#905=EDGE_CURVE('',#696,#696,#554,.T.);
#906=EDGE_CURVE('',#696,#650,#338,.T.);
#907=EDGE_CURVE('',#615,#677,#339,.T.);
#908=EDGE_CURVE('',#612,#582,#340,.T.);
#909=EDGE_CURVE('',#645,#672,#341,.T.);
#910=ORIENTED_EDGE('',*,*,#697,.T.);
#911=ORIENTED_EDGE('',*,*,#698,.T.);
#912=ORIENTED_EDGE('',*,*,#699,.T.);
#913=ORIENTED_EDGE('',*,*,#700,.T.);
#914=ORIENTED_EDGE('',*,*,#700,.F.);
#915=ORIENTED_EDGE('',*,*,#701,.F.);
#916=ORIENTED_EDGE('',*,*,#702,.F.);
#917=ORIENTED_EDGE('',*,*,#703,.T.);
#918=ORIENTED_EDGE('',*,*,#699,.F.);
#919=ORIENTED_EDGE('',*,*,#704,.F.);
#920=ORIENTED_EDGE('',*,*,#705,.F.);
#921=ORIENTED_EDGE('',*,*,#706,.T.);
#922=ORIENTED_EDGE('',*,*,#707,.F.);
#923=ORIENTED_EDGE('',*,*,#708,.F.);
#924=ORIENTED_EDGE('',*,*,#709,.F.);
#925=ORIENTED_EDGE('',*,*,#710,.T.);
#926=ORIENTED_EDGE('',*,*,#711,.F.);
#927=ORIENTED_EDGE('',*,*,#712,.F.);
#928=ORIENTED_EDGE('',*,*,#713,.F.);
#929=ORIENTED_EDGE('',*,*,#714,.T.);
#930=ORIENTED_EDGE('',*,*,#715,.F.);
#931=ORIENTED_EDGE('',*,*,#716,.F.);
#932=ORIENTED_EDGE('',*,*,#717,.F.);
#933=ORIENTED_EDGE('',*,*,#718,.T.);
#934=ORIENTED_EDGE('',*,*,#719,.F.);
#935=ORIENTED_EDGE('',*,*,#720,.T.);
#936=ORIENTED_EDGE('',*,*,#721,.F.);
#937=ORIENTED_EDGE('',*,*,#722,.T.);
#938=ORIENTED_EDGE('',*,*,#723,.F.);
#939=ORIENTED_EDGE('',*,*,#724,.T.);
#940=ORIENTED_EDGE('',*,*,#725,.F.);
#941=ORIENTED_EDGE('',*,*,#701,.T.);
#942=ORIENTED_EDGE('',*,*,#726,.F.);
#943=ORIENTED_EDGE('',*,*,#727,.T.);
#944=ORIENTED_EDGE('',*,*,#728,.F.);
#945=ORIENTED_EDGE('',*,*,#729,.F.);
#946=ORIENTED_EDGE('',*,*,#730,.F.);
#947=ORIENTED_EDGE('',*,*,#731,.F.);
#948=ORIENTED_EDGE('',*,*,#705,.T.);
#949=ORIENTED_EDGE('',*,*,#732,.T.);
#950=ORIENTED_EDGE('',*,*,#733,.T.);
#951=ORIENTED_EDGE('',*,*,#734,.T.);
#952=ORIENTED_EDGE('',*,*,#734,.F.);
#953=ORIENTED_EDGE('',*,*,#735,.T.);
#954=ORIENTED_EDGE('',*,*,#736,.F.);
#955=ORIENTED_EDGE('',*,*,#706,.F.);
#956=ORIENTED_EDGE('',*,*,#737,.F.);
#957=ORIENTED_EDGE('',*,*,#738,.T.);
#958=ORIENTED_EDGE('',*,*,#739,.F.);
#959=ORIENTED_EDGE('',*,*,#738,.F.);
#960=ORIENTED_EDGE('',*,*,#740,.F.);
#961=ORIENTED_EDGE('',*,*,#741,.T.);
#962=ORIENTED_EDGE('',*,*,#727,.F.);
#963=ORIENTED_EDGE('',*,*,#741,.F.);
#964=ORIENTED_EDGE('',*,*,#698,.F.);
#965=ORIENTED_EDGE('',*,*,#742,.T.);
#966=ORIENTED_EDGE('',*,*,#732,.F.);
#967=ORIENTED_EDGE('',*,*,#704,.T.);
#968=ORIENTED_EDGE('',*,*,#697,.F.);
#969=ORIENTED_EDGE('',*,*,#703,.F.);
#970=ORIENTED_EDGE('',*,*,#743,.F.);
#971=ORIENTED_EDGE('',*,*,#744,.T.);
#972=ORIENTED_EDGE('',*,*,#745,.F.);
#973=ORIENTED_EDGE('',*,*,#746,.F.);
#974=ORIENTED_EDGE('',*,*,#747,.F.);
#975=ORIENTED_EDGE('',*,*,#748,.T.);
#976=ORIENTED_EDGE('',*,*,#749,.F.);
#977=ORIENTED_EDGE('',*,*,#750,.F.);
#978=ORIENTED_EDGE('',*,*,#751,.F.);
#979=ORIENTED_EDGE('',*,*,#752,.F.);
#980=ORIENTED_EDGE('',*,*,#753,.F.);
#981=ORIENTED_EDGE('',*,*,#754,.F.);
#982=ORIENTED_EDGE('',*,*,#755,.F.);
#983=ORIENTED_EDGE('',*,*,#756,.F.);
#984=ORIENTED_EDGE('',*,*,#757,.F.);
#985=ORIENTED_EDGE('',*,*,#758,.F.);
#986=ORIENTED_EDGE('',*,*,#759,.F.);
#987=ORIENTED_EDGE('',*,*,#760,.F.);
#988=ORIENTED_EDGE('',*,*,#761,.F.);
#989=ORIENTED_EDGE('',*,*,#735,.F.);
#990=ORIENTED_EDGE('',*,*,#733,.F.);
#991=ORIENTED_EDGE('',*,*,#742,.F.);
#992=ORIENTED_EDGE('',*,*,#762,.F.);
#993=ORIENTED_EDGE('',*,*,#740,.T.);
#994=ORIENTED_EDGE('',*,*,#763,.F.);
#995=ORIENTED_EDGE('',*,*,#764,.F.);
#996=ORIENTED_EDGE('',*,*,#765,.T.);
#997=ORIENTED_EDGE('',*,*,#766,.F.);
#998=ORIENTED_EDGE('',*,*,#767,.F.);
#999=ORIENTED_EDGE('',*,*,#761,.T.);
#1000=ORIENTED_EDGE('',*,*,#768,.T.);
#1001=ORIENTED_EDGE('',*,*,#707,.T.);
#1002=ORIENTED_EDGE('',*,*,#736,.T.);
#1003=ORIENTED_EDGE('',*,*,#768,.F.);
#1004=ORIENTED_EDGE('',*,*,#760,.T.);
#1005=ORIENTED_EDGE('',*,*,#769,.F.);
#1006=ORIENTED_EDGE('',*,*,#708,.T.);
#1007=ORIENTED_EDGE('',*,*,#709,.T.);
#1008=ORIENTED_EDGE('',*,*,#769,.T.);
#1009=ORIENTED_EDGE('',*,*,#759,.T.);
#1010=ORIENTED_EDGE('',*,*,#770,.T.);
#1011=ORIENTED_EDGE('',*,*,#753,.T.);
#1012=ORIENTED_EDGE('',*,*,#771,.T.);
#1013=ORIENTED_EDGE('',*,*,#715,.T.);
#1014=ORIENTED_EDGE('',*,*,#772,.T.);
#1015=ORIENTED_EDGE('',*,*,#771,.F.);
#1016=ORIENTED_EDGE('',*,*,#752,.T.);
#1017=ORIENTED_EDGE('',*,*,#773,.F.);
#1018=ORIENTED_EDGE('',*,*,#716,.T.);
#1019=ORIENTED_EDGE('',*,*,#772,.F.);
#1020=ORIENTED_EDGE('',*,*,#714,.F.);
#1021=ORIENTED_EDGE('',*,*,#774,.F.);
#1022=ORIENTED_EDGE('',*,*,#754,.T.);
#1023=ORIENTED_EDGE('',*,*,#757,.T.);
#1024=ORIENTED_EDGE('',*,*,#775,.T.);
#1025=ORIENTED_EDGE('',*,*,#711,.T.);
#1026=ORIENTED_EDGE('',*,*,#776,.T.);
#1027=ORIENTED_EDGE('',*,*,#770,.F.);
#1028=ORIENTED_EDGE('',*,*,#758,.T.);
#1029=ORIENTED_EDGE('',*,*,#776,.F.);
#1030=ORIENTED_EDGE('',*,*,#710,.F.);
#1031=ORIENTED_EDGE('',*,*,#713,.T.);
#1032=ORIENTED_EDGE('',*,*,#777,.T.);
#1033=ORIENTED_EDGE('',*,*,#755,.T.);
#1034=ORIENTED_EDGE('',*,*,#774,.T.);
#1035=ORIENTED_EDGE('',*,*,#775,.F.);
#1036=ORIENTED_EDGE('',*,*,#756,.T.);
#1037=ORIENTED_EDGE('',*,*,#777,.F.);
#1038=ORIENTED_EDGE('',*,*,#712,.T.);
#1039=ORIENTED_EDGE('',*,*,#723,.T.);
#1040=ORIENTED_EDGE('',*,*,#778,.T.);
#1041=ORIENTED_EDGE('',*,*,#745,.T.);
#1042=ORIENTED_EDGE('',*,*,#779,.T.);
#1043=ORIENTED_EDGE('',*,*,#778,.F.);
#1044=ORIENTED_EDGE('',*,*,#722,.F.);
#1045=ORIENTED_EDGE('',*,*,#780,.F.);
#1046=ORIENTED_EDGE('',*,*,#746,.T.);
#1047=ORIENTED_EDGE('',*,*,#743,.T.);
#1048=ORIENTED_EDGE('',*,*,#702,.T.);
#1049=ORIENTED_EDGE('',*,*,#725,.T.);
#1050=ORIENTED_EDGE('',*,*,#781,.T.);
#1051=ORIENTED_EDGE('',*,*,#717,.T.);
#1052=ORIENTED_EDGE('',*,*,#773,.T.);
#1053=ORIENTED_EDGE('',*,*,#751,.T.);
#1054=ORIENTED_EDGE('',*,*,#782,.T.);
#1055=ORIENTED_EDGE('',*,*,#782,.F.);
#1056=ORIENTED_EDGE('',*,*,#750,.T.);
#1057=ORIENTED_EDGE('',*,*,#783,.F.);
#1058=ORIENTED_EDGE('',*,*,#718,.F.);
#1059=ORIENTED_EDGE('',*,*,#747,.T.);
#1060=ORIENTED_EDGE('',*,*,#780,.T.);
#1061=ORIENTED_EDGE('',*,*,#721,.T.);
#1062=ORIENTED_EDGE('',*,*,#784,.T.);
#1063=ORIENTED_EDGE('',*,*,#784,.F.);
#1064=ORIENTED_EDGE('',*,*,#720,.F.);
#1065=ORIENTED_EDGE('',*,*,#785,.F.);
#1066=ORIENTED_EDGE('',*,*,#748,.F.);
#1067=ORIENTED_EDGE('',*,*,#719,.T.);
#1068=ORIENTED_EDGE('',*,*,#783,.T.);
#1069=ORIENTED_EDGE('',*,*,#749,.T.);
#1070=ORIENTED_EDGE('',*,*,#785,.T.);
#1071=ORIENTED_EDGE('',*,*,#779,.F.);
#1072=ORIENTED_EDGE('',*,*,#744,.F.);
#1073=ORIENTED_EDGE('',*,*,#781,.F.);
#1074=ORIENTED_EDGE('',*,*,#724,.F.);
#1075=ORIENTED_EDGE('',*,*,#731,.T.);
#1076=ORIENTED_EDGE('',*,*,#786,.T.);
#1077=ORIENTED_EDGE('',*,*,#763,.T.);
#1078=ORIENTED_EDGE('',*,*,#786,.F.);
#1079=ORIENTED_EDGE('',*,*,#728,.T.);
#1080=ORIENTED_EDGE('',*,*,#787,.T.);
#1081=ORIENTED_EDGE('',*,*,#767,.T.);
#1082=ORIENTED_EDGE('',*,*,#787,.F.);
#1083=ORIENTED_EDGE('',*,*,#730,.T.);
#1084=ORIENTED_EDGE('',*,*,#788,.T.);
#1085=ORIENTED_EDGE('',*,*,#764,.T.);
#1086=ORIENTED_EDGE('',*,*,#788,.F.);
#1087=ORIENTED_EDGE('',*,*,#729,.T.);
#1088=ORIENTED_EDGE('',*,*,#789,.T.);
#1089=ORIENTED_EDGE('',*,*,#766,.T.);
#1090=ORIENTED_EDGE('',*,*,#789,.F.);
#1091=ORIENTED_EDGE('',*,*,#790,.T.);
#1092=ORIENTED_EDGE('',*,*,#791,.T.);
#1093=ORIENTED_EDGE('',*,*,#792,.T.);
#1094=ORIENTED_EDGE('',*,*,#793,.T.);
#1095=ORIENTED_EDGE('',*,*,#793,.F.);
#1096=ORIENTED_EDGE('',*,*,#794,.F.);
#1097=ORIENTED_EDGE('',*,*,#795,.F.);
#1098=ORIENTED_EDGE('',*,*,#796,.F.);
#1099=ORIENTED_EDGE('',*,*,#792,.F.);
#1100=ORIENTED_EDGE('',*,*,#797,.F.);
#1101=ORIENTED_EDGE('',*,*,#798,.F.);
#1102=ORIENTED_EDGE('',*,*,#799,.T.);
#1103=ORIENTED_EDGE('',*,*,#800,.F.);
#1104=ORIENTED_EDGE('',*,*,#801,.F.);
#1105=ORIENTED_EDGE('',*,*,#802,.F.);
#1106=ORIENTED_EDGE('',*,*,#803,.T.);
#1107=ORIENTED_EDGE('',*,*,#804,.F.);
#1108=ORIENTED_EDGE('',*,*,#805,.F.);
#1109=ORIENTED_EDGE('',*,*,#806,.F.);
#1110=ORIENTED_EDGE('',*,*,#807,.T.);
#1111=ORIENTED_EDGE('',*,*,#808,.F.);
#1112=ORIENTED_EDGE('',*,*,#809,.F.);
#1113=ORIENTED_EDGE('',*,*,#810,.F.);
#1114=ORIENTED_EDGE('',*,*,#811,.T.);
#1115=ORIENTED_EDGE('',*,*,#812,.F.);
#1116=ORIENTED_EDGE('',*,*,#813,.F.);
#1117=ORIENTED_EDGE('',*,*,#814,.F.);
#1118=ORIENTED_EDGE('',*,*,#815,.T.);
#1119=ORIENTED_EDGE('',*,*,#816,.F.);
#1120=ORIENTED_EDGE('',*,*,#817,.F.);
#1121=ORIENTED_EDGE('',*,*,#818,.F.);
#1122=ORIENTED_EDGE('',*,*,#794,.T.);
#1123=ORIENTED_EDGE('',*,*,#819,.F.);
#1124=ORIENTED_EDGE('',*,*,#737,.T.);
#1125=ORIENTED_EDGE('',*,*,#820,.T.);
#1126=ORIENTED_EDGE('',*,*,#821,.T.);
#1127=ORIENTED_EDGE('',*,*,#822,.T.);
#1128=ORIENTED_EDGE('',*,*,#823,.T.);
#1129=ORIENTED_EDGE('',*,*,#824,.T.);
#1130=ORIENTED_EDGE('',*,*,#818,.T.);
#1131=ORIENTED_EDGE('',*,*,#825,.T.);
#1132=ORIENTED_EDGE('',*,*,#826,.T.);
#1133=ORIENTED_EDGE('',*,*,#795,.T.);
#1134=ORIENTED_EDGE('',*,*,#825,.F.);
#1135=ORIENTED_EDGE('',*,*,#817,.T.);
#1136=ORIENTED_EDGE('',*,*,#827,.F.);
#1137=ORIENTED_EDGE('',*,*,#828,.F.);
#1138=ORIENTED_EDGE('',*,*,#806,.T.);
#1139=ORIENTED_EDGE('',*,*,#829,.T.);
#1140=ORIENTED_EDGE('',*,*,#830,.T.);
#1141=ORIENTED_EDGE('',*,*,#831,.T.);
#1142=ORIENTED_EDGE('',*,*,#831,.F.);
#1143=ORIENTED_EDGE('',*,*,#832,.F.);
#1144=ORIENTED_EDGE('',*,*,#833,.F.);
#1145=ORIENTED_EDGE('',*,*,#807,.F.);
#1146=ORIENTED_EDGE('',*,*,#834,.T.);
#1147=ORIENTED_EDGE('',*,*,#835,.T.);
#1148=ORIENTED_EDGE('',*,*,#808,.T.);
#1149=ORIENTED_EDGE('',*,*,#833,.T.);
#1150=ORIENTED_EDGE('',*,*,#810,.T.);
#1151=ORIENTED_EDGE('',*,*,#836,.T.);
#1152=ORIENTED_EDGE('',*,*,#837,.T.);
#1153=ORIENTED_EDGE('',*,*,#838,.T.);
#1154=ORIENTED_EDGE('',*,*,#838,.F.);
#1155=ORIENTED_EDGE('',*,*,#839,.F.);
#1156=ORIENTED_EDGE('',*,*,#840,.F.);
#1157=ORIENTED_EDGE('',*,*,#811,.F.);
#1158=ORIENTED_EDGE('',*,*,#841,.T.);
#1159=ORIENTED_EDGE('',*,*,#842,.T.);
#1160=ORIENTED_EDGE('',*,*,#812,.T.);
#1161=ORIENTED_EDGE('',*,*,#840,.T.);
#1162=ORIENTED_EDGE('',*,*,#814,.T.);
#1163=ORIENTED_EDGE('',*,*,#843,.T.);
#1164=ORIENTED_EDGE('',*,*,#844,.T.);
#1165=ORIENTED_EDGE('',*,*,#845,.T.);
#1166=ORIENTED_EDGE('',*,*,#845,.F.);
#1167=ORIENTED_EDGE('',*,*,#846,.F.);
#1168=ORIENTED_EDGE('',*,*,#847,.F.);
#1169=ORIENTED_EDGE('',*,*,#815,.F.);
#1170=ORIENTED_EDGE('',*,*,#848,.T.);
#1171=ORIENTED_EDGE('',*,*,#827,.T.);
#1172=ORIENTED_EDGE('',*,*,#816,.T.);
#1173=ORIENTED_EDGE('',*,*,#847,.T.);
#1174=ORIENTED_EDGE('',*,*,#802,.T.);
#1175=ORIENTED_EDGE('',*,*,#849,.T.);
#1176=ORIENTED_EDGE('',*,*,#850,.T.);
#1177=ORIENTED_EDGE('',*,*,#851,.T.);
#1178=ORIENTED_EDGE('',*,*,#851,.F.);
#1179=ORIENTED_EDGE('',*,*,#852,.F.);
#1180=ORIENTED_EDGE('',*,*,#853,.F.);
#1181=ORIENTED_EDGE('',*,*,#803,.F.);
#1182=ORIENTED_EDGE('',*,*,#854,.T.);
#1183=ORIENTED_EDGE('',*,*,#855,.T.);
#1184=ORIENTED_EDGE('',*,*,#804,.T.);
#1185=ORIENTED_EDGE('',*,*,#853,.T.);
#1186=ORIENTED_EDGE('',*,*,#856,.T.);
#1187=ORIENTED_EDGE('',*,*,#857,.T.);
#1188=ORIENTED_EDGE('',*,*,#800,.T.);
#1189=ORIENTED_EDGE('',*,*,#858,.T.);
#1190=ORIENTED_EDGE('',*,*,#858,.F.);
#1191=ORIENTED_EDGE('',*,*,#799,.F.);
#1192=ORIENTED_EDGE('',*,*,#859,.F.);
#1193=ORIENTED_EDGE('',*,*,#860,.F.);
#1194=ORIENTED_EDGE('',*,*,#798,.T.);
#1195=ORIENTED_EDGE('',*,*,#861,.T.);
#1196=ORIENTED_EDGE('',*,*,#862,.T.);
#1197=ORIENTED_EDGE('',*,*,#859,.T.);
#1198=ORIENTED_EDGE('',*,*,#790,.F.);
#1199=ORIENTED_EDGE('',*,*,#796,.T.);
#1200=ORIENTED_EDGE('',*,*,#826,.F.);
#1201=ORIENTED_EDGE('',*,*,#828,.T.);
#1202=ORIENTED_EDGE('',*,*,#848,.F.);
#1203=ORIENTED_EDGE('',*,*,#846,.T.);
#1204=ORIENTED_EDGE('',*,*,#844,.F.);
#1205=ORIENTED_EDGE('',*,*,#863,.T.);
#1206=ORIENTED_EDGE('',*,*,#841,.F.);
#1207=ORIENTED_EDGE('',*,*,#839,.T.);
#1208=ORIENTED_EDGE('',*,*,#837,.F.);
#1209=ORIENTED_EDGE('',*,*,#864,.T.);
#1210=ORIENTED_EDGE('',*,*,#834,.F.);
#1211=ORIENTED_EDGE('',*,*,#832,.T.);
#1212=ORIENTED_EDGE('',*,*,#830,.F.);
#1213=ORIENTED_EDGE('',*,*,#865,.T.);
#1214=ORIENTED_EDGE('',*,*,#854,.F.);
#1215=ORIENTED_EDGE('',*,*,#852,.T.);
#1216=ORIENTED_EDGE('',*,*,#850,.F.);
#1217=ORIENTED_EDGE('',*,*,#866,.T.);
#1218=ORIENTED_EDGE('',*,*,#856,.F.);
#1219=ORIENTED_EDGE('',*,*,#860,.T.);
#1220=ORIENTED_EDGE('',*,*,#862,.F.);
#1221=ORIENTED_EDGE('',*,*,#867,.T.);
#1222=ORIENTED_EDGE('',*,*,#868,.F.);
#1223=ORIENTED_EDGE('',*,*,#739,.T.);
#1224=ORIENTED_EDGE('',*,*,#869,.T.);
#1225=ORIENTED_EDGE('',*,*,#870,.T.);
#1226=ORIENTED_EDGE('',*,*,#871,.T.);
#1227=ORIENTED_EDGE('',*,*,#872,.T.);
#1228=ORIENTED_EDGE('',*,*,#873,.F.);
#1229=ORIENTED_EDGE('',*,*,#842,.F.);
#1230=ORIENTED_EDGE('',*,*,#863,.F.);
#1231=ORIENTED_EDGE('',*,*,#843,.F.);
#1232=ORIENTED_EDGE('',*,*,#813,.T.);
#1233=ORIENTED_EDGE('',*,*,#849,.F.);
#1234=ORIENTED_EDGE('',*,*,#801,.T.);
#1235=ORIENTED_EDGE('',*,*,#857,.F.);
#1236=ORIENTED_EDGE('',*,*,#866,.F.);
#1237=ORIENTED_EDGE('',*,*,#791,.F.);
#1238=ORIENTED_EDGE('',*,*,#867,.F.);
#1239=ORIENTED_EDGE('',*,*,#861,.F.);
#1240=ORIENTED_EDGE('',*,*,#797,.T.);
#1241=ORIENTED_EDGE('',*,*,#835,.F.);
#1242=ORIENTED_EDGE('',*,*,#864,.F.);
#1243=ORIENTED_EDGE('',*,*,#836,.F.);
#1244=ORIENTED_EDGE('',*,*,#809,.T.);
#1245=ORIENTED_EDGE('',*,*,#829,.F.);
#1246=ORIENTED_EDGE('',*,*,#805,.T.);
#1247=ORIENTED_EDGE('',*,*,#855,.F.);
#1248=ORIENTED_EDGE('',*,*,#865,.F.);
#1249=ORIENTED_EDGE('',*,*,#820,.F.);
#1250=ORIENTED_EDGE('',*,*,#874,.T.);
#1251=ORIENTED_EDGE('',*,*,#869,.F.);
#1252=ORIENTED_EDGE('',*,*,#874,.F.);
#1253=ORIENTED_EDGE('',*,*,#821,.F.);
#1254=ORIENTED_EDGE('',*,*,#875,.T.);
#1255=ORIENTED_EDGE('',*,*,#870,.F.);
#1256=ORIENTED_EDGE('',*,*,#875,.F.);
#1257=ORIENTED_EDGE('',*,*,#822,.F.);
#1258=ORIENTED_EDGE('',*,*,#876,.T.);
#1259=ORIENTED_EDGE('',*,*,#871,.F.);
#1260=ORIENTED_EDGE('',*,*,#876,.F.);
#1261=ORIENTED_EDGE('',*,*,#823,.F.);
#1262=ORIENTED_EDGE('',*,*,#877,.T.);
#1263=ORIENTED_EDGE('',*,*,#872,.F.);
#1264=ORIENTED_EDGE('',*,*,#877,.F.);
#1265=ORIENTED_EDGE('',*,*,#878,.F.);
#1266=ORIENTED_EDGE('',*,*,#879,.T.);
#1267=ORIENTED_EDGE('',*,*,#880,.T.);
#1268=ORIENTED_EDGE('',*,*,#879,.F.);
#1269=ORIENTED_EDGE('',*,*,#880,.F.);
#1270=ORIENTED_EDGE('',*,*,#881,.F.);
#1271=ORIENTED_EDGE('',*,*,#882,.T.);
#1272=ORIENTED_EDGE('',*,*,#883,.T.);
#1273=ORIENTED_EDGE('',*,*,#882,.F.);
#1274=ORIENTED_EDGE('',*,*,#883,.F.);
#1275=ORIENTED_EDGE('',*,*,#884,.F.);
#1276=ORIENTED_EDGE('',*,*,#885,.T.);
#1277=ORIENTED_EDGE('',*,*,#886,.T.);
#1278=ORIENTED_EDGE('',*,*,#885,.F.);
#1279=ORIENTED_EDGE('',*,*,#886,.F.);
#1280=ORIENTED_EDGE('',*,*,#887,.F.);
#1281=ORIENTED_EDGE('',*,*,#888,.T.);
#1282=ORIENTED_EDGE('',*,*,#889,.T.);
#1283=ORIENTED_EDGE('',*,*,#888,.F.);
#1284=ORIENTED_EDGE('',*,*,#889,.F.);
#1285=ORIENTED_EDGE('',*,*,#890,.F.);
#1286=ORIENTED_EDGE('',*,*,#891,.T.);
#1287=ORIENTED_EDGE('',*,*,#892,.T.);
#1288=ORIENTED_EDGE('',*,*,#891,.F.);
#1289=ORIENTED_EDGE('',*,*,#892,.F.);
#1290=ORIENTED_EDGE('',*,*,#893,.F.);
#1291=ORIENTED_EDGE('',*,*,#894,.T.);
#1292=ORIENTED_EDGE('',*,*,#895,.T.);
#1293=ORIENTED_EDGE('',*,*,#894,.F.);
#1294=ORIENTED_EDGE('',*,*,#895,.F.);
#1295=ORIENTED_EDGE('',*,*,#896,.F.);
#1296=ORIENTED_EDGE('',*,*,#896,.T.);
#1297=ORIENTED_EDGE('',*,*,#897,.T.);
#1298=ORIENTED_EDGE('',*,*,#898,.F.);
#1299=ORIENTED_EDGE('',*,*,#897,.F.);
#1300=ORIENTED_EDGE('',*,*,#899,.F.);
#1301=ORIENTED_EDGE('',*,*,#898,.T.);
#1302=ORIENTED_EDGE('',*,*,#893,.T.);
#1303=ORIENTED_EDGE('',*,*,#890,.T.);
#1304=ORIENTED_EDGE('',*,*,#887,.T.);
#1305=ORIENTED_EDGE('',*,*,#884,.T.);
#1306=ORIENTED_EDGE('',*,*,#881,.T.);
#1307=ORIENTED_EDGE('',*,*,#878,.T.);
#1308=ORIENTED_EDGE('',*,*,#899,.T.);
#1309=ORIENTED_EDGE('',*,*,#900,.T.);
#1310=ORIENTED_EDGE('',*,*,#901,.F.);
#1311=ORIENTED_EDGE('',*,*,#900,.F.);
#1312=ORIENTED_EDGE('',*,*,#902,.F.);
#1313=ORIENTED_EDGE('',*,*,#901,.T.);
#1314=ORIENTED_EDGE('',*,*,#903,.F.);
#1315=ORIENTED_EDGE('',*,*,#904,.T.);
#1316=ORIENTED_EDGE('',*,*,#902,.T.);
#1317=ORIENTED_EDGE('',*,*,#904,.F.);
#1318=ORIENTED_EDGE('',*,*,#905,.F.);
#1319=ORIENTED_EDGE('',*,*,#903,.T.);
#1320=ORIENTED_EDGE('',*,*,#905,.T.);
#1321=ORIENTED_EDGE('',*,*,#906,.T.);
#1322=ORIENTED_EDGE('',*,*,#824,.F.);
#1323=ORIENTED_EDGE('',*,*,#906,.F.);
#1324=ORIENTED_EDGE('',*,*,#765,.F.);
#1325=ORIENTED_EDGE('',*,*,#907,.T.);
#1326=ORIENTED_EDGE('',*,*,#873,.T.);
#1327=ORIENTED_EDGE('',*,*,#907,.F.);
#1328=ORIENTED_EDGE('',*,*,#762,.T.);
#1329=ORIENTED_EDGE('',*,*,#908,.T.);
#1330=ORIENTED_EDGE('',*,*,#726,.T.);
#1331=ORIENTED_EDGE('',*,*,#908,.F.);
#1332=ORIENTED_EDGE('',*,*,#819,.T.);
#1333=ORIENTED_EDGE('',*,*,#909,.T.);
#1334=ORIENTED_EDGE('',*,*,#868,.T.);
#1335=ORIENTED_EDGE('',*,*,#909,.F.);
#1336=CYLINDRICAL_SURFACE('',#1506,5.);
#1337=CYLINDRICAL_SURFACE('',#1509,75.);
#1338=CYLINDRICAL_SURFACE('',#1541,5.);
#1339=CYLINDRICAL_SURFACE('',#1543,75.);
#1340=CYLINDRICAL_SURFACE('',#1545,3.);
#1341=CYLINDRICAL_SURFACE('',#1548,3.);
#1342=CYLINDRICAL_SURFACE('',#1550,6.5);
#1343=CYLINDRICAL_SURFACE('',#1578,5.);
#1344=CYLINDRICAL_SURFACE('',#1579,6.5);
#1345=CYLINDRICAL_SURFACE('',#1580,5.);
#1346=CYLINDRICAL_SURFACE('',#1581,5.);
#1347=CYLINDRICAL_SURFACE('',#1582,6.5);
#1348=CYLINDRICAL_SURFACE('',#1583,75.);
#1349=CYLINDRICAL_SURFACE('',#1584,5.);
#1350=CYLINDRICAL_SURFACE('',#1585,75.);
#1351=CYLINDRICAL_SURFACE('',#1586,5.);
#1352=CYLINDRICAL_SURFACE('',#1587,6.5);
#1353=CYLINDRICAL_SURFACE('',#1588,5.);
#1354=CYLINDRICAL_SURFACE('',#1589,75.);
#1355=CYLINDRICAL_SURFACE('',#1590,5.);
#1356=CYLINDRICAL_SURFACE('',#1591,5.);
#1357=CYLINDRICAL_SURFACE('',#1592,75.);
#1358=CYLINDRICAL_SURFACE('',#1593,5.);
#1359=CYLINDRICAL_SURFACE('',#1594,6.5);
#1360=CYLINDRICAL_SURFACE('',#1595,5.);
#1361=CYLINDRICAL_SURFACE('',#1596,6.5);
#1362=CYLINDRICAL_SURFACE('',#1597,3.);
#1363=CYLINDRICAL_SURFACE('',#1598,3.);
#1364=CYLINDRICAL_SURFACE('',#1599,3.);
#1365=CYLINDRICAL_SURFACE('',#1600,3.);
#1366=CYLINDRICAL_SURFACE('',#1601,5.);
#1367=CYLINDRICAL_SURFACE('',#1604,6.5);
#1368=CYLINDRICAL_SURFACE('',#1636,5.);
#1369=CYLINDRICAL_SURFACE('',#1638,75.);
#1370=CYLINDRICAL_SURFACE('',#1640,5.);
#1371=CYLINDRICAL_SURFACE('',#1642,6.5);
#1372=CYLINDRICAL_SURFACE('',#1644,5.);
#1373=CYLINDRICAL_SURFACE('',#1646,5.);
#1374=CYLINDRICAL_SURFACE('',#1648,6.5);
#1375=CYLINDRICAL_SURFACE('',#1650,5.);
#1376=CYLINDRICAL_SURFACE('',#1652,5.);
#1377=CYLINDRICAL_SURFACE('',#1654,6.5);
#1378=CYLINDRICAL_SURFACE('',#1656,5.);
#1379=CYLINDRICAL_SURFACE('',#1658,5.);
#1380=CYLINDRICAL_SURFACE('',#1660,6.5);
#1381=CYLINDRICAL_SURFACE('',#1662,5.);
#1382=CYLINDRICAL_SURFACE('',#1664,5.);
#1383=CYLINDRICAL_SURFACE('',#1666,6.5);
#1384=CYLINDRICAL_SURFACE('',#1668,5.);
#1385=CYLINDRICAL_SURFACE('',#1682,75.);
#1386=CYLINDRICAL_SURFACE('',#1683,75.);
#1387=CYLINDRICAL_SURFACE('',#1684,75.);
#1388=CYLINDRICAL_SURFACE('',#1685,75.);
#1389=CYLINDRICAL_SURFACE('',#1686,75.);
#1390=CYLINDRICAL_SURFACE('',#1687,3.);
#1391=CYLINDRICAL_SURFACE('',#1688,3.);
#1392=CYLINDRICAL_SURFACE('',#1689,3.);
#1393=CYLINDRICAL_SURFACE('',#1690,3.);
#1394=CYLINDRICAL_SURFACE('',#1691,2.);
#1395=CYLINDRICAL_SURFACE('',#1695,2.);
#1396=CYLINDRICAL_SURFACE('',#1699,2.);
#1397=CYLINDRICAL_SURFACE('',#1703,2.);
#1398=CYLINDRICAL_SURFACE('',#1707,2.);
#1399=CYLINDRICAL_SURFACE('',#1711,2.);
#1400=CYLINDRICAL_SURFACE('',#1717,35.);
#1401=CYLINDRICAL_SURFACE('',#1721,47.);
#1402=CYLINDRICAL_SURFACE('',#1725,50.);
#1403=CYLINDRICAL_SURFACE('',#1729,53.);
#1404=CYLINDRICAL_SURFACE('',#1730,61.5);
#1405=CYLINDRICAL_SURFACE('',#1731,3.);
#1406=CYLINDRICAL_SURFACE('',#1732,3.);
#1407=ADVANCED_FACE('',(#65),#1336,.T.);
#1408=ADVANCED_FACE('',(#66),#1337,.T.);
#1409=ADVANCED_FACE('',(#67,#15,#16,#17,#18,#19,#20),#51,.T.);
#1410=ADVANCED_FACE('',(#68),#1338,.T.);
#1411=ADVANCED_FACE('',(#69),#1339,.T.);
#1412=ADVANCED_FACE('',(#70),#1340,.F.);
#1413=ADVANCED_FACE('',(#71),#1341,.F.);
#1414=ADVANCED_FACE('',(#72),#1342,.F.);
#1415=ADVANCED_FACE('',(#73,#21,#22,#23,#24,#25,#26,#27),#52,.T.);
#1416=ADVANCED_FACE('',(#74),#1343,.T.);
#1417=ADVANCED_FACE('',(#75),#1344,.F.);
#1418=ADVANCED_FACE('',(#76),#1345,.T.);
#1419=ADVANCED_FACE('',(#77),#1346,.T.);
#1420=ADVANCED_FACE('',(#78),#1347,.F.);
#1421=ADVANCED_FACE('',(#79),#1348,.T.);
#1422=ADVANCED_FACE('',(#80),#1349,.T.);
#1423=ADVANCED_FACE('',(#81),#1350,.T.);
#1424=ADVANCED_FACE('',(#82),#1351,.T.);
#1425=ADVANCED_FACE('',(#83),#1352,.F.);
#1426=ADVANCED_FACE('',(#84),#1353,.T.);
#1427=ADVANCED_FACE('',(#85),#1354,.T.);
#1428=ADVANCED_FACE('',(#86),#1355,.T.);
#1429=ADVANCED_FACE('',(#87),#1356,.T.);
#1430=ADVANCED_FACE('',(#88),#1357,.T.);
#1431=ADVANCED_FACE('',(#89),#1358,.T.);
#1432=ADVANCED_FACE('',(#90),#1359,.F.);
#1433=ADVANCED_FACE('',(#91),#1360,.T.);
#1434=ADVANCED_FACE('',(#92),#1361,.F.);
#1435=ADVANCED_FACE('',(#93),#1362,.F.);
#1436=ADVANCED_FACE('',(#94),#1363,.F.);
#1437=ADVANCED_FACE('',(#95),#1364,.F.);
#1438=ADVANCED_FACE('',(#96),#1365,.F.);
#1439=ADVANCED_FACE('',(#97),#1366,.T.);
#1440=ADVANCED_FACE('',(#98),#1367,.F.);
#1441=ADVANCED_FACE('',(#99,#28,#29,#30,#31,#32,#33,#34),#53,.T.);
#1442=ADVANCED_FACE('',(#100),#1368,.T.);
#1443=ADVANCED_FACE('',(#101),#1369,.T.);
#1444=ADVANCED_FACE('',(#102),#1370,.T.);
#1445=ADVANCED_FACE('',(#103),#1371,.F.);
#1446=ADVANCED_FACE('',(#104),#1372,.T.);
#1447=ADVANCED_FACE('',(#105),#1373,.T.);
#1448=ADVANCED_FACE('',(#106),#1374,.F.);
#1449=ADVANCED_FACE('',(#107),#1375,.T.);
#1450=ADVANCED_FACE('',(#108),#1376,.T.);
#1451=ADVANCED_FACE('',(#109),#1377,.F.);
#1452=ADVANCED_FACE('',(#110),#1378,.T.);
#1453=ADVANCED_FACE('',(#111),#1379,.T.);
#1454=ADVANCED_FACE('',(#112),#1380,.F.);
#1455=ADVANCED_FACE('',(#113),#1381,.T.);
#1456=ADVANCED_FACE('',(#114),#1382,.T.);
#1457=ADVANCED_FACE('',(#115),#1383,.F.);
#1458=ADVANCED_FACE('',(#116),#1384,.T.);
#1459=ADVANCED_FACE('',(#117,#35,#36,#37,#38,#39,#40,#41),#54,.T.);
#1460=ADVANCED_FACE('',(#118),#1385,.T.);
#1461=ADVANCED_FACE('',(#119),#1386,.T.);
#1462=ADVANCED_FACE('',(#120),#1387,.T.);
#1463=ADVANCED_FACE('',(#121),#1388,.T.);
#1464=ADVANCED_FACE('',(#122),#1389,.T.);
#1465=ADVANCED_FACE('',(#123),#1390,.F.);
#1466=ADVANCED_FACE('',(#124),#1391,.F.);
#1467=ADVANCED_FACE('',(#125),#1392,.F.);
#1468=ADVANCED_FACE('',(#126),#1393,.F.);
#1469=ADVANCED_FACE('',(#127),#1394,.F.);
#1470=ADVANCED_FACE('',(#128),#55,.F.);
#1471=ADVANCED_FACE('',(#129),#1395,.F.);
#1472=ADVANCED_FACE('',(#130),#56,.F.);
#1473=ADVANCED_FACE('',(#131),#1396,.F.);
#1474=ADVANCED_FACE('',(#132),#57,.F.);
#1475=ADVANCED_FACE('',(#133),#1397,.F.);
#1476=ADVANCED_FACE('',(#134),#58,.F.);
#1477=ADVANCED_FACE('',(#135),#1398,.F.);
#1478=ADVANCED_FACE('',(#136),#59,.F.);
#1479=ADVANCED_FACE('',(#137),#1399,.F.);
#1480=ADVANCED_FACE('',(#138),#60,.F.);
#1481=ADVANCED_FACE('',(#139),#61,.T.);
#1482=ADVANCED_FACE('',(#140),#1400,.F.);
#1483=ADVANCED_FACE('',(#141,#42,#43,#44,#45,#46,#47,#48),#62,.T.);
#1484=ADVANCED_FACE('',(#142),#1401,.F.);
#1485=ADVANCED_FACE('',(#143,#49),#63,.T.);
#1486=ADVANCED_FACE('',(#144),#1402,.T.);
#1487=ADVANCED_FACE('',(#145,#50),#64,.T.);
#1488=ADVANCED_FACE('',(#146),#1403,.F.);
#1489=ADVANCED_FACE('',(#147),#1404,.T.);
#1490=ADVANCED_FACE('',(#148),#1405,.F.);
#1491=ADVANCED_FACE('',(#149),#1406,.F.);
#1492=CLOSED_SHELL('',(#1407,#1408,#1409,#1410,#1411,#1412,#1413,#1414,
#1415,#1416,#1417,#1418,#1419,#1420,#1421,#1422,#1423,#1424,#1425,#1426,
#1427,#1428,#1429,#1430,#1431,#1432,#1433,#1434,#1435,#1436,#1437,#1438,
#1439,#1440,#1441,#1442,#1443,#1444,#1445,#1446,#1447,#1448,#1449,#1450,
#1451,#1452,#1453,#1454,#1455,#1456,#1457,#1458,#1459,#1460,#1461,#1462,
#1463,#1464,#1465,#1466,#1467,#1468,#1469,#1470,#1471,#1472,#1473,#1474,
#1475,#1476,#1477,#1478,#1479,#1480,#1481,#1482,#1483,#1484,#1485,#1486,
#1487,#1488,#1489,#1490,#1491));
#1493=DERIVED_UNIT_ELEMENT(#1495,1.);
#1494=DERIVED_UNIT_ELEMENT(#2706,-3.);
#1495=(
MASS_UNIT()
NAMED_UNIT(*)
SI_UNIT(.KILO.,.GRAM.)
);
#1496=DERIVED_UNIT((#1493,#1494));
#1497=MEASURE_REPRESENTATION_ITEM('density measure',
POSITIVE_RATIO_MEASURE(7850.),#1496);
#1498=PROPERTY_DEFINITION_REPRESENTATION(#1503,#1500);
#1499=PROPERTY_DEFINITION_REPRESENTATION(#1504,#1501);
#1500=REPRESENTATION('material name',(#1502),#2703);
#1501=REPRESENTATION('density',(#1497),#2703);
#1502=DESCRIPTIVE_REPRESENTATION_ITEM('Steel','Steel');
#1503=PROPERTY_DEFINITION('material property','material name',#2713);
#1504=PROPERTY_DEFINITION('material property','density of part',#2713);
#1505=AXIS2_PLACEMENT_3D('',#2260,#1733,#1734);
#1506=AXIS2_PLACEMENT_3D('',#2261,#1735,#1736);
#1507=AXIS2_PLACEMENT_3D('',#2264,#1737,#1738);
#1508=AXIS2_PLACEMENT_3D('',#2268,#1740,#1741);
#1509=AXIS2_PLACEMENT_3D('',#2270,#1743,#1744);
#1510=AXIS2_PLACEMENT_3D('',#2272,#1745,#1746);
#1511=AXIS2_PLACEMENT_3D('',#2275,#1748,#1749);
#1512=AXIS2_PLACEMENT_3D('',#2276,#1750,#1751);
#1513=AXIS2_PLACEMENT_3D('',#2278,#1752,#1753);
#1514=AXIS2_PLACEMENT_3D('',#2280,#1754,#1755);
#1515=AXIS2_PLACEMENT_3D('',#2282,#1756,#1757);
#1516=AXIS2_PLACEMENT_3D('',#2284,#1758,#1759);
#1517=AXIS2_PLACEMENT_3D('',#2286,#1760,#1761);
#1518=AXIS2_PLACEMENT_3D('',#2288,#1762,#1763);
#1519=AXIS2_PLACEMENT_3D('',#2290,#1764,#1765);
#1520=AXIS2_PLACEMENT_3D('',#2292,#1766,#1767);
#1521=AXIS2_PLACEMENT_3D('',#2294,#1768,#1769);
#1522=AXIS2_PLACEMENT_3D('',#2296,#1770,#1771);
#1523=AXIS2_PLACEMENT_3D('',#2298,#1772,#1773);
#1524=AXIS2_PLACEMENT_3D('',#2300,#1774,#1775);
#1525=AXIS2_PLACEMENT_3D('',#2302,#1776,#1777);
#1526=AXIS2_PLACEMENT_3D('',#2304,#1778,#1779);
#1527=AXIS2_PLACEMENT_3D('',#2306,#1780,#1781);
#1528=AXIS2_PLACEMENT_3D('',#2308,#1782,#1783);
#1529=AXIS2_PLACEMENT_3D('',#2310,#1784,#1785);
#1530=AXIS2_PLACEMENT_3D('',#2312,#1786,#1787);
#1531=AXIS2_PLACEMENT_3D('',#2314,#1788,#1789);
#1532=AXIS2_PLACEMENT_3D('',#2316,#1790,#1791);
#1533=AXIS2_PLACEMENT_3D('',#2318,#1792,#1793);
#1534=AXIS2_PLACEMENT_3D('',#2319,#1794,#1795);
#1535=AXIS2_PLACEMENT_3D('',#2321,#1796,#1797);
#1536=AXIS2_PLACEMENT_3D('',#2323,#1798,#1799);
#1537=AXIS2_PLACEMENT_3D('',#2325,#1800,#1801);
#1538=AXIS2_PLACEMENT_3D('',#2327,#1802,#1803);
#1539=AXIS2_PLACEMENT_3D('',#2329,#1804,#1805);
#1540=AXIS2_PLACEMENT_3D('',#2331,#1806,#1807);
#1541=AXIS2_PLACEMENT_3D('',#2332,#1808,#1809);
#1542=AXIS2_PLACEMENT_3D('',#2336,#1811,#1812);
#1543=AXIS2_PLACEMENT_3D('',#2338,#1814,#1815);
#1544=AXIS2_PLACEMENT_3D('',#2340,#1816,#1817);
#1545=AXIS2_PLACEMENT_3D('',#2342,#1819,#1820);
#1546=AXIS2_PLACEMENT_3D('',#2344,#1821,#1822);
#1547=AXIS2_PLACEMENT_3D('',#2347,#1824,#1825);
#1548=AXIS2_PLACEMENT_3D('',#2348,#1826,#1827);
#1549=AXIS2_PLACEMENT_3D('',#2350,#1828,#1829);
#1550=AXIS2_PLACEMENT_3D('',#2352,#1831,#1832);
#1551=AXIS2_PLACEMENT_3D('',#2353,#1833,#1834);
#1552=AXIS2_PLACEMENT_3D('',#2354,#1835,#1836);
#1553=AXIS2_PLACEMENT_3D('',#2356,#1837,#1838);
#1554=AXIS2_PLACEMENT_3D('',#2358,#1839,#1840);
#1555=AXIS2_PLACEMENT_3D('',#2360,#1841,#1842);
#1556=AXIS2_PLACEMENT_3D('',#2362,#1843,#1844);
#1557=AXIS2_PLACEMENT_3D('',#2364,#1845,#1846);
#1558=AXIS2_PLACEMENT_3D('',#2366,#1847,#1848);
#1559=AXIS2_PLACEMENT_3D('',#2368,#1849,#1850);
#1560=AXIS2_PLACEMENT_3D('',#2370,#1851,#1852);
#1561=AXIS2_PLACEMENT_3D('',#2372,#1853,#1854);
#1562=AXIS2_PLACEMENT_3D('',#2374,#1855,#1856);
#1563=AXIS2_PLACEMENT_3D('',#2376,#1857,#1858);
#1564=AXIS2_PLACEMENT_3D('',#2378,#1859,#1860);
#1565=AXIS2_PLACEMENT_3D('',#2380,#1861,#1862);
#1566=AXIS2_PLACEMENT_3D('',#2382,#1863,#1864);
#1567=AXIS2_PLACEMENT_3D('',#2384,#1865,#1866);
#1568=AXIS2_PLACEMENT_3D('',#2386,#1867,#1868);
#1569=AXIS2_PLACEMENT_3D('',#2388,#1869,#1870);
#1570=AXIS2_PLACEMENT_3D('',#2390,#1871,#1872);
#1571=AXIS2_PLACEMENT_3D('',#2391,#1873,#1874);
#1572=AXIS2_PLACEMENT_3D('',#2393,#1875,#1876);
#1573=AXIS2_PLACEMENT_3D('',#2395,#1877,#1878);
#1574=AXIS2_PLACEMENT_3D('',#2397,#1879,#1880);
#1575=AXIS2_PLACEMENT_3D('',#2399,#1881,#1882);
#1576=AXIS2_PLACEMENT_3D('',#2401,#1883,#1884);
#1577=AXIS2_PLACEMENT_3D('',#2403,#1885,#1886);
#1578=AXIS2_PLACEMENT_3D('',#2404,#1887,#1888);
#1579=AXIS2_PLACEMENT_3D('',#2406,#1890,#1891);
#1580=AXIS2_PLACEMENT_3D('',#2408,#1893,#1894);
#1581=AXIS2_PLACEMENT_3D('',#2410,#1896,#1897);
#1582=AXIS2_PLACEMENT_3D('',#2413,#1900,#1901);
#1583=AXIS2_PLACEMENT_3D('',#2415,#1903,#1904);
#1584=AXIS2_PLACEMENT_3D('',#2417,#1906,#1907);
#1585=AXIS2_PLACEMENT_3D('',#2420,#1910,#1911);
#1586=AXIS2_PLACEMENT_3D('',#2421,#1912,#1913);
#1587=AXIS2_PLACEMENT_3D('',#2423,#1915,#1916);
#1588=AXIS2_PLACEMENT_3D('',#2424,#1917,#1918);
#1589=AXIS2_PLACEMENT_3D('',#2427,#1921,#1922);
#1590=AXIS2_PLACEMENT_3D('',#2429,#1924,#1925);
#1591=AXIS2_PLACEMENT_3D('',#2431,#1927,#1928);
#1592=AXIS2_PLACEMENT_3D('',#2433,#1930,#1931);
#1593=AXIS2_PLACEMENT_3D('',#2435,#1933,#1934);
#1594=AXIS2_PLACEMENT_3D('',#2437,#1936,#1937);
#1595=AXIS2_PLACEMENT_3D('',#2439,#1939,#1940);
#1596=AXIS2_PLACEMENT_3D('',#2440,#1941,#1942);
#1597=AXIS2_PLACEMENT_3D('',#2441,#1943,#1944);
#1598=AXIS2_PLACEMENT_3D('',#2443,#1946,#1947);
#1599=AXIS2_PLACEMENT_3D('',#2445,#1949,#1950);
#1600=AXIS2_PLACEMENT_3D('',#2447,#1952,#1953);
#1601=AXIS2_PLACEMENT_3D('',#2449,#1955,#1956);
#1602=AXIS2_PLACEMENT_3D('',#2452,#1957,#1958);
#1603=AXIS2_PLACEMENT_3D('',#2456,#1960,#1961);
#1604=AXIS2_PLACEMENT_3D('',#2458,#1963,#1964);
#1605=AXIS2_PLACEMENT_3D('',#2460,#1965,#1966);
#1606=AXIS2_PLACEMENT_3D('',#2463,#1968,#1969);
#1607=AXIS2_PLACEMENT_3D('',#2464,#1970,#1971);
#1608=AXIS2_PLACEMENT_3D('',#2466,#1972,#1973);
#1609=AXIS2_PLACEMENT_3D('',#2468,#1974,#1975);
#1610=AXIS2_PLACEMENT_3D('',#2470,#1976,#1977);
#1611=AXIS2_PLACEMENT_3D('',#2472,#1978,#1979);
#1612=AXIS2_PLACEMENT_3D('',#2474,#1980,#1981);
#1613=AXIS2_PLACEMENT_3D('',#2476,#1982,#1983);
#1614=AXIS2_PLACEMENT_3D('',#2478,#1984,#1985);
#1615=AXIS2_PLACEMENT_3D('',#2480,#1986,#1987);
#1616=AXIS2_PLACEMENT_3D('',#2482,#1988,#1989);
#1617=AXIS2_PLACEMENT_3D('',#2484,#1990,#1991);
#1618=AXIS2_PLACEMENT_3D('',#2486,#1992,#1993);
#1619=AXIS2_PLACEMENT_3D('',#2488,#1994,#1995);
#1620=AXIS2_PLACEMENT_3D('',#2490,#1996,#1997);
#1621=AXIS2_PLACEMENT_3D('',#2492,#1998,#1999);
#1622=AXIS2_PLACEMENT_3D('',#2494,#2000,#2001);
#1623=AXIS2_PLACEMENT_3D('',#2496,#2002,#2003);
#1624=AXIS2_PLACEMENT_3D('',#2498,#2004,#2005);
#1625=AXIS2_PLACEMENT_3D('',#2500,#2006,#2007);
#1626=AXIS2_PLACEMENT_3D('',#2502,#2008,#2009);
#1627=AXIS2_PLACEMENT_3D('',#2504,#2010,#2011);
#1628=AXIS2_PLACEMENT_3D('',#2506,#2012,#2013);
#1629=AXIS2_PLACEMENT_3D('',#2507,#2014,#2015);
#1630=AXIS2_PLACEMENT_3D('',#2509,#2016,#2017);
#1631=AXIS2_PLACEMENT_3D('',#2511,#2018,#2019);
#1632=AXIS2_PLACEMENT_3D('',#2513,#2020,#2021);
#1633=AXIS2_PLACEMENT_3D('',#2515,#2022,#2023);
#1634=AXIS2_PLACEMENT_3D('',#2517,#2024,#2025);
#1635=AXIS2_PLACEMENT_3D('',#2519,#2026,#2027);
#1636=AXIS2_PLACEMENT_3D('',#2520,#2028,#2029);
#1637=AXIS2_PLACEMENT_3D('',#2523,#2031,#2032);
#1638=AXIS2_PLACEMENT_3D('',#2524,#2033,#2034);
#1639=AXIS2_PLACEMENT_3D('',#2527,#2036,#2037);
#1640=AXIS2_PLACEMENT_3D('',#2528,#2038,#2039);
#1641=AXIS2_PLACEMENT_3D('',#2532,#2041,#2042);
#1642=AXIS2_PLACEMENT_3D('',#2534,#2044,#2045);
#1643=AXIS2_PLACEMENT_3D('',#2536,#2046,#2047);
#1644=AXIS2_PLACEMENT_3D('',#2538,#2049,#2050);
#1645=AXIS2_PLACEMENT_3D('',#2540,#2051,#2052);
#1646=AXIS2_PLACEMENT_3D('',#2542,#2054,#2055);
#1647=AXIS2_PLACEMENT_3D('',#2546,#2057,#2058);
#1648=AXIS2_PLACEMENT_3D('',#2548,#2060,#2061);
#1649=AXIS2_PLACEMENT_3D('',#2550,#2062,#2063);
#1650=AXIS2_PLACEMENT_3D('',#2552,#2065,#2066);
#1651=AXIS2_PLACEMENT_3D('',#2554,#2067,#2068);
#1652=AXIS2_PLACEMENT_3D('',#2556,#2070,#2071);
#1653=AXIS2_PLACEMENT_3D('',#2560,#2073,#2074);
#1654=AXIS2_PLACEMENT_3D('',#2562,#2076,#2077);
#1655=AXIS2_PLACEMENT_3D('',#2564,#2078,#2079);
#1656=AXIS2_PLACEMENT_3D('',#2566,#2081,#2082);
#1657=AXIS2_PLACEMENT_3D('',#2567,#2083,#2084);
#1658=AXIS2_PLACEMENT_3D('',#2568,#2085,#2086);
#1659=AXIS2_PLACEMENT_3D('',#2572,#2088,#2089);
#1660=AXIS2_PLACEMENT_3D('',#2574,#2091,#2092);
#1661=AXIS2_PLACEMENT_3D('',#2576,#2093,#2094);
#1662=AXIS2_PLACEMENT_3D('',#2578,#2096,#2097);
#1663=AXIS2_PLACEMENT_3D('',#2580,#2098,#2099);
#1664=AXIS2_PLACEMENT_3D('',#2582,#2101,#2102);
#1665=AXIS2_PLACEMENT_3D('',#2585,#2103,#2104);
#1666=AXIS2_PLACEMENT_3D('',#2588,#2107,#2108);
#1667=AXIS2_PLACEMENT_3D('',#2591,#2110,#2111);
#1668=AXIS2_PLACEMENT_3D('',#2592,#2112,#2113);
#1669=AXIS2_PLACEMENT_3D('',#2595,#2115,#2116);
#1670=AXIS2_PLACEMENT_3D('',#2596,#2117,#2118);
#1671=AXIS2_PLACEMENT_3D('',#2597,#2119,#2120);
#1672=AXIS2_PLACEMENT_3D('',#2598,#2121,#2122);
#1673=AXIS2_PLACEMENT_3D('',#2599,#2123,#2124);
#1674=AXIS2_PLACEMENT_3D('',#2600,#2125,#2126);
#1675=AXIS2_PLACEMENT_3D('',#2601,#2127,#2128);
#1676=AXIS2_PLACEMENT_3D('',#2603,#2129,#2130);
#1677=AXIS2_PLACEMENT_3D('',#2605,#2131,#2132);
#1678=AXIS2_PLACEMENT_3D('',#2607,#2133,#2134);
#1679=AXIS2_PLACEMENT_3D('',#2609,#2135,#2136);
#1680=AXIS2_PLACEMENT_3D('',#2611,#2137,#2138);
#1681=AXIS2_PLACEMENT_3D('',#2613,#2139,#2140);
#1682=AXIS2_PLACEMENT_3D('',#2614,#2141,#2142);
#1683=AXIS2_PLACEMENT_3D('',#2615,#2143,#2144);
#1684=AXIS2_PLACEMENT_3D('',#2616,#2145,#2146);
#1685=AXIS2_PLACEMENT_3D('',#2617,#2147,#2148);
#1686=AXIS2_PLACEMENT_3D('',#2618,#2149,#2150);
#1687=AXIS2_PLACEMENT_3D('',#2619,#2151,#2152);
#1688=AXIS2_PLACEMENT_3D('',#2621,#2154,#2155);
#1689=AXIS2_PLACEMENT_3D('',#2623,#2157,#2158);
#1690=AXIS2_PLACEMENT_3D('',#2625,#2160,#2161);
#1691=AXIS2_PLACEMENT_3D('',#2627,#2163,#2164);
#1692=AXIS2_PLACEMENT_3D('',#2629,#2165,#2166);
#1693=AXIS2_PLACEMENT_3D('',#2632,#2168,#2169);
#1694=AXIS2_PLACEMENT_3D('',#2633,#2170,#2171);
#1695=AXIS2_PLACEMENT_3D('',#2634,#2172,#2173);
#1696=AXIS2_PLACEMENT_3D('',#2636,#2174,#2175);
#1697=AXIS2_PLACEMENT_3D('',#2639,#2177,#2178);
#1698=AXIS2_PLACEMENT_3D('',#2640,#2179,#2180);
#1699=AXIS2_PLACEMENT_3D('',#2641,#2181,#2182);
#1700=AXIS2_PLACEMENT_3D('',#2643,#2183,#2184);
#1701=AXIS2_PLACEMENT_3D('',#2646,#2186,#2187);
#1702=AXIS2_PLACEMENT_3D('',#2647,#2188,#2189);
#1703=AXIS2_PLACEMENT_3D('',#2648,#2190,#2191);
#1704=AXIS2_PLACEMENT_3D('',#2650,#2192,#2193);
#1705=AXIS2_PLACEMENT_3D('',#2653,#2195,#2196);
#1706=AXIS2_PLACEMENT_3D('',#2654,#2197,#2198);
#1707=AXIS2_PLACEMENT_3D('',#2655,#2199,#2200);
#1708=AXIS2_PLACEMENT_3D('',#2657,#2201,#2202);
#1709=AXIS2_PLACEMENT_3D('',#2660,#2204,#2205);
#1710=AXIS2_PLACEMENT_3D('',#2661,#2206,#2207);
#1711=AXIS2_PLACEMENT_3D('',#2662,#2208,#2209);
#1712=AXIS2_PLACEMENT_3D('',#2664,#2210,#2211);
#1713=AXIS2_PLACEMENT_3D('',#2667,#2213,#2214);
#1714=AXIS2_PLACEMENT_3D('',#2668,#2215,#2216);
#1715=AXIS2_PLACEMENT_3D('',#2669,#2217,#2218);
#1716=AXIS2_PLACEMENT_3D('',#2671,#2219,#2220);
#1717=AXIS2_PLACEMENT_3D('',#2672,#2221,#2222);
#1718=AXIS2_PLACEMENT_3D('',#2675,#2224,#2225);
#1719=AXIS2_PLACEMENT_3D('',#2676,#2226,#2227);
#1720=AXIS2_PLACEMENT_3D('',#2678,#2228,#2229);
#1721=AXIS2_PLACEMENT_3D('',#2679,#2230,#2231);
#1722=AXIS2_PLACEMENT_3D('',#2682,#2233,#2234);
#1723=AXIS2_PLACEMENT_3D('',#2683,#2235,#2236);
#1724=AXIS2_PLACEMENT_3D('',#2685,#2237,#2238);
#1725=AXIS2_PLACEMENT_3D('',#2686,#2239,#2240);
#1726=AXIS2_PLACEMENT_3D('',#2688,#2241,#2242);
#1727=AXIS2_PLACEMENT_3D('',#2690,#2244,#2245);
#1728=AXIS2_PLACEMENT_3D('',#2692,#2246,#2247);
#1729=AXIS2_PLACEMENT_3D('',#2693,#2248,#2249);
#1730=AXIS2_PLACEMENT_3D('',#2695,#2251,#2252);
#1731=AXIS2_PLACEMENT_3D('',#2697,#2254,#2255);
#1732=AXIS2_PLACEMENT_3D('',#2699,#2257,#2258);
#1733=DIRECTION('axis',(0.,0.,1.));
#1734=DIRECTION('refdir',(1.,0.,0.));
#1735=DIRECTION('center_axis',(0.,0.,1.));
#1736=DIRECTION('ref_axis',(0.180289252981483,0.983613636169903,0.));
#1737=DIRECTION('center_axis',(0.,0.,-1.));
#1738=DIRECTION('ref_axis',(0.180289252981483,0.983613636169903,0.));
#1739=DIRECTION('',(0.,0.,-1.));
#1740=DIRECTION('center_axis',(0.,0.,1.));
#1741=DIRECTION('ref_axis',(0.180289252981483,0.983613636169903,0.));
#1742=DIRECTION('',(0.,0.,1.));
#1743=DIRECTION('center_axis',(0.,0.,-1.));
#1744=DIRECTION('ref_axis',(0.,1.,0.));
#1745=DIRECTION('center_axis',(0.,0.,-1.));
#1746=DIRECTION('ref_axis',(1.,0.,0.));
#1747=DIRECTION('',(0.,0.,-1.));
#1748=DIRECTION('center_axis',(0.,0.,-1.));
#1749=DIRECTION('ref_axis',(1.,0.,0.));
#1750=DIRECTION('center_axis',(0.,0.,-1.));
#1751=DIRECTION('ref_axis',(-1.,0.,0.));
#1752=DIRECTION('center_axis',(0.,0.,-1.));
#1753=DIRECTION('ref_axis',(1.,0.,0.));
#1754=DIRECTION('center_axis',(0.,0.,1.));
#1755=DIRECTION('ref_axis',(-0.941958360725007,0.335729722634528,0.));
#1756=DIRECTION('center_axis',(0.,0.,-1.));
#1757=DIRECTION('ref_axis',(1.,0.,0.));
#1758=DIRECTION('center_axis',(0.,0.,1.));
#1759=DIRECTION('ref_axis',(0.941958360725006,0.335729722634531,0.));
#1760=DIRECTION('center_axis',(0.,0.,-1.));
#1761=DIRECTION('ref_axis',(-1.,0.,0.));
#1762=DIRECTION('center_axis',(0.,0.,1.));
#1763=DIRECTION('ref_axis',(-0.18028925298148,0.983613636169904,0.));
#1764=DIRECTION('center_axis',(0.,0.,-1.));
#1765=DIRECTION('ref_axis',(1.,0.,0.));
#1766=DIRECTION('center_axis',(0.,0.,1.));
#1767=DIRECTION('ref_axis',(0.761605942609993,-0.648040421718541,0.));
#1768=DIRECTION('center_axis',(0.,0.,-1.));
#1769=DIRECTION('ref_axis',(-1.,0.,0.));
#1770=DIRECTION('center_axis',(0.,0.,1.));
#1771=DIRECTION('ref_axis',(0.761605942609993,0.648040421718541,0.));
#1772=DIRECTION('center_axis',(0.,0.,-1.));
#1773=DIRECTION('ref_axis',(1.,0.,0.));
#1774=DIRECTION('center_axis',(0.,0.,1.));
#1775=DIRECTION('ref_axis',(-0.180289252981483,-0.983613636169903,0.));
#1776=DIRECTION('center_axis',(0.,0.,-1.));
#1777=DIRECTION('ref_axis',(-1.,0.,0.));
#1778=DIRECTION('center_axis',(0.,0.,1.));
#1779=DIRECTION('ref_axis',(0.941958360725007,-0.335729722634528,0.));
#1780=DIRECTION('center_axis',(0.,0.,-1.));
#1781=DIRECTION('ref_axis',(1.,0.,0.));
#1782=DIRECTION('center_axis',(0.,0.,1.));
#1783=DIRECTION('ref_axis',(-0.941958360725006,-0.335729722634532,0.));
#1784=DIRECTION('center_axis',(0.,0.,1.));
#1785=DIRECTION('ref_axis',(1.,0.,0.));
#1786=DIRECTION('center_axis',(0.,0.,1.));
#1787=DIRECTION('ref_axis',(0.180289252981483,-0.983613636169903,0.));
#1788=DIRECTION('center_axis',(0.,0.,-1.));
#1789=DIRECTION('ref_axis',(1.,0.,0.));
#1790=DIRECTION('center_axis',(0.,0.,1.));
#1791=DIRECTION('ref_axis',(-0.761605942609993,0.648040421718541,0.));
#1792=DIRECTION('center_axis',(0.,0.,1.));
#1793=DIRECTION('ref_axis',(1.,0.,0.));
#1794=DIRECTION('center_axis',(0.,0.,1.));
#1795=DIRECTION('ref_axis',(-0.761605942609993,-0.648040421718541,0.));
#1796=DIRECTION('center_axis',(0.,0.,-1.));
#1797=DIRECTION('ref_axis',(1.,0.,0.));
#1798=DIRECTION('center_axis',(0.,0.,1.));
#1799=DIRECTION('ref_axis',(1.,0.,0.));
#1800=DIRECTION('center_axis',(0.,0.,-1.));
#1801=DIRECTION('ref_axis',(1.,0.,0.));
#1802=DIRECTION('center_axis',(0.,0.,-1.));
#1803=DIRECTION('ref_axis',(1.,0.,0.));
#1804=DIRECTION('center_axis',(0.,0.,-1.));
#1805=DIRECTION('ref_axis',(1.,0.,0.));
#1806=DIRECTION('center_axis',(0.,0.,-1.));
#1807=DIRECTION('ref_axis',(1.,0.,0.));
#1808=DIRECTION('center_axis',(0.,0.,-1.));
#1809=DIRECTION('ref_axis',(-0.941958360725007,0.335729722634528,0.));
#1810=DIRECTION('',(0.,0.,1.));
#1811=DIRECTION('center_axis',(0.,0.,-1.));
#1812=DIRECTION('ref_axis',(-0.941958360725007,0.335729722634528,0.));
#1813=DIRECTION('',(0.,0.,-1.));
#1814=DIRECTION('center_axis',(0.,0.,-1.));
#1815=DIRECTION('ref_axis',(0.,1.,0.));
#1816=DIRECTION('center_axis',(0.,0.,-1.));
#1817=DIRECTION('ref_axis',(1.,0.,0.));
#1818=DIRECTION('',(0.,0.,1.));
#1819=DIRECTION('center_axis',(0.,0.,-1.));
#1820=DIRECTION('ref_axis',(1.,0.,0.));
#1821=DIRECTION('center_axis',(0.,0.,-1.));
#1822=DIRECTION('ref_axis',(1.,0.,0.));
#1823=DIRECTION('',(0.,0.,-1.));
#1824=DIRECTION('center_axis',(0.,0.,1.));
#1825=DIRECTION('ref_axis',(1.,0.,0.));
#1826=DIRECTION('center_axis',(0.,0.,-1.));
#1827=DIRECTION('ref_axis',(1.,0.,0.));
#1828=DIRECTION('center_axis',(0.,0.,-1.));
#1829=DIRECTION('ref_axis',(1.,0.,0.));
#1830=DIRECTION('',(0.,0.,-1.));
#1831=DIRECTION('center_axis',(0.,0.,1.));
#1832=DIRECTION('ref_axis',(1.,0.,0.));
#1833=DIRECTION('center_axis',(0.,0.,1.));
#1834=DIRECTION('ref_axis',(1.,0.,0.));
#1835=DIRECTION('center_axis',(0.,0.,1.));
#1836=DIRECTION('ref_axis',(1.,0.,0.));
#1837=DIRECTION('center_axis',(0.,0.,-1.));
#1838=DIRECTION('ref_axis',(-0.761605942609993,-0.648040421718541,0.));
#1839=DIRECTION('center_axis',(0.,0.,-1.));
#1840=DIRECTION('ref_axis',(1.,0.,0.));
#1841=DIRECTION('center_axis',(0.,0.,-1.));
#1842=DIRECTION('ref_axis',(-0.761605942609993,0.648040421718541,0.));
#1843=DIRECTION('center_axis',(0.,0.,-1.));
#1844=DIRECTION('ref_axis',(1.,0.,0.));
#1845=DIRECTION('center_axis',(0.,0.,-1.));
#1846=DIRECTION('ref_axis',(0.180289252981483,-0.983613636169903,0.));
#1847=DIRECTION('center_axis',(0.,0.,-1.));
#1848=DIRECTION('ref_axis',(1.,0.,0.));
#1849=DIRECTION('center_axis',(0.,0.,-1.));
#1850=DIRECTION('ref_axis',(-0.941958360725006,-0.335729722634532,0.));
#1851=DIRECTION('center_axis',(0.,0.,-1.));
#1852=DIRECTION('ref_axis',(1.,0.,0.));
#1853=DIRECTION('center_axis',(0.,0.,-1.));
#1854=DIRECTION('ref_axis',(0.941958360725007,-0.335729722634528,0.));
#1855=DIRECTION('center_axis',(0.,0.,1.));
#1856=DIRECTION('ref_axis',(-1.,0.,0.));
#1857=DIRECTION('center_axis',(0.,0.,-1.));
#1858=DIRECTION('ref_axis',(-0.180289252981483,-0.983613636169903,0.));
#1859=DIRECTION('center_axis',(0.,0.,-1.));
#1860=DIRECTION('ref_axis',(1.,0.,0.));
#1861=DIRECTION('center_axis',(0.,0.,-1.));
#1862=DIRECTION('ref_axis',(0.761605942609993,0.648040421718541,0.));
#1863=DIRECTION('center_axis',(0.,0.,1.));
#1864=DIRECTION('ref_axis',(-1.,0.,0.));
#1865=DIRECTION('center_axis',(0.,0.,-1.));
#1866=DIRECTION('ref_axis',(0.761605942609993,-0.648040421718541,0.));
#1867=DIRECTION('center_axis',(0.,0.,-1.));
#1868=DIRECTION('ref_axis',(1.,0.,0.));
#1869=DIRECTION('center_axis',(0.,0.,-1.));
#1870=DIRECTION('ref_axis',(-0.18028925298148,0.983613636169904,0.));
#1871=DIRECTION('center_axis',(0.,0.,1.));
#1872=DIRECTION('ref_axis',(-1.,0.,0.));
#1873=DIRECTION('center_axis',(0.,0.,-1.));
#1874=DIRECTION('ref_axis',(0.941958360725006,0.335729722634531,0.));
#1875=DIRECTION('center_axis',(0.,0.,1.));
#1876=DIRECTION('ref_axis',(1.,0.,0.));
#1877=DIRECTION('center_axis',(0.,0.,1.));
#1878=DIRECTION('ref_axis',(1.,0.,0.));
#1879=DIRECTION('center_axis',(0.,0.,1.));
#1880=DIRECTION('ref_axis',(1.,0.,0.));
#1881=DIRECTION('center_axis',(0.,0.,-1.));
#1882=DIRECTION('ref_axis',(1.,0.,0.));
#1883=DIRECTION('center_axis',(0.,0.,1.));
#1884=DIRECTION('ref_axis',(1.,0.,0.));
#1885=DIRECTION('center_axis',(0.,0.,1.));
#1886=DIRECTION('ref_axis',(1.,0.,0.));
#1887=DIRECTION('center_axis',(0.,0.,1.));
#1888=DIRECTION('ref_axis',(0.941958360725006,0.335729722634531,0.));
#1889=DIRECTION('',(0.,0.,-1.));
#1890=DIRECTION('center_axis',(0.,0.,-1.));
#1891=DIRECTION('ref_axis',(-1.,0.,0.));
#1892=DIRECTION('',(0.,0.,1.));
#1893=DIRECTION('center_axis',(0.,0.,-1.));
#1894=DIRECTION('ref_axis',(-0.18028925298148,0.983613636169904,0.));
#1895=DIRECTION('',(0.,0.,-1.));
#1896=DIRECTION('center_axis',(0.,0.,1.));
#1897=DIRECTION('ref_axis',(-0.180289252981483,-0.983613636169903,0.));
#1898=DIRECTION('',(0.,0.,-1.));
#1899=DIRECTION('',(0.,0.,1.));
#1900=DIRECTION('center_axis',(0.,0.,1.));
#1901=DIRECTION('ref_axis',(-1.,0.,0.));
#1902=DIRECTION('',(0.,0.,1.));
#1903=DIRECTION('center_axis',(0.,0.,-1.));
#1904=DIRECTION('ref_axis',(0.,1.,0.));
#1905=DIRECTION('',(0.,0.,-1.));
#1906=DIRECTION('center_axis',(0.,0.,1.));
#1907=DIRECTION('ref_axis',(0.761605942609993,-0.648040421718541,0.));
#1908=DIRECTION('',(0.,0.,-1.));
#1909=DIRECTION('',(0.,0.,1.));
#1910=DIRECTION('center_axis',(0.,0.,-1.));
#1911=DIRECTION('ref_axis',(0.,1.,0.));
#1912=DIRECTION('center_axis',(0.,0.,-1.));
#1913=DIRECTION('ref_axis',(0.761605942609993,0.648040421718541,0.));
#1914=DIRECTION('',(0.,0.,1.));
#1915=DIRECTION('center_axis',(0.,0.,1.));
#1916=DIRECTION('ref_axis',(-1.,0.,0.));
#1917=DIRECTION('center_axis',(0.,0.,-1.));
#1918=DIRECTION('ref_axis',(-0.761605942609993,0.648040421718541,0.));
#1919=DIRECTION('',(0.,0.,1.));
#1920=DIRECTION('',(0.,0.,-1.));
#1921=DIRECTION('center_axis',(0.,0.,-1.));
#1922=DIRECTION('ref_axis',(0.,1.,0.));
#1923=DIRECTION('',(0.,0.,-1.));
#1924=DIRECTION('center_axis',(0.,0.,1.));
#1925=DIRECTION('ref_axis',(-0.761605942609993,-0.648040421718541,0.));
#1926=DIRECTION('',(0.,0.,1.));
#1927=DIRECTION('center_axis',(0.,0.,-1.));
#1928=DIRECTION('ref_axis',(0.941958360725007,-0.335729722634528,0.));
#1929=DIRECTION('',(0.,0.,-1.));
#1930=DIRECTION('center_axis',(0.,0.,-1.));
#1931=DIRECTION('ref_axis',(1.22464679914735E-16,-1.,0.));
#1932=DIRECTION('',(0.,0.,1.));
#1933=DIRECTION('center_axis',(0.,0.,1.));
#1934=DIRECTION('ref_axis',(0.180289252981483,-0.983613636169903,0.));
#1935=DIRECTION('',(0.,0.,1.));
#1936=DIRECTION('center_axis',(0.,0.,-1.));
#1937=DIRECTION('ref_axis',(1.,0.,0.));
#1938=DIRECTION('',(0.,0.,-1.));
#1939=DIRECTION('center_axis',(0.,0.,-1.));
#1940=DIRECTION('ref_axis',(-0.941958360725006,-0.335729722634532,0.));
#1941=DIRECTION('center_axis',(0.,0.,-1.));
#1942=DIRECTION('ref_axis',(1.,0.,0.));
#1943=DIRECTION('center_axis',(0.,0.,-1.));
#1944=DIRECTION('ref_axis',(1.,0.,0.));
#1945=DIRECTION('',(0.,0.,1.));
#1946=DIRECTION('center_axis',(0.,0.,-1.));
#1947=DIRECTION('ref_axis',(1.,0.,0.));
#1948=DIRECTION('',(0.,0.,1.));
#1949=DIRECTION('center_axis',(0.,0.,-1.));
#1950=DIRECTION('ref_axis',(1.,0.,0.));
#1951=DIRECTION('',(0.,0.,1.));
#1952=DIRECTION('center_axis',(0.,0.,-1.));
#1953=DIRECTION('ref_axis',(1.,0.,0.));
#1954=DIRECTION('',(0.,0.,1.));
#1955=DIRECTION('center_axis',(0.,0.,-1.));
#1956=DIRECTION('ref_axis',(0.941958360725006,0.335729722634531,0.));
#1957=DIRECTION('center_axis',(0.,0.,1.));
#1958=DIRECTION('ref_axis',(0.941958360725006,0.335729722634531,0.));
#1959=DIRECTION('',(0.,0.,1.));
#1960=DIRECTION('center_axis',(0.,0.,-1.));
#1961=DIRECTION('ref_axis',(0.941958360725006,0.335729722634531,0.));
#1962=DIRECTION('',(0.,0.,-1.));
#1963=DIRECTION('center_axis',(0.,0.,-1.));
#1964=DIRECTION('ref_axis',(-0.499973348066857,-0.866040790738414,0.));
#1965=DIRECTION('center_axis',(0.,0.,-1.));
#1966=DIRECTION('ref_axis',(1.,0.,0.));
#1967=DIRECTION('',(0.,0.,1.));
#1968=DIRECTION('center_axis',(0.,0.,1.));
#1969=DIRECTION('ref_axis',(1.,0.,0.));
#1970=DIRECTION('center_axis',(0.,0.,1.));
#1971=DIRECTION('ref_axis',(1.,0.,0.));
#1972=DIRECTION('center_axis',(0.,0.,-1.));
#1973=DIRECTION('ref_axis',(1.,0.,0.));
#1974=DIRECTION('center_axis',(0.,0.,-1.));
#1975=DIRECTION('ref_axis',(-0.941958360725006,0.335729722634531,0.));
#1976=DIRECTION('center_axis',(0.,0.,-1.));
#1977=DIRECTION('ref_axis',(1.,0.,0.));
#1978=DIRECTION('center_axis',(0.,0.,-1.));
#1979=DIRECTION('ref_axis',(0.180289252981483,0.983613636169903,0.));
#1980=DIRECTION('center_axis',(0.,0.,-1.));
#1981=DIRECTION('ref_axis',(1.,0.,0.));
#1982=DIRECTION('center_axis',(0.,0.,-1.));
#1983=DIRECTION('ref_axis',(-0.761605942609993,-0.648040421718541,0.));
#1984=DIRECTION('center_axis',(0.,0.,-1.));
#1985=DIRECTION('ref_axis',(1.,0.,0.));
#1986=DIRECTION('center_axis',(0.,0.,-1.));
#1987=DIRECTION('ref_axis',(-0.761605942609993,0.648040421718541,0.));
#1988=DIRECTION('center_axis',(0.,0.,-1.));
#1989=DIRECTION('ref_axis',(1.,0.,0.));
#1990=DIRECTION('center_axis',(0.,0.,-1.));
#1991=DIRECTION('ref_axis',(0.180289252981483,-0.983613636169903,0.));
#1992=DIRECTION('center_axis',(0.,0.,-1.));
#1993=DIRECTION('ref_axis',(1.,0.,0.));
#1994=DIRECTION('center_axis',(0.,0.,-1.));
#1995=DIRECTION('ref_axis',(-0.941958360725006,-0.335729722634532,0.));
#1996=DIRECTION('center_axis',(0.,0.,-1.));
#1997=DIRECTION('ref_axis',(1.,0.,0.));
#1998=DIRECTION('center_axis',(0.,0.,-1.));
#1999=DIRECTION('ref_axis',(0.941958360725006,-0.335729722634532,0.));
#2000=DIRECTION('center_axis',(0.,0.,-1.));
#2001=DIRECTION('ref_axis',(1.,0.,0.));
#2002=DIRECTION('center_axis',(0.,0.,-1.));
#2003=DIRECTION('ref_axis',(-0.180289252981483,-0.983613636169903,0.));
#2004=DIRECTION('center_axis',(0.,0.,-1.));
#2005=DIRECTION('ref_axis',(1.,0.,0.));
#2006=DIRECTION('center_axis',(0.,0.,-1.));
#2007=DIRECTION('ref_axis',(0.761605942609993,0.648040421718541,0.));
#2008=DIRECTION('center_axis',(0.,0.,-1.));
#2009=DIRECTION('ref_axis',(1.,0.,0.));
#2010=DIRECTION('center_axis',(0.,0.,-1.));
#2011=DIRECTION('ref_axis',(0.761605942609993,-0.648040421718541,0.));
#2012=DIRECTION('center_axis',(0.,0.,-1.));
#2013=DIRECTION('ref_axis',(1.,0.,0.));
#2014=DIRECTION('center_axis',(0.,0.,-1.));
#2015=DIRECTION('ref_axis',(-0.180289252981483,0.983613636169903,0.));
#2016=DIRECTION('center_axis',(0.,0.,1.));
#2017=DIRECTION('ref_axis',(1.,0.,0.));
#2018=DIRECTION('center_axis',(0.,0.,-1.));
#2019=DIRECTION('ref_axis',(1.,0.,0.));
#2020=DIRECTION('center_axis',(0.,0.,-1.));
#2021=DIRECTION('ref_axis',(1.,0.,0.));
#2022=DIRECTION('center_axis',(0.,0.,-1.));
#2023=DIRECTION('ref_axis',(1.,0.,0.));
#2024=DIRECTION('center_axis',(0.,0.,-1.));
#2025=DIRECTION('ref_axis',(1.,0.,0.));
#2026=DIRECTION('center_axis',(0.,0.,-1.));
#2027=DIRECTION('ref_axis',(1.,0.,0.));
#2028=DIRECTION('center_axis',(0.,0.,1.));
#2029=DIRECTION('ref_axis',(-0.180289252981483,0.983613636169903,0.));
#2030=DIRECTION('',(0.,0.,-1.));
#2031=DIRECTION('center_axis',(0.,0.,1.));
#2032=DIRECTION('ref_axis',(-0.180289252981483,0.983613636169903,0.));
#2033=DIRECTION('center_axis',(0.,0.,-1.));
#2034=DIRECTION('ref_axis',(0.,1.,0.));
#2035=DIRECTION('',(0.,0.,1.));
#2036=DIRECTION('center_axis',(0.,0.,-1.));
#2037=DIRECTION('ref_axis',(1.,0.,0.));
#2038=DIRECTION('center_axis',(0.,0.,1.));
#2039=DIRECTION('ref_axis',(0.180289252981483,-0.983613636169903,0.));
#2040=DIRECTION('',(0.,0.,-1.));
#2041=DIRECTION('center_axis',(0.,0.,1.));
#2042=DIRECTION('ref_axis',(0.180289252981483,-0.983613636169903,0.));
#2043=DIRECTION('',(0.,0.,1.));
#2044=DIRECTION('center_axis',(0.,0.,-1.));
#2045=DIRECTION('ref_axis',(1.,0.,0.));
#2046=DIRECTION('center_axis',(0.,0.,1.));
#2047=DIRECTION('ref_axis',(1.,0.,0.));
#2048=DIRECTION('',(0.,0.,-1.));
#2049=DIRECTION('center_axis',(0.,0.,-1.));
#2050=DIRECTION('ref_axis',(-0.941958360725006,-0.335729722634532,0.));
#2051=DIRECTION('center_axis',(0.,0.,1.));
#2052=DIRECTION('ref_axis',(-0.941958360725006,-0.335729722634532,0.));
#2053=DIRECTION('',(0.,0.,1.));
#2054=DIRECTION('center_axis',(0.,0.,1.));
#2055=DIRECTION('ref_axis',(0.941958360725006,-0.335729722634532,0.));
#2056=DIRECTION('',(0.,0.,-1.));
#2057=DIRECTION('center_axis',(0.,0.,1.));
#2058=DIRECTION('ref_axis',(0.941958360725006,-0.335729722634532,0.));
#2059=DIRECTION('',(0.,0.,1.));
#2060=DIRECTION('center_axis',(0.,0.,-1.));
#2061=DIRECTION('ref_axis',(-0.499973348066855,0.866040790738415,0.));
#2062=DIRECTION('center_axis',(0.,0.,1.));
#2063=DIRECTION('ref_axis',(1.,0.,0.));
#2064=DIRECTION('',(0.,0.,-1.));
#2065=DIRECTION('center_axis',(0.,0.,-1.));
#2066=DIRECTION('ref_axis',(-0.180289252981483,-0.983613636169903,0.));
#2067=DIRECTION('center_axis',(0.,0.,1.));
#2068=DIRECTION('ref_axis',(-0.180289252981483,-0.983613636169903,0.));
#2069=DIRECTION('',(0.,0.,1.));
#2070=DIRECTION('center_axis',(0.,0.,1.));
#2071=DIRECTION('ref_axis',(0.761605942609993,0.648040421718541,0.));
#2072=DIRECTION('',(0.,0.,-1.));
#2073=DIRECTION('center_axis',(0.,0.,1.));
#2074=DIRECTION('ref_axis',(0.761605942609993,0.648040421718541,0.));
#2075=DIRECTION('',(0.,0.,1.));
#2076=DIRECTION('center_axis',(0.,0.,-1.));
#2077=DIRECTION('ref_axis',(-1.,-1.22464679914735E-16,0.));
#2078=DIRECTION('center_axis',(0.,0.,1.));
#2079=DIRECTION('ref_axis',(1.,0.,0.));
#2080=DIRECTION('',(0.,0.,-1.));
#2081=DIRECTION('center_axis',(0.,0.,-1.));
#2082=DIRECTION('ref_axis',(0.761605942609993,-0.648040421718541,0.));
#2083=DIRECTION('center_axis',(0.,0.,1.));
#2084=DIRECTION('ref_axis',(0.761605942609993,-0.648040421718541,0.));
#2085=DIRECTION('center_axis',(0.,0.,1.));
#2086=DIRECTION('ref_axis',(-0.761605942609993,-0.648040421718541,0.));
#2087=DIRECTION('',(0.,0.,-1.));
#2088=DIRECTION('center_axis',(0.,0.,1.));
#2089=DIRECTION('ref_axis',(-0.761605942609993,-0.648040421718541,0.));
#2090=DIRECTION('',(0.,0.,1.));
#2091=DIRECTION('center_axis',(0.,0.,-1.));
#2092=DIRECTION('ref_axis',(1.,0.,0.));
#2093=DIRECTION('center_axis',(0.,0.,1.));
#2094=DIRECTION('ref_axis',(1.,0.,0.));
#2095=DIRECTION('',(0.,0.,-1.));
#2096=DIRECTION('center_axis',(0.,0.,-1.));
#2097=DIRECTION('ref_axis',(-0.761605942609993,0.648040421718541,0.));
#2098=DIRECTION('center_axis',(0.,0.,1.));
#2099=DIRECTION('ref_axis',(-0.761605942609993,0.648040421718541,0.));
#2100=DIRECTION('',(0.,0.,1.));
#2101=DIRECTION('center_axis',(0.,0.,-1.));
#2102=DIRECTION('ref_axis',(0.180289252981483,0.983613636169903,0.));
#2103=DIRECTION('center_axis',(0.,0.,1.));
#2104=DIRECTION('ref_axis',(0.180289252981483,0.983613636169903,0.));
#2105=DIRECTION('',(0.,0.,1.));
#2106=DIRECTION('',(0.,0.,-1.));
#2107=DIRECTION('center_axis',(0.,0.,-1.));
#2108=DIRECTION('ref_axis',(1.,0.,0.));
#2109=DIRECTION('',(0.,0.,1.));
#2110=DIRECTION('center_axis',(0.,0.,1.));
#2111=DIRECTION('ref_axis',(1.,0.,0.));
#2112=DIRECTION('center_axis',(0.,0.,1.));
#2113=DIRECTION('ref_axis',(-0.941958360725006,0.335729722634531,0.));
#2114=DIRECTION('',(0.,0.,-1.));
#2115=DIRECTION('center_axis',(0.,0.,1.));
#2116=DIRECTION('ref_axis',(-0.941958360725006,0.335729722634531,0.));
#2117=DIRECTION('center_axis',(0.,0.,-1.));
#2118=DIRECTION('ref_axis',(-1.,0.,0.));
#2119=DIRECTION('center_axis',(0.,0.,-1.));
#2120=DIRECTION('ref_axis',(1.,0.,0.));
#2121=DIRECTION('center_axis',(0.,0.,-1.));
#2122=DIRECTION('ref_axis',(1.,0.,0.));
#2123=DIRECTION('center_axis',(0.,0.,-1.));
#2124=DIRECTION('ref_axis',(1.,0.,0.));
#2125=DIRECTION('center_axis',(0.,0.,-1.));
#2126=DIRECTION('ref_axis',(1.,0.,0.));
#2127=DIRECTION('center_axis',(0.,0.,-1.));
#2128=DIRECTION('ref_axis',(1.,0.,0.));
#2129=DIRECTION('center_axis',(0.,0.,-1.));
#2130=DIRECTION('ref_axis',(1.,0.,0.));
#2131=DIRECTION('center_axis',(0.,0.,1.));
#2132=DIRECTION('ref_axis',(1.,0.,0.));
#2133=DIRECTION('center_axis',(0.,0.,1.));
#2134=DIRECTION('ref_axis',(1.,0.,0.));
#2135=DIRECTION('center_axis',(0.,0.,1.));
#2136=DIRECTION('ref_axis',(1.,0.,0.));
#2137=DIRECTION('center_axis',(0.,0.,1.));
#2138=DIRECTION('ref_axis',(1.,0.,0.));
#2139=DIRECTION('center_axis',(0.,0.,-1.));
#2140=DIRECTION('ref_axis',(1.,0.,0.));
#2141=DIRECTION('center_axis',(0.,0.,-1.));
#2142=DIRECTION('ref_axis',(0.,1.,0.));
#2143=DIRECTION('center_axis',(0.,0.,-1.));
#2144=DIRECTION('ref_axis',(0.,1.,0.));
#2145=DIRECTION('center_axis',(0.,0.,-1.));
#2146=DIRECTION('ref_axis',(0.,1.,0.));
#2147=DIRECTION('center_axis',(0.,0.,-1.));
#2148=DIRECTION('ref_axis',(-1.22464679914735E-16,-1.,0.));
#2149=DIRECTION('center_axis',(0.,0.,-1.));
#2150=DIRECTION('ref_axis',(0.,1.,0.));
#2151=DIRECTION('center_axis',(0.,0.,-1.));
#2152=DIRECTION('ref_axis',(1.,0.,0.));
#2153=DIRECTION('',(0.,0.,-1.));
#2154=DIRECTION('center_axis',(0.,0.,-1.));
#2155=DIRECTION('ref_axis',(1.,0.,0.));
#2156=DIRECTION('',(0.,0.,-1.));
#2157=DIRECTION('center_axis',(0.,0.,-1.));
#2158=DIRECTION('ref_axis',(1.,0.,0.));
#2159=DIRECTION('',(0.,0.,-1.));
#2160=DIRECTION('center_axis',(0.,0.,-1.));
#2161=DIRECTION('ref_axis',(1.,0.,0.));
#2162=DIRECTION('',(0.,0.,-1.));
#2163=DIRECTION('center_axis',(0.,0.,-1.));
#2164=DIRECTION('ref_axis',(1.,0.,0.));
#2165=DIRECTION('center_axis',(0.,0.,-1.));
#2166=DIRECTION('ref_axis',(1.,0.,0.));
#2167=DIRECTION('',(0.,0.,-1.));
#2168=DIRECTION('center_axis',(0.,0.,-1.));
#2169=DIRECTION('ref_axis',(1.,0.,0.));
#2170=DIRECTION('center_axis',(0.,0.,-1.));
#2171=DIRECTION('ref_axis',(1.,0.,0.));
#2172=DIRECTION('center_axis',(0.,0.,-1.));
#2173=DIRECTION('ref_axis',(1.,0.,0.));
#2174=DIRECTION('center_axis',(0.,0.,-1.));
#2175=DIRECTION('ref_axis',(1.,0.,0.));
#2176=DIRECTION('',(0.,0.,-1.));
#2177=DIRECTION('center_axis',(0.,0.,-1.));
#2178=DIRECTION('ref_axis',(1.,0.,0.));
#2179=DIRECTION('center_axis',(0.,0.,-1.));
#2180=DIRECTION('ref_axis',(1.,0.,0.));
#2181=DIRECTION('center_axis',(0.,0.,-1.));
#2182=DIRECTION('ref_axis',(1.,0.,0.));
#2183=DIRECTION('center_axis',(0.,0.,-1.));
#2184=DIRECTION('ref_axis',(1.,0.,0.));
#2185=DIRECTION('',(0.,0.,-1.));
#2186=DIRECTION('center_axis',(0.,0.,-1.));
#2187=DIRECTION('ref_axis',(1.,0.,0.));
#2188=DIRECTION('center_axis',(0.,0.,-1.));
#2189=DIRECTION('ref_axis',(1.,0.,0.));
#2190=DIRECTION('center_axis',(0.,0.,-1.));
#2191=DIRECTION('ref_axis',(1.,0.,0.));
#2192=DIRECTION('center_axis',(0.,0.,-1.));
#2193=DIRECTION('ref_axis',(1.,0.,0.));
#2194=DIRECTION('',(0.,0.,-1.));
#2195=DIRECTION('center_axis',(0.,0.,-1.));
#2196=DIRECTION('ref_axis',(1.,0.,0.));
#2197=DIRECTION('center_axis',(0.,0.,-1.));
#2198=DIRECTION('ref_axis',(1.,0.,0.));
#2199=DIRECTION('center_axis',(0.,0.,-1.));
#2200=DIRECTION('ref_axis',(1.,0.,0.));
#2201=DIRECTION('center_axis',(0.,0.,-1.));
#2202=DIRECTION('ref_axis',(1.,0.,0.));
#2203=DIRECTION('',(0.,0.,-1.));
#2204=DIRECTION('center_axis',(0.,0.,-1.));
#2205=DIRECTION('ref_axis',(1.,0.,0.));
#2206=DIRECTION('center_axis',(0.,0.,-1.));
#2207=DIRECTION('ref_axis',(1.,0.,0.));
#2208=DIRECTION('center_axis',(0.,0.,-1.));
#2209=DIRECTION('ref_axis',(1.,0.,0.));
#2210=DIRECTION('center_axis',(0.,0.,-1.));
#2211=DIRECTION('ref_axis',(1.,0.,0.));
#2212=DIRECTION('',(0.,0.,-1.));
#2213=DIRECTION('center_axis',(0.,0.,-1.));
#2214=DIRECTION('ref_axis',(1.,0.,0.));
#2215=DIRECTION('center_axis',(0.,0.,-1.));
#2216=DIRECTION('ref_axis',(1.,0.,0.));
#2217=DIRECTION('center_axis',(0.,0.,1.));
#2218=DIRECTION('ref_axis',(1.,0.,0.));
#2219=DIRECTION('center_axis',(0.,0.,-1.));
#2220=DIRECTION('ref_axis',(1.,0.,0.));
#2221=DIRECTION('center_axis',(0.,0.,-1.));
#2222=DIRECTION('ref_axis',(0.,1.,0.));
#2223=DIRECTION('',(0.,0.,1.));
#2224=DIRECTION('center_axis',(0.,0.,-1.));
#2225=DIRECTION('ref_axis',(1.,0.,0.));
#2226=DIRECTION('center_axis',(0.,0.,1.));
#2227=DIRECTION('ref_axis',(1.,0.,0.));
#2228=DIRECTION('center_axis',(0.,0.,-1.));
#2229=DIRECTION('ref_axis',(1.,0.,0.));
#2230=DIRECTION('center_axis',(0.,0.,-1.));
#2231=DIRECTION('ref_axis',(0.,1.,0.));
#2232=DIRECTION('',(0.,0.,1.));
#2233=DIRECTION('center_axis',(0.,0.,-1.));
#2234=DIRECTION('ref_axis',(1.,0.,0.));
#2235=DIRECTION('center_axis',(0.,0.,1.));
#2236=DIRECTION('ref_axis',(1.,0.,0.));
#2237=DIRECTION('center_axis',(0.,0.,-1.));
#2238=DIRECTION('ref_axis',(1.,0.,0.));
#2239=DIRECTION('center_axis',(0.,0.,-1.));
#2240=DIRECTION('ref_axis',(0.,1.,0.));
#2241=DIRECTION('center_axis',(0.,0.,-1.));
#2242=DIRECTION('ref_axis',(1.,0.,0.));
#2243=DIRECTION('',(0.,0.,1.));
#2244=DIRECTION('center_axis',(0.,0.,1.));
#2245=DIRECTION('ref_axis',(1.,0.,0.));
#2246=DIRECTION('center_axis',(0.,0.,-1.));
#2247=DIRECTION('ref_axis',(1.,0.,0.));
#2248=DIRECTION('center_axis',(0.,0.,-1.));
#2249=DIRECTION('ref_axis',(0.,1.,0.));
#2250=DIRECTION('',(0.,0.,1.));
#2251=DIRECTION('center_axis',(0.,0.,-1.));
#2252=DIRECTION('ref_axis',(0.,1.,0.));
#2253=DIRECTION('',(0.,0.,1.));
#2254=DIRECTION('center_axis',(0.,0.,1.));
#2255=DIRECTION('ref_axis',(1.,0.,0.));
#2256=DIRECTION('',(0.,0.,-1.));
#2257=DIRECTION('center_axis',(0.,0.,1.));
#2258=DIRECTION('ref_axis',(1.,0.,0.));
#2259=DIRECTION('',(0.,0.,-1.));
#2260=CARTESIAN_POINT('',(0.,0.,0.));
#2261=CARTESIAN_POINT('Origin',(-44.4820070346238,54.0495240512965,0.));
#2262=CARTESIAN_POINT('',(-47.6592932513826,57.9102043406748,10.));
#2263=CARTESIAN_POINT('',(-40.1420039760917,56.5323396811676,10.));
#2264=CARTESIAN_POINT('Origin',(-44.4820070346238,54.0495240512965,10.));
#2265=CARTESIAN_POINT('',(-40.1420039760917,56.5323396811676,0.));
#2266=CARTESIAN_POINT('',(-40.1420039760917,56.5323396811676,0.));
#2267=CARTESIAN_POINT('',(-47.6592932513826,57.9102043406748,0.));
#2268=CARTESIAN_POINT('Origin',(-44.4820070346238,54.0495240512965,0.));
#2269=CARTESIAN_POINT('',(-47.6592932513826,57.9102043406748,0.));
#2270=CARTESIAN_POINT('Origin',(0.,0.,5.));
#2271=CARTESIAN_POINT('',(-73.9809782608696,12.3213171197216,0.));
#2272=CARTESIAN_POINT('Origin',(0.,0.,0.));
#2273=CARTESIAN_POINT('',(-73.9809782608696,12.3213171197216,10.));
#2274=CARTESIAN_POINT('',(-73.9809782608696,12.3213171197216,5.));
#2275=CARTESIAN_POINT('Origin',(0.,0.,10.));
#2276=CARTESIAN_POINT('Origin',(0.,0.,0.));
#2277=CARTESIAN_POINT('',(-28.8835607841116,63.0319429295497,0.));
#2278=CARTESIAN_POINT('Origin',(-34.5,59.76,0.));
#2279=CARTESIAN_POINT('',(-26.3177388490027,70.2308808279926,0.));
#2280=CARTESIAN_POINT('Origin',(-24.5632229257358,65.5488221061264,0.));
#2281=CARTESIAN_POINT('',(26.3177388490027,70.2308808279926,0.));
#2282=CARTESIAN_POINT('Origin',(0.,0.,0.));
#2283=CARTESIAN_POINT('',(28.8835607841115,63.0319429295497,0.));
#2284=CARTESIAN_POINT('Origin',(24.5632229257358,65.5488221061264,0.));
#2285=CARTESIAN_POINT('',(40.1420039760917,56.5323396811676,0.));
#2286=CARTESIAN_POINT('Origin',(34.5,59.76,0.));
#2287=CARTESIAN_POINT('',(47.6592932513826,57.9102043406748,0.));
#2288=CARTESIAN_POINT('Origin',(44.4820070346238,54.0495240512965,0.));
#2289=CARTESIAN_POINT('',(73.9809782608696,12.3213171197216,0.));
#2290=CARTESIAN_POINT('Origin',(0.,0.,0.));
#2291=CARTESIAN_POINT('',(69.0276465028356,6.49994120518647,0.));
#2292=CARTESIAN_POINT('Origin',(69.0489130434783,11.4998959784068,0.));
#2293=CARTESIAN_POINT('',(69.0276465028356,-6.49994120518647,0.));
#2294=CARTESIAN_POINT('Origin',(69.,0.,0.));
#2295=CARTESIAN_POINT('',(73.9809782608696,-12.3213171197216,0.));
#2296=CARTESIAN_POINT('Origin',(69.0489130434783,-11.4998959784068,0.));
#2297=CARTESIAN_POINT('',(47.6592932513826,-57.9102043406748,0.));
#2298=CARTESIAN_POINT('Origin',(0.,0.,0.));
#2299=CARTESIAN_POINT('',(40.1420039760917,-56.5323396811676,0.));
#2300=CARTESIAN_POINT('Origin',(44.4820070346238,-54.0495240512965,0.));
#2301=CARTESIAN_POINT('',(28.8835607841116,-63.0319429295497,0.));
#2302=CARTESIAN_POINT('Origin',(34.5,-59.76,0.));
#2303=CARTESIAN_POINT('',(26.3177388490027,-70.2308808279926,0.));
#2304=CARTESIAN_POINT('Origin',(24.5632229257358,-65.5488221061264,0.));
#2305=CARTESIAN_POINT('',(-26.3177388490027,-70.2308808279926,0.));
#2306=CARTESIAN_POINT('Origin',(0.,0.,0.));
#2307=CARTESIAN_POINT('',(-28.8835607841116,-63.0319429295497,0.));
#2308=CARTESIAN_POINT('Origin',(-24.5632229257358,-65.5488221061264,0.));
#2309=CARTESIAN_POINT('',(-40.1420039760917,-56.5323396811676,0.));
#2310=CARTESIAN_POINT('Origin',(-34.5,-59.76,0.));
#2311=CARTESIAN_POINT('',(-47.6592932513826,-57.9102043406748,0.));
#2312=CARTESIAN_POINT('Origin',(-44.4820070346238,-54.0495240512965,0.));
#2313=CARTESIAN_POINT('',(-73.9809782608696,-12.3213171197216,0.));
#2314=CARTESIAN_POINT('Origin',(0.,0.,0.));
#2315=CARTESIAN_POINT('',(-69.0276465028356,-6.49994120518647,0.));
#2316=CARTESIAN_POINT('Origin',(-69.0489130434783,-11.4998959784068,0.));
#2317=CARTESIAN_POINT('',(-69.0276465028356,6.49994120518647,0.));
#2318=CARTESIAN_POINT('Origin',(-69.,0.,0.));
#2319=CARTESIAN_POINT('Origin',(-69.0489130434783,11.4998959784068,0.));
#2320=CARTESIAN_POINT('',(-3.0071271508924,-69.,0.));
#2321=CARTESIAN_POINT('Origin',(-0.00712715089240312,-69.,0.));
#2322=CARTESIAN_POINT('',(-3.0071271508924,69.,0.));
#2323=CARTESIAN_POINT('Origin',(-0.00712715089240312,69.,0.));
#2324=CARTESIAN_POINT('',(56.76,-34.5,0.));
#2325=CARTESIAN_POINT('Origin',(59.76,-34.5,0.));
#2326=CARTESIAN_POINT('',(-62.76,-34.5,0.));
#2327=CARTESIAN_POINT('Origin',(-59.76,-34.5,0.));
#2328=CARTESIAN_POINT('',(56.76,34.5,0.));
#2329=CARTESIAN_POINT('Origin',(59.76,34.5,0.));
#2330=CARTESIAN_POINT('',(-62.76,34.5,0.));
#2331=CARTESIAN_POINT('Origin',(-59.76,34.5,0.));
#2332=CARTESIAN_POINT('Origin',(-24.5632229257358,65.5488221061264,0.));
#2333=CARTESIAN_POINT('',(-28.8835607841116,63.0319429295497,10.));
#2334=CARTESIAN_POINT('',(-28.8835607841116,63.0319429295497,0.));
#2335=CARTESIAN_POINT('',(-26.3177388490027,70.2308808279926,10.));
#2336=CARTESIAN_POINT('Origin',(-24.5632229257358,65.5488221061264,10.));
#2337=CARTESIAN_POINT('',(-26.3177388490027,70.2308808279926,0.));
#2338=CARTESIAN_POINT('Origin',(0.,0.,5.));
#2339=CARTESIAN_POINT('',(26.3177388490027,70.2308808279926,10.));
#2340=CARTESIAN_POINT('Origin',(0.,0.,10.));
#2341=CARTESIAN_POINT('',(26.3177388490027,70.2308808279926,0.));
#2342=CARTESIAN_POINT('Origin',(0.,69.,40.));
#2343=CARTESIAN_POINT('',(-3.,69.,45.));
#2344=CARTESIAN_POINT('Origin',(0.,69.,45.));
#2345=CARTESIAN_POINT('',(-3.,69.,40.));
#2346=CARTESIAN_POINT('',(-3.,69.,40.));
#2347=CARTESIAN_POINT('Origin',(0.,69.,40.));
#2348=CARTESIAN_POINT('Origin',(-0.00712715089240312,69.,-12.5));
#2349=CARTESIAN_POINT('',(-3.0071271508924,69.,10.));
#2350=CARTESIAN_POINT('Origin',(-0.00712715089240312,69.,10.));
#2351=CARTESIAN_POINT('',(-3.0071271508924,69.,-12.5));
#2352=CARTESIAN_POINT('Origin',(-34.5,59.76,0.));
#2353=CARTESIAN_POINT('Origin',(-34.5,59.76,10.));
#2354=CARTESIAN_POINT('Origin',(0.,75.,10.));
#2355=CARTESIAN_POINT('',(-69.0276465028356,6.49994120518647,10.));
#2356=CARTESIAN_POINT('Origin',(-69.0489130434783,11.4998959784068,10.));
#2357=CARTESIAN_POINT('',(-69.0276465028356,-6.49994120518647,10.));
#2358=CARTESIAN_POINT('Origin',(-69.,0.,10.));
#2359=CARTESIAN_POINT('',(-73.9809782608696,-12.3213171197216,10.));
#2360=CARTESIAN_POINT('Origin',(-69.0489130434783,-11.4998959784068,10.));
#2361=CARTESIAN_POINT('',(-47.6592932513826,-57.9102043406748,10.));
#2362=CARTESIAN_POINT('Origin',(0.,0.,10.));
#2363=CARTESIAN_POINT('',(-40.1420039760917,-56.5323396811676,10.));
#2364=CARTESIAN_POINT('Origin',(-44.4820070346238,-54.0495240512965,10.));
#2365=CARTESIAN_POINT('',(-28.8835607841116,-63.0319429295497,10.));
#2366=CARTESIAN_POINT('Origin',(-34.5,-59.76,10.));
#2367=CARTESIAN_POINT('',(-26.3177388490027,-70.2308808279926,10.));
#2368=CARTESIAN_POINT('Origin',(-24.5632229257358,-65.5488221061264,10.));
#2369=CARTESIAN_POINT('',(26.3177388490027,-70.2308808279926,10.));
#2370=CARTESIAN_POINT('Origin',(0.,0.,10.));
#2371=CARTESIAN_POINT('',(28.8835607841116,-63.0319429295497,10.));
#2372=CARTESIAN_POINT('Origin',(24.5632229257358,-65.5488221061264,10.));
#2373=CARTESIAN_POINT('',(40.1420039760917,-56.5323396811676,10.));
#2374=CARTESIAN_POINT('Origin',(34.5,-59.76,10.));
#2375=CARTESIAN_POINT('',(47.6592932513826,-57.9102043406748,10.));
#2376=CARTESIAN_POINT('Origin',(44.4820070346238,-54.0495240512965,10.));
#2377=CARTESIAN_POINT('',(73.9809782608696,-12.3213171197216,10.));
#2378=CARTESIAN_POINT('Origin',(0.,0.,10.));
#2379=CARTESIAN_POINT('',(69.0276465028356,-6.49994120518647,10.));
#2380=CARTESIAN_POINT('Origin',(69.0489130434783,-11.4998959784068,10.));
#2381=CARTESIAN_POINT('',(69.0276465028356,6.49994120518647,10.));
#2382=CARTESIAN_POINT('Origin',(69.,0.,10.));
#2383=CARTESIAN_POINT('',(73.9809782608696,12.3213171197216,10.));
#2384=CARTESIAN_POINT('Origin',(69.0489130434783,11.4998959784068,10.));
#2385=CARTESIAN_POINT('',(47.6592932513826,57.9102043406748,10.));
#2386=CARTESIAN_POINT('Origin',(0.,0.,10.));
#2387=CARTESIAN_POINT('',(40.1420039760917,56.5323396811676,10.));
#2388=CARTESIAN_POINT('Origin',(44.4820070346238,54.0495240512965,10.));
#2389=CARTESIAN_POINT('',(28.8835607841115,63.0319429295497,10.));
#2390=CARTESIAN_POINT('Origin',(34.5,59.76,10.));
#2391=CARTESIAN_POINT('Origin',(24.5632229257358,65.5488221061264,10.));
#2392=CARTESIAN_POINT('',(-3.0071271508924,-69.,10.));
#2393=CARTESIAN_POINT('Origin',(-0.00712715089240312,-69.,10.));
#2394=CARTESIAN_POINT('',(-62.76,34.5,10.));
#2395=CARTESIAN_POINT('Origin',(-59.76,34.5,10.));
#2396=CARTESIAN_POINT('',(56.76,34.5,10.));
#2397=CARTESIAN_POINT('Origin',(59.76,34.5,10.));
#2398=CARTESIAN_POINT('',(-7.53157781475622E-15,-61.5,10.));
#2399=CARTESIAN_POINT('Origin',(0.,0.,10.));
#2400=CARTESIAN_POINT('',(-62.76,-34.5,10.));
#2401=CARTESIAN_POINT('Origin',(-59.76,-34.5,10.));
#2402=CARTESIAN_POINT('',(56.76,-34.5,10.));
#2403=CARTESIAN_POINT('Origin',(59.76,-34.5,10.));
#2404=CARTESIAN_POINT('Origin',(24.5632229257358,65.5488221061264,0.));
#2405=CARTESIAN_POINT('',(28.8835607841115,63.0319429295497,0.));
#2406=CARTESIAN_POINT('Origin',(34.5,59.76,0.));
#2407=CARTESIAN_POINT('',(40.1420039760917,56.5323396811676,0.));
#2408=CARTESIAN_POINT('Origin',(44.4820070346238,54.0495240512965,0.));
#2409=CARTESIAN_POINT('',(47.6592932513826,57.9102043406748,0.));
#2410=CARTESIAN_POINT('Origin',(44.4820070346238,-54.0495240512965,0.));
#2411=CARTESIAN_POINT('',(40.1420039760917,-56.5323396811676,0.));
#2412=CARTESIAN_POINT('',(47.6592932513826,-57.9102043406748,0.));
#2413=CARTESIAN_POINT('Origin',(34.5,-59.76,0.));
#2414=CARTESIAN_POINT('',(28.8835607841116,-63.0319429295497,0.));
#2415=CARTESIAN_POINT('Origin',(0.,0.,5.));
#2416=CARTESIAN_POINT('',(73.9809782608696,-12.3213171197216,0.));
#2417=CARTESIAN_POINT('Origin',(69.0489130434783,11.4998959784068,0.));
#2418=CARTESIAN_POINT('',(69.0276465028356,6.49994120518647,0.));
#2419=CARTESIAN_POINT('',(73.9809782608696,12.3213171197216,0.));
#2420=CARTESIAN_POINT('Origin',(0.,0.,5.));
#2421=CARTESIAN_POINT('Origin',(69.0489130434783,-11.4998959784068,0.));
#2422=CARTESIAN_POINT('',(69.0276465028356,-6.49994120518647,0.));
#2423=CARTESIAN_POINT('Origin',(69.,0.,0.));
#2424=CARTESIAN_POINT('Origin',(-69.0489130434783,-11.4998959784068,5.));
#2425=CARTESIAN_POINT('',(-73.9809782608696,-12.3213171197216,5.));
#2426=CARTESIAN_POINT('',(-69.0276465028356,-6.49994120518647,5.));
#2427=CARTESIAN_POINT('Origin',(0.,0.,5.));
#2428=CARTESIAN_POINT('',(-47.6592932513826,-57.9102043406748,5.));
#2429=CARTESIAN_POINT('Origin',(-69.0489130434783,11.4998959784068,5.));
#2430=CARTESIAN_POINT('',(-69.0276465028356,6.49994120518647,5.));
#2431=CARTESIAN_POINT('Origin',(24.5632229257358,-65.5488221061264,0.));
#2432=CARTESIAN_POINT('',(26.3177388490027,-70.2308808279926,0.));
#2433=CARTESIAN_POINT('Origin',(0.,0.,5.));
#2434=CARTESIAN_POINT('',(-26.3177388490027,-70.2308808279926,5.));
#2435=CARTESIAN_POINT('Origin',(-44.4820070346238,-54.0495240512965,5.));
#2436=CARTESIAN_POINT('',(-40.1420039760917,-56.5323396811676,5.));
#2437=CARTESIAN_POINT('Origin',(-34.5,-59.76,0.));
#2438=CARTESIAN_POINT('',(-28.8835607841116,-63.0319429295497,5.));
#2439=CARTESIAN_POINT('Origin',(-24.5632229257358,-65.5488221061264,5.));
#2440=CARTESIAN_POINT('Origin',(-69.,0.,0.));
#2441=CARTESIAN_POINT('Origin',(-59.76,34.5,2.99999999999999));
#2442=CARTESIAN_POINT('',(-62.76,34.5,2.99999999999999));
#2443=CARTESIAN_POINT('Origin',(59.76,-34.5,2.99999999999999));
#2444=CARTESIAN_POINT('',(56.76,-34.5,2.99999999999999));
#2445=CARTESIAN_POINT('Origin',(59.76,34.5,2.99999999999999));
#2446=CARTESIAN_POINT('',(56.76,34.5,2.99999999999999));
#2447=CARTESIAN_POINT('Origin',(-59.76,-34.5,2.99999999999999));
#2448=CARTESIAN_POINT('',(-62.76,-34.5,2.99999999999999));
#2449=CARTESIAN_POINT('Origin',(24.5632229257358,65.5488221061264,42.5));
#2450=CARTESIAN_POINT('',(28.8835607841116,63.0319429295497,40.));
#2451=CARTESIAN_POINT('',(26.3177388490027,70.2308808279926,40.));
#2452=CARTESIAN_POINT('Origin',(24.5632229257358,65.5488221061264,40.));
#2453=CARTESIAN_POINT('',(26.3177388490027,70.2308808279926,45.));
#2454=CARTESIAN_POINT('',(26.3177388490027,70.2308808279926,42.5));
#2455=CARTESIAN_POINT('',(28.8835607841116,63.0319429295497,45.));
#2456=CARTESIAN_POINT('Origin',(24.5632229257358,65.5488221061264,45.));
#2457=CARTESIAN_POINT('',(28.8835607841116,63.0319429295497,42.5));
#2458=CARTESIAN_POINT('Origin',(34.5,59.76,42.));
#2459=CARTESIAN_POINT('',(40.1420039760917,56.5323396811676,45.));
#2460=CARTESIAN_POINT('Origin',(34.5,59.76,45.));
#2461=CARTESIAN_POINT('',(40.1420039760917,56.5323396811676,40.));
#2462=CARTESIAN_POINT('',(40.1420039760917,56.5323396811676,42.5));
#2463=CARTESIAN_POINT('Origin',(34.5,59.76,40.));
#2464=CARTESIAN_POINT('Origin',(0.,75.,45.));
#2465=CARTESIAN_POINT('',(-26.3177388490027,70.2308808279926,45.));
#2466=CARTESIAN_POINT('Origin',(0.,0.,45.));
#2467=CARTESIAN_POINT('',(-28.8835607841116,63.0319429295497,45.));
#2468=CARTESIAN_POINT('Origin',(-24.5632229257358,65.5488221061264,45.));
#2469=CARTESIAN_POINT('',(-40.1420039760917,56.5323396811676,45.));
#2470=CARTESIAN_POINT('Origin',(-34.5,59.76,45.));
#2471=CARTESIAN_POINT('',(-47.6592932513826,57.9102043406748,45.));
#2472=CARTESIAN_POINT('Origin',(-44.4820070346238,54.0495240512965,45.));
#2473=CARTESIAN_POINT('',(-73.9809782608696,12.3213171197216,45.));
#2474=CARTESIAN_POINT('Origin',(0.,0.,45.));
#2475=CARTESIAN_POINT('',(-69.0276465028356,6.49994120518647,45.));
#2476=CARTESIAN_POINT('Origin',(-69.0489130434783,11.4998959784068,45.));
#2477=CARTESIAN_POINT('',(-69.0276465028356,-6.49994120518647,45.));
#2478=CARTESIAN_POINT('Origin',(-69.,0.,45.));
#2479=CARTESIAN_POINT('',(-73.9809782608696,-12.3213171197216,45.));
#2480=CARTESIAN_POINT('Origin',(-69.0489130434783,-11.4998959784068,45.));
#2481=CARTESIAN_POINT('',(-47.6592932513826,-57.9102043406748,45.));
#2482=CARTESIAN_POINT('Origin',(0.,0.,45.));
#2483=CARTESIAN_POINT('',(-40.1420039760917,-56.5323396811676,45.));
#2484=CARTESIAN_POINT('Origin',(-44.4820070346238,-54.0495240512965,45.));
#2485=CARTESIAN_POINT('',(-28.8835607841116,-63.0319429295497,45.));
#2486=CARTESIAN_POINT('Origin',(-34.5,-59.76,45.));
#2487=CARTESIAN_POINT('',(-26.3177388490027,-70.2308808279926,45.));
#2488=CARTESIAN_POINT('Origin',(-24.5632229257358,-65.5488221061264,45.));
#2489=CARTESIAN_POINT('',(26.3177388490027,-70.2308808279926,45.));
#2490=CARTESIAN_POINT('Origin',(0.,0.,45.));
#2491=CARTESIAN_POINT('',(28.8835607841116,-63.0319429295497,45.));
#2492=CARTESIAN_POINT('Origin',(24.5632229257358,-65.5488221061264,45.));
#2493=CARTESIAN_POINT('',(40.1420039760917,-56.5323396811676,45.));
#2494=CARTESIAN_POINT('Origin',(34.5,-59.76,45.));
#2495=CARTESIAN_POINT('',(47.6592932513826,-57.9102043406748,45.));
#2496=CARTESIAN_POINT('Origin',(44.4820070346238,-54.0495240512965,45.));
#2497=CARTESIAN_POINT('',(73.9809782608696,-12.3213171197216,45.));
#2498=CARTESIAN_POINT('Origin',(0.,0.,45.));
#2499=CARTESIAN_POINT('',(69.0276465028356,-6.49994120518647,45.));
#2500=CARTESIAN_POINT('Origin',(69.0489130434783,-11.4998959784068,45.));
#2501=CARTESIAN_POINT('',(69.0276465028356,6.49994120518647,45.));
#2502=CARTESIAN_POINT('Origin',(69.,0.,45.));
#2503=CARTESIAN_POINT('',(73.9809782608696,12.3213171197216,45.));
#2504=CARTESIAN_POINT('Origin',(69.0489130434783,11.4998959784068,45.));
#2505=CARTESIAN_POINT('',(47.6592932513826,57.9102043406748,45.));
#2506=CARTESIAN_POINT('Origin',(0.,0.,45.));
#2507=CARTESIAN_POINT('Origin',(44.4820070346238,54.0495240512965,45.));
#2508=CARTESIAN_POINT('',(-3.,-69.,45.));
#2509=CARTESIAN_POINT('Origin',(0.,-69.,45.));
#2510=CARTESIAN_POINT('',(-62.76,-34.5,45.));
#2511=CARTESIAN_POINT('Origin',(-59.76,-34.5,45.));
#2512=CARTESIAN_POINT('',(-62.76,34.5,45.));
#2513=CARTESIAN_POINT('Origin',(-59.76,34.5,45.));
#2514=CARTESIAN_POINT('',(56.76,34.5,45.));
#2515=CARTESIAN_POINT('Origin',(59.76,34.5,45.));
#2516=CARTESIAN_POINT('',(56.76,-34.5,45.));
#2517=CARTESIAN_POINT('Origin',(59.76,-34.5,45.));
#2518=CARTESIAN_POINT('',(-6.49062803548097E-15,-53.,45.));
#2519=CARTESIAN_POINT('Origin',(0.,0.,45.));
#2520=CARTESIAN_POINT('Origin',(44.4820070346238,54.0495240512965,42.5));
#2521=CARTESIAN_POINT('',(47.6592932513826,57.9102043406748,40.));
#2522=CARTESIAN_POINT('',(47.6592932513826,57.9102043406748,42.5));
#2523=CARTESIAN_POINT('Origin',(44.4820070346238,54.0495240512965,40.));
#2524=CARTESIAN_POINT('Origin',(0.,0.,42.5));
#2525=CARTESIAN_POINT('',(73.9809782608696,12.3213171197216,40.));
#2526=CARTESIAN_POINT('',(73.9809782608696,12.3213171197216,42.5));
#2527=CARTESIAN_POINT('Origin',(0.,0.,40.));
#2528=CARTESIAN_POINT('Origin',(-44.4820070346238,-54.0495240512965,42.5));
#2529=CARTESIAN_POINT('',(-47.6592932513826,-57.9102043406748,40.));
#2530=CARTESIAN_POINT('',(-47.6592932513826,-57.9102043406748,42.5));
#2531=CARTESIAN_POINT('',(-40.1420039760917,-56.5323396811676,40.));
#2532=CARTESIAN_POINT('Origin',(-44.4820070346238,-54.0495240512965,40.));
#2533=CARTESIAN_POINT('',(-40.1420039760917,-56.5323396811676,42.5));
#2534=CARTESIAN_POINT('Origin',(-34.5,-59.76,42.));
#2535=CARTESIAN_POINT('',(-28.8835607841116,-63.0319429295497,40.));
#2536=CARTESIAN_POINT('Origin',(-34.5,-59.76,40.));
#2537=CARTESIAN_POINT('',(-28.8835607841116,-63.0319429295497,42.5));
#2538=CARTESIAN_POINT('Origin',(-24.5632229257358,-65.5488221061264,42.5));
#2539=CARTESIAN_POINT('',(-26.3177388490027,-70.2308808279926,40.));
#2540=CARTESIAN_POINT('Origin',(-24.5632229257358,-65.5488221061264,40.));
#2541=CARTESIAN_POINT('',(-26.3177388490027,-70.2308808279926,42.5));
#2542=CARTESIAN_POINT('Origin',(24.5632229257358,-65.5488221061264,42.5));
#2543=CARTESIAN_POINT('',(26.3177388490027,-70.2308808279926,40.));
#2544=CARTESIAN_POINT('',(26.3177388490027,-70.2308808279926,42.5));
#2545=CARTESIAN_POINT('',(28.8835607841116,-63.0319429295497,40.));
#2546=CARTESIAN_POINT('Origin',(24.5632229257358,-65.5488221061264,40.));
#2547=CARTESIAN_POINT('',(28.8835607841116,-63.0319429295497,42.5));
#2548=CARTESIAN_POINT('Origin',(34.5,-59.76,42.));
#2549=CARTESIAN_POINT('',(40.1420039760917,-56.5323396811676,40.));
#2550=CARTESIAN_POINT('Origin',(34.5,-59.76,40.));
#2551=CARTESIAN_POINT('',(40.1420039760917,-56.5323396811676,42.5));
#2552=CARTESIAN_POINT('Origin',(44.4820070346238,-54.0495240512965,42.5));
#2553=CARTESIAN_POINT('',(47.6592932513826,-57.9102043406748,40.));
#2554=CARTESIAN_POINT('Origin',(44.4820070346238,-54.0495240512965,40.));
#2555=CARTESIAN_POINT('',(47.6592932513826,-57.9102043406748,42.5));
#2556=CARTESIAN_POINT('Origin',(69.0489130434783,-11.4998959784068,42.5));
#2557=CARTESIAN_POINT('',(73.9809782608696,-12.3213171197216,40.));
#2558=CARTESIAN_POINT('',(73.9809782608696,-12.3213171197216,42.5));
#2559=CARTESIAN_POINT('',(69.0276465028356,-6.49994120518647,40.));
#2560=CARTESIAN_POINT('Origin',(69.0489130434783,-11.4998959784068,40.));
#2561=CARTESIAN_POINT('',(69.0276465028356,-6.49994120518647,42.5));
#2562=CARTESIAN_POINT('Origin',(69.,0.,42.));
#2563=CARTESIAN_POINT('',(69.0276465028356,6.49994120518647,40.));
#2564=CARTESIAN_POINT('Origin',(69.,0.,40.));
#2565=CARTESIAN_POINT('',(69.0276465028356,6.49994120518647,42.5));
#2566=CARTESIAN_POINT('Origin',(69.0489130434783,11.4998959784068,42.5));
#2567=CARTESIAN_POINT('Origin',(69.0489130434783,11.4998959784068,40.));
#2568=CARTESIAN_POINT('Origin',(-69.0489130434783,11.4998959784068,42.5));
#2569=CARTESIAN_POINT('',(-73.9809782608696,12.3213171197216,40.));
#2570=CARTESIAN_POINT('',(-73.9809782608696,12.3213171197216,42.5));
#2571=CARTESIAN_POINT('',(-69.0276465028356,6.49994120518647,40.));
#2572=CARTESIAN_POINT('Origin',(-69.0489130434783,11.4998959784068,40.));
#2573=CARTESIAN_POINT('',(-69.0276465028356,6.49994120518647,42.5));
#2574=CARTESIAN_POINT('Origin',(-69.,0.,42.));
#2575=CARTESIAN_POINT('',(-69.0276465028356,-6.49994120518647,40.));
#2576=CARTESIAN_POINT('Origin',(-69.,0.,40.));
#2577=CARTESIAN_POINT('',(-69.0276465028356,-6.49994120518647,42.5));
#2578=CARTESIAN_POINT('Origin',(-69.0489130434783,-11.4998959784068,42.5));
#2579=CARTESIAN_POINT('',(-73.9809782608696,-12.3213171197216,40.));
#2580=CARTESIAN_POINT('Origin',(-69.0489130434783,-11.4998959784068,40.));
#2581=CARTESIAN_POINT('',(-73.9809782608696,-12.3213171197216,42.5));
#2582=CARTESIAN_POINT('Origin',(-44.4820070346238,54.0495240512965,42.5));
#2583=CARTESIAN_POINT('',(-40.1420039760917,56.5323396811676,40.));
#2584=CARTESIAN_POINT('',(-47.6592932513826,57.9102043406748,40.));
#2585=CARTESIAN_POINT('Origin',(-44.4820070346238,54.0495240512965,40.));
#2586=CARTESIAN_POINT('',(-47.6592932513826,57.9102043406748,42.5));
#2587=CARTESIAN_POINT('',(-40.1420039760917,56.5323396811676,42.5));
#2588=CARTESIAN_POINT('Origin',(-34.5,59.76,42.));
#2589=CARTESIAN_POINT('',(-28.8835607841116,63.0319429295497,40.));
#2590=CARTESIAN_POINT('',(-28.8835607841116,63.0319429295497,42.5));
#2591=CARTESIAN_POINT('Origin',(-34.5,59.76,40.));
#2592=CARTESIAN_POINT('Origin',(-24.5632229257358,65.5488221061264,42.5));
#2593=CARTESIAN_POINT('',(-26.3177388490027,70.2308808279926,40.));
#2594=CARTESIAN_POINT('',(-26.3177388490027,70.2308808279926,42.5));
#2595=CARTESIAN_POINT('Origin',(-24.5632229257358,65.5488221061264,40.));
#2596=CARTESIAN_POINT('Origin',(0.,61.5,40.));
#2597=CARTESIAN_POINT('Origin',(0.,0.,40.));
#2598=CARTESIAN_POINT('Origin',(0.,0.,40.));
#2599=CARTESIAN_POINT('Origin',(0.,0.,40.));
#2600=CARTESIAN_POINT('Origin',(0.,0.,40.));
#2601=CARTESIAN_POINT('Origin',(0.,0.,40.));
#2602=CARTESIAN_POINT('',(-3.,-69.,40.));
#2603=CARTESIAN_POINT('Origin',(0.,-69.,40.));
#2604=CARTESIAN_POINT('',(-62.76,-34.5,40.));
#2605=CARTESIAN_POINT('Origin',(-59.76,-34.5,40.));
#2606=CARTESIAN_POINT('',(-62.76,34.5,40.));
#2607=CARTESIAN_POINT('Origin',(-59.76,34.5,40.));
#2608=CARTESIAN_POINT('',(56.76,34.5,40.));
#2609=CARTESIAN_POINT('Origin',(59.76,34.5,40.));
#2610=CARTESIAN_POINT('',(56.76,-34.5,40.));
#2611=CARTESIAN_POINT('Origin',(59.76,-34.5,40.));
#2612=CARTESIAN_POINT('',(-7.53157781475622E-15,-61.5,40.));
#2613=CARTESIAN_POINT('Origin',(0.,0.,40.));
#2614=CARTESIAN_POINT('Origin',(0.,0.,42.5));
#2615=CARTESIAN_POINT('Origin',(0.,0.,42.5));
#2616=CARTESIAN_POINT('Origin',(0.,0.,42.5));
#2617=CARTESIAN_POINT('Origin',(0.,0.,42.5));
#2618=CARTESIAN_POINT('Origin',(0.,0.,42.5));
#2619=CARTESIAN_POINT('Origin',(-59.76,-34.5,42.));
#2620=CARTESIAN_POINT('',(-62.76,-34.5,42.));
#2621=CARTESIAN_POINT('Origin',(-59.76,34.5,42.));
#2622=CARTESIAN_POINT('',(-62.76,34.5,42.));
#2623=CARTESIAN_POINT('Origin',(59.76,34.5,42.));
#2624=CARTESIAN_POINT('',(56.76,34.5,42.));
#2625=CARTESIAN_POINT('Origin',(59.76,-34.5,42.));
#2626=CARTESIAN_POINT('',(56.76,-34.5,42.));
#2627=CARTESIAN_POINT('Origin',(34.6651519312671,-20.,12.5));
#2628=CARTESIAN_POINT('',(32.6651519312671,-20.,15.));
#2629=CARTESIAN_POINT('Origin',(34.6651519312671,-20.,15.));
#2630=CARTESIAN_POINT('',(32.6651519312671,-20.,10.));
#2631=CARTESIAN_POINT('',(32.6651519312671,-20.,12.5));
#2632=CARTESIAN_POINT('Origin',(34.6651519312671,-20.,10.));
#2633=CARTESIAN_POINT('Origin',(34.6651519312671,-20.,10.));
#2634=CARTESIAN_POINT('Origin',(-34.7152916377456,-19.9128422110984,12.5));
#2635=CARTESIAN_POINT('',(-36.7152916377456,-19.9128422110984,15.));
#2636=CARTESIAN_POINT('Origin',(-34.7152916377456,-19.9128422110984,15.));
#2637=CARTESIAN_POINT('',(-36.7152916377456,-19.9128422110984,10.));
#2638=CARTESIAN_POINT('',(-36.7152916377456,-19.9128422110984,12.5));
#2639=CARTESIAN_POINT('Origin',(-34.7152916377456,-19.9128422110984,10.));
#2640=CARTESIAN_POINT('Origin',(-34.7152916377456,-19.9128422110984,10.));
#2641=CARTESIAN_POINT('Origin',(-0.00712715089240312,40.,12.5));
#2642=CARTESIAN_POINT('',(-2.0071271508924,40.,15.));
#2643=CARTESIAN_POINT('Origin',(-0.00712715089240312,40.,15.));
#2644=CARTESIAN_POINT('',(-2.0071271508924,40.,10.));
#2645=CARTESIAN_POINT('',(-2.0071271508924,40.,12.5));
#2646=CARTESIAN_POINT('Origin',(-0.00712715089240312,40.,10.));
#2647=CARTESIAN_POINT('Origin',(-0.00712715089240312,40.,10.));
#2648=CARTESIAN_POINT('Origin',(-34.6147934029424,20.0870315400123,12.5));
#2649=CARTESIAN_POINT('',(-36.6147934029424,20.0870315400123,15.));
#2650=CARTESIAN_POINT('Origin',(-34.6147934029424,20.0870315400123,15.));
#2651=CARTESIAN_POINT('',(-36.6147934029424,20.0870315400123,10.));
#2652=CARTESIAN_POINT('',(-36.6147934029424,20.0870315400123,12.5));
#2653=CARTESIAN_POINT('Origin',(-34.6147934029424,20.0870315400123,10.));
#2654=CARTESIAN_POINT('Origin',(-34.6147934029424,20.0870315400123,10.));
#2655=CARTESIAN_POINT('Origin',(-0.007127150892412,-40.,12.5));
#2656=CARTESIAN_POINT('',(-2.00712715089241,-40.,15.));
#2657=CARTESIAN_POINT('Origin',(-0.007127150892412,-40.,15.));
#2658=CARTESIAN_POINT('',(-2.00712715089241,-40.,10.));
#2659=CARTESIAN_POINT('',(-2.00712715089241,-40.,12.5));
#2660=CARTESIAN_POINT('Origin',(-0.007127150892412,-40.,10.));
#2661=CARTESIAN_POINT('Origin',(-0.007127150892412,-40.,10.));
#2662=CARTESIAN_POINT('Origin',(34.6651519312671,20.,12.5));
#2663=CARTESIAN_POINT('',(32.6651519312671,20.,15.));
#2664=CARTESIAN_POINT('Origin',(34.6651519312671,20.,15.));
#2665=CARTESIAN_POINT('',(32.6651519312671,20.,10.));
#2666=CARTESIAN_POINT('',(32.6651519312671,20.,12.5));
#2667=CARTESIAN_POINT('Origin',(34.6651519312671,20.,10.));
#2668=CARTESIAN_POINT('Origin',(34.6651519312671,20.,10.));
#2669=CARTESIAN_POINT('Origin',(0.,35.,5.00000000000001));
#2670=CARTESIAN_POINT('',(-4.28626379701574E-15,-35.,5.00000000000001));
#2671=CARTESIAN_POINT('Origin',(0.,0.,5.00000000000001));
#2672=CARTESIAN_POINT('Origin',(0.,0.,10.));
#2673=CARTESIAN_POINT('',(-4.28626379701574E-15,-35.,15.));
#2674=CARTESIAN_POINT('',(-4.28626379701574E-15,-35.,10.));
#2675=CARTESIAN_POINT('Origin',(0.,0.,15.));
#2676=CARTESIAN_POINT('Origin',(0.,47.,15.));
#2677=CARTESIAN_POINT('',(-5.75583995599256E-15,-47.,15.));
#2678=CARTESIAN_POINT('Origin',(0.,0.,15.));
#2679=CARTESIAN_POINT('Origin',(0.,0.,30.));
#2680=CARTESIAN_POINT('',(-5.75583995599256E-15,-47.,45.));
#2681=CARTESIAN_POINT('',(-5.75583995599256E-15,-47.,30.));
#2682=CARTESIAN_POINT('Origin',(0.,0.,45.));
#2683=CARTESIAN_POINT('Origin',(0.,50.,45.));
#2684=CARTESIAN_POINT('',(-6.12323399573677E-15,-50.,45.));
#2685=CARTESIAN_POINT('Origin',(0.,0.,45.));
#2686=CARTESIAN_POINT('Origin',(0.,0.,44.25));
#2687=CARTESIAN_POINT('',(-6.12323399573677E-15,-50.,43.5));
#2688=CARTESIAN_POINT('Origin',(0.,0.,43.5));
#2689=CARTESIAN_POINT('',(-6.12323399573677E-15,-50.,44.25));
#2690=CARTESIAN_POINT('Origin',(0.,53.,43.5));
#2691=CARTESIAN_POINT('',(-6.49062803548097E-15,-53.,43.5));
#2692=CARTESIAN_POINT('Origin',(0.,0.,43.5));
#2693=CARTESIAN_POINT('Origin',(0.,0.,44.25));
#2694=CARTESIAN_POINT('',(-6.49062803548097E-15,-53.,44.25));
#2695=CARTESIAN_POINT('Origin',(0.,0.,25.));
#2696=CARTESIAN_POINT('',(-7.53157781475622E-15,-61.5,25.));
#2697=CARTESIAN_POINT('Origin',(-0.00712715089240312,-69.,-12.5));
#2698=CARTESIAN_POINT('',(-3.0071271508924,-69.,-12.5));
#2699=CARTESIAN_POINT('Origin',(0.,-69.,40.));
#2700=CARTESIAN_POINT('',(-3.,-69.,40.));
#2701=UNCERTAINTY_MEASURE_WITH_UNIT(LENGTH_MEASURE(0.01),#2705,
'DISTANCE_ACCURACY_VALUE',
'Maximum model space distance between geometric entities at asserted c
onnectivities');
#2702=UNCERTAINTY_MEASURE_WITH_UNIT(LENGTH_MEASURE(0.01),#2705,
'DISTANCE_ACCURACY_VALUE',
'Maximum model space distance between geometric entities at asserted c
onnectivities');
#2703=(
GEOMETRIC_REPRESENTATION_CONTEXT(3)
GLOBAL_UNCERTAINTY_ASSIGNED_CONTEXT((#2701))
GLOBAL_UNIT_ASSIGNED_CONTEXT((#2705,#2707,#2708))
REPRESENTATION_CONTEXT('','3D')
);
#2704=(
GEOMETRIC_REPRESENTATION_CONTEXT(3)
GLOBAL_UNCERTAINTY_ASSIGNED_CONTEXT((#2702))
GLOBAL_UNIT_ASSIGNED_CONTEXT((#2705,#2707,#2708))
REPRESENTATION_CONTEXT('','3D')
);
#2705=(
LENGTH_UNIT()
NAMED_UNIT(*)
SI_UNIT(.MILLI.,.METRE.)
);
#2706=(
LENGTH_UNIT()
NAMED_UNIT(*)
SI_UNIT($,.METRE.)
);
#2707=(
NAMED_UNIT(*)
PLANE_ANGLE_UNIT()
SI_UNIT($,.RADIAN.)
);
#2708=(
NAMED_UNIT(*)
SI_UNIT($,.STERADIAN.)
SOLID_ANGLE_UNIT()
);
#2709=SHAPE_DEFINITION_REPRESENTATION(#2710,#2711);
#2710=PRODUCT_DEFINITION_SHAPE('',$,#2713);
#2711=SHAPE_REPRESENTATION('',(#1505),#2703);
#2712=PRODUCT_DEFINITION_CONTEXT('part definition',#2717,'design');
#2713=PRODUCT_DEFINITION('2026-08-25-14-10-16-825','casing_stack',#2714,
#2712);
#2714=PRODUCT_DEFINITION_FORMATION('',$,#2719);
#2715=PRODUCT_RELATED_PRODUCT_CATEGORY('casing_stack','casing_stack',(#2719));
#2716=APPLICATION_PROTOCOL_DEFINITION('international standard',
'automotive_design',2009,#2717);
#2717=APPLICATION_CONTEXT(
'Core Data for Automotive Mechanical Design Process');
#2718=PRODUCT_CONTEXT('part definition',#2717,'mechanical');
#2719=PRODUCT('2026-08-25-14-10-16-825','casing_stack',$,(#2718));
#2720=PRESENTATION_STYLE_ASSIGNMENT((#2721));
#2721=SURFACE_STYLE_USAGE(.BOTH.,#2722);
#2722=SURFACE_SIDE_STYLE('',(#2723));
#2723=SURFACE_STYLE_FILL_AREA(#2724);
#2724=FILL_AREA_STYLE('Steel - Satin',(#2725));
#2725=FILL_AREA_STYLE_COLOUR('Steel - Satin',#2726);
#2726=COLOUR_RGB('Steel - Satin',0.627450980392157,0.627450980392157,0.627450980392157);
ENDSEC;
END-ISO-10303-21;
